ITEM_CODE,ITEM_NM,NP_RLSE_YMD,GOAL_INTRO_RT,MIN_ORD_QTY,CENTER_CODE,CENTER_NM,INITIAL_ORD_QTY,PRE_D11,D-11,D-10,D-9,D-8,D-7,D-6,D-5,D-4,D-3,D-2,D-1,D-0,total_pre_order_qty(D-11~D-8),ordering_store_cnt,total_store_cnt,ST_CPM_AMT,ST_SLEM_AMT,BRAND,ITEM_MDDV_NM,ITEM_SMDV_NM
123549,해태)오사쯔빠스50g,20250108,40,16,20006,성남센터,11408.0,0.0,0.0,336.0,1136.0,416.0,816.0,2544.0,1856.0,96.0,176.0,64.0,0.0,0.0,1888.0,118,665.0,872.0,1700.0,해태,스낵류,일반스낵
123549,해태)오사쯔빠스50g,20250108,40,16,20007,대구센터,12272.0,0.0,0.0,1072.0,1312.0,416.0,1088.0,2016.0,800.0,80.0,160.0,64.0,0.0,0.0,2800.0,179,990.0,872.0,1700.0,해태,스낵류,일반스낵
123549,해태)오사쯔빠스50g,20250108,40,16,20010,양주센터,15280.0,0.0,0.0,1136.0,1680.0,688.0,1936.0,2640.0,1264.0,64.0,144.0,32.0,0.0,0.0,3504.0,221,975.0,872.0,1700.0,해태,스낵류,일반스낵
123549,해태)오사쯔빠스50g,20250108,40,16,20017,울산상온센터(K7),7168.0,0.0,0.0,640.0,640.0,288.0,976.0,1840.0,768.0,208.0,112.0,96.0,0.0,0.0,1568.0,99,732.0,872.0,1700.0,해태,스낵류,일반스낵
123549,해태)오사쯔빠스50g,20250108,40,16,20033,제주상온센터,2688.0,0.0,0.0,0.0,448.0,192.0,32.0,1120.0,800.0,0.0,0.0,0.0,0.0,0.0,640.0,40,314.0,872.0,1700.0,해태,스낵류,일반스낵
123549,해태)오사쯔빠스50g,20250108,40,16,20034,구성상온센터,15760.0,0.0,0.0,16.0,1744.0,608.0,256.0,2432.0,2176.0,16.0,96.0,224.0,0.0,0.0,2368.0,151,878.0,872.0,1700.0,해태,스낵류,일반스낵
123549,해태)오사쯔빠스50g,20250108,40,16,20050,세종상온센터,11808.0,0.0,0.0,496.0,736.0,528.0,1008.0,1168.0,384.0,96.0,64.0,64.0,0.0,0.0,1760.0,113,955.0,872.0,1700.0,해태,스낵류,일반스낵
123549,해태)오사쯔빠스50g,20250108,40,16,20065,원주상온센터(K7),7312.0,0.0,0.0,16.0,720.0,416.0,288.0,768.0,880.0,48.0,80.0,48.0,0.0,0.0,1152.0,74,692.0,872.0,1700.0,해태,스낵류,일반스낵
123549,해태)오사쯔빠스50g,20250108,40,16,20075,인천상온센터,10240.0,0.0,0.0,1056.0,1424.0,320.0,1680.0,2688.0,1216.0,16.0,48.0,16.0,0.0,0.0,2800.0,176,817.0,872.0,1700.0,해태,스낵류,일반스낵
123549,해태)오사쯔빠스50g,20250108,40,16,20079,A광주상온센터,9440.0,0.0,0.0,736.0,528.0,336.0,1248.0,2320.0,896.0,48.0,160.0,32.0,0.0,0.0,1600.0,101,753.0,872.0,1700.0,해태,스낵류,일반스낵
123549,해태)오사쯔빠스50g,20250108,40,16,20080,A의왕상온센터,9104.0,0.0,0.0,448.0,1152.0,480.0,1328.0,2480.0,1568.0,64.0,112.0,144.0,0.0,0.0,2080.0,131,722.0,872.0,1700.0,해태,스낵류,일반스낵
123549,해태)오사쯔빠스50g,20250108,40,16,20081,A양산상온센터,9856.0,0.0,0.0,608.0,960.0,272.0,1296.0,1616.0,976.0,128.0,272.0,336.0,0.0,0.0,1840.0,115,880.0,872.0,1700.0,해태,스낵류,일반스낵
123549,해태)오사쯔빠스50g,20250108,40,16,20083,김제상온센터,6416.0,0.0,0.0,400.0,640.0,432.0,816.0,1840.0,944.0,48.0,176.0,48.0,0.0,0.0,1472.0,93,659.0,872.0,1700.0,해태,스낵류,일반스낵
123549,해태)오사쯔빠스50g,20250108,40,16,20084,천안상온센터,5648.0,0.0,0.0,16.0,640.0,400.0,192.0,528.0,848.0,16.0,32.0,48.0,0.0,0.0,1056.0,66,573.0,872.0,1700.0,해태,스낵류,일반스낵
123549,해태)오사쯔빠스50g,20250108,40,16,20085,인천B상온센터,11968.0,0.0,0.0,1024.0,1168.0,384.0,1952.0,2496.0,1408.0,16.0,160.0,112.0,0.0,0.0,2576.0,165,779.0,872.0,1700.0,해태,스낵류,일반스낵
123550,드림)프란찌딸기크림쿠키58g,20250122,20,2,20006,성남센터,1296.0,588.0,20.0,22.0,86.0,68.0,44.0,22.0,8.0,8.0,0.0,0.0,0.0,0.0,196.0,117,665.0,1073.0,2000.0,드림,비스킷류,쿠키
123550,드림)프란찌딸기크림쿠키58g,20250122,20,2,20007,대구센터,1440.0,572.0,22.0,30.0,78.0,44.0,42.0,12.0,8.0,2.0,8.0,0.0,0.0,0.0,174.0,150,986.0,1073.0,2000.0,드림,비스킷류,쿠키
123550,드림)프란찌딸기크림쿠키58g,20250122,20,2,20010,양주센터,1776.0,590.0,14.0,68.0,92.0,84.0,46.0,14.0,4.0,8.0,0.0,12.0,8.0,0.0,258.0,163,973.0,1073.0,2000.0,드림,비스킷류,쿠키
123550,드림)프란찌딸기크림쿠키58g,20250122,20,2,20017,울산상온센터(K7),960.0,356.0,0.0,30.0,34.0,38.0,8.0,8.0,34.0,12.0,0.0,0.0,0.0,0.0,102.0,96,731.0,1073.0,2000.0,드림,비스킷류,쿠키
123550,드림)프란찌딸기크림쿠키58g,20250122,20,2,20033,제주상온센터,384.0,160.0,2.0,6.0,20.0,12.0,6.0,16.0,0.0,8.0,0.0,0.0,0.0,0.0,40.0,40,314.0,1073.0,2000.0,드림,비스킷류,쿠키
123550,드림)프란찌딸기크림쿠키58g,20250122,20,2,20034,구성상온센터,1824.0,450.0,14.0,66.0,134.0,70.0,22.0,38.0,24.0,8.0,8.0,0.0,0.0,0.0,284.0,155,878.0,1073.0,2000.0,드림,비스킷류,쿠키
123550,드림)프란찌딸기크림쿠키58g,20250122,20,2,20050,세종상온센터,1344.0,484.0,14.0,52.0,86.0,20.0,22.0,10.0,8.0,0.0,8.0,2.0,8.0,0.0,172.0,140,951.0,1073.0,2000.0,드림,비스킷류,쿠키
123550,드림)프란찌딸기크림쿠키58g,20250122,20,2,20065,원주상온센터(K7),864.0,344.0,8.0,30.0,32.0,30.0,14.0,0.0,10.0,10.0,12.0,8.0,0.0,0.0,100.0,88,689.0,1073.0,2000.0,드림,비스킷류,쿠키
123550,드림)프란찌딸기크림쿠키58g,20250122,20,2,20075,인천상온센터,1200.0,468.0,12.0,26.0,84.0,26.0,6.0,18.0,16.0,2.0,2.0,0.0,0.0,0.0,148.0,133,815.0,1073.0,2000.0,드림,비스킷류,쿠키
123550,드림)프란찌딸기크림쿠키58g,20250122,20,2,20079,A광주상온센터,1104.0,286.0,12.0,34.0,42.0,22.0,4.0,8.0,8.0,2.0,6.0,0.0,0.0,0.0,110.0,83,752.0,1073.0,2000.0,드림,비스킷류,쿠키
123550,드림)프란찌딸기크림쿠키58g,20250122,20,2,20080,A의왕상온센터,1056.0,486.0,26.0,52.0,56.0,36.0,40.0,34.0,4.0,12.0,0.0,0.0,0.0,0.0,170.0,135,718.0,1073.0,2000.0,드림,비스킷류,쿠키
123550,드림)프란찌딸기크림쿠키58g,20250122,20,2,20081,A양산상온센터,1152.0,396.0,4.0,42.0,40.0,40.0,20.0,20.0,0.0,0.0,2.0,0.0,0.0,0.0,126.0,99,875.0,1073.0,2000.0,드림,비스킷류,쿠키
123550,드림)프란찌딸기크림쿠키58g,20250122,20,2,20083,김제상온센터,816.0,186.0,26.0,38.0,32.0,30.0,30.0,16.0,16.0,8.0,0.0,0.0,0.0,0.0,126.0,65,657.0,1073.0,2000.0,드림,비스킷류,쿠키
123550,드림)프란찌딸기크림쿠키58g,20250122,20,2,20084,천안상온센터,672.0,336.0,4.0,24.0,86.0,34.0,12.0,6.0,28.0,0.0,0.0,4.0,0.0,0.0,148.0,93,569.0,1073.0,2000.0,드림,비스킷류,쿠키
123550,드림)프란찌딸기크림쿠키58g,20250122,20,2,20085,인천B상온센터,1392.0,424.0,28.0,56.0,88.0,34.0,18.0,18.0,0.0,2.0,0.0,0.0,0.0,0.0,206.0,128,779.0,1073.0,2000.0,드림,비스킷류,쿠키
123551,엔제이)마키노나쵸칩치즈50g,20250108,15,4,20006,성남센터,504.0,0.0,0.0,16.0,100.0,56.0,52.0,44.0,64.0,4.0,16.0,4.0,0.0,0.0,172.0,33,665.0,536.0,1000.0,엔제이,스낵류,옥수수스낵
123551,엔제이)마키노나쵸칩치즈50g,20250108,15,4,20007,대구센터,540.0,0.0,0.0,56.0,48.0,44.0,48.0,44.0,20.0,4.0,12.0,8.0,0.0,0.0,148.0,36,990.0,536.0,1000.0,엔제이,스낵류,옥수수스낵
123551,엔제이)마키노나쵸칩치즈50g,20250108,15,4,20010,양주센터,684.0,0.0,0.0,56.0,112.0,44.0,24.0,28.0,16.0,4.0,8.0,4.0,0.0,0.0,212.0,49,975.0,536.0,1000.0,엔제이,스낵류,옥수수스낵
123551,엔제이)마키노나쵸칩치즈50g,20250108,15,4,20017,울산상온센터(K7),324.0,0.0,0.0,44.0,32.0,28.0,24.0,12.0,16.0,0.0,12.0,0.0,0.0,0.0,104.0,28,732.0,536.0,1000.0,엔제이,스낵류,옥수수스낵
123551,엔제이)마키노나쵸칩치즈50g,20250108,15,4,20033,제주상온센터,144.0,0.0,0.0,0.0,12.0,28.0,4.0,20.0,0.0,0.0,0.0,0.0,0.0,0.0,40.0,10,314.0,536.0,1000.0,엔제이,스낵류,옥수수스낵
123551,엔제이)마키노나쵸칩치즈50g,20250108,15,4,20034,구성상온센터,684.0,0.0,0.0,0.0,120.0,56.0,20.0,44.0,24.0,0.0,12.0,8.0,0.0,0.0,176.0,40,878.0,536.0,1000.0,엔제이,스낵류,옥수수스낵
123551,엔제이)마키노나쵸칩치즈50g,20250108,15,4,20050,세종상온센터,504.0,0.0,0.0,52.0,36.0,44.0,24.0,8.0,16.0,4.0,8.0,8.0,0.0,0.0,132.0,32,955.0,536.0,1000.0,엔제이,스낵류,옥수수스낵
123551,엔제이)마키노나쵸칩치즈50g,20250108,15,4,20065,원주상온센터(K7),324.0,0.0,0.0,0.0,52.0,40.0,24.0,28.0,8.0,0.0,16.0,4.0,0.0,0.0,92.0,22,692.0,536.0,1000.0,엔제이,스낵류,옥수수스낵
123551,엔제이)마키노나쵸칩치즈50g,20250108,15,4,20075,인천상온센터,468.0,0.0,0.0,48.0,44.0,52.0,40.0,40.0,4.0,0.0,8.0,0.0,0.0,0.0,144.0,32,817.0,536.0,1000.0,엔제이,스낵류,옥수수스낵
123551,엔제이)마키노나쵸칩치즈50g,20250108,15,4,20079,A광주상온센터,432.0,0.0,0.0,28.0,36.0,44.0,16.0,20.0,4.0,4.0,0.0,0.0,0.0,0.0,108.0,25,753.0,536.0,1000.0,엔제이,스낵류,옥수수스낵
123551,엔제이)마키노나쵸칩치즈50g,20250108,15,4,20080,A의왕상온센터,396.0,0.0,0.0,28.0,40.0,44.0,56.0,16.0,12.0,8.0,0.0,0.0,0.0,0.0,112.0,27,722.0,536.0,1000.0,엔제이,스낵류,옥수수스낵
123551,엔제이)마키노나쵸칩치즈50g,20250108,15,4,20081,A양산상온센터,432.0,0.0,0.0,24.0,84.0,16.0,28.0,32.0,16.0,4.0,0.0,0.0,0.0,0.0,124.0,26,880.0,536.0,1000.0,엔제이,스낵류,옥수수스낵
123551,엔제이)마키노나쵸칩치즈50g,20250108,15,4,20083,김제상온센터,288.0,0.0,0.0,16.0,12.0,16.0,8.0,28.0,0.0,0.0,16.0,4.0,0.0,0.0,44.0,10,659.0,536.0,1000.0,엔제이,스낵류,옥수수스낵
123551,엔제이)마키노나쵸칩치즈50g,20250108,15,4,20084,천안상온센터,252.0,0.0,0.0,0.0,52.0,40.0,24.0,20.0,12.0,0.0,4.0,0.0,0.0,0.0,92.0,20,573.0,536.0,1000.0,엔제이,스낵류,옥수수스낵
123551,엔제이)마키노나쵸칩치즈50g,20250108,15,4,20085,인천B상온센터,540.0,0.0,0.0,64.0,48.0,24.0,20.0,8.0,8.0,0.0,4.0,0.0,0.0,0.0,136.0,36,779.0,536.0,1000.0,엔제이,스낵류,옥수수스낵
123555,SAMG)위시캣발바닥모양캔디42g,20250108,15,10,20006,성남센터,1360.0,0.0,0.0,40.0,180.0,70.0,110.0,130.0,50.0,0.0,20.0,40.0,0.0,0.0,290.0,30,665.0,1000.0,2000.0,SAMG,캔디류,봉지캔디
123555,SAMG)위시캣발바닥모양캔디42g,20250108,15,10,20007,대구센터,1440.0,0.0,20.0,190.0,240.0,90.0,120.0,130.0,60.0,30.0,10.0,20.0,10.0,0.0,540.0,56,990.0,1000.0,2000.0,SAMG,캔디류,봉지캔디
123555,SAMG)위시캣발바닥모양캔디42g,20250108,15,10,20010,양주센터,1760.0,0.0,10.0,180.0,240.0,110.0,50.0,50.0,30.0,20.0,10.0,0.0,0.0,0.0,540.0,55,975.0,1000.0,2000.0,SAMG,캔디류,봉지캔디
123555,SAMG)위시캣발바닥모양캔디42g,20250108,15,10,20017,울산상온센터(K7),880.0,0.0,0.0,160.0,130.0,90.0,70.0,50.0,30.0,20.0,20.0,0.0,0.0,0.0,380.0,34,732.0,1000.0,2000.0,SAMG,캔디류,봉지캔디
123555,SAMG)위시캣발바닥모양캔디42g,20250108,15,10,20033,제주상온센터,400.0,0.0,0.0,30.0,90.0,50.0,30.0,10.0,10.0,0.0,10.0,0.0,0.0,0.0,170.0,17,314.0,1000.0,2000.0,SAMG,캔디류,봉지캔디
123555,SAMG)위시캣발바닥모양캔디42g,20250108,15,10,20034,구성상온센터,1840.0,0.0,0.0,120.0,290.0,90.0,40.0,50.0,90.0,10.0,40.0,40.0,0.0,0.0,500.0,49,878.0,1000.0,2000.0,SAMG,캔디류,봉지캔디
123555,SAMG)위시캣발바닥모양캔디42g,20250108,15,10,20050,세종상온센터,1360.0,0.0,20.0,190.0,190.0,70.0,60.0,40.0,60.0,0.0,10.0,0.0,0.0,0.0,470.0,47,955.0,1000.0,2000.0,SAMG,캔디류,봉지캔디
123555,SAMG)위시캣발바닥모양캔디42g,20250108,15,10,20065,원주상온센터(K7),880.0,0.0,70.0,130.0,120.0,80.0,80.0,10.0,30.0,20.0,20.0,0.0,0.0,0.0,400.0,42,692.0,1000.0,2000.0,SAMG,캔디류,봉지캔디
123555,SAMG)위시캣발바닥모양캔디42g,20250108,15,10,20075,인천상온센터,1200.0,0.0,30.0,220.0,160.0,70.0,30.0,70.0,20.0,30.0,40.0,10.0,0.0,0.0,480.0,50,817.0,1000.0,2000.0,SAMG,캔디류,봉지캔디
123555,SAMG)위시캣발바닥모양캔디42g,20250108,15,10,20079,A광주상온센터,1120.0,0.0,10.0,200.0,110.0,80.0,30.0,70.0,30.0,30.0,20.0,0.0,0.0,0.0,400.0,41,753.0,1000.0,2000.0,SAMG,캔디류,봉지캔디
123555,SAMG)위시캣발바닥모양캔디42g,20250108,15,10,20080,A의왕상온센터,1040.0,0.0,10.0,120.0,130.0,80.0,100.0,20.0,90.0,0.0,0.0,0.0,0.0,0.0,340.0,36,722.0,1000.0,2000.0,SAMG,캔디류,봉지캔디
123555,SAMG)위시캣발바닥모양캔디42g,20250108,15,10,20081,A양산상온센터,1120.0,0.0,0.0,110.0,230.0,50.0,50.0,40.0,20.0,20.0,10.0,0.0,0.0,0.0,390.0,40,880.0,1000.0,2000.0,SAMG,캔디류,봉지캔디
123555,SAMG)위시캣발바닥모양캔디42g,20250108,15,10,20083,김제상온센터,800.0,0.0,10.0,100.0,60.0,50.0,70.0,20.0,0.0,0.0,10.0,10.0,0.0,0.0,220.0,22,659.0,1000.0,2000.0,SAMG,캔디류,봉지캔디
123555,SAMG)위시캣발바닥모양캔디42g,20250108,15,10,20084,천안상온센터,720.0,0.0,0.0,10.0,130.0,100.0,120.0,50.0,40.0,20.0,20.0,0.0,0.0,0.0,240.0,27,573.0,1000.0,2000.0,SAMG,캔디류,봉지캔디
123555,SAMG)위시캣발바닥모양캔디42g,20250108,15,10,20085,인천B상온센터,1360.0,0.0,20.0,180.0,110.0,50.0,70.0,20.0,20.0,10.0,20.0,0.0,0.0,0.0,360.0,39,779.0,1000.0,2000.0,SAMG,캔디류,봉지캔디
123557,SAMG)하츄핑의4D젤리42g,20250115,20,10,20006,성남센터,2040.0,50.0,90.0,100.0,190.0,180.0,50.0,40.0,30.0,0.0,0.0,0.0,0.0,0.0,560.0,62,664.0,1250.0,2500.0,SAMG,젤리류,국산젤리
123557,SAMG)하츄핑의4D젤리42g,20250115,20,10,20007,대구센터,2220.0,160.0,100.0,180.0,320.0,260.0,160.0,10.0,20.0,20.0,0.0,0.0,0.0,0.0,860.0,102,987.0,1250.0,2500.0,SAMG,젤리류,국산젤리
123557,SAMG)하츄핑의4D젤리42g,20250115,20,10,20010,양주센터,2760.0,120.0,50.0,400.0,270.0,240.0,110.0,60.0,30.0,10.0,0.0,10.0,0.0,0.0,960.0,105,973.0,1250.0,2500.0,SAMG,젤리류,국산젤리
123557,SAMG)하츄핑의4D젤리42g,20250115,20,10,20017,울산상온센터(K7),1320.0,130.0,80.0,150.0,130.0,120.0,70.0,60.0,30.0,0.0,10.0,0.0,10.0,0.0,480.0,61,730.0,1250.0,2500.0,SAMG,젤리류,국산젤리
123557,SAMG)하츄핑의4D젤리42g,20250115,20,10,20033,제주상온센터,540.0,70.0,20.0,30.0,80.0,40.0,50.0,0.0,20.0,0.0,20.0,0.0,0.0,0.0,170.0,23,315.0,1250.0,2500.0,SAMG,젤리류,국산젤리
123557,SAMG)하츄핑의4D젤리42g,20250115,20,10,20034,구성상온센터,2820.0,70.0,120.0,110.0,360.0,190.0,150.0,80.0,50.0,60.0,20.0,10.0,0.0,0.0,780.0,81,879.0,1250.0,2500.0,SAMG,젤리류,국산젤리
123557,SAMG)하츄핑의4D젤리42g,20250115,20,10,20050,세종상온센터,2100.0,110.0,100.0,310.0,240.0,130.0,50.0,70.0,60.0,40.0,20.0,10.0,0.0,0.0,780.0,90,954.0,1250.0,2500.0,SAMG,젤리류,국산젤리
123557,SAMG)하츄핑의4D젤리42g,20250115,20,10,20065,원주상온센터(K7),1320.0,120.0,80.0,180.0,60.0,90.0,60.0,10.0,10.0,40.0,10.0,10.0,0.0,0.0,410.0,54,689.0,1250.0,2500.0,SAMG,젤리류,국산젤리
123557,SAMG)하츄핑의4D젤리42g,20250115,20,10,20075,인천상온센터,1860.0,90.0,140.0,300.0,190.0,140.0,100.0,60.0,0.0,10.0,20.0,0.0,0.0,0.0,770.0,84,815.0,1250.0,2500.0,SAMG,젤리류,국산젤리
123557,SAMG)하츄핑의4D젤리42g,20250115,20,10,20079,A광주상온센터,1680.0,70.0,20.0,170.0,110.0,160.0,60.0,40.0,30.0,50.0,10.0,0.0,0.0,0.0,460.0,54,752.0,1250.0,2500.0,SAMG,젤리류,국산젤리
123557,SAMG)하츄핑의4D젤리42g,20250115,20,10,20080,A의왕상온센터,1620.0,50.0,30.0,220.0,220.0,170.0,110.0,50.0,60.0,10.0,20.0,10.0,0.0,0.0,640.0,70,718.0,1250.0,2500.0,SAMG,젤리류,국산젤리
123557,SAMG)하츄핑의4D젤리42g,20250115,20,10,20081,A양산상온센터,1800.0,100.0,90.0,260.0,120.0,90.0,80.0,80.0,10.0,20.0,20.0,0.0,0.0,0.0,560.0,68,876.0,1250.0,2500.0,SAMG,젤리류,국산젤리
123557,SAMG)하츄핑의4D젤리42g,20250115,20,10,20083,김제상온센터,1140.0,30.0,50.0,110.0,100.0,150.0,10.0,10.0,0.0,10.0,0.0,10.0,0.0,0.0,410.0,45,659.0,1250.0,2500.0,SAMG,젤리류,국산젤리
123557,SAMG)하츄핑의4D젤리42g,20250115,20,10,20084,천안상온센터,1020.0,40.0,40.0,80.0,170.0,100.0,40.0,70.0,30.0,10.0,0.0,0.0,0.0,0.0,390.0,44,570.0,1250.0,2500.0,SAMG,젤리류,국산젤리
123557,SAMG)하츄핑의4D젤리42g,20250115,20,10,20085,인천B상온센터,2160.0,160.0,40.0,170.0,250.0,60.0,50.0,60.0,20.0,20.0,20.0,10.0,0.0,0.0,520.0,69,779.0,1250.0,2500.0,SAMG,젤리류,국산젤리
123558,농심)츄파춥스오션믹스젤리60g,20250108,25,10,20006,성남센터,2720.0,0.0,10.0,160.0,410.0,180.0,170.0,230.0,210.0,30.0,40.0,0.0,0.0,0.0,760.0,78,665.0,750.0,1400.0,농심,젤리류,수입젤리
123558,농심)츄파춥스오션믹스젤리60g,20250108,25,10,20007,대구센터,2880.0,0.0,50.0,360.0,470.0,270.0,240.0,280.0,100.0,60.0,50.0,10.0,10.0,0.0,1150.0,113,990.0,750.0,1400.0,농심,젤리류,수입젤리
123558,농심)츄파춥스오션믹스젤리60g,20250108,25,10,20010,양주센터,3600.0,0.0,40.0,370.0,490.0,190.0,200.0,170.0,170.0,40.0,60.0,0.0,0.0,0.0,1090.0,113,975.0,750.0,1400.0,농심,젤리류,수입젤리
123558,농심)츄파춥스오션믹스젤리60g,20250108,25,10,20017,울산상온센터(K7),1680.0,0.0,30.0,250.0,240.0,130.0,190.0,110.0,80.0,10.0,30.0,10.0,0.0,0.0,650.0,64,732.0,750.0,1400.0,농심,젤리류,수입젤리
123558,농심)츄파춥스오션믹스젤리60g,20250108,25,10,20033,제주상온센터,720.0,0.0,0.0,40.0,150.0,70.0,40.0,70.0,50.0,0.0,10.0,0.0,0.0,0.0,260.0,25,314.0,750.0,1400.0,농심,젤리류,수입젤리
123558,농심)츄파춥스오션믹스젤리60g,20250108,25,10,20034,구성상온센터,3760.0,0.0,0.0,200.0,620.0,340.0,150.0,200.0,230.0,10.0,60.0,30.0,0.0,0.0,1160.0,113,878.0,750.0,1400.0,농심,젤리류,수입젤리
123558,농심)츄파춥스오션믹스젤리60g,20250108,25,10,20050,세종상온센터,2800.0,0.0,60.0,380.0,380.0,190.0,230.0,170.0,90.0,70.0,50.0,10.0,0.0,0.0,1010.0,101,955.0,750.0,1400.0,농심,젤리류,수입젤리
123558,농심)츄파춥스오션믹스젤리60g,20250108,25,10,20065,원주상온센터(K7),1760.0,0.0,0.0,110.0,400.0,210.0,160.0,110.0,40.0,40.0,30.0,30.0,0.0,0.0,720.0,72,692.0,750.0,1400.0,농심,젤리류,수입젤리
123558,농심)츄파춥스오션믹스젤리60g,20250108,25,10,20075,인천상온센터,2400.0,0.0,70.0,390.0,380.0,210.0,120.0,120.0,50.0,30.0,20.0,10.0,0.0,0.0,1050.0,106,817.0,750.0,1400.0,농심,젤리류,수입젤리
123558,농심)츄파춥스오션믹스젤리60g,20250108,25,10,20079,A광주상온센터,2240.0,0.0,30.0,300.0,240.0,120.0,100.0,100.0,50.0,50.0,40.0,0.0,0.0,0.0,690.0,71,753.0,750.0,1400.0,농심,젤리류,수입젤리
123558,농심)츄파춥스오션믹스젤리60g,20250108,25,10,20080,A의왕상온센터,2160.0,0.0,40.0,290.0,410.0,220.0,210.0,260.0,150.0,10.0,20.0,20.0,0.0,0.0,960.0,96,722.0,750.0,1400.0,농심,젤리류,수입젤리
123558,농심)츄파춥스오션믹스젤리60g,20250108,25,10,20081,A양산상온센터,2320.0,0.0,10.0,180.0,360.0,120.0,160.0,150.0,80.0,20.0,30.0,0.0,0.0,0.0,670.0,70,880.0,750.0,1400.0,농심,젤리류,수입젤리
123558,농심)츄파춥스오션믹스젤리60g,20250108,25,10,20083,김제상온센터,1520.0,0.0,10.0,220.0,200.0,190.0,100.0,120.0,10.0,10.0,0.0,10.0,0.0,0.0,620.0,61,659.0,750.0,1400.0,농심,젤리류,수입젤리
123558,농심)츄파춥스오션믹스젤리60g,20250108,25,10,20084,천안상온센터,1360.0,0.0,0.0,60.0,350.0,210.0,140.0,80.0,60.0,20.0,20.0,10.0,0.0,0.0,620.0,62,573.0,750.0,1400.0,농심,젤리류,수입젤리
123558,농심)츄파춥스오션믹스젤리60g,20250108,25,10,20085,인천B상온센터,2880.0,0.0,40.0,510.0,360.0,180.0,150.0,120.0,70.0,30.0,40.0,20.0,0.0,0.0,1090.0,109,779.0,750.0,1400.0,농심,젤리류,수입젤리
123608,오츠카)소이조이후르츠&치즈30g,20250115,50,12,20006,성남센터,2064.0,144.0,144.0,192.0,396.0,288.0,168.0,36.0,72.0,0.0,0.0,24.0,12.0,0.0,1020.0,98,664.0,896.0,1700.0,오츠카,프로틴/시리얼,영양바류
123608,오츠카)소이조이후르츠&치즈30g,20250115,50,12,20007,대구센터,2208.0,84.0,120.0,204.0,240.0,144.0,108.0,48.0,60.0,36.0,24.0,12.0,0.0,0.0,708.0,69,987.0,896.0,1700.0,오츠카,프로틴/시리얼,영양바류
123608,오츠카)소이조이후르츠&치즈30g,20250115,50,12,20010,양주센터,2736.0,132.0,144.0,480.0,324.0,156.0,108.0,48.0,24.0,0.0,0.0,12.0,0.0,0.0,1104.0,106,973.0,896.0,1700.0,오츠카,프로틴/시리얼,영양바류
123608,오츠카)소이조이후르츠&치즈30g,20250115,50,12,20017,울산상온센터(K7),1296.0,60.0,24.0,96.0,120.0,60.0,72.0,36.0,24.0,0.0,0.0,0.0,0.0,0.0,300.0,30,730.0,896.0,1700.0,오츠카,프로틴/시리얼,영양바류
123608,오츠카)소이조이후르츠&치즈30g,20250115,50,12,20033,제주상온센터,576.0,48.0,24.0,48.0,96.0,0.0,24.0,12.0,36.0,12.0,12.0,0.0,0.0,0.0,168.0,20,315.0,896.0,1700.0,오츠카,프로틴/시리얼,영양바류
123608,오츠카)소이조이후르츠&치즈30g,20250115,50,12,20034,구성상온센터,2832.0,84.0,96.0,120.0,348.0,168.0,72.0,36.0,96.0,12.0,36.0,12.0,0.0,0.0,732.0,69,879.0,896.0,1700.0,오츠카,프로틴/시리얼,영양바류
123608,오츠카)소이조이후르츠&치즈30g,20250115,50,12,20050,세종상온센터,2112.0,36.0,96.0,252.0,216.0,168.0,84.0,72.0,36.0,48.0,24.0,12.0,0.0,0.0,732.0,68,954.0,896.0,1700.0,오츠카,프로틴/시리얼,영양바류
123608,오츠카)소이조이후르츠&치즈30g,20250115,50,12,20065,원주상온센터(K7),1344.0,72.0,60.0,96.0,204.0,60.0,36.0,36.0,0.0,12.0,12.0,12.0,0.0,0.0,420.0,47,689.0,896.0,1700.0,오츠카,프로틴/시리얼,영양바류
123608,오츠카)소이조이후르츠&치즈30g,20250115,50,12,20075,인천상온센터,1872.0,108.0,72.0,168.0,240.0,132.0,96.0,12.0,12.0,12.0,24.0,0.0,0.0,0.0,612.0,63,815.0,896.0,1700.0,오츠카,프로틴/시리얼,영양바류
123608,오츠카)소이조이후르츠&치즈30g,20250115,50,12,20079,A광주상온센터,1728.0,72.0,0.0,168.0,60.0,120.0,48.0,12.0,12.0,72.0,0.0,0.0,0.0,0.0,348.0,36,752.0,896.0,1700.0,오츠카,프로틴/시리얼,영양바류
123608,오츠카)소이조이후르츠&치즈30g,20250115,50,12,20080,A의왕상온센터,1632.0,84.0,96.0,240.0,348.0,144.0,84.0,60.0,24.0,12.0,12.0,0.0,0.0,0.0,828.0,80,718.0,896.0,1700.0,오츠카,프로틴/시리얼,영양바류
123608,오츠카)소이조이후르츠&치즈30g,20250115,50,12,20081,A양산상온센터,1776.0,60.0,36.0,204.0,48.0,60.0,84.0,60.0,60.0,12.0,0.0,0.0,0.0,0.0,348.0,37,876.0,896.0,1700.0,오츠카,프로틴/시리얼,영양바류
123608,오츠카)소이조이후르츠&치즈30g,20250115,50,12,20083,김제상온센터,1152.0,48.0,48.0,72.0,120.0,48.0,36.0,24.0,0.0,24.0,12.0,0.0,0.0,0.0,288.0,28,659.0,896.0,1700.0,오츠카,프로틴/시리얼,영양바류
123608,오츠카)소이조이후르츠&치즈30g,20250115,50,12,20084,천안상온센터,1056.0,60.0,24.0,72.0,216.0,120.0,72.0,60.0,24.0,24.0,0.0,0.0,0.0,0.0,432.0,45,570.0,896.0,1700.0,오츠카,프로틴/시리얼,영양바류
123608,오츠카)소이조이후르츠&치즈30g,20250115,50,12,20085,인천B상온센터,2160.0,240.0,72.0,180.0,300.0,108.0,108.0,48.0,36.0,0.0,48.0,12.0,0.0,0.0,660.0,83,779.0,896.0,1700.0,오츠카,프로틴/시리얼,영양바류
123609,오츠카)소이조이마카다미아&레몬25g,20250115,30,12,20006,성남센터,1968.0,144.0,132.0,192.0,408.0,252.0,168.0,48.0,60.0,12.0,0.0,24.0,12.0,0.0,984.0,95,664.0,896.0,1700.0,오츠카,프로틴/시리얼,영양바류
123609,오츠카)소이조이마카다미아&레몬25g,20250115,30,12,20007,대구센터,2112.0,72.0,120.0,180.0,228.0,120.0,108.0,48.0,60.0,24.0,24.0,12.0,0.0,0.0,648.0,63,987.0,896.0,1700.0,오츠카,프로틴/시리얼,영양바류
123609,오츠카)소이조이마카다미아&레몬25g,20250115,30,12,20010,양주센터,2640.0,132.0,156.0,456.0,324.0,156.0,96.0,36.0,24.0,0.0,0.0,12.0,0.0,0.0,1092.0,104,973.0,896.0,1700.0,오츠카,프로틴/시리얼,영양바류
123609,오츠카)소이조이마카다미아&레몬25g,20250115,30,12,20017,울산상온센터(K7),1248.0,60.0,24.0,84.0,120.0,48.0,72.0,36.0,24.0,0.0,0.0,0.0,0.0,0.0,276.0,28,730.0,896.0,1700.0,오츠카,프로틴/시리얼,영양바류
123609,오츠카)소이조이마카다미아&레몬25g,20250115,30,12,20033,제주상온센터,528.0,48.0,24.0,36.0,84.0,0.0,24.0,12.0,36.0,12.0,12.0,0.0,0.0,0.0,144.0,18,315.0,896.0,1700.0,오츠카,프로틴/시리얼,영양바류
123609,오츠카)소이조이마카다미아&레몬25g,20250115,30,12,20034,구성상온센터,2688.0,60.0,96.0,120.0,324.0,168.0,84.0,36.0,96.0,12.0,48.0,24.0,0.0,0.0,708.0,66,879.0,896.0,1700.0,오츠카,프로틴/시리얼,영양바류
123609,오츠카)소이조이마카다미아&레몬25g,20250115,30,12,20050,세종상온센터,2016.0,24.0,96.0,240.0,204.0,144.0,84.0,72.0,36.0,48.0,36.0,12.0,0.0,0.0,684.0,62,954.0,896.0,1700.0,오츠카,프로틴/시리얼,영양바류
123609,오츠카)소이조이마카다미아&레몬25g,20250115,30,12,20065,원주상온센터(K7),1248.0,60.0,60.0,96.0,168.0,48.0,36.0,60.0,0.0,12.0,12.0,12.0,0.0,0.0,372.0,42,689.0,896.0,1700.0,오츠카,프로틴/시리얼,영양바류
123609,오츠카)소이조이마카다미아&레몬25g,20250115,30,12,20075,인천상온센터,1776.0,108.0,84.0,204.0,204.0,132.0,84.0,0.0,12.0,12.0,24.0,0.0,0.0,0.0,624.0,62,815.0,896.0,1700.0,오츠카,프로틴/시리얼,영양바류
123609,오츠카)소이조이마카다미아&레몬25g,20250115,30,12,20079,A광주상온센터,1632.0,72.0,0.0,156.0,60.0,120.0,36.0,0.0,12.0,72.0,0.0,0.0,0.0,0.0,336.0,36,752.0,896.0,1700.0,오츠카,프로틴/시리얼,영양바류
123609,오츠카)소이조이마카다미아&레몬25g,20250115,30,12,20080,A의왕상온센터,1584.0,96.0,96.0,276.0,336.0,156.0,84.0,72.0,24.0,12.0,12.0,0.0,0.0,0.0,864.0,84,718.0,896.0,1700.0,오츠카,프로틴/시리얼,영양바류
123609,오츠카)소이조이마카다미아&레몬25g,20250115,30,12,20081,A양산상온센터,1680.0,72.0,24.0,192.0,48.0,60.0,72.0,60.0,48.0,24.0,0.0,0.0,0.0,0.0,324.0,34,876.0,896.0,1700.0,오츠카,프로틴/시리얼,영양바류
123609,오츠카)소이조이마카다미아&레몬25g,20250115,30,12,20083,김제상온센터,1104.0,48.0,48.0,72.0,120.0,48.0,24.0,12.0,24.0,12.0,12.0,0.0,0.0,0.0,288.0,29,659.0,896.0,1700.0,오츠카,프로틴/시리얼,영양바류
123609,오츠카)소이조이마카다미아&레몬25g,20250115,30,12,20084,천안상온센터,1008.0,60.0,12.0,72.0,192.0,132.0,84.0,60.0,24.0,24.0,0.0,0.0,0.0,0.0,408.0,41,570.0,896.0,1700.0,오츠카,프로틴/시리얼,영양바류
123609,오츠카)소이조이마카다미아&레몬25g,20250115,30,12,20085,인천B상온센터,2064.0,240.0,72.0,192.0,300.0,108.0,108.0,48.0,36.0,0.0,48.0,24.0,0.0,0.0,672.0,82,779.0,896.0,1700.0,오츠카,프로틴/시리얼,영양바류
123629,G)LOOK초콜릿발렌타인44g,20250115,60,10,20006,성남센터,14400.0,160.0,180.0,180.0,430.0,540.0,260.0,120.0,50.0,10.0,10.0,30.0,0.0,0.0,1330.0,141,664.0,1450.0,2900.0,G,초콜릿,볼초콜릿
123629,G)LOOK초콜릿발렌타인44g,20250115,60,10,20007,대구센터,7200.0,220.0,140.0,240.0,440.0,480.0,310.0,240.0,110.0,10.0,0.0,30.0,0.0,0.0,1300.0,153,987.0,1450.0,2900.0,G,초콜릿,볼초콜릿
123629,G)LOOK초콜릿발렌타인44g,20250115,60,10,20010,양주센터,10400.0,100.0,140.0,450.0,590.0,640.0,430.0,170.0,80.0,20.0,0.0,10.0,0.0,0.0,1820.0,187,973.0,1450.0,2900.0,G,초콜릿,볼초콜릿
123629,G)LOOK초콜릿발렌타인44g,20250115,60,10,20017,울산상온센터(K7),4800.0,130.0,130.0,130.0,290.0,390.0,370.0,250.0,130.0,110.0,10.0,10.0,0.0,0.0,940.0,103,730.0,1450.0,2900.0,G,초콜릿,볼초콜릿
123629,G)LOOK초콜릿발렌타인44g,20250115,60,10,20033,제주상온센터,4800.0,120.0,30.0,30.0,170.0,40.0,40.0,0.0,30.0,10.0,0.0,0.0,0.0,0.0,270.0,28,315.0,1450.0,2900.0,G,초콜릿,볼초콜릿
123629,G)LOOK초콜릿발렌타인44g,20250115,60,10,20034,구성상온센터,12000.0,110.0,110.0,130.0,580.0,640.0,400.0,180.0,160.0,40.0,50.0,50.0,0.0,0.0,1460.0,155,879.0,1450.0,2900.0,G,초콜릿,볼초콜릿
123629,G)LOOK초콜릿발렌타인44g,20250115,60,10,20050,세종상온센터,7200.0,100.0,80.0,330.0,510.0,260.0,280.0,150.0,150.0,20.0,50.0,0.0,0.0,0.0,1180.0,130,954.0,1450.0,2900.0,G,초콜릿,볼초콜릿
123629,G)LOOK초콜릿발렌타인44g,20250115,60,10,20065,원주상온센터(K7),7200.0,180.0,240.0,110.0,340.0,230.0,170.0,200.0,120.0,0.0,50.0,20.0,0.0,0.0,920.0,87,689.0,1450.0,2900.0,G,초콜릿,볼초콜릿
123629,G)LOOK초콜릿발렌타인44g,20250115,60,10,20075,인천상온센터,10400.0,170.0,140.0,300.0,620.0,870.0,720.0,440.0,180.0,20.0,80.0,10.0,0.0,0.0,1930.0,206,815.0,1450.0,2900.0,G,초콜릿,볼초콜릿
123629,G)LOOK초콜릿발렌타인44g,20250115,60,10,20079,A광주상온센터,6400.0,140.0,20.0,200.0,630.0,730.0,420.0,340.0,100.0,40.0,60.0,0.0,0.0,0.0,1580.0,172,752.0,1450.0,2900.0,G,초콜릿,볼초콜릿
123629,G)LOOK초콜릿발렌타인44g,20250115,60,10,20080,A의왕상온센터,6400.0,120.0,100.0,280.0,600.0,430.0,190.0,200.0,80.0,0.0,10.0,0.0,0.0,0.0,1410.0,153,718.0,1450.0,2900.0,G,초콜릿,볼초콜릿
123629,G)LOOK초콜릿발렌타인44g,20250115,60,10,20081,A양산상온센터,8800.0,140.0,70.0,240.0,330.0,550.0,600.0,440.0,200.0,0.0,10.0,0.0,0.0,0.0,1190.0,131,876.0,1450.0,2900.0,G,초콜릿,볼초콜릿
123629,G)LOOK초콜릿발렌타인44g,20250115,60,10,20083,김제상온센터,4000.0,30.0,30.0,210.0,180.0,170.0,130.0,120.0,50.0,0.0,10.0,0.0,0.0,0.0,590.0,63,659.0,1450.0,2900.0,G,초콜릿,볼초콜릿
123629,G)LOOK초콜릿발렌타인44g,20250115,60,10,20084,천안상온센터,6400.0,120.0,40.0,110.0,170.0,300.0,160.0,140.0,120.0,10.0,0.0,10.0,0.0,0.0,620.0,74,570.0,1450.0,2900.0,G,초콜릿,볼초콜릿
123629,G)LOOK초콜릿발렌타인44g,20250115,60,10,20085,인천B상온센터,12000.0,340.0,90.0,460.0,860.0,1020.0,470.0,360.0,170.0,10.0,170.0,40.0,0.0,0.0,2430.0,223,779.0,1450.0,2900.0,G,초콜릿,볼초콜릿
123638,농심)후르츠텔라48g,20250115,15,12,20006,성남센터,3024.0,120.0,180.0,180.0,432.0,276.0,132.0,36.0,108.0,36.0,0.0,36.0,0.0,0.0,1068.0,100,664.0,782.0,1500.0,농심,캔디류,소프트캔디
123638,농심)후르츠텔라48g,20250115,15,12,20007,대구센터,3264.0,252.0,156.0,372.0,444.0,276.0,180.0,60.0,36.0,12.0,12.0,72.0,0.0,0.0,1248.0,130,987.0,782.0,1500.0,농심,캔디류,소프트캔디
123638,농심)후르츠텔라48g,20250115,15,12,20010,양주센터,4080.0,156.0,132.0,540.0,396.0,240.0,156.0,12.0,36.0,12.0,0.0,24.0,0.0,0.0,1308.0,126,973.0,782.0,1500.0,농심,캔디류,소프트캔디
123638,농심)후르츠텔라48g,20250115,15,12,20017,울산상온센터(K7),1920.0,168.0,108.0,192.0,180.0,132.0,72.0,60.0,24.0,0.0,12.0,0.0,0.0,0.0,612.0,69,730.0,782.0,1500.0,농심,캔디류,소프트캔디
123638,농심)후르츠텔라48g,20250115,15,12,20033,제주상온센터,816.0,60.0,36.0,48.0,72.0,36.0,36.0,0.0,36.0,0.0,12.0,0.0,0.0,0.0,192.0,22,315.0,782.0,1500.0,농심,캔디류,소프트캔디
123638,농심)후르츠텔라48g,20250115,15,12,20034,구성상온센터,4176.0,108.0,192.0,132.0,504.0,396.0,204.0,96.0,84.0,36.0,84.0,36.0,0.0,0.0,1224.0,107,879.0,782.0,1500.0,농심,캔디류,소프트캔디
123638,농심)후르츠텔라48g,20250115,15,12,20050,세종상온센터,3120.0,96.0,180.0,336.0,384.0,180.0,132.0,108.0,48.0,36.0,24.0,12.0,0.0,0.0,1080.0,105,954.0,782.0,1500.0,농심,캔디류,소프트캔디
123638,농심)후르츠텔라48g,20250115,15,12,20065,원주상온센터(K7),1968.0,72.0,144.0,132.0,360.0,144.0,84.0,84.0,60.0,36.0,36.0,0.0,0.0,0.0,780.0,67,689.0,782.0,1500.0,농심,캔디류,소프트캔디
123638,농심)후르츠텔라48g,20250115,15,12,20075,인천상온센터,2736.0,168.0,192.0,336.0,324.0,156.0,108.0,60.0,60.0,0.0,36.0,0.0,0.0,0.0,1008.0,100,815.0,782.0,1500.0,농심,캔디류,소프트캔디
123638,농심)후르츠텔라48g,20250115,15,12,20079,A광주상온센터,2496.0,108.0,36.0,312.0,204.0,156.0,72.0,84.0,36.0,60.0,0.0,0.0,0.0,0.0,708.0,71,752.0,782.0,1500.0,농심,캔디류,소프트캔디
123638,농심)후르츠텔라48g,20250115,15,12,20080,A의왕상온센터,2448.0,84.0,132.0,300.0,396.0,144.0,96.0,84.0,48.0,12.0,24.0,0.0,0.0,0.0,972.0,90,718.0,782.0,1500.0,농심,캔디류,소프트캔디
123638,농심)후르츠텔라48g,20250115,15,12,20081,A양산상온센터,2640.0,132.0,60.0,312.0,264.0,204.0,132.0,144.0,12.0,36.0,24.0,0.0,0.0,0.0,840.0,83,876.0,782.0,1500.0,농심,캔디류,소프트캔디
123638,농심)후르츠텔라48g,20250115,15,12,20083,김제상온센터,1728.0,84.0,84.0,156.0,204.0,156.0,120.0,36.0,24.0,36.0,0.0,0.0,0.0,0.0,600.0,57,659.0,782.0,1500.0,농심,캔디류,소프트캔디
123638,농심)후르츠텔라48g,20250115,15,12,20084,천안상온센터,1536.0,120.0,24.0,156.0,204.0,168.0,96.0,72.0,72.0,12.0,0.0,12.0,0.0,0.0,552.0,58,570.0,782.0,1500.0,농심,캔디류,소프트캔디
123638,농심)후르츠텔라48g,20250115,15,12,20085,인천B상온센터,3168.0,264.0,84.0,252.0,336.0,276.0,84.0,60.0,36.0,36.0,24.0,0.0,0.0,0.0,948.0,101,779.0,782.0,1500.0,농심,캔디류,소프트캔디
123641,선우)O△□동결건조젤리13g,20250108,15,15,20006,성남센터,2688.0,0.0,0.0,0.0,0.0,0.0,0.0,32.0,32.0,112.0,176.0,224.0,16.0,0.0,0.0,0,664.0,1476.0,2800.0,선우,젤리류,국산젤리
123641,선우)O△□동결건조젤리13g,20250108,15,15,20007,대구센터,2816.0,15.0,0.0,0.0,0.0,0.0,0.0,0.0,80.0,64.0,176.0,128.0,0.0,0.0,0.0,2,989.0,1476.0,2800.0,선우,젤리류,국산젤리
123641,선우)O△□동결건조젤리13g,20250108,15,15,20010,양주센터,3584.0,30.0,0.0,0.0,0.0,0.0,0.0,16.0,48.0,112.0,544.0,240.0,16.0,0.0,0.0,2,973.0,1476.0,2800.0,선우,젤리류,국산젤리
123641,선우)O△□동결건조젤리13g,20250108,15,15,20017,울산상온센터(K7),1664.0,15.0,0.0,0.0,0.0,0.0,0.0,32.0,16.0,80.0,112.0,160.0,16.0,0.0,0.0,1,730.0,1476.0,2800.0,선우,젤리류,국산젤리
123641,선우)O△□동결건조젤리13g,20250108,15,15,20033,제주상온센터,768.0,30.0,0.0,0.0,0.0,0.0,0.0,0.0,0.0,64.0,0.0,48.0,0.0,0.0,0.0,2,314.0,1476.0,2800.0,선우,젤리류,국산젤리
123641,선우)O△□동결건조젤리13g,20250108,15,15,20034,구성상온센터,3584.0,0.0,0.0,0.0,0.0,0.0,0.0,0.0,16.0,96.0,144.0,400.0,16.0,0.0,0.0,0,878.0,1476.0,2800.0,선우,젤리류,국산젤리
123641,선우)O△□동결건조젤리13g,20250108,15,15,20050,세종상온센터,2688.0,15.0,0.0,0.0,0.0,0.0,0.0,0.0,32.0,64.0,224.0,192.0,0.0,0.0,0.0,1,955.0,1476.0,2800.0,선우,젤리류,국산젤리
123641,선우)O△□동결건조젤리13g,20250108,15,15,20065,원주상온센터(K7),1664.0,15.0,0.0,0.0,0.0,0.0,0.0,0.0,16.0,96.0,16.0,208.0,0.0,0.0,0.0,1,690.0,1476.0,2800.0,선우,젤리류,국산젤리
123641,선우)O△□동결건조젤리13g,20250108,15,15,20075,인천상온센터,2432.0,30.0,0.0,0.0,0.0,0.0,0.0,0.0,64.0,80.0,288.0,96.0,0.0,0.0,0.0,2,816.0,1476.0,2800.0,선우,젤리류,국산젤리
123641,선우)O△□동결건조젤리13g,20250108,15,15,20079,A광주상온센터,2176.0,0.0,0.0,0.0,0.0,0.0,0.0,0.0,48.0,48.0,176.0,96.0,0.0,0.0,0.0,0,753.0,1476.0,2800.0,선우,젤리류,국산젤리
123641,선우)O△□동결건조젤리13g,20250108,15,15,20080,A의왕상온센터,2176.0,15.0,0.0,0.0,0.0,0.0,0.0,16.0,16.0,32.0,112.0,208.0,0.0,0.0,0.0,1,721.0,1476.0,2800.0,선우,젤리류,국산젤리
123641,선우)O△□동결건조젤리13g,20250108,15,15,20081,A양산상온센터,2304.0,15.0,0.0,0.0,0.0,0.0,0.0,0.0,32.0,48.0,224.0,80.0,16.0,0.0,0.0,2,876.0,1476.0,2800.0,선우,젤리류,국산젤리
123641,선우)O△□동결건조젤리13g,20250108,15,15,20083,김제상온센터,1536.0,0.0,0.0,0.0,0.0,0.0,0.0,16.0,0.0,64.0,96.0,128.0,16.0,0.0,0.0,0,660.0,1476.0,2800.0,선우,젤리류,국산젤리
123641,선우)O△□동결건조젤리13g,20250108,15,15,20084,천안상온센터,1408.0,0.0,0.0,0.0,0.0,0.0,0.0,0.0,16.0,32.0,32.0,160.0,48.0,0.0,0.0,0,570.0,1476.0,2800.0,선우,젤리류,국산젤리
123641,선우)O△□동결건조젤리13g,20250108,15,15,20085,인천B상온센터,2816.0,15.0,0.0,0.0,0.0,0.0,0.0,48.0,64.0,96.0,192.0,208.0,32.0,0.0,0.0,1,779.0,1476.0,2800.0,선우,젤리류,국산젤리
123642,삼경)필러즈미스터리큐브46g,20250115,20,8,20006,성남센터,1408.0,32.0,48.0,112.0,144.0,120.0,24.0,16.0,32.0,8.0,0.0,0.0,0.0,0.0,424.0,58,664.0,1000.0,2000.0,삼경,젤리류,수입젤리
123642,삼경)필러즈미스터리큐브46g,20250115,20,8,20007,대구센터,1408.0,112.0,56.0,88.0,112.0,80.0,80.0,16.0,16.0,8.0,0.0,8.0,0.0,0.0,336.0,56,987.0,1000.0,2000.0,삼경,젤리류,수입젤리
123642,삼경)필러즈미스터리큐브46g,20250115,20,8,20010,양주센터,1792.0,80.0,64.0,144.0,144.0,80.0,80.0,8.0,16.0,8.0,8.0,8.0,0.0,0.0,432.0,66,973.0,1000.0,2000.0,삼경,젤리류,수입젤리
123642,삼경)필러즈미스터리큐브46g,20250115,20,8,20017,울산상온센터(K7),896.0,48.0,48.0,56.0,80.0,48.0,40.0,16.0,8.0,16.0,8.0,8.0,0.0,0.0,232.0,37,730.0,1000.0,2000.0,삼경,젤리류,수입젤리
123642,삼경)필러즈미스터리큐브46g,20250115,20,8,20033,제주상온센터,512.0,56.0,8.0,8.0,16.0,8.0,8.0,0.0,16.0,0.0,0.0,0.0,0.0,0.0,40.0,12,315.0,1000.0,2000.0,삼경,젤리류,수입젤리
123642,삼경)필러즈미스터리큐브46g,20250115,20,8,20034,구성상온센터,1792.0,72.0,72.0,80.0,240.0,136.0,88.0,24.0,48.0,0.0,16.0,24.0,0.0,0.0,528.0,73,879.0,1000.0,2000.0,삼경,젤리류,수입젤리
123642,삼경)필러즈미스터리큐브46g,20250115,20,8,20050,세종상온센터,1408.0,32.0,32.0,128.0,120.0,72.0,40.0,32.0,8.0,8.0,8.0,8.0,0.0,0.0,352.0,49,954.0,1000.0,2000.0,삼경,젤리류,수입젤리
123642,삼경)필러즈미스터리큐브46g,20250115,20,8,20065,원주상온센터(K7),896.0,32.0,64.0,32.0,112.0,48.0,48.0,32.0,8.0,0.0,16.0,0.0,0.0,0.0,256.0,37,689.0,1000.0,2000.0,삼경,젤리류,수입젤리
123642,삼경)필러즈미스터리큐브46g,20250115,20,8,20075,인천상온센터,1280.0,56.0,64.0,128.0,112.0,56.0,40.0,8.0,24.0,8.0,16.0,0.0,0.0,0.0,360.0,53,815.0,1000.0,2000.0,삼경,젤리류,수입젤리
123642,삼경)필러즈미스터리큐브46g,20250115,20,8,20079,A광주상온센터,1152.0,40.0,8.0,112.0,88.0,72.0,48.0,8.0,8.0,40.0,0.0,0.0,0.0,0.0,280.0,41,752.0,1000.0,2000.0,삼경,젤리류,수입젤리
123642,삼경)필러즈미스터리큐브46g,20250115,20,8,20080,A의왕상온센터,1152.0,40.0,8.0,80.0,112.0,72.0,32.0,16.0,16.0,0.0,0.0,0.0,8.0,0.0,272.0,43,718.0,1000.0,2000.0,삼경,젤리류,수입젤리
123642,삼경)필러즈미스터리큐브46g,20250115,20,8,20081,A양산상온센터,1152.0,48.0,40.0,120.0,56.0,88.0,40.0,8.0,0.0,8.0,8.0,0.0,0.0,0.0,304.0,44,876.0,1000.0,2000.0,삼경,젤리류,수입젤리
123642,삼경)필러즈미스터리큐브46g,20250115,20,8,20083,김제상온센터,768.0,16.0,24.0,64.0,64.0,64.0,56.0,8.0,8.0,8.0,0.0,0.0,0.0,0.0,216.0,29,659.0,1000.0,2000.0,삼경,젤리류,수입젤리
123642,삼경)필러즈미스터리큐브46g,20250115,20,8,20084,천안상온센터,768.0,56.0,8.0,48.0,96.0,56.0,8.0,40.0,8.0,16.0,0.0,0.0,0.0,0.0,208.0,33,570.0,1000.0,2000.0,삼경,젤리류,수입젤리
123642,삼경)필러즈미스터리큐브46g,20250115,20,8,20085,인천B상온센터,1408.0,88.0,40.0,136.0,144.0,96.0,24.0,8.0,8.0,0.0,16.0,0.0,0.0,0.0,416.0,64,779.0,1000.0,2000.0,삼경,젤리류,수입젤리
123723,크라운)헬로키티스트로베리콘60g,20250109,40,16,20006,성남센터,3888.0,0.0,0.0,0.0,0.0,0.0,0.0,48.0,192.0,176.0,80.0,32.0,0.0,0.0,0.0,0,664.0,894.0,1700.0,크라운,스낵류,옥수수스낵
123723,크라운)헬로키티스트로베리콘60g,20250109,40,16,20007,대구센터,4192.0,0.0,0.0,0.0,0.0,0.0,0.0,32.0,240.0,112.0,224.0,16.0,16.0,0.0,0.0,0,987.0,894.0,1700.0,크라운,스낵류,옥수수스낵
123723,크라운)헬로키티스트로베리콘60g,20250109,40,16,20010,양주센터,5216.0,0.0,0.0,0.0,0.0,0.0,0.0,48.0,80.0,240.0,112.0,48.0,0.0,0.0,0.0,0,973.0,894.0,1700.0,크라운,스낵류,옥수수스낵
123723,크라운)헬로키티스트로베리콘60g,20250109,40,16,20017,울산상온센터(K7),2448.0,0.0,0.0,0.0,0.0,0.0,0.0,48.0,96.0,32.0,48.0,48.0,16.0,0.0,0.0,0,730.0,894.0,1700.0,크라운,스낵류,옥수수스낵
123723,크라운)헬로키티스트로베리콘60g,20250109,40,16,20033,제주상온센터,1008.0,0.0,0.0,0.0,0.0,0.0,0.0,32.0,48.0,32.0,64.0,0.0,0.0,0.0,0.0,0,314.0,894.0,1700.0,크라운,스낵류,옥수수스낵
123723,크라운)헬로키티스트로베리콘60g,20250109,40,16,20034,구성상온센터,5376.0,0.0,0.0,0.0,0.0,0.0,0.0,80.0,128.0,224.0,96.0,32.0,0.0,0.0,0.0,0,878.0,894.0,1700.0,크라운,스낵류,옥수수스낵
123723,크라운)헬로키티스트로베리콘60g,20250109,40,16,20050,세종상온센터,4032.0,0.0,0.0,0.0,0.0,0.0,0.0,32.0,80.0,208.0,96.0,32.0,0.0,0.0,0.0,0,955.0,894.0,1700.0,크라운,스낵류,옥수수스낵
123723,크라운)헬로키티스트로베리콘60g,20250109,40,16,20065,원주상온센터(K7),2496.0,0.0,0.0,0.0,0.0,0.0,0.0,64.0,80.0,64.0,32.0,16.0,0.0,0.0,0.0,0,688.0,894.0,1700.0,크라운,스낵류,옥수수스낵
123723,크라운)헬로키티스트로베리콘60g,20250109,40,16,20075,인천상온센터,3504.0,0.0,0.0,0.0,0.0,0.0,0.0,48.0,128.0,80.0,160.0,32.0,16.0,0.0,0.0,0,816.0,894.0,1700.0,크라운,스낵류,옥수수스낵
123723,크라운)헬로키티스트로베리콘60g,20250109,40,16,20079,A광주상온센터,3216.0,0.0,0.0,0.0,0.0,0.0,0.0,0.0,96.0,80.0,64.0,16.0,0.0,0.0,0.0,0,752.0,894.0,1700.0,크라운,스낵류,옥수수스낵
123723,크라운)헬로키티스트로베리콘60g,20250109,40,16,20080,A의왕상온센터,3104.0,0.0,0.0,0.0,0.0,0.0,0.0,16.0,48.0,128.0,48.0,32.0,0.0,0.0,0.0,0,720.0,894.0,1700.0,크라운,스낵류,옥수수스낵
123723,크라운)헬로키티스트로베리콘60g,20250109,40,16,20081,A양산상온센터,3360.0,0.0,0.0,0.0,0.0,0.0,0.0,48.0,96.0,144.0,112.0,0.0,0.0,0.0,0.0,0,875.0,894.0,1700.0,크라운,스낵류,옥수수스낵
123723,크라운)헬로키티스트로베리콘60g,20250109,40,16,20083,김제상온센터,2192.0,0.0,0.0,0.0,0.0,0.0,0.0,16.0,64.0,32.0,96.0,16.0,0.0,0.0,0.0,0,660.0,894.0,1700.0,크라운,스낵류,옥수수스낵
123723,크라운)헬로키티스트로베리콘60g,20250109,40,16,20084,천안상온센터,1936.0,0.0,0.0,0.0,0.0,0.0,0.0,32.0,80.0,80.0,48.0,48.0,0.0,0.0,0.0,0,570.0,894.0,1700.0,크라운,스낵류,옥수수스낵
123723,크라운)헬로키티스트로베리콘60g,20250109,40,16,20085,인천B상온센터,4080.0,0.0,0.0,0.0,0.0,0.0,0.0,32.0,128.0,128.0,176.0,16.0,16.0,0.0,0.0,0,779.0,894.0,1700.0,크라운,스낵류,옥수수스낵
123724,크라운)산도밤타리미수161g,20250109,30,3,20006,성남센터,732.0,0.0,0.0,0.0,0.0,0.0,0.0,45.0,81.0,144.0,72.0,9.0,0.0,0.0,0.0,0,664.0,1527.0,2800.0,크라운,비스킷류,파이
123724,크라운)산도밤타리미수161g,20250109,30,3,20007,대구센터,792.0,0.0,0.0,0.0,0.0,0.0,0.0,42.0,69.0,78.0,99.0,21.0,3.0,0.0,0.0,0,987.0,1527.0,2800.0,크라운,비스킷류,파이
123724,크라운)산도밤타리미수161g,20250109,30,3,20010,양주센터,984.0,0.0,0.0,0.0,0.0,0.0,0.0,39.0,63.0,126.0,126.0,12.0,0.0,0.0,0.0,0,973.0,1527.0,2800.0,크라운,비스킷류,파이
123724,크라운)산도밤타리미수161g,20250109,30,3,20017,울산상온센터(K7),468.0,0.0,0.0,0.0,0.0,0.0,0.0,36.0,42.0,42.0,45.0,18.0,0.0,0.0,0.0,0,730.0,1527.0,2800.0,크라운,비스킷류,파이
123724,크라운)산도밤타리미수161g,20250109,30,3,20033,제주상온센터,192.0,0.0,0.0,0.0,0.0,0.0,0.0,15.0,18.0,24.0,9.0,0.0,0.0,0.0,0.0,0,314.0,1527.0,2800.0,크라운,비스킷류,파이
123724,크라운)산도밤타리미수161g,20250109,30,3,20034,구성상온센터,1008.0,0.0,0.0,0.0,0.0,0.0,0.0,36.0,78.0,183.0,24.0,3.0,0.0,0.0,0.0,0,878.0,1527.0,2800.0,크라운,비스킷류,파이
123724,크라운)산도밤타리미수161g,20250109,30,3,20050,세종상온센터,756.0,0.0,0.0,0.0,0.0,0.0,0.0,21.0,45.0,177.0,90.0,15.0,0.0,0.0,0.0,0,955.0,1527.0,2800.0,크라운,비스킷류,파이
123724,크라운)산도밤타리미수161g,20250109,30,3,20065,원주상온센터(K7),468.0,0.0,0.0,0.0,0.0,0.0,0.0,27.0,60.0,75.0,12.0,0.0,0.0,0.0,0.0,0,688.0,1527.0,2800.0,크라운,비스킷류,파이
123724,크라운)산도밤타리미수161g,20250109,30,3,20075,인천상온센터,660.0,0.0,0.0,0.0,0.0,0.0,0.0,24.0,69.0,84.0,84.0,3.0,0.0,0.0,0.0,0,816.0,1527.0,2800.0,크라운,비스킷류,파이
123724,크라운)산도밤타리미수161g,20250109,30,3,20079,A광주상온센터,612.0,0.0,0.0,0.0,0.0,0.0,0.0,0.0,60.0,75.0,63.0,0.0,0.0,0.0,0.0,0,752.0,1527.0,2800.0,크라운,비스킷류,파이
123724,크라운)산도밤타리미수161g,20250109,30,3,20080,A의왕상온센터,588.0,0.0,0.0,0.0,0.0,0.0,0.0,27.0,60.0,138.0,99.0,0.0,0.0,0.0,0.0,0,720.0,1527.0,2800.0,크라운,비스킷류,파이
123724,크라운)산도밤타리미수161g,20250109,30,3,20081,A양산상온센터,636.0,0.0,0.0,0.0,0.0,0.0,0.0,27.0,63.0,63.0,72.0,0.0,0.0,0.0,0.0,0,875.0,1527.0,2800.0,크라운,비스킷류,파이
123724,크라운)산도밤타리미수161g,20250109,30,3,20083,김제상온센터,420.0,0.0,0.0,0.0,0.0,0.0,0.0,18.0,21.0,27.0,15.0,6.0,3.0,0.0,0.0,0,660.0,1527.0,2800.0,크라운,비스킷류,파이
123724,크라운)산도밤타리미수161g,20250109,30,3,20084,천안상온센터,372.0,0.0,0.0,0.0,0.0,0.0,0.0,15.0,45.0,84.0,9.0,0.0,0.0,0.0,0.0,0,570.0,1527.0,2800.0,크라운,비스킷류,파이
123724,크라운)산도밤타리미수161g,20250109,30,3,20085,인천B상온센터,768.0,0.0,0.0,0.0,0.0,0.0,0.0,24.0,36.0,105.0,108.0,0.0,3.0,0.0,0.0,0,779.0,1527.0,2800.0,크라운,비스킷류,파이
123792,오뚜기)순후추팝콘50g,20250122,25,12,20006,성남센터,1944.0,0.0,0.0,132.0,420.0,288.0,72.0,48.0,48.0,12.0,0.0,12.0,0.0,0.0,840.0,72,665.0,980.0,1800.0,오뚜기,스낵류,옥수수스낵
123792,오뚜기)순후추팝콘50g,20250122,25,12,20007,대구센터,2100.0,0.0,0.0,204.0,312.0,96.0,144.0,132.0,24.0,36.0,12.0,0.0,0.0,0.0,612.0,52,986.0,980.0,1800.0,오뚜기,스낵류,옥수수스낵
123792,오뚜기)순후추팝콘50g,20250122,25,12,20010,양주센터,2604.0,0.0,0.0,144.0,360.0,228.0,120.0,48.0,36.0,12.0,12.0,0.0,0.0,0.0,732.0,66,973.0,980.0,1800.0,오뚜기,스낵류,옥수수스낵
123792,오뚜기)순후추팝콘50g,20250122,25,12,20017,울산상온센터(K7),1404.0,0.0,0.0,132.0,228.0,132.0,48.0,48.0,24.0,24.0,12.0,24.0,0.0,0.0,492.0,41,731.0,980.0,1800.0,오뚜기,스낵류,옥수수스낵
123792,오뚜기)순후추팝콘50g,20250122,25,12,20033,제주상온센터,576.0,0.0,0.0,0.0,144.0,36.0,0.0,36.0,0.0,0.0,12.0,0.0,0.0,0.0,180.0,15,314.0,980.0,1800.0,오뚜기,스낵류,옥수수스낵
123792,오뚜기)순후추팝콘50g,20250122,25,12,20034,구성상온센터,2688.0,0.0,0.0,0.0,468.0,288.0,144.0,132.0,12.0,36.0,12.0,12.0,0.0,0.0,756.0,64,878.0,980.0,1800.0,오뚜기,스낵류,옥수수스낵
123792,오뚜기)순후추팝콘50g,20250122,25,12,20050,세종상온센터,2016.0,0.0,0.0,96.0,312.0,180.0,96.0,60.0,36.0,12.0,12.0,12.0,0.0,0.0,588.0,51,951.0,980.0,1800.0,오뚜기,스낵류,옥수수스낵
123792,오뚜기)순후추팝콘50g,20250122,25,12,20065,원주상온센터(K7),1248.0,0.0,0.0,0.0,252.0,132.0,60.0,60.0,36.0,12.0,12.0,12.0,0.0,0.0,384.0,33,689.0,980.0,1800.0,오뚜기,스낵류,옥수수스낵
123792,오뚜기)순후추팝콘50g,20250122,25,12,20075,인천상온센터,1752.0,0.0,0.0,192.0,276.0,180.0,96.0,48.0,48.0,0.0,12.0,0.0,0.0,0.0,648.0,56,815.0,980.0,1800.0,오뚜기,스낵류,옥수수스낵
123792,오뚜기)순후추팝콘50g,20250122,25,12,20079,A광주상온센터,1608.0,0.0,0.0,120.0,264.0,108.0,60.0,24.0,24.0,0.0,12.0,12.0,0.0,0.0,492.0,45,752.0,980.0,1800.0,오뚜기,스낵류,옥수수스낵
123792,오뚜기)순후추팝콘50g,20250122,25,12,20080,A의왕상온센터,1560.0,0.0,0.0,156.0,372.0,204.0,84.0,60.0,36.0,36.0,12.0,0.0,0.0,0.0,732.0,63,718.0,980.0,1800.0,오뚜기,스낵류,옥수수스낵
123792,오뚜기)순후추팝콘50g,20250122,25,12,20081,A양산상온센터,1680.0,0.0,0.0,120.0,204.0,36.0,36.0,120.0,36.0,12.0,0.0,0.0,0.0,0.0,360.0,33,875.0,980.0,1800.0,오뚜기,스낵류,옥수수스낵
123792,오뚜기)순후추팝콘50g,20250122,25,12,20083,김제상온센터,1176.0,0.0,0.0,84.0,84.0,108.0,96.0,0.0,24.0,0.0,0.0,0.0,0.0,0.0,276.0,24,657.0,980.0,1800.0,오뚜기,스낵류,옥수수스낵
123792,오뚜기)순후추팝콘50g,20250122,25,12,20084,천안상온센터,972.0,0.0,0.0,0.0,228.0,132.0,60.0,48.0,48.0,0.0,0.0,24.0,0.0,0.0,360.0,31,569.0,980.0,1800.0,오뚜기,스낵류,옥수수스낵
123792,오뚜기)순후추팝콘50g,20250122,25,12,20085,인천B상온센터,2040.0,0.0,0.0,132.0,252.0,168.0,24.0,24.0,36.0,24.0,12.0,0.0,0.0,0.0,552.0,47,779.0,980.0,1800.0,오뚜기,스낵류,옥수수스낵
123808,하리보)사운드큐브80g,20250122,20,2,20006,성남센터,1632.0,0.0,0.0,40.0,294.0,238.0,92.0,62.0,56.0,6.0,10.0,0.0,0.0,0.0,572.0,120,665.0,1000.0,2000.0,하리보,젤리류,수입젤리
123808,하리보)사운드큐브80g,20250122,20,2,20007,대구센터,1752.0,0.0,0.0,186.0,298.0,232.0,168.0,98.0,38.0,16.0,8.0,10.0,0.0,0.0,716.0,155,986.0,1000.0,2000.0,하리보,젤리류,수입젤리
123808,하리보)사운드큐브80g,20250122,20,2,20010,양주센터,2184.0,0.0,0.0,184.0,354.0,204.0,148.0,72.0,40.0,24.0,14.0,6.0,0.0,0.0,742.0,156,973.0,1000.0,2000.0,하리보,젤리류,수입젤리
123808,하리보)사운드큐브80g,20250122,20,2,20017,울산상온센터(K7),1176.0,0.0,0.0,132.0,146.0,96.0,64.0,18.0,24.0,16.0,12.0,18.0,0.0,0.0,374.0,90,731.0,1000.0,2000.0,하리보,젤리류,수입젤리
123808,하리보)사운드큐브80g,20250122,20,2,20033,제주상온센터,480.0,0.0,0.0,0.0,110.0,80.0,28.0,28.0,16.0,4.0,0.0,4.0,0.0,0.0,190.0,37,314.0,1000.0,2000.0,하리보,젤리류,수입젤리
123808,하리보)사운드큐브80g,20250122,20,2,20034,구성상온센터,2256.0,0.0,0.0,4.0,404.0,274.0,182.0,112.0,44.0,20.0,10.0,12.0,0.0,0.0,682.0,135,878.0,1000.0,2000.0,하리보,젤리류,수입젤리
123808,하리보)사운드큐브80g,20250122,20,2,20050,세종상온센터,1680.0,0.0,0.0,164.0,314.0,118.0,124.0,32.0,26.0,18.0,14.0,8.0,6.0,0.0,596.0,131,951.0,1000.0,2000.0,하리보,젤리류,수입젤리
123808,하리보)사운드큐브80g,20250122,20,2,20065,원주상온센터(K7),1056.0,0.0,0.0,0.0,210.0,166.0,72.0,50.0,136.0,12.0,18.0,14.0,0.0,0.0,376.0,83,689.0,1000.0,2000.0,하리보,젤리류,수입젤리
123808,하리보)사운드큐브80g,20250122,20,2,20075,인천상온센터,1464.0,0.0,0.0,182.0,266.0,178.0,96.0,40.0,14.0,20.0,10.0,2.0,0.0,0.0,626.0,124,815.0,1000.0,2000.0,하리보,젤리류,수입젤리
123808,하리보)사운드큐브80g,20250122,20,2,20079,A광주상온센터,1344.0,0.0,0.0,128.0,210.0,134.0,106.0,34.0,22.0,4.0,18.0,10.0,0.0,0.0,472.0,100,752.0,1000.0,2000.0,하리보,젤리류,수입젤리
123808,하리보)사운드큐브80g,20250122,20,2,20080,A의왕상온센터,1296.0,0.0,0.0,82.0,288.0,224.0,96.0,50.0,40.0,18.0,10.0,0.0,8.0,0.0,594.0,132,718.0,1000.0,2000.0,하리보,젤리류,수입젤리
123808,하리보)사운드큐브80g,20250122,20,2,20081,A양산상온센터,1416.0,0.0,0.0,100.0,196.0,90.0,70.0,96.0,18.0,12.0,8.0,0.0,0.0,0.0,386.0,83,875.0,1000.0,2000.0,하리보,젤리류,수입젤리
123808,하리보)사운드큐브80g,20250122,20,2,20083,김제상온센터,984.0,0.0,0.0,56.0,134.0,100.0,78.0,46.0,36.0,12.0,12.0,0.0,0.0,0.0,290.0,65,657.0,1000.0,2000.0,하리보,젤리류,수입젤리
123808,하리보)사운드큐브80g,20250122,20,2,20084,천안상온센터,816.0,0.0,0.0,4.0,220.0,98.0,48.0,56.0,36.0,16.0,16.0,10.0,4.0,0.0,322.0,74,569.0,1000.0,2000.0,하리보,젤리류,수입젤리
123808,하리보)사운드큐브80g,20250122,20,2,20085,인천B상온센터,1704.0,0.0,0.0,198.0,244.0,136.0,30.0,68.0,32.0,6.0,6.0,6.0,0.0,0.0,578.0,119,779.0,1000.0,2000.0,하리보,젤리류,수입젤리
123809,선우)빅납작복숭아80g,20250205,20,8,20006,성남센터,1856.0,560.0,0.0,24.0,32.0,0.0,8.0,8.0,24.0,8.0,0.0,8.0,0.0,0.0,56.0,81,663.0,1476.0,2800.0,선우,젤리류,국산젤리
123809,선우)빅납작복숭아80g,20250205,20,8,20007,대구센터,1984.0,792.0,8.0,40.0,8.0,8.0,8.0,8.0,0.0,8.0,16.0,8.0,0.0,0.0,64.0,107,985.0,1476.0,2800.0,선우,젤리류,국산젤리
123809,선우)빅납작복숭아80g,20250205,20,8,20010,양주센터,2432.0,768.0,0.0,32.0,8.0,8.0,8.0,24.0,16.0,8.0,8.0,8.0,0.0,0.0,48.0,108,974.0,1476.0,2800.0,선우,젤리류,국산젤리
123809,선우)빅납작복숭아80g,20250205,20,8,20017,울산상온센터(K7),1344.0,464.0,0.0,16.0,0.0,0.0,16.0,0.0,8.0,0.0,24.0,8.0,0.0,0.0,16.0,60,731.0,1476.0,2800.0,선우,젤리류,국산젤리
123809,선우)빅납작복숭아80g,20250205,20,8,20033,제주상온센터,512.0,144.0,0.0,0.0,0.0,0.0,0.0,0.0,24.0,8.0,0.0,0.0,0.0,0.0,0.0,19,313.0,1476.0,2800.0,선우,젤리류,국산젤리
123809,선우)빅납작복숭아80g,20250205,20,8,20034,구성상온센터,2560.0,832.0,0.0,0.0,32.0,8.0,0.0,24.0,8.0,0.0,16.0,0.0,0.0,0.0,40.0,117,875.0,1476.0,2800.0,선우,젤리류,국산젤리
123809,선우)빅납작복숭아80g,20250205,20,8,20050,세종상온센터,1920.0,672.0,0.0,8.0,16.0,16.0,32.0,40.0,24.0,8.0,0.0,8.0,0.0,0.0,40.0,94,950.0,1476.0,2800.0,선우,젤리류,국산젤리
123809,선우)빅납작복숭아80g,20250205,20,8,20065,원주상온센터(K7),1216.0,552.0,8.0,0.0,32.0,16.0,8.0,8.0,24.0,0.0,8.0,0.0,0.0,0.0,56.0,78,689.0,1476.0,2800.0,선우,젤리류,국산젤리
123809,선우)빅납작복숭아80g,20250205,20,8,20075,인천상온센터,1664.0,624.0,8.0,16.0,24.0,16.0,16.0,8.0,8.0,8.0,0.0,0.0,0.0,0.0,64.0,90,814.0,1476.0,2800.0,선우,젤리류,국산젤리
123809,선우)빅납작복숭아80g,20250205,20,8,20079,A광주상온센터,1536.0,672.0,8.0,16.0,16.0,8.0,0.0,0.0,16.0,8.0,0.0,0.0,0.0,0.0,48.0,94,751.0,1476.0,2800.0,선우,젤리류,국산젤리
123809,선우)빅납작복숭아80g,20250205,20,8,20080,A의왕상온센터,1472.0,520.0,0.0,8.0,8.0,16.0,0.0,0.0,8.0,0.0,8.0,0.0,0.0,0.0,32.0,72,717.0,1476.0,2800.0,선우,젤리류,국산젤리
123809,선우)빅납작복숭아80g,20250205,20,8,20081,A양산상온센터,1600.0,544.0,0.0,8.0,8.0,16.0,8.0,16.0,8.0,16.0,16.0,0.0,0.0,0.0,32.0,73,875.0,1476.0,2800.0,선우,젤리류,국산젤리
123809,선우)빅납작복숭아80g,20250205,20,8,20083,김제상온센터,1152.0,392.0,0.0,8.0,0.0,8.0,8.0,0.0,0.0,16.0,8.0,8.0,0.0,0.0,16.0,57,654.0,1476.0,2800.0,선우,젤리류,국산젤리
123809,선우)빅납작복숭아80g,20250205,20,8,20084,천안상온센터,960.0,472.0,0.0,0.0,24.0,0.0,24.0,0.0,8.0,8.0,8.0,8.0,0.0,0.0,24.0,67,569.0,1476.0,2800.0,선우,젤리류,국산젤리
123809,선우)빅납작복숭아80g,20250205,20,8,20085,인천B상온센터,1920.0,616.0,0.0,24.0,16.0,24.0,16.0,0.0,16.0,0.0,8.0,8.0,0.0,0.0,64.0,89,776.0,1476.0,2800.0,선우,젤리류,국산젤리
123845,크라운)마이쮸무화과44g,20250122,15,15,20006,성남센터,6120.0,0.0,0.0,180.0,1125.0,795.0,330.0,480.0,180.0,15.0,15.0,15.0,0.0,0.0,2100.0,126,665.0,545.0,1000.0,크라운,캔디류,소프트캔디
123845,크라운)마이쮸무화과44g,20250122,15,15,20007,대구센터,6600.0,0.0,0.0,615.0,885.0,810.0,720.0,360.0,135.0,90.0,75.0,30.0,0.0,0.0,2310.0,154,986.0,545.0,1000.0,크라운,캔디류,소프트캔디
123845,크라운)마이쮸무화과44g,20250122,15,15,20010,양주센터,8160.0,0.0,0.0,630.0,1110.0,720.0,285.0,210.0,120.0,45.0,15.0,15.0,0.0,0.0,2460.0,155,973.0,545.0,1000.0,크라운,캔디류,소프트캔디
123845,크라운)마이쮸무화과44g,20250122,15,15,20017,울산상온센터(K7),4440.0,0.0,0.0,480.0,495.0,390.0,180.0,75.0,150.0,75.0,45.0,60.0,15.0,0.0,1365.0,89,731.0,545.0,1000.0,크라운,캔디류,소프트캔디
123845,크라운)마이쮸무화과44g,20250122,15,15,20033,제주상온센터,1800.0,0.0,0.0,0.0,255.0,150.0,60.0,45.0,15.0,45.0,0.0,0.0,0.0,0.0,405.0,28,314.0,545.0,1000.0,크라운,캔디류,소프트캔디
123845,크라운)마이쮸무화과44g,20250122,15,15,20034,구성상온센터,8400.0,0.0,0.0,15.0,1425.0,915.0,540.0,390.0,165.0,75.0,60.0,30.0,0.0,0.0,2355.0,155,878.0,545.0,1000.0,크라운,캔디류,소프트캔디
123845,크라운)마이쮸무화과44g,20250122,15,15,20050,세종상온센터,6360.0,0.0,0.0,555.0,1110.0,405.0,270.0,180.0,120.0,30.0,30.0,30.0,15.0,0.0,2070.0,136,951.0,545.0,1000.0,크라운,캔디류,소프트캔디
123845,크라운)마이쮸무화과44g,20250122,15,15,20065,원주상온센터(K7),3960.0,0.0,0.0,0.0,645.0,435.0,300.0,240.0,90.0,30.0,45.0,75.0,0.0,0.0,1080.0,72,689.0,545.0,1000.0,크라운,캔디류,소프트캔디
123845,크라운)마이쮸무화과44g,20250122,15,15,20075,인천상온센터,5520.0,0.0,0.0,660.0,840.0,450.0,330.0,165.0,105.0,90.0,45.0,30.0,0.0,0.0,1950.0,123,815.0,545.0,1000.0,크라운,캔디류,소프트캔디
123845,크라운)마이쮸무화과44g,20250122,15,15,20079,A광주상온센터,5040.0,0.0,0.0,345.0,720.0,585.0,330.0,195.0,75.0,30.0,75.0,15.0,0.0,0.0,1650.0,106,752.0,545.0,1000.0,크라운,캔디류,소프트캔디
123845,크라운)마이쮸무화과44g,20250122,15,15,20080,A의왕상온센터,4920.0,0.0,0.0,285.0,990.0,765.0,345.0,165.0,90.0,60.0,45.0,0.0,30.0,0.0,2040.0,129,718.0,545.0,1000.0,크라운,캔디류,소프트캔디
123845,크라운)마이쮸무화과44g,20250122,15,15,20081,A양산상온센터,5280.0,0.0,0.0,375.0,705.0,270.0,300.0,285.0,75.0,30.0,45.0,0.0,0.0,0.0,1350.0,92,875.0,545.0,1000.0,크라운,캔디류,소프트캔디
123845,크라운)마이쮸무화과44g,20250122,15,15,20083,김제상온센터,3720.0,0.0,0.0,240.0,420.0,435.0,285.0,165.0,105.0,45.0,30.0,60.0,0.0,0.0,1095.0,74,657.0,545.0,1000.0,크라운,캔디류,소프트캔디
123845,크라운)마이쮸무화과44g,20250122,15,15,20084,천안상온센터,3120.0,0.0,0.0,15.0,750.0,420.0,135.0,195.0,165.0,60.0,45.0,45.0,15.0,0.0,1185.0,80,569.0,545.0,1000.0,크라운,캔디류,소프트캔디
123845,크라운)마이쮸무화과44g,20250122,15,15,20085,인천B상온센터,6480.0,0.0,0.0,645.0,765.0,480.0,150.0,240.0,135.0,30.0,45.0,15.0,0.0,0.0,1890.0,125,779.0,545.0,1000.0,크라운,캔디류,소프트캔디
123964,오리온)통크딸기45g,20250205,20,2,20006,성남센터,1960.0,678.0,0.0,42.0,52.0,10.0,28.0,10.0,6.0,2.0,16.0,14.0,0.0,0.0,104.0,117,663.0,654.0,1200.0,오리온,비스킷류,스틱과자
123964,오리온)통크딸기45g,20250205,20,2,20007,대구센터,2100.0,988.0,8.0,62.0,136.0,42.0,4.0,8.0,32.0,16.0,22.0,4.0,0.0,0.0,248.0,207,985.0,654.0,1200.0,오리온,비스킷류,스틱과자
123964,오리온)통크딸기45g,20250205,20,2,20010,양주센터,2620.0,496.0,2.0,40.0,46.0,32.0,16.0,12.0,50.0,32.0,8.0,6.0,0.0,0.0,120.0,121,974.0,654.0,1200.0,오리온,비스킷류,스틱과자
123964,오리온)통크딸기45g,20250205,20,2,20017,울산상온센터(K7),1400.0,398.0,26.0,52.0,30.0,24.0,30.0,12.0,14.0,10.0,12.0,0.0,0.0,0.0,132.0,89,731.0,654.0,1200.0,오리온,비스킷류,스틱과자
123964,오리온)통크딸기45g,20250205,20,2,20033,제주상온센터,520.0,234.0,4.0,0.0,0.0,30.0,0.0,6.0,22.0,8.0,0.0,0.0,0.0,0.0,34.0,43,313.0,654.0,1200.0,오리온,비스킷류,스틱과자
123964,오리온)통크딸기45g,20250205,20,2,20034,구성상온센터,2700.0,854.0,6.0,6.0,110.0,14.0,14.0,32.0,44.0,4.0,32.0,4.0,0.0,0.0,136.0,137,875.0,654.0,1200.0,오리온,비스킷류,스틱과자
123964,오리온)통크딸기45g,20250205,20,2,20050,세종상온센터,2020.0,704.0,0.0,30.0,98.0,22.0,34.0,56.0,26.0,48.0,20.0,4.0,0.0,0.0,150.0,144,950.0,654.0,1200.0,오리온,비스킷류,스틱과자
123964,오리온)통크딸기45g,20250205,20,2,20065,원주상온센터(K7),1260.0,262.0,4.0,6.0,40.0,22.0,18.0,20.0,24.0,6.0,14.0,4.0,0.0,0.0,72.0,73,689.0,654.0,1200.0,오리온,비스킷류,스틱과자
123964,오리온)통크딸기45g,20250205,20,2,20075,인천상온센터,1760.0,808.0,12.0,54.0,34.0,30.0,26.0,16.0,18.0,8.0,12.0,0.0,6.0,0.0,130.0,121,814.0,654.0,1200.0,오리온,비스킷류,스틱과자
123964,오리온)통크딸기45g,20250205,20,2,20079,A광주상온센터,1620.0,454.0,0.0,46.0,20.0,10.0,26.0,26.0,22.0,8.0,0.0,0.0,4.0,0.0,76.0,101,751.0,654.0,1200.0,오리온,비스킷류,스틱과자
123964,오리온)통크딸기45g,20250205,20,2,20080,A의왕상온센터,1560.0,400.0,4.0,48.0,44.0,30.0,10.0,14.0,36.0,22.0,12.0,0.0,0.0,0.0,126.0,108,717.0,654.0,1200.0,오리온,비스킷류,스틱과자
123964,오리온)통크딸기45g,20250205,20,2,20081,A양산상온센터,1680.0,458.0,14.0,14.0,46.0,22.0,28.0,6.0,16.0,18.0,2.0,0.0,2.0,0.0,96.0,111,875.0,654.0,1200.0,오리온,비스킷류,스틱과자
123964,오리온)통크딸기45g,20250205,20,2,20083,김제상온센터,1180.0,252.0,8.0,22.0,42.0,24.0,12.0,40.0,16.0,6.0,8.0,2.0,4.0,0.0,96.0,67,654.0,654.0,1200.0,오리온,비스킷류,스틱과자
123964,오리온)통크딸기45g,20250205,20,2,20084,천안상온센터,980.0,402.0,0.0,4.0,54.0,2.0,22.0,24.0,62.0,26.0,12.0,12.0,6.0,0.0,60.0,84,569.0,654.0,1200.0,오리온,비스킷류,스틱과자
123964,오리온)통크딸기45g,20250205,20,2,20085,인천B상온센터,2040.0,696.0,0.0,40.0,26.0,48.0,18.0,42.0,32.0,2.0,8.0,4.0,0.0,0.0,114.0,130,776.0,654.0,1200.0,오리온,비스킷류,스틱과자
123970,오리온)톡핑스트로베리&그래놀라,20250205,30,10,20006,성남센터,1640.0,540.0,0.0,50.0,100.0,10.0,50.0,10.0,10.0,0.0,20.0,20.0,0.0,0.0,160.0,67,663.0,872.0,1600.0,오리온,초콜릿,판초콜릿
123970,오리온)톡핑스트로베리&그래놀라,20250205,30,10,20007,대구센터,1760.0,640.0,20.0,70.0,140.0,40.0,10.0,20.0,50.0,10.0,40.0,10.0,0.0,0.0,270.0,96,985.0,872.0,1600.0,오리온,초콜릿,판초콜릿
123970,오리온)톡핑스트로베리&그래놀라,20250205,30,10,20010,양주센터,2200.0,640.0,0.0,40.0,70.0,20.0,20.0,10.0,60.0,20.0,10.0,10.0,0.0,0.0,130.0,72,974.0,872.0,1600.0,오리온,초콜릿,판초콜릿
123970,오리온)톡핑스트로베리&그래놀라,20250205,30,10,20017,울산상온센터(K7),1200.0,440.0,0.0,50.0,30.0,10.0,40.0,0.0,0.0,20.0,20.0,0.0,0.0,0.0,90.0,54,731.0,872.0,1600.0,오리온,초콜릿,판초콜릿
123970,오리온)톡핑스트로베리&그래놀라,20250205,30,10,20033,제주상온센터,440.0,180.0,0.0,0.0,0.0,20.0,0.0,0.0,20.0,0.0,0.0,0.0,0.0,0.0,20.0,19,313.0,872.0,1600.0,오리온,초콜릿,판초콜릿
123970,오리온)톡핑스트로베리&그래놀라,20250205,30,10,20034,구성상온센터,2240.0,580.0,20.0,10.0,100.0,40.0,20.0,10.0,60.0,10.0,20.0,0.0,0.0,0.0,170.0,77,875.0,872.0,1600.0,오리온,초콜릿,판초콜릿
123970,오리온)톡핑스트로베리&그래놀라,20250205,30,10,20050,세종상온센터,1680.0,640.0,0.0,10.0,50.0,20.0,50.0,20.0,50.0,0.0,10.0,0.0,0.0,0.0,80.0,68,950.0,872.0,1600.0,오리온,초콜릿,판초콜릿
123970,오리온)톡핑스트로베리&그래놀라,20250205,30,10,20065,원주상온센터(K7),1040.0,290.0,0.0,10.0,40.0,10.0,10.0,0.0,30.0,20.0,20.0,10.0,0.0,0.0,60.0,37,689.0,872.0,1600.0,오리온,초콜릿,판초콜릿
123970,오리온)톡핑스트로베리&그래놀라,20250205,30,10,20075,인천상온센터,1480.0,500.0,20.0,90.0,60.0,20.0,30.0,30.0,10.0,10.0,0.0,0.0,10.0,0.0,190.0,70,814.0,872.0,1600.0,오리온,초콜릿,판초콜릿
123970,오리온)톡핑스트로베리&그래놀라,20250205,30,10,20079,A광주상온센터,1360.0,330.0,10.0,40.0,30.0,30.0,30.0,20.0,10.0,10.0,10.0,0.0,0.0,0.0,110.0,43,751.0,872.0,1600.0,오리온,초콜릿,판초콜릿
123970,오리온)톡핑스트로베리&그래놀라,20250205,30,10,20080,A의왕상온센터,1320.0,390.0,20.0,50.0,60.0,30.0,20.0,30.0,10.0,0.0,20.0,0.0,0.0,0.0,160.0,54,717.0,872.0,1600.0,오리온,초콜릿,판초콜릿
123970,오리온)톡핑스트로베리&그래놀라,20250205,30,10,20081,A양산상온센터,1400.0,430.0,0.0,10.0,60.0,40.0,10.0,0.0,20.0,10.0,0.0,0.0,10.0,0.0,110.0,55,875.0,872.0,1600.0,오리온,초콜릿,판초콜릿
123970,오리온)톡핑스트로베리&그래놀라,20250205,30,10,20083,김제상온센터,1000.0,230.0,10.0,20.0,40.0,10.0,0.0,10.0,10.0,20.0,20.0,0.0,0.0,0.0,80.0,32,654.0,872.0,1600.0,오리온,초콜릿,판초콜릿
123970,오리온)톡핑스트로베리&그래놀라,20250205,30,10,20084,천안상온센터,840.0,220.0,0.0,0.0,50.0,30.0,30.0,10.0,30.0,30.0,10.0,0.0,0.0,0.0,80.0,36,569.0,872.0,1600.0,오리온,초콜릿,판초콜릿
123970,오리온)톡핑스트로베리&그래놀라,20250205,30,10,20085,인천B상온센터,1720.0,500.0,0.0,20.0,40.0,50.0,20.0,30.0,40.0,0.0,0.0,10.0,0.0,0.0,110.0,63,776.0,872.0,1600.0,오리온,초콜릿,판초콜릿
123971,네슬레)킷캣청키로투스,20250205,40,24,20006,성남센터,5952.0,1656.0,48.0,72.0,264.0,72.0,48.0,72.0,48.0,0.0,120.0,48.0,0.0,0.0,456.0,87,663.0,1090.0,2000.0,네슬레,초콜릿,바초콜릿
123971,네슬레)킷캣청키로투스,20250205,40,24,20007,대구센터,6336.0,1968.0,24.0,72.0,408.0,192.0,24.0,48.0,168.0,48.0,72.0,0.0,0.0,0.0,696.0,112,985.0,1090.0,2000.0,네슬레,초콜릿,바초콜릿
123971,네슬레)킷캣청키로투스,20250205,40,24,20010,양주센터,7872.0,2016.0,24.0,216.0,144.0,120.0,48.0,72.0,72.0,120.0,72.0,72.0,0.0,0.0,504.0,107,974.0,1090.0,2000.0,네슬레,초콜릿,바초콜릿
123971,네슬레)킷캣청키로투스,20250205,40,24,20017,울산상온센터(K7),4224.0,960.0,24.0,192.0,144.0,72.0,96.0,24.0,48.0,24.0,48.0,24.0,0.0,0.0,432.0,59,731.0,1090.0,2000.0,네슬레,초콜릿,바초콜릿
123971,네슬레)킷캣청키로투스,20250205,40,24,20033,제주상온센터,1536.0,480.0,0.0,0.0,48.0,0.0,24.0,24.0,24.0,0.0,0.0,0.0,0.0,0.0,48.0,22,313.0,1090.0,2000.0,네슬레,초콜릿,바초콜릿
123971,네슬레)킷캣청키로투스,20250205,40,24,20034,구성상온센터,8064.0,1896.0,24.0,0.0,360.0,120.0,120.0,168.0,96.0,96.0,72.0,24.0,0.0,0.0,504.0,101,875.0,1090.0,2000.0,네슬레,초콜릿,바초콜릿
123971,네슬레)킷캣청키로투스,20250205,40,24,20050,세종상온센터,6144.0,1536.0,24.0,72.0,120.0,96.0,120.0,120.0,120.0,48.0,0.0,0.0,0.0,0.0,312.0,78,950.0,1090.0,2000.0,네슬레,초콜릿,바초콜릿
123971,네슬레)킷캣청키로투스,20250205,40,24,20065,원주상온센터(K7),3840.0,720.0,24.0,24.0,192.0,48.0,72.0,24.0,96.0,24.0,48.0,0.0,0.0,0.0,288.0,42,689.0,1090.0,2000.0,네슬레,초콜릿,바초콜릿
123971,네슬레)킷캣청키로투스,20250205,40,24,20075,인천상온센터,5376.0,1128.0,0.0,312.0,144.0,72.0,24.0,96.0,24.0,24.0,48.0,0.0,24.0,0.0,528.0,72,814.0,1090.0,2000.0,네슬레,초콜릿,바초콜릿
123971,네슬레)킷캣청키로투스,20250205,40,24,20079,A광주상온센터,4992.0,888.0,0.0,192.0,96.0,48.0,96.0,96.0,0.0,24.0,0.0,24.0,24.0,0.0,336.0,51,751.0,1090.0,2000.0,네슬레,초콜릿,바초콜릿
123971,네슬레)킷캣청키로투스,20250205,40,24,20080,A의왕상온센터,4800.0,1608.0,24.0,216.0,144.0,144.0,96.0,120.0,72.0,48.0,96.0,0.0,0.0,0.0,528.0,89,717.0,1090.0,2000.0,네슬레,초콜릿,바초콜릿
123971,네슬레)킷캣청키로투스,20250205,40,24,20081,A양산상온센터,5184.0,984.0,48.0,72.0,168.0,72.0,144.0,0.0,96.0,24.0,0.0,0.0,0.0,0.0,360.0,60,875.0,1090.0,2000.0,네슬레,초콜릿,바초콜릿
123971,네슬레)킷캣청키로투스,20250205,40,24,20083,김제상온센터,3648.0,792.0,0.0,72.0,96.0,48.0,24.0,24.0,48.0,24.0,48.0,0.0,0.0,0.0,216.0,43,654.0,1090.0,2000.0,네슬레,초콜릿,바초콜릿
123971,네슬레)킷캣청키로투스,20250205,40,24,20084,천안상온센터,3072.0,960.0,0.0,24.0,144.0,24.0,72.0,48.0,120.0,48.0,0.0,24.0,24.0,0.0,192.0,49,569.0,1090.0,2000.0,네슬레,초콜릿,바초콜릿
123971,네슬레)킷캣청키로투스,20250205,40,24,20085,인천B상온센터,6144.0,1464.0,0.0,72.0,120.0,144.0,120.0,96.0,144.0,0.0,24.0,0.0,0.0,0.0,336.0,76,776.0,1090.0,2000.0,네슬레,초콜릿,바초콜릿
123998,피치)트위젤바나나모양젤리50g,20250130,20,12,20006,성남센터,2016.0,36.0,168.0,168.0,84.0,24.0,0.0,12.0,0.0,0.0,0.0,0.0,0.0,0.0,444.0,44,665.0,900.0,1800.0,피치,젤리류,국산젤리
123998,피치)트위젤바나나모양젤리50g,20250130,20,12,20007,대구센터,2160.0,36.0,96.0,216.0,72.0,72.0,48.0,12.0,12.0,0.0,0.0,0.0,0.0,0.0,456.0,44,985.0,900.0,1800.0,피치,젤리류,국산젤리
123998,피치)트위젤바나나모양젤리50g,20250130,20,12,20010,양주센터,2736.0,36.0,192.0,216.0,24.0,24.0,36.0,12.0,0.0,0.0,0.0,0.0,0.0,0.0,456.0,48,973.0,900.0,1800.0,피치,젤리류,국산젤리
123998,피치)트위젤바나나모양젤리50g,20250130,20,12,20017,울산상온센터(K7),1440.0,36.0,84.0,168.0,36.0,36.0,36.0,12.0,24.0,0.0,0.0,0.0,0.0,0.0,324.0,31,731.0,900.0,1800.0,피치,젤리류,국산젤리
123998,피치)트위젤바나나모양젤리50g,20250130,20,12,20033,제주상온센터,576.0,48.0,24.0,0.0,48.0,12.0,0.0,12.0,0.0,12.0,0.0,0.0,0.0,0.0,84.0,10,314.0,900.0,1800.0,피치,젤리류,국산젤리
123998,피치)트위젤바나나모양젤리50g,20250130,20,12,20034,구성상온센터,2736.0,60.0,312.0,108.0,36.0,60.0,0.0,12.0,12.0,0.0,0.0,0.0,0.0,0.0,516.0,51,879.0,900.0,1800.0,피치,젤리류,국산젤리
123998,피치)트위젤바나나모양젤리50g,20250130,20,12,20050,세종상온센터,2016.0,36.0,204.0,228.0,72.0,84.0,24.0,24.0,12.0,0.0,0.0,0.0,0.0,0.0,588.0,55,950.0,900.0,1800.0,피치,젤리류,국산젤리
123998,피치)트위젤바나나모양젤리50g,20250130,20,12,20065,원주상온센터(K7),1296.0,96.0,144.0,24.0,12.0,36.0,0.0,0.0,12.0,0.0,0.0,0.0,0.0,0.0,216.0,29,689.0,900.0,1800.0,피치,젤리류,국산젤리
123998,피치)트위젤바나나모양젤리50g,20250130,20,12,20075,인천상온센터,1872.0,48.0,144.0,204.0,72.0,48.0,12.0,24.0,0.0,12.0,0.0,0.0,0.0,0.0,468.0,44,814.0,900.0,1800.0,피치,젤리류,국산젤리
123998,피치)트위젤바나나모양젤리50g,20250130,20,12,20079,A광주상온센터,1728.0,12.0,120.0,204.0,84.0,24.0,12.0,24.0,12.0,12.0,0.0,0.0,0.0,0.0,432.0,37,751.0,900.0,1800.0,피치,젤리류,국산젤리
123998,피치)트위젤바나나모양젤리50g,20250130,20,12,20080,A의왕상온센터,1584.0,36.0,132.0,108.0,36.0,36.0,12.0,0.0,0.0,0.0,0.0,0.0,0.0,0.0,312.0,32,718.0,900.0,1800.0,피치,젤리류,국산젤리
123998,피치)트위젤바나나모양젤리50g,20250130,20,12,20081,A양산상온센터,1728.0,24.0,132.0,132.0,36.0,24.0,12.0,0.0,0.0,12.0,12.0,0.0,0.0,0.0,324.0,30,875.0,900.0,1800.0,피치,젤리류,국산젤리
123998,피치)트위젤바나나모양젤리50g,20250130,20,12,20083,김제상온센터,1296.0,36.0,108.0,84.0,48.0,12.0,24.0,0.0,12.0,0.0,0.0,0.0,0.0,0.0,252.0,25,657.0,900.0,1800.0,피치,젤리류,국산젤리
123998,피치)트위젤바나나모양젤리50g,20250130,20,12,20084,천안상온센터,1008.0,72.0,96.0,36.0,24.0,12.0,24.0,0.0,12.0,0.0,0.0,0.0,0.0,0.0,168.0,22,569.0,900.0,1800.0,피치,젤리류,국산젤리
123998,피치)트위젤바나나모양젤리50g,20250130,20,12,20085,인천B상온센터,2160.0,24.0,144.0,180.0,48.0,24.0,60.0,0.0,0.0,0.0,0.0,0.0,0.0,0.0,396.0,36,778.0,900.0,1800.0,피치,젤리류,국산젤리
124000,미스티)산리오립스틱캔디5g,20250205,15,18,20006,성남센터,3024.0,558.0,18.0,72.0,108.0,0.0,54.0,18.0,18.0,0.0,18.0,18.0,0.0,0.0,198.0,44,663.0,932.0,1800.0,미스티,캔디류,토이캔디
124000,미스티)산리오립스틱캔디5g,20250205,15,18,20007,대구센터,3168.0,1548.0,36.0,54.0,288.0,90.0,90.0,36.0,54.0,0.0,54.0,0.0,0.0,0.0,468.0,112,985.0,932.0,1800.0,미스티,캔디류,토이캔디
124000,미스티)산리오립스틱캔디5g,20250205,15,18,20010,양주센터,4032.0,936.0,0.0,90.0,108.0,54.0,126.0,54.0,36.0,72.0,18.0,18.0,0.0,0.0,252.0,71,974.0,932.0,1800.0,미스티,캔디류,토이캔디
124000,미스티)산리오립스틱캔디5g,20250205,15,18,20017,울산상온센터(K7),2160.0,756.0,0.0,108.0,72.0,18.0,54.0,18.0,18.0,0.0,18.0,18.0,0.0,0.0,198.0,55,731.0,932.0,1800.0,미스티,캔디류,토이캔디
124000,미스티)산리오립스틱캔디5g,20250205,15,18,20033,제주상온센터,1728.0,306.0,18.0,0.0,36.0,18.0,36.0,36.0,54.0,0.0,0.0,0.0,0.0,0.0,72.0,21,313.0,932.0,1800.0,미스티,캔디류,토이캔디
124000,미스티)산리오립스틱캔디5g,20250205,15,18,20034,구성상온센터,4032.0,1080.0,0.0,36.0,162.0,36.0,36.0,72.0,90.0,18.0,18.0,18.0,0.0,0.0,234.0,76,875.0,932.0,1800.0,미스티,캔디류,토이캔디
124000,미스티)산리오립스틱캔디5g,20250205,15,18,20050,세종상온센터,3024.0,954.0,18.0,18.0,90.0,36.0,36.0,90.0,54.0,54.0,18.0,0.0,0.0,0.0,162.0,63,950.0,932.0,1800.0,미스티,캔디류,토이캔디
124000,미스티)산리오립스틱캔디5g,20250205,15,18,20065,원주상온센터(K7),1872.0,792.0,36.0,0.0,108.0,90.0,54.0,54.0,90.0,36.0,18.0,0.0,0.0,0.0,234.0,58,689.0,932.0,1800.0,미스티,캔디류,토이캔디
124000,미스티)산리오립스틱캔디5g,20250205,15,18,20075,인천상온센터,2736.0,954.0,0.0,54.0,72.0,36.0,0.0,36.0,18.0,36.0,18.0,0.0,0.0,0.0,162.0,62,814.0,932.0,1800.0,미스티,캔디류,토이캔디
124000,미스티)산리오립스틱캔디5g,20250205,15,18,20079,A광주상온센터,2448.0,756.0,18.0,72.0,36.0,72.0,54.0,0.0,36.0,36.0,0.0,0.0,0.0,0.0,198.0,55,751.0,932.0,1800.0,미스티,캔디류,토이캔디
124000,미스티)산리오립스틱캔디5g,20250205,15,18,20080,A의왕상온센터,2448.0,720.0,18.0,126.0,54.0,54.0,36.0,0.0,234.0,54.0,36.0,18.0,0.0,0.0,252.0,54,717.0,932.0,1800.0,미스티,캔디류,토이캔디
124000,미스티)산리오립스틱캔디5g,20250205,15,18,20081,A양산상온센터,2592.0,972.0,18.0,18.0,180.0,72.0,54.0,36.0,54.0,36.0,0.0,0.0,0.0,0.0,288.0,68,875.0,932.0,1800.0,미스티,캔디류,토이캔디
124000,미스티)산리오립스틱캔디5g,20250205,15,18,20083,김제상온센터,1872.0,612.0,0.0,36.0,126.0,18.0,72.0,54.0,54.0,18.0,18.0,0.0,18.0,0.0,180.0,46,654.0,932.0,1800.0,미스티,캔디류,토이캔디
124000,미스티)산리오립스틱캔디5g,20250205,15,18,20084,천안상온센터,1584.0,594.0,0.0,0.0,108.0,0.0,72.0,54.0,90.0,72.0,18.0,0.0,0.0,0.0,108.0,45,569.0,932.0,1800.0,미스티,캔디류,토이캔디
124000,미스티)산리오립스틱캔디5g,20250205,15,18,20085,인천B상온센터,3168.0,792.0,0.0,18.0,18.0,0.0,0.0,72.0,90.0,0.0,18.0,0.0,36.0,0.0,36.0,51,776.0,932.0,1800.0,미스티,캔디류,토이캔디
124040,해태)연양갱땅콩맛55g,20250123,15,20,20006,성남센터,17840.0,0.0,0.0,0.0,0.0,0.0,0.0,0.0,120.0,640.0,920.0,220.0,40.0,0.0,0.0,0,664.0,507.0,900.0,해태,캔디류,소프트캔디
124040,해태)연양갱땅콩맛55g,20250123,15,20,20007,대구센터,19200.0,0.0,0.0,0.0,0.0,0.0,0.0,0.0,180.0,420.0,860.0,380.0,20.0,0.0,0.0,0,985.0,507.0,900.0,해태,캔디류,소프트캔디
124040,해태)연양갱땅콩맛55g,20250123,15,20,20010,양주센터,23520.0,0.0,0.0,0.0,0.0,0.0,0.0,0.0,100.0,620.0,740.0,160.0,60.0,0.0,0.0,0,973.0,507.0,900.0,해태,캔디류,소프트캔디
124040,해태)연양갱땅콩맛55g,20250123,15,20,20017,울산상온센터(K7),12800.0,0.0,0.0,0.0,0.0,0.0,0.0,0.0,60.0,220.0,700.0,120.0,20.0,0.0,0.0,0,731.0,507.0,900.0,해태,캔디류,소프트캔디
124040,해태)연양갱땅콩맛55g,20250123,15,20,20033,제주상온센터,5600.0,0.0,0.0,0.0,0.0,0.0,0.0,0.0,60.0,140.0,80.0,0.0,0.0,0.0,0.0,0,314.0,507.0,900.0,해태,캔디류,소프트캔디
124040,해태)연양갱땅콩맛55g,20250123,15,20,20034,구성상온센터,24640.0,0.0,0.0,0.0,0.0,0.0,0.0,0.0,280.0,1100.0,620.0,20.0,0.0,0.0,0.0,0,878.0,507.0,900.0,해태,캔디류,소프트캔디
124040,해태)연양갱땅콩맛55g,20250123,15,20,20050,세종상온센터,18480.0,0.0,0.0,0.0,0.0,0.0,0.0,0.0,120.0,740.0,760.0,180.0,0.0,0.0,0.0,0,950.0,507.0,900.0,해태,캔디류,소프트캔디
124040,해태)연양갱땅콩맛55g,20250123,15,20,20065,원주상온센터(K7),11440.0,0.0,0.0,0.0,0.0,0.0,0.0,0.0,220.0,460.0,380.0,20.0,0.0,0.0,0.0,0,689.0,507.0,900.0,해태,캔디류,소프트캔디
124040,해태)연양갱땅콩맛55g,20250123,15,20,20075,인천상온센터,16000.0,0.0,0.0,0.0,0.0,0.0,0.0,0.0,80.0,360.0,720.0,240.0,0.0,0.0,0.0,0,814.0,507.0,900.0,해태,캔디류,소프트캔디
124040,해태)연양갱땅콩맛55g,20250123,15,20,20079,A광주상온센터,14800.0,0.0,0.0,0.0,0.0,0.0,0.0,0.0,40.0,540.0,760.0,540.0,0.0,0.0,0.0,0,751.0,507.0,900.0,해태,캔디류,소프트캔디
124040,해태)연양갱땅콩맛55g,20250123,15,20,20080,A의왕상온센터,14240.0,0.0,0.0,0.0,0.0,0.0,0.0,0.0,140.0,440.0,700.0,360.0,0.0,0.0,0.0,0,718.0,507.0,900.0,해태,캔디류,소프트캔디
124040,해태)연양갱땅콩맛55g,20250123,15,20,20081,A양산상온센터,15440.0,0.0,0.0,0.0,0.0,0.0,0.0,0.0,60.0,500.0,540.0,160.0,0.0,0.0,0.0,0,875.0,507.0,900.0,해태,캔디류,소프트캔디
124040,해태)연양갱땅콩맛55g,20250123,15,20,20083,김제상온센터,10800.0,0.0,0.0,0.0,0.0,0.0,0.0,0.0,60.0,280.0,540.0,280.0,0.0,0.0,0.0,0,657.0,507.0,900.0,해태,캔디류,소프트캔디
124040,해태)연양갱땅콩맛55g,20250123,15,20,20084,천안상온센터,8880.0,0.0,0.0,0.0,0.0,0.0,0.0,0.0,180.0,620.0,540.0,20.0,0.0,0.0,0.0,0,568.0,507.0,900.0,해태,캔디류,소프트캔디
124040,해태)연양갱땅콩맛55g,20250123,15,20,20085,인천B상온센터,18720.0,0.0,0.0,0.0,0.0,0.0,0.0,0.0,60.0,440.0,620.0,140.0,40.0,0.0,0.0,0,778.0,507.0,900.0,해태,캔디류,소프트캔디
124045,해태)자유시간쿠키앤티라미수,20250212,30,12,20006,성남센터,3888.0,240.0,132.0,216.0,432.0,324.0,264.0,192.0,72.0,48.0,36.0,24.0,0.0,0.0,1104.0,111,662.0,654.0,1200.0,해태,초콜릿,바초콜릿
124045,해태)자유시간쿠키앤티라미수,20250212,30,12,20007,대구센터,4320.0,552.0,156.0,396.0,504.0,300.0,204.0,144.0,48.0,48.0,24.0,36.0,0.0,0.0,1356.0,159,985.0,654.0,1200.0,해태,초콜릿,바초콜릿
124045,해태)자유시간쿠키앤티라미수,20250212,30,12,20010,양주센터,5328.0,372.0,60.0,432.0,444.0,276.0,120.0,132.0,72.0,24.0,12.0,12.0,0.0,0.0,1212.0,135,969.0,654.0,1200.0,해태,초콜릿,바초콜릿
124045,해태)자유시간쿠키앤티라미수,20250212,30,12,20017,울산상온센터(K7),2880.0,276.0,24.0,204.0,144.0,192.0,60.0,60.0,60.0,0.0,12.0,12.0,0.0,0.0,564.0,71,728.0,654.0,1200.0,해태,초콜릿,바초콜릿
124045,해태)자유시간쿠키앤티라미수,20250212,30,12,20033,제주상온센터,1008.0,84.0,12.0,72.0,96.0,84.0,0.0,24.0,12.0,0.0,0.0,24.0,0.0,0.0,264.0,30,312.0,654.0,1200.0,해태,초콜릿,바초콜릿
124045,해태)자유시간쿠키앤티라미수,20250212,30,12,20034,구성상온센터,5472.0,264.0,96.0,156.0,708.0,432.0,144.0,156.0,60.0,36.0,72.0,12.0,24.0,0.0,1392.0,138,875.0,654.0,1200.0,해태,초콜릿,바초콜릿
124045,해태)자유시간쿠키앤티라미수,20250212,30,12,20050,세종상온센터,4032.0,384.0,48.0,384.0,456.0,396.0,168.0,84.0,48.0,60.0,36.0,12.0,0.0,0.0,1284.0,141,949.0,654.0,1200.0,해태,초콜릿,바초콜릿
124045,해태)자유시간쿠키앤티라미수,20250212,30,12,20065,원주상온센터(K7),2592.0,276.0,24.0,96.0,240.0,192.0,144.0,60.0,12.0,0.0,36.0,12.0,12.0,0.0,552.0,70,686.0,654.0,1200.0,해태,초콜릿,바초콜릿
124045,해태)자유시간쿠키앤티라미수,20250212,30,12,20075,인천상온센터,3600.0,348.0,144.0,408.0,420.0,252.0,144.0,72.0,36.0,12.0,0.0,24.0,0.0,0.0,1224.0,131,813.0,654.0,1200.0,해태,초콜릿,바초콜릿
124045,해태)자유시간쿠키앤티라미수,20250212,30,12,20079,A광주상온센터,3312.0,264.0,72.0,396.0,240.0,228.0,108.0,108.0,24.0,0.0,24.0,12.0,0.0,0.0,936.0,102,753.0,654.0,1200.0,해태,초콜릿,바초콜릿
124045,해태)자유시간쿠키앤티라미수,20250212,30,12,20080,A의왕상온센터,3168.0,264.0,132.0,444.0,456.0,228.0,120.0,132.0,36.0,12.0,24.0,12.0,0.0,0.0,1260.0,126,717.0,654.0,1200.0,해태,초콜릿,바초콜릿
124045,해태)자유시간쿠키앤티라미수,20250212,30,12,20081,A양산상온센터,3456.0,288.0,48.0,264.0,324.0,132.0,84.0,72.0,0.0,0.0,24.0,0.0,0.0,0.0,768.0,91,869.0,654.0,1200.0,해태,초콜릿,바초콜릿
124045,해태)자유시간쿠키앤티라미수,20250212,30,12,20083,김제상온센터,2448.0,180.0,48.0,228.0,192.0,192.0,108.0,72.0,36.0,60.0,0.0,12.0,0.0,0.0,660.0,72,653.0,654.0,1200.0,해태,초콜릿,바초콜릿
124045,해태)자유시간쿠키앤티라미수,20250212,30,12,20084,천안상온센터,2016.0,288.0,72.0,84.0,360.0,180.0,72.0,48.0,12.0,12.0,36.0,24.0,0.0,0.0,696.0,85,568.0,654.0,1200.0,해태,초콜릿,바초콜릿
124045,해태)자유시간쿠키앤티라미수,20250212,30,12,20085,인천B상온센터,4176.0,420.0,72.0,360.0,288.0,300.0,120.0,84.0,48.0,48.0,36.0,24.0,12.0,0.0,1020.0,122,776.0,654.0,1200.0,해태,초콜릿,바초콜릿
124046,델토리)스웨디시스타일초코홀릭47g,20250212,20,10,20006,성남센터,2880.0,130.0,120.0,190.0,350.0,150.0,140.0,170.0,30.0,20.0,60.0,0.0,0.0,0.0,810.0,90,662.0,2004.0,3500.0,델토리,초콜릿,판초콜릿
124046,델토리)스웨디시스타일초코홀릭47g,20250212,20,10,20007,대구센터,3120.0,300.0,80.0,310.0,350.0,190.0,210.0,110.0,80.0,0.0,20.0,0.0,0.0,0.0,930.0,121,985.0,2004.0,3500.0,델토리,초콜릿,판초콜릿
124046,델토리)스웨디시스타일초코홀릭47g,20250212,20,10,20010,양주센터,3840.0,280.0,50.0,370.0,400.0,210.0,80.0,110.0,20.0,30.0,0.0,10.0,0.0,0.0,1030.0,138,969.0,2004.0,3500.0,델토리,초콜릿,판초콜릿
124046,델토리)스웨디시스타일초코홀릭47g,20250212,20,10,20017,울산상온센터(K7),2080.0,180.0,50.0,200.0,190.0,210.0,90.0,40.0,20.0,10.0,0.0,10.0,0.0,0.0,650.0,78,728.0,2004.0,3500.0,델토리,초콜릿,판초콜릿
124046,델토리)스웨디시스타일초코홀릭47g,20250212,20,10,20033,제주상온센터,800.0,100.0,20.0,70.0,60.0,60.0,10.0,10.0,40.0,0.0,0.0,10.0,0.0,0.0,210.0,31,312.0,2004.0,3500.0,델토리,초콜릿,판초콜릿
124046,델토리)스웨디시스타일초코홀릭47g,20250212,20,10,20034,구성상온센터,3920.0,160.0,30.0,100.0,450.0,550.0,130.0,190.0,70.0,0.0,30.0,10.0,0.0,0.0,1130.0,128,875.0,2004.0,3500.0,델토리,초콜릿,판초콜릿
124046,델토리)스웨디시스타일초코홀릭47g,20250212,20,10,20050,세종상온센터,2960.0,270.0,60.0,290.0,360.0,180.0,110.0,40.0,40.0,40.0,10.0,0.0,0.0,0.0,890.0,116,949.0,2004.0,3500.0,델토리,초콜릿,판초콜릿
124046,델토리)스웨디시스타일초코홀릭47g,20250212,20,10,20065,원주상온센터(K7),1840.0,200.0,10.0,100.0,220.0,150.0,150.0,60.0,40.0,10.0,20.0,10.0,10.0,0.0,480.0,67,686.0,2004.0,3500.0,델토리,초콜릿,판초콜릿
124046,델토리)스웨디시스타일초코홀릭47g,20250212,20,10,20075,인천상온센터,2560.0,190.0,80.0,280.0,280.0,210.0,90.0,30.0,50.0,0.0,10.0,0.0,0.0,0.0,850.0,108,813.0,2004.0,3500.0,델토리,초콜릿,판초콜릿
124046,델토리)스웨디시스타일초코홀릭47g,20250212,20,10,20079,A광주상온센터,2400.0,220.0,30.0,230.0,110.0,180.0,60.0,100.0,10.0,10.0,10.0,10.0,0.0,0.0,550.0,79,753.0,2004.0,3500.0,델토리,초콜릿,판초콜릿
124046,델토리)스웨디시스타일초코홀릭47g,20250212,20,10,20080,A의왕상온센터,2320.0,190.0,50.0,270.0,360.0,90.0,50.0,90.0,50.0,0.0,10.0,0.0,0.0,0.0,770.0,93,717.0,2004.0,3500.0,델토리,초콜릿,판초콜릿
124046,델토리)스웨디시스타일초코홀릭47g,20250212,20,10,20081,A양산상온센터,2480.0,190.0,30.0,170.0,340.0,160.0,90.0,60.0,30.0,20.0,20.0,0.0,0.0,0.0,700.0,96,869.0,2004.0,3500.0,델토리,초콜릿,판초콜릿
124046,델토리)스웨디시스타일초코홀릭47g,20250212,20,10,20083,김제상온센터,1760.0,100.0,100.0,180.0,220.0,230.0,80.0,30.0,40.0,20.0,0.0,10.0,0.0,0.0,730.0,80,653.0,2004.0,3500.0,델토리,초콜릿,판초콜릿
124046,델토리)스웨디시스타일초코홀릭47g,20250212,20,10,20084,천안상온센터,1440.0,210.0,40.0,60.0,220.0,80.0,50.0,50.0,20.0,0.0,20.0,10.0,0.0,0.0,400.0,63,568.0,2004.0,3500.0,델토리,초콜릿,판초콜릿
124046,델토리)스웨디시스타일초코홀릭47g,20250212,20,10,20085,인천B상온센터,3040.0,320.0,70.0,320.0,170.0,170.0,70.0,40.0,40.0,20.0,0.0,0.0,10.0,0.0,730.0,104,776.0,2004.0,3500.0,델토리,초콜릿,판초콜릿
124047,델토리)스웨디시스타일딸기홀릭47g,20250212,20,10,20006,성남센터,2880.0,110.0,110.0,180.0,360.0,150.0,130.0,170.0,20.0,20.0,50.0,0.0,0.0,0.0,800.0,86,662.0,2004.0,3500.0,델토리,초콜릿,판초콜릿
124047,델토리)스웨디시스타일딸기홀릭47g,20250212,20,10,20007,대구센터,3120.0,260.0,80.0,320.0,320.0,140.0,210.0,90.0,60.0,0.0,20.0,0.0,0.0,0.0,860.0,111,985.0,2004.0,3500.0,델토리,초콜릿,판초콜릿
124047,델토리)스웨디시스타일딸기홀릭47g,20250212,20,10,20010,양주센터,3840.0,240.0,50.0,360.0,400.0,210.0,90.0,100.0,30.0,20.0,0.0,10.0,0.0,0.0,1020.0,129,969.0,2004.0,3500.0,델토리,초콜릿,판초콜릿
124047,델토리)스웨디시스타일딸기홀릭47g,20250212,20,10,20017,울산상온센터(K7),2080.0,160.0,50.0,200.0,160.0,170.0,100.0,50.0,10.0,10.0,0.0,10.0,0.0,0.0,580.0,70,728.0,2004.0,3500.0,델토리,초콜릿,판초콜릿
124047,델토리)스웨디시스타일딸기홀릭47g,20250212,20,10,20033,제주상온센터,800.0,80.0,20.0,60.0,40.0,60.0,10.0,10.0,30.0,0.0,0.0,10.0,0.0,0.0,180.0,25,312.0,2004.0,3500.0,델토리,초콜릿,판초콜릿
124047,델토리)스웨디시스타일딸기홀릭47g,20250212,20,10,20034,구성상온센터,3920.0,120.0,30.0,100.0,390.0,500.0,110.0,160.0,60.0,10.0,30.0,0.0,0.0,0.0,1020.0,113,875.0,2004.0,3500.0,델토리,초콜릿,판초콜릿
124047,델토리)스웨디시스타일딸기홀릭47g,20250212,20,10,20050,세종상온센터,2960.0,250.0,50.0,300.0,330.0,160.0,90.0,40.0,30.0,30.0,10.0,0.0,0.0,0.0,840.0,108,949.0,2004.0,3500.0,델토리,초콜릿,판초콜릿
124047,델토리)스웨디시스타일딸기홀릭47g,20250212,20,10,20065,원주상온센터(K7),1840.0,170.0,10.0,90.0,230.0,150.0,130.0,50.0,40.0,10.0,20.0,0.0,10.0,0.0,480.0,63,686.0,2004.0,3500.0,델토리,초콜릿,판초콜릿
124047,델토리)스웨디시스타일딸기홀릭47g,20250212,20,10,20075,인천상온센터,2560.0,170.0,90.0,240.0,260.0,190.0,80.0,10.0,40.0,0.0,10.0,0.0,0.0,0.0,780.0,95,813.0,2004.0,3500.0,델토리,초콜릿,판초콜릿
124047,델토리)스웨디시스타일딸기홀릭47g,20250212,20,10,20079,A광주상온센터,2400.0,200.0,30.0,250.0,90.0,140.0,60.0,80.0,10.0,0.0,10.0,10.0,0.0,0.0,510.0,73,753.0,2004.0,3500.0,델토리,초콜릿,판초콜릿
124047,델토리)스웨디시스타일딸기홀릭47g,20250212,20,10,20080,A의왕상온센터,2320.0,160.0,50.0,270.0,320.0,90.0,50.0,100.0,50.0,0.0,10.0,0.0,0.0,0.0,730.0,89,717.0,2004.0,3500.0,델토리,초콜릿,판초콜릿
124047,델토리)스웨디시스타일딸기홀릭47g,20250212,20,10,20081,A양산상온센터,2480.0,140.0,30.0,140.0,340.0,130.0,60.0,70.0,30.0,10.0,20.0,0.0,0.0,0.0,640.0,83,869.0,2004.0,3500.0,델토리,초콜릿,판초콜릿
124047,델토리)스웨디시스타일딸기홀릭47g,20250212,20,10,20083,김제상온센터,1760.0,80.0,90.0,160.0,220.0,230.0,70.0,20.0,30.0,20.0,0.0,10.0,0.0,0.0,700.0,76,653.0,2004.0,3500.0,델토리,초콜릿,판초콜릿
124047,델토리)스웨디시스타일딸기홀릭47g,20250212,20,10,20084,천안상온센터,1440.0,170.0,30.0,60.0,220.0,70.0,50.0,40.0,20.0,0.0,20.0,10.0,0.0,0.0,380.0,55,568.0,2004.0,3500.0,델토리,초콜릿,판초콜릿
124047,델토리)스웨디시스타일딸기홀릭47g,20250212,20,10,20085,인천B상온센터,3040.0,290.0,60.0,320.0,150.0,170.0,70.0,50.0,20.0,10.0,0.0,0.0,10.0,0.0,700.0,95,776.0,2004.0,3500.0,델토리,초콜릿,판초콜릿
124058,PB)수건모양초코마시멜로100g,20250127,30,6,20006,성남센터,2700.0,0.0,0.0,0.0,0.0,30.0,366.0,756.0,546.0,294.0,144.0,12.0,0.0,0.0,30.0,6,665.0,3058.0,5800.0,PB,초콜릿,봉지초콜릿
124058,PB)수건모양초코마시멜로100g,20250127,30,6,20007,대구센터,2916.0,0.0,0.0,0.0,0.0,114.0,468.0,702.0,606.0,420.0,150.0,18.0,0.0,0.0,114.0,19,985.0,3058.0,5800.0,PB,초콜릿,봉지초콜릿
124058,PB)수건모양초코마시멜로100g,20250127,30,6,20010,양주센터,3078.0,0.0,0.0,0.0,0.0,138.0,456.0,648.0,420.0,252.0,60.0,12.0,18.0,0.0,138.0,25,973.0,3058.0,5800.0,PB,초콜릿,봉지초콜릿
124058,PB)수건모양초코마시멜로100g,20250127,30,6,20017,울산상온센터(K7),1944.0,0.0,0.0,0.0,0.0,90.0,354.0,534.0,408.0,210.0,54.0,6.0,0.0,0.0,90.0,15,731.0,3058.0,5800.0,PB,초콜릿,봉지초콜릿
124058,PB)수건모양초코마시멜로100g,20250127,30,6,20033,제주상온센터,1188.0,0.0,0.0,0.0,0.0,0.0,144.0,480.0,288.0,90.0,72.0,6.0,0.0,0.0,0.0,0,314.0,3058.0,5800.0,PB,초콜릿,봉지초콜릿
124058,PB)수건모양초코마시멜로100g,20250127,30,6,20034,구성상온센터,3726.0,0.0,0.0,0.0,0.0,6.0,552.0,780.0,414.0,672.0,222.0,6.0,0.0,0.0,6.0,1,879.0,3058.0,5800.0,PB,초콜릿,봉지초콜릿
124058,PB)수건모양초코마시멜로100g,20250127,30,6,20050,세종상온센터,2808.0,0.0,0.0,0.0,0.0,198.0,576.0,606.0,696.0,558.0,126.0,6.0,0.0,0.0,198.0,34,950.0,3058.0,5800.0,PB,초콜릿,봉지초콜릿
124058,PB)수건모양초코마시멜로100g,20250127,30,6,20065,원주상온센터(K7),1728.0,0.0,0.0,0.0,0.0,0.0,216.0,450.0,294.0,270.0,48.0,0.0,6.0,0.0,0.0,0,689.0,3058.0,5800.0,PB,초콜릿,봉지초콜릿
124058,PB)수건모양초코마시멜로100g,20250127,30,6,20075,인천상온센터,2430.0,0.0,0.0,0.0,0.0,138.0,540.0,858.0,522.0,264.0,114.0,0.0,0.0,0.0,138.0,25,814.0,3058.0,5800.0,PB,초콜릿,봉지초콜릿
124058,PB)수건모양초코마시멜로100g,20250127,30,6,20079,A광주상온센터,2214.0,0.0,0.0,0.0,0.0,66.0,564.0,912.0,480.0,330.0,54.0,0.0,0.0,0.0,66.0,11,751.0,3058.0,5800.0,PB,초콜릿,봉지초콜릿
124058,PB)수건모양초코마시멜로100g,20250127,30,6,20080,A의왕상온센터,2700.0,0.0,0.0,0.0,0.0,78.0,516.0,960.0,990.0,414.0,48.0,0.0,6.0,0.0,78.0,13,718.0,3058.0,5800.0,PB,초콜릿,봉지초콜릿
124058,PB)수건모양초코마시멜로100g,20250127,30,6,20081,A양산상온센터,2322.0,0.0,0.0,0.0,0.0,42.0,378.0,522.0,456.0,348.0,78.0,0.0,0.0,0.0,42.0,7,875.0,3058.0,5800.0,PB,초콜릿,봉지초콜릿
124058,PB)수건모양초코마시멜로100g,20250127,30,6,20083,김제상온센터,1620.0,0.0,0.0,0.0,6.0,66.0,462.0,456.0,264.0,216.0,36.0,0.0,0.0,0.0,72.0,12,657.0,3058.0,5800.0,PB,초콜릿,봉지초콜릿
124058,PB)수건모양초코마시멜로100g,20250127,30,6,20084,천안상온센터,1350.0,0.0,0.0,0.0,0.0,0.0,198.0,576.0,486.0,300.0,246.0,6.0,0.0,0.0,0.0,0,569.0,3058.0,5800.0,PB,초콜릿,봉지초콜릿
124058,PB)수건모양초코마시멜로100g,20250127,30,6,20085,인천B상온센터,2808.0,0.0,0.0,0.0,0.0,192.0,480.0,594.0,330.0,222.0,108.0,0.0,0.0,0.0,192.0,32,778.0,3058.0,5800.0,PB,초콜릿,봉지초콜릿
124130,롯데)이너프골든츄이바35g,20250212,30,10,20006,성남센터,2460.0,440.0,40.0,90.0,290.0,70.0,90.0,50.0,20.0,10.0,20.0,10.0,0.0,0.0,490.0,94,662.0,948.0,1600.0,롯데,프로틴/시리얼,영양바류
124130,롯데)이너프골든츄이바35g,20250212,30,10,20007,대구센터,2640.0,520.0,20.0,100.0,140.0,80.0,140.0,10.0,20.0,30.0,10.0,10.0,0.0,0.0,340.0,90,985.0,948.0,1600.0,롯데,프로틴/시리얼,영양바류
124130,롯데)이너프골든츄이바35g,20250212,30,10,20010,양주센터,3300.0,440.0,10.0,220.0,210.0,110.0,40.0,70.0,20.0,20.0,10.0,10.0,0.0,0.0,550.0,100,969.0,948.0,1600.0,롯데,프로틴/시리얼,영양바류
124130,롯데)이너프골든츄이바35g,20250212,30,10,20017,울산상온센터(K7),1800.0,290.0,0.0,40.0,60.0,90.0,30.0,40.0,30.0,0.0,0.0,0.0,0.0,0.0,190.0,48,728.0,948.0,1600.0,롯데,프로틴/시리얼,영양바류
124130,롯데)이너프골든츄이바35g,20250212,30,10,20033,제주상온센터,660.0,180.0,10.0,50.0,30.0,40.0,10.0,0.0,10.0,0.0,0.0,0.0,0.0,0.0,130.0,31,312.0,948.0,1600.0,롯데,프로틴/시리얼,영양바류
124130,롯데)이너프골든츄이바35g,20250212,30,10,20034,구성상온센터,3360.0,380.0,30.0,20.0,340.0,90.0,40.0,30.0,20.0,10.0,10.0,0.0,10.0,0.0,480.0,89,875.0,948.0,1600.0,롯데,프로틴/시리얼,영양바류
124130,롯데)이너프골든츄이바35g,20250212,30,10,20050,세종상온센터,2520.0,330.0,10.0,90.0,210.0,140.0,70.0,40.0,10.0,20.0,20.0,10.0,0.0,0.0,450.0,79,949.0,948.0,1600.0,롯데,프로틴/시리얼,영양바류
124130,롯데)이너프골든츄이바35g,20250212,30,10,20065,원주상온센터(K7),1560.0,290.0,0.0,50.0,110.0,40.0,30.0,20.0,0.0,0.0,10.0,10.0,0.0,0.0,200.0,52,686.0,948.0,1600.0,롯데,프로틴/시리얼,영양바류
124130,롯데)이너프골든츄이바35g,20250212,30,10,20075,인천상온센터,2220.0,330.0,40.0,170.0,170.0,70.0,50.0,30.0,20.0,0.0,0.0,0.0,0.0,0.0,450.0,83,813.0,948.0,1600.0,롯데,프로틴/시리얼,영양바류
124130,롯데)이너프골든츄이바35g,20250212,30,10,20079,A광주상온센터,2040.0,280.0,10.0,120.0,110.0,60.0,50.0,40.0,0.0,0.0,10.0,10.0,0.0,0.0,300.0,60,753.0,948.0,1600.0,롯데,프로틴/시리얼,영양바류
124130,롯데)이너프골든츄이바35g,20250212,30,10,20080,A의왕상온센터,1980.0,350.0,40.0,160.0,200.0,90.0,50.0,60.0,20.0,10.0,10.0,0.0,0.0,0.0,490.0,85,717.0,948.0,1600.0,롯데,프로틴/시리얼,영양바류
124130,롯데)이너프골든츄이바35g,20250212,30,10,20081,A양산상온센터,2100.0,270.0,10.0,50.0,190.0,70.0,30.0,60.0,0.0,10.0,0.0,10.0,0.0,0.0,320.0,62,869.0,948.0,1600.0,롯데,프로틴/시리얼,영양바류
124130,롯데)이너프골든츄이바35g,20250212,30,10,20083,김제상온센터,1500.0,180.0,0.0,70.0,100.0,80.0,40.0,20.0,20.0,20.0,0.0,0.0,0.0,0.0,250.0,45,653.0,948.0,1600.0,롯데,프로틴/시리얼,영양바류
124130,롯데)이너프골든츄이바35g,20250212,30,10,20084,천안상온센터,1260.0,270.0,20.0,10.0,180.0,60.0,10.0,40.0,0.0,10.0,20.0,0.0,0.0,0.0,270.0,57,568.0,948.0,1600.0,롯데,프로틴/시리얼,영양바류
124130,롯데)이너프골든츄이바35g,20250212,30,10,20085,인천B상온센터,2580.0,530.0,30.0,120.0,140.0,120.0,50.0,30.0,20.0,20.0,0.0,0.0,0.0,0.0,410.0,93,776.0,948.0,1600.0,롯데,프로틴/시리얼,영양바류
124131,롯데)이너프토스티드브레드45g,20250212,20,4,20006,성남센터,656.0,124.0,20.0,32.0,88.0,32.0,16.0,12.0,4.0,4.0,8.0,4.0,0.0,0.0,172.0,79,662.0,2253.0,3800.0,롯데,비스킷류,쿠키
124131,롯데)이너프토스티드브레드45g,20250212,20,4,20007,대구센터,704.0,100.0,4.0,28.0,28.0,12.0,32.0,8.0,8.0,8.0,4.0,4.0,0.0,0.0,72.0,48,985.0,2253.0,3800.0,롯데,비스킷류,쿠키
124131,롯데)이너프토스티드브레드45g,20250212,20,4,20010,양주센터,880.0,120.0,4.0,56.0,40.0,36.0,8.0,16.0,8.0,0.0,0.0,4.0,0.0,0.0,136.0,66,969.0,2253.0,3800.0,롯데,비스킷류,쿠키
124131,롯데)이너프토스티드브레드45g,20250212,20,4,20017,울산상온센터(K7),480.0,80.0,0.0,20.0,24.0,32.0,8.0,8.0,8.0,0.0,4.0,0.0,0.0,0.0,76.0,40,728.0,2253.0,3800.0,롯데,비스킷류,쿠키
124131,롯데)이너프토스티드브레드45g,20250212,20,4,20033,제주상온센터,176.0,56.0,4.0,8.0,8.0,12.0,0.0,0.0,4.0,0.0,4.0,0.0,0.0,0.0,32.0,22,312.0,2253.0,3800.0,롯데,비스킷류,쿠키
124131,롯데)이너프토스티드브레드45g,20250212,20,4,20034,구성상온센터,896.0,120.0,12.0,4.0,80.0,52.0,16.0,12.0,12.0,4.0,4.0,0.0,0.0,0.0,148.0,71,875.0,2253.0,3800.0,롯데,비스킷류,쿠키
124131,롯데)이너프토스티드브레드45g,20250212,20,4,20050,세종상온센터,672.0,76.0,8.0,40.0,48.0,28.0,20.0,12.0,8.0,4.0,4.0,8.0,0.0,0.0,124.0,54,949.0,2253.0,3800.0,롯데,비스킷류,쿠키
124131,롯데)이너프토스티드브레드45g,20250212,20,4,20065,원주상온센터(K7),416.0,84.0,0.0,20.0,36.0,20.0,12.0,8.0,0.0,4.0,4.0,0.0,0.0,0.0,76.0,40,686.0,2253.0,3800.0,롯데,비스킷류,쿠키
124131,롯데)이너프토스티드브레드45g,20250212,20,4,20075,인천상온센터,592.0,104.0,12.0,48.0,36.0,16.0,12.0,8.0,8.0,0.0,4.0,0.0,0.0,0.0,112.0,56,813.0,2253.0,3800.0,롯데,비스킷류,쿠키
124131,롯데)이너프토스티드브레드45g,20250212,20,4,20079,A광주상온센터,544.0,80.0,4.0,32.0,16.0,8.0,8.0,12.0,0.0,0.0,4.0,0.0,0.0,0.0,60.0,36,753.0,2253.0,3800.0,롯데,비스킷류,쿠키
124131,롯데)이너프토스티드브레드45g,20250212,20,4,20080,A의왕상온센터,528.0,96.0,16.0,40.0,76.0,24.0,16.0,12.0,8.0,4.0,4.0,0.0,0.0,0.0,156.0,69,717.0,2253.0,3800.0,롯데,비스킷류,쿠키
124131,롯데)이너프토스티드브레드45g,20250212,20,4,20081,A양산상온센터,560.0,68.0,4.0,44.0,44.0,32.0,4.0,12.0,4.0,8.0,0.0,4.0,0.0,0.0,124.0,50,869.0,2253.0,3800.0,롯데,비스킷류,쿠키
124131,롯데)이너프토스티드브레드45g,20250212,20,4,20083,김제상온센터,400.0,36.0,4.0,12.0,24.0,32.0,0.0,4.0,0.0,0.0,0.0,0.0,0.0,0.0,72.0,26,653.0,2253.0,3800.0,롯데,비스킷류,쿠키
124131,롯데)이너프토스티드브레드45g,20250212,20,4,20084,천안상온센터,336.0,100.0,4.0,4.0,52.0,16.0,8.0,8.0,0.0,4.0,4.0,0.0,0.0,0.0,76.0,47,568.0,2253.0,3800.0,롯데,비스킷류,쿠키
124131,롯데)이너프토스티드브레드45g,20250212,20,4,20085,인천B상온센터,688.0,140.0,8.0,36.0,24.0,40.0,16.0,8.0,4.0,8.0,0.0,0.0,0.0,0.0,108.0,61,776.0,2253.0,3800.0,롯데,비스킷류,쿠키
124132,롯데)이너프베이크드쿠키크랜베리43g,20250212,20,8,20006,성남센터,1632.0,360.0,32.0,80.0,192.0,72.0,96.0,16.0,24.0,8.0,16.0,24.0,0.0,0.0,376.0,96,662.0,889.0,1500.0,롯데,비스킷류,쿠키
124132,롯데)이너프베이크드쿠키크랜베리43g,20250212,20,8,20007,대구센터,1760.0,360.0,24.0,88.0,120.0,64.0,80.0,24.0,16.0,0.0,8.0,8.0,0.0,0.0,296.0,85,985.0,889.0,1500.0,롯데,비스킷류,쿠키
124132,롯데)이너프베이크드쿠키크랜베리43g,20250212,20,8,20010,양주센터,2176.0,272.0,8.0,136.0,168.0,128.0,48.0,56.0,24.0,8.0,16.0,8.0,0.0,0.0,440.0,93,969.0,889.0,1500.0,롯데,비스킷류,쿠키
124132,롯데)이너프베이크드쿠키크랜베리43g,20250212,20,8,20017,울산상온센터(K7),1184.0,232.0,0.0,56.0,64.0,64.0,16.0,32.0,16.0,0.0,0.0,0.0,0.0,0.0,184.0,54,728.0,889.0,1500.0,롯데,비스킷류,쿠키
124132,롯데)이너프베이크드쿠키크랜베리43g,20250212,20,8,20033,제주상온센터,448.0,120.0,8.0,32.0,24.0,24.0,0.0,0.0,16.0,0.0,8.0,0.0,0.0,0.0,88.0,27,312.0,889.0,1500.0,롯데,비스킷류,쿠키
124132,롯데)이너프베이크드쿠키크랜베리43g,20250212,20,8,20034,구성상온센터,2240.0,304.0,16.0,24.0,248.0,112.0,40.0,40.0,24.0,8.0,16.0,0.0,8.0,0.0,400.0,93,875.0,889.0,1500.0,롯데,비스킷류,쿠키
124132,롯데)이너프베이크드쿠키크랜베리43g,20250212,20,8,20050,세종상온센터,1696.0,0.0,0.0,0.0,0.0,0.0,0.0,0.0,0.0,0.0,0.0,0.0,0.0,0.0,0.0,0,0.0,889.0,1500.0,롯데,비스킷류,쿠키
124132,롯데)이너프베이크드쿠키크랜베리43g,20250212,20,8,20065,원주상온센터(K7),1056.0,184.0,16.0,24.0,80.0,48.0,32.0,32.0,8.0,8.0,16.0,0.0,0.0,0.0,168.0,47,686.0,889.0,1500.0,롯데,비스킷류,쿠키
124132,롯데)이너프베이크드쿠키크랜베리43g,20250212,20,8,20075,인천상온센터,1472.0,232.0,32.0,120.0,120.0,48.0,24.0,32.0,16.0,0.0,8.0,0.0,0.0,0.0,320.0,75,813.0,889.0,1500.0,롯데,비스킷류,쿠키
124132,롯데)이너프베이크드쿠키크랜베리43g,20250212,20,8,20079,A광주상온센터,1344.0,200.0,16.0,56.0,88.0,24.0,16.0,16.0,8.0,0.0,0.0,0.0,0.0,0.0,184.0,51,753.0,889.0,1500.0,롯데,비스킷류,쿠키
124132,롯데)이너프베이크드쿠키크랜베리43g,20250212,20,8,20080,A의왕상온센터,1312.0,264.0,24.0,120.0,200.0,64.0,48.0,40.0,24.0,16.0,8.0,0.0,0.0,0.0,408.0,88,717.0,889.0,1500.0,롯데,비스킷류,쿠키
124132,롯데)이너프베이크드쿠키크랜베리43g,20250212,20,8,20081,A양산상온센터,1408.0,232.0,0.0,80.0,152.0,56.0,40.0,8.0,16.0,8.0,0.0,0.0,0.0,0.0,288.0,68,869.0,889.0,1500.0,롯데,비스킷류,쿠키
124132,롯데)이너프베이크드쿠키크랜베리43g,20250212,20,8,20083,김제상온센터,992.0,96.0,0.0,64.0,80.0,72.0,24.0,8.0,0.0,0.0,0.0,0.0,0.0,0.0,216.0,41,653.0,889.0,1500.0,롯데,비스킷류,쿠키
124132,롯데)이너프베이크드쿠키크랜베리43g,20250212,20,8,20084,천안상온센터,832.0,176.0,8.0,8.0,168.0,48.0,8.0,32.0,0.0,16.0,8.0,8.0,0.0,0.0,232.0,59,568.0,889.0,1500.0,롯데,비스킷류,쿠키
124132,롯데)이너프베이크드쿠키크랜베리43g,20250212,20,8,20085,인천B상온센터,1728.0,416.0,16.0,120.0,112.0,72.0,48.0,32.0,24.0,24.0,0.0,0.0,0.0,0.0,320.0,93,776.0,889.0,1500.0,롯데,비스킷류,쿠키
124133,롯데)이너프베이크드쿠키애플43g,20250212,20,8,20006,성남센터,1568.0,336.0,40.0,80.0,200.0,72.0,96.0,16.0,16.0,8.0,24.0,8.0,0.0,0.0,392.0,93,662.0,889.0,1500.0,롯데,비스킷류,쿠키
124133,롯데)이너프베이크드쿠키애플43g,20250212,20,8,20007,대구센터,1696.0,328.0,24.0,128.0,128.0,80.0,80.0,24.0,16.0,0.0,8.0,8.0,0.0,0.0,360.0,88,985.0,889.0,1500.0,롯데,비스킷류,쿠키
124133,롯데)이너프베이크드쿠키애플43g,20250212,20,8,20010,양주센터,2112.0,248.0,8.0,160.0,152.0,96.0,32.0,48.0,16.0,8.0,16.0,8.0,0.0,0.0,416.0,85,969.0,889.0,1500.0,롯데,비스킷류,쿠키
124133,롯데)이너프베이크드쿠키애플43g,20250212,20,8,20017,울산상온센터(K7),1120.0,232.0,0.0,56.0,56.0,56.0,16.0,32.0,16.0,0.0,0.0,0.0,0.0,0.0,168.0,51,728.0,889.0,1500.0,롯데,비스킷류,쿠키
124133,롯데)이너프베이크드쿠키애플43g,20250212,20,8,20033,제주상온센터,416.0,120.0,8.0,32.0,24.0,32.0,0.0,0.0,8.0,0.0,0.0,0.0,0.0,0.0,96.0,27,312.0,889.0,1500.0,롯데,비스킷류,쿠키
124133,롯데)이너프베이크드쿠키애플43g,20250212,20,8,20034,구성상온센터,2176.0,288.0,16.0,16.0,256.0,104.0,48.0,40.0,16.0,8.0,16.0,0.0,8.0,0.0,392.0,90,875.0,889.0,1500.0,롯데,비스킷류,쿠키
124133,롯데)이너프베이크드쿠키애플43g,20250212,20,8,20050,세종상온센터,1632.0,0.0,0.0,0.0,0.0,0.0,0.0,0.0,0.0,0.0,0.0,0.0,0.0,0.0,0.0,0,0.0,889.0,1500.0,롯데,비스킷류,쿠키
124133,롯데)이너프베이크드쿠키애플43g,20250212,20,8,20065,원주상온센터(K7),1024.0,184.0,8.0,32.0,72.0,48.0,32.0,24.0,8.0,8.0,16.0,0.0,0.0,0.0,160.0,46,686.0,889.0,1500.0,롯데,비스킷류,쿠키
124133,롯데)이너프베이크드쿠키애플43g,20250212,20,8,20075,인천상온센터,1408.0,248.0,32.0,96.0,144.0,32.0,24.0,24.0,16.0,0.0,0.0,0.0,0.0,0.0,304.0,72,813.0,889.0,1500.0,롯데,비스킷류,쿠키
124133,롯데)이너프베이크드쿠키애플43g,20250212,20,8,20079,A광주상온센터,1312.0,168.0,16.0,56.0,80.0,32.0,24.0,16.0,0.0,0.0,0.0,0.0,0.0,0.0,184.0,45,753.0,889.0,1500.0,롯데,비스킷류,쿠키
124133,롯데)이너프베이크드쿠키애플43g,20250212,20,8,20080,A의왕상온센터,1248.0,264.0,24.0,120.0,184.0,48.0,48.0,32.0,24.0,16.0,8.0,0.0,0.0,0.0,376.0,82,717.0,889.0,1500.0,롯데,비스킷류,쿠키
124133,롯데)이너프베이크드쿠키애플43g,20250212,20,8,20081,A양산상온센터,1344.0,208.0,0.0,80.0,144.0,48.0,16.0,16.0,8.0,8.0,0.0,8.0,0.0,0.0,272.0,64,869.0,889.0,1500.0,롯데,비스킷류,쿠키
124133,롯데)이너프베이크드쿠키애플43g,20250212,20,8,20083,김제상온센터,960.0,80.0,8.0,40.0,64.0,72.0,40.0,8.0,0.0,0.0,0.0,0.0,0.0,0.0,184.0,35,653.0,889.0,1500.0,롯데,비스킷류,쿠키
124133,롯데)이너프베이크드쿠키애플43g,20250212,20,8,20084,천안상온센터,800.0,160.0,8.0,8.0,128.0,32.0,8.0,32.0,0.0,16.0,8.0,8.0,0.0,0.0,176.0,48,568.0,889.0,1500.0,롯데,비스킷류,쿠키
124133,롯데)이너프베이크드쿠키애플43g,20250212,20,8,20085,인천B상온센터,1632.0,400.0,16.0,112.0,80.0,72.0,48.0,40.0,24.0,24.0,0.0,0.0,0.0,0.0,280.0,86,776.0,889.0,1500.0,롯데,비스킷류,쿠키
124135,해태)구운버터옥수수60g,20250212,40,16,20006,성남센터,10368.0,880.0,96.0,208.0,512.0,192.0,192.0,128.0,96.0,32.0,144.0,32.0,0.0,0.0,1008.0,121,662.0,958.0,1700.0,해태,스낵류,옥수수스낵
124135,해태)구운버터옥수수60g,20250212,40,16,20007,대구센터,11152.0,1296.0,80.0,336.0,448.0,336.0,336.0,160.0,48.0,32.0,48.0,32.0,0.0,0.0,1200.0,160,985.0,958.0,1700.0,해태,스낵류,옥수수스낵
124135,해태)구운버터옥수수60g,20250212,40,16,20010,양주센터,13888.0,1072.0,16.0,448.0,560.0,336.0,112.0,112.0,48.0,32.0,0.0,16.0,0.0,0.0,1360.0,155,969.0,958.0,1700.0,해태,스낵류,옥수수스낵
124135,해태)구운버터옥수수60g,20250212,40,16,20017,울산상온센터(K7),7456.0,640.0,16.0,192.0,176.0,192.0,64.0,64.0,80.0,0.0,16.0,48.0,0.0,0.0,576.0,76,728.0,958.0,1700.0,해태,스낵류,옥수수스낵
124135,해태)구운버터옥수수60g,20250212,40,16,20033,제주상온센터,2688.0,416.0,32.0,48.0,80.0,80.0,32.0,0.0,16.0,0.0,0.0,48.0,0.0,0.0,240.0,41,312.0,958.0,1700.0,해태,스낵류,옥수수스낵
124135,해태)구운버터옥수수60g,20250212,40,16,20034,구성상온센터,14336.0,1024.0,48.0,112.0,512.0,432.0,112.0,160.0,64.0,16.0,64.0,0.0,16.0,0.0,1104.0,138,875.0,958.0,1700.0,해태,스낵류,옥수수스낵
124135,해태)구운버터옥수수60g,20250212,40,16,20050,세종상온센터,10736.0,976.0,64.0,336.0,400.0,304.0,176.0,112.0,32.0,32.0,16.0,16.0,0.0,0.0,1104.0,132,949.0,958.0,1700.0,해태,스낵류,옥수수스낵
124135,해태)구운버터옥수수60g,20250212,40,16,20065,원주상온센터(K7),6640.0,688.0,16.0,80.0,336.0,128.0,80.0,80.0,16.0,16.0,16.0,32.0,0.0,0.0,560.0,79,686.0,958.0,1700.0,해태,스낵류,옥수수스낵
124135,해태)구운버터옥수수60g,20250212,40,16,20075,인천상온센터,9312.0,1056.0,80.0,304.0,400.0,176.0,128.0,80.0,64.0,32.0,32.0,48.0,0.0,0.0,960.0,129,813.0,958.0,1700.0,해태,스낵류,옥수수스낵
124135,해태)구운버터옥수수60g,20250212,40,16,20079,A광주상온센터,8576.0,608.0,80.0,336.0,240.0,160.0,64.0,144.0,0.0,0.0,32.0,16.0,0.0,0.0,816.0,91,753.0,958.0,1700.0,해태,스낵류,옥수수스낵
124135,해태)구운버터옥수수60g,20250212,40,16,20080,A의왕상온센터,8272.0,848.0,112.0,400.0,496.0,224.0,176.0,96.0,80.0,64.0,16.0,0.0,0.0,0.0,1232.0,133,717.0,958.0,1700.0,해태,스낵류,옥수수스낵
124135,해태)구운버터옥수수60g,20250212,40,16,20081,A양산상온센터,8960.0,688.0,48.0,240.0,544.0,160.0,48.0,112.0,16.0,0.0,64.0,16.0,0.0,0.0,992.0,106,869.0,958.0,1700.0,해태,스낵류,옥수수스낵
124135,해태)구운버터옥수수60g,20250212,40,16,20083,김제상온센터,6240.0,432.0,48.0,112.0,240.0,224.0,80.0,48.0,80.0,0.0,48.0,32.0,0.0,0.0,624.0,66,653.0,958.0,1700.0,해태,스낵류,옥수수스낵
124135,해태)구운버터옥수수60g,20250212,40,16,20084,천안상온센터,5136.0,640.0,32.0,48.0,368.0,160.0,96.0,80.0,32.0,16.0,16.0,32.0,0.0,0.0,608.0,83,568.0,958.0,1700.0,해태,스낵류,옥수수스낵
124135,해태)구운버터옥수수60g,20250212,40,16,20085,인천B상온센터,10880.0,1104.0,48.0,320.0,160.0,272.0,112.0,96.0,64.0,0.0,32.0,0.0,0.0,0.0,800.0,119,776.0,958.0,1700.0,해태,스낵류,옥수수스낵
124140,PKJ)딸기모양마시멜로우48g,20250212,15,12,20006,성남센터,1944.0,228.0,24.0,36.0,108.0,48.0,48.0,36.0,12.0,12.0,0.0,0.0,0.0,0.0,216.0,42,662.0,1250.0,2500.0,PKJ,캔디류,소프트캔디
124140,PKJ)딸기모양마시멜로우48g,20250212,15,12,20007,대구센터,2160.0,576.0,24.0,132.0,204.0,60.0,96.0,60.0,12.0,36.0,12.0,0.0,0.0,0.0,420.0,88,985.0,1250.0,2500.0,PKJ,캔디류,소프트캔디
124140,PKJ)딸기모양마시멜로우48g,20250212,15,12,20010,양주센터,2664.0,324.0,12.0,156.0,276.0,108.0,36.0,84.0,24.0,12.0,0.0,12.0,0.0,0.0,552.0,79,969.0,1250.0,2500.0,PKJ,캔디류,소프트캔디
124140,PKJ)딸기모양마시멜로우48g,20250212,15,12,20017,울산상온센터(K7),1440.0,336.0,36.0,72.0,72.0,132.0,36.0,12.0,0.0,0.0,36.0,24.0,0.0,0.0,312.0,54,728.0,1250.0,2500.0,PKJ,캔디류,소프트캔디
124140,PKJ)딸기모양마시멜로우48g,20250212,15,12,20033,제주상온센터,504.0,120.0,12.0,0.0,48.0,60.0,12.0,0.0,0.0,0.0,0.0,0.0,0.0,0.0,120.0,22,312.0,1250.0,2500.0,PKJ,캔디류,소프트캔디
124140,PKJ)딸기모양마시멜로우48g,20250212,15,12,20034,구성상온센터,2736.0,468.0,36.0,12.0,204.0,120.0,0.0,36.0,36.0,12.0,0.0,0.0,0.0,0.0,372.0,75,875.0,1250.0,2500.0,PKJ,캔디류,소프트캔디
124140,PKJ)딸기모양마시멜로우48g,20250212,15,12,20050,세종상온센터,2016.0,480.0,24.0,144.0,132.0,120.0,84.0,36.0,24.0,48.0,0.0,12.0,0.0,0.0,420.0,78,949.0,1250.0,2500.0,PKJ,캔디류,소프트캔디
124140,PKJ)딸기모양마시멜로우48g,20250212,15,12,20065,원주상온센터(K7),1296.0,372.0,12.0,60.0,132.0,108.0,48.0,60.0,12.0,12.0,12.0,12.0,0.0,0.0,312.0,59,686.0,1250.0,2500.0,PKJ,캔디류,소프트캔디
124140,PKJ)딸기모양마시멜로우48g,20250212,15,12,20075,인천상온센터,1800.0,420.0,60.0,60.0,132.0,48.0,72.0,36.0,36.0,0.0,0.0,0.0,0.0,0.0,300.0,65,813.0,1250.0,2500.0,PKJ,캔디류,소프트캔디
124140,PKJ)딸기모양마시멜로우48g,20250212,15,12,20079,A광주상온센터,1656.0,348.0,24.0,156.0,132.0,48.0,12.0,72.0,0.0,0.0,12.0,0.0,0.0,0.0,360.0,60,753.0,1250.0,2500.0,PKJ,캔디류,소프트캔디
124140,PKJ)딸기모양마시멜로우48g,20250212,15,12,20080,A의왕상온센터,1584.0,396.0,36.0,120.0,168.0,24.0,24.0,36.0,12.0,0.0,12.0,0.0,12.0,0.0,348.0,64,717.0,1250.0,2500.0,PKJ,캔디류,소프트캔디
124140,PKJ)딸기모양마시멜로우48g,20250212,15,12,20081,A양산상온센터,1728.0,312.0,12.0,108.0,120.0,60.0,36.0,48.0,0.0,0.0,0.0,0.0,0.0,0.0,300.0,58,869.0,1250.0,2500.0,PKJ,캔디류,소프트캔디
124140,PKJ)딸기모양마시멜로우48g,20250212,15,12,20083,김제상온센터,1224.0,228.0,48.0,60.0,120.0,96.0,36.0,0.0,12.0,12.0,12.0,12.0,0.0,0.0,324.0,48,653.0,1250.0,2500.0,PKJ,캔디류,소프트캔디
124140,PKJ)딸기모양마시멜로우48g,20250212,15,12,20084,천안상온센터,1008.0,228.0,0.0,48.0,132.0,84.0,36.0,48.0,12.0,0.0,0.0,0.0,0.0,0.0,264.0,44,568.0,1250.0,2500.0,PKJ,캔디류,소프트캔디
124140,PKJ)딸기모양마시멜로우48g,20250212,15,12,20085,인천B상온센터,2088.0,348.0,24.0,120.0,72.0,36.0,60.0,36.0,0.0,24.0,0.0,0.0,0.0,0.0,252.0,53,776.0,1250.0,2500.0,PKJ,캔디류,소프트캔디
124141,훼밀리)멜로팝스트로베리15g,20250212,15,8,20006,성남센터,896.0,176.0,32.0,24.0,32.0,32.0,24.0,8.0,0.0,8.0,8.0,0.0,0.0,0.0,120.0,40,662.0,900.0,1800.0,훼밀리,캔디류,소프트캔디
124141,훼밀리)멜로팝스트로베리15g,20250212,15,8,20007,대구센터,960.0,192.0,8.0,48.0,80.0,24.0,40.0,16.0,8.0,8.0,0.0,0.0,0.0,0.0,160.0,45,985.0,900.0,1800.0,훼밀리,캔디류,소프트캔디
124141,훼밀리)멜로팝스트로베리15g,20250212,15,8,20010,양주센터,1152.0,184.0,0.0,56.0,112.0,64.0,8.0,8.0,0.0,0.0,0.0,0.0,0.0,0.0,232.0,56,969.0,900.0,1800.0,훼밀리,캔디류,소프트캔디
124141,훼밀리)멜로팝스트로베리15g,20250212,15,8,20017,울산상온센터(K7),640.0,144.0,0.0,32.0,32.0,8.0,16.0,0.0,8.0,0.0,8.0,0.0,0.0,0.0,72.0,29,728.0,900.0,1800.0,훼밀리,캔디류,소프트캔디
124141,훼밀리)멜로팝스트로베리15g,20250212,15,8,20033,제주상온센터,256.0,96.0,0.0,0.0,8.0,16.0,0.0,0.0,0.0,0.0,0.0,0.0,0.0,0.0,24.0,15,312.0,900.0,1800.0,훼밀리,캔디류,소프트캔디
124141,훼밀리)멜로팝스트로베리15g,20250212,15,8,20034,구성상온센터,1216.0,192.0,8.0,0.0,96.0,8.0,0.0,16.0,0.0,16.0,8.0,8.0,0.0,0.0,112.0,40,875.0,900.0,1800.0,훼밀리,캔디류,소프트캔디
124141,훼밀리)멜로팝스트로베리15g,20250212,15,8,20050,세종상온센터,896.0,192.0,0.0,64.0,32.0,72.0,16.0,16.0,8.0,8.0,0.0,16.0,0.0,0.0,168.0,48,949.0,900.0,1800.0,훼밀리,캔디류,소프트캔디
124141,훼밀리)멜로팝스트로베리15g,20250212,15,8,20065,원주상온센터(K7),576.0,176.0,0.0,16.0,48.0,24.0,32.0,32.0,16.0,0.0,8.0,8.0,0.0,0.0,88.0,33,686.0,900.0,1800.0,훼밀리,캔디류,소프트캔디
124141,훼밀리)멜로팝스트로베리15g,20250212,15,8,20075,인천상온센터,768.0,208.0,16.0,56.0,64.0,8.0,24.0,8.0,16.0,0.0,0.0,0.0,0.0,0.0,144.0,45,813.0,900.0,1800.0,훼밀리,캔디류,소프트캔디
124141,훼밀리)멜로팝스트로베리15g,20250212,15,8,20079,A광주상온센터,704.0,144.0,16.0,96.0,24.0,8.0,24.0,40.0,0.0,0.0,0.0,0.0,0.0,0.0,144.0,37,753.0,900.0,1800.0,훼밀리,캔디류,소프트캔디
124141,훼밀리)멜로팝스트로베리15g,20250212,15,8,20080,A의왕상온센터,704.0,184.0,8.0,48.0,48.0,16.0,24.0,0.0,16.0,0.0,8.0,0.0,0.0,0.0,120.0,39,717.0,900.0,1800.0,훼밀리,캔디류,소프트캔디
124141,훼밀리)멜로팝스트로베리15g,20250212,15,8,20081,A양산상온센터,768.0,144.0,8.0,32.0,72.0,16.0,24.0,8.0,0.0,0.0,0.0,0.0,0.0,0.0,128.0,33,869.0,900.0,1800.0,훼밀리,캔디류,소프트캔디
124141,훼밀리)멜로팝스트로베리15g,20250212,15,8,20083,김제상온센터,512.0,88.0,16.0,8.0,40.0,32.0,24.0,8.0,0.0,0.0,0.0,8.0,0.0,0.0,96.0,24,653.0,900.0,1800.0,훼밀리,캔디류,소프트캔디
124141,훼밀리)멜로팝스트로베리15g,20250212,15,8,20084,천안상온센터,448.0,152.0,8.0,8.0,64.0,8.0,0.0,0.0,0.0,0.0,0.0,0.0,0.0,0.0,88.0,31,568.0,900.0,1800.0,훼밀리,캔디류,소프트캔디
124141,훼밀리)멜로팝스트로베리15g,20250212,15,8,20085,인천B상온센터,896.0,192.0,24.0,24.0,16.0,32.0,32.0,16.0,0.0,0.0,0.0,0.0,0.0,0.0,96.0,40,776.0,900.0,1800.0,훼밀리,캔디류,소프트캔디
124142,훼밀리)BBQ마시멜로우30g,20250205,15,16,20006,성남센터,896.0,64.0,96.0,0.0,32.0,0.0,16.0,16.0,0.0,0.0,16.0,32.0,16.0,0.0,128.0,13,663.0,1036.0,2000.0,훼밀리,캔디류,소프트캔디
124142,훼밀리)BBQ마시멜로우30g,20250205,15,16,20007,대구센터,896.0,176.0,64.0,48.0,64.0,48.0,16.0,0.0,16.0,16.0,144.0,144.0,0.0,0.0,224.0,27,985.0,1036.0,2000.0,훼밀리,캔디류,소프트캔디
124142,훼밀리)BBQ마시멜로우30g,20250205,15,16,20010,양주센터,1152.0,112.0,48.0,32.0,32.0,32.0,32.0,0.0,32.0,16.0,128.0,112.0,16.0,0.0,144.0,18,974.0,1036.0,2000.0,훼밀리,캔디류,소프트캔디
124142,훼밀리)BBQ마시멜로우30g,20250205,15,16,20017,울산상온센터(K7),640.0,64.0,32.0,16.0,32.0,16.0,16.0,16.0,0.0,0.0,16.0,64.0,32.0,0.0,96.0,12,731.0,1036.0,2000.0,훼밀리,캔디류,소프트캔디
124142,훼밀리)BBQ마시멜로우30g,20250205,15,16,20033,제주상온센터,512.0,32.0,32.0,32.0,16.0,0.0,16.0,16.0,16.0,0.0,0.0,48.0,0.0,0.0,80.0,7,313.0,1036.0,2000.0,훼밀리,캔디류,소프트캔디
124142,훼밀리)BBQ마시멜로우30g,20250205,15,16,20034,구성상온센터,1152.0,208.0,64.0,16.0,80.0,0.0,32.0,16.0,16.0,32.0,32.0,224.0,0.0,0.0,160.0,23,875.0,1036.0,2000.0,훼밀리,캔디류,소프트캔디
124142,훼밀리)BBQ마시멜로우30g,20250205,15,16,20050,세종상온센터,896.0,208.0,32.0,48.0,48.0,16.0,32.0,80.0,32.0,32.0,128.0,64.0,16.0,0.0,144.0,23,950.0,1036.0,2000.0,훼밀리,캔디류,소프트캔디
124142,훼밀리)BBQ마시멜로우30g,20250205,15,16,20065,원주상온센터(K7),512.0,96.0,48.0,80.0,32.0,0.0,0.0,32.0,48.0,0.0,80.0,208.0,16.0,0.0,160.0,17,689.0,1036.0,2000.0,훼밀리,캔디류,소프트캔디
124142,훼밀리)BBQ마시멜로우30g,20250205,15,16,20075,인천상온센터,768.0,96.0,64.0,48.0,32.0,16.0,32.0,32.0,16.0,16.0,96.0,32.0,0.0,0.0,160.0,19,814.0,1036.0,2000.0,훼밀리,캔디류,소프트캔디
124142,훼밀리)BBQ마시멜로우30g,20250205,15,16,20079,A광주상온센터,768.0,112.0,32.0,64.0,48.0,16.0,48.0,32.0,0.0,32.0,176.0,48.0,0.0,0.0,160.0,18,751.0,1036.0,2000.0,훼밀리,캔디류,소프트캔디
124142,훼밀리)BBQ마시멜로우30g,20250205,15,16,20080,A의왕상온센터,640.0,64.0,48.0,16.0,96.0,16.0,16.0,80.0,48.0,16.0,176.0,128.0,0.0,0.0,176.0,16,717.0,1036.0,2000.0,훼밀리,캔디류,소프트캔디
124142,훼밀리)BBQ마시멜로우30g,20250205,15,16,20081,A양산상온센터,768.0,32.0,64.0,16.0,32.0,32.0,0.0,16.0,16.0,32.0,96.0,208.0,0.0,0.0,144.0,10,875.0,1036.0,2000.0,훼밀리,캔디류,소프트캔디
124142,훼밀리)BBQ마시멜로우30g,20250205,15,16,20083,김제상온센터,512.0,80.0,32.0,16.0,0.0,16.0,0.0,16.0,32.0,64.0,80.0,64.0,16.0,0.0,64.0,9,654.0,1036.0,2000.0,훼밀리,캔디류,소프트캔디
124142,훼밀리)BBQ마시멜로우30g,20250205,15,16,20084,천안상온센터,512.0,80.0,64.0,32.0,32.0,0.0,0.0,48.0,16.0,0.0,48.0,160.0,0.0,0.0,128.0,13,569.0,1036.0,2000.0,훼밀리,캔디류,소프트캔디
124142,훼밀리)BBQ마시멜로우30g,20250205,15,16,20085,인천B상온센터,896.0,80.0,48.0,32.0,48.0,32.0,48.0,0.0,32.0,48.0,96.0,48.0,0.0,0.0,160.0,16,776.0,1036.0,2000.0,훼밀리,캔디류,소프트캔디
124151,오리온)마이구미제로54g,20250130,15,10,20006,성남센터,4080.0,0.0,0.0,0.0,0.0,0.0,120.0,80.0,60.0,110.0,80.0,20.0,0.0,0.0,0.0,0,665.0,696.0,1200.0,오리온,젤리류,국산젤리
124151,오리온)마이구미제로54g,20250130,15,10,20007,대구센터,4360.0,0.0,0.0,0.0,0.0,0.0,90.0,90.0,120.0,100.0,130.0,20.0,10.0,0.0,0.0,0,985.0,696.0,1200.0,오리온,젤리류,국산젤리
124151,오리온)마이구미제로54g,20250130,15,10,20010,양주센터,5440.0,0.0,0.0,0.0,0.0,0.0,60.0,170.0,110.0,110.0,40.0,40.0,0.0,0.0,0.0,0,973.0,696.0,1200.0,오리온,젤리류,국산젤리
124151,오리온)마이구미제로54g,20250130,15,10,20017,울산상온센터(K7),2920.0,0.0,0.0,0.0,0.0,0.0,50.0,100.0,70.0,100.0,30.0,20.0,0.0,0.0,0.0,0,731.0,696.0,1200.0,오리온,젤리류,국산젤리
124151,오리온)마이구미제로54g,20250130,15,10,20033,제주상온센터,1080.0,0.0,0.0,0.0,0.0,0.0,70.0,40.0,30.0,20.0,10.0,0.0,0.0,0.0,0.0,0,314.0,696.0,1200.0,오리온,젤리류,국산젤리
124151,오리온)마이구미제로54g,20250130,15,10,20034,구성상온센터,5600.0,0.0,0.0,0.0,0.0,0.0,190.0,80.0,80.0,120.0,30.0,0.0,0.0,0.0,0.0,0,879.0,696.0,1200.0,오리온,젤리류,국산젤리
124151,오리온)마이구미제로54g,20250130,15,10,20050,세종상온센터,4200.0,0.0,0.0,0.0,0.0,0.0,80.0,100.0,110.0,70.0,100.0,10.0,10.0,0.0,0.0,0,950.0,696.0,1200.0,오리온,젤리류,국산젤리
124151,오리온)마이구미제로54g,20250130,15,10,20065,원주상온센터(K7),2600.0,0.0,0.0,0.0,0.0,0.0,110.0,50.0,100.0,60.0,30.0,0.0,0.0,0.0,0.0,0,689.0,696.0,1200.0,오리온,젤리류,국산젤리
124151,오리온)마이구미제로54g,20250130,15,10,20075,인천상온센터,3640.0,0.0,0.0,0.0,0.0,0.0,70.0,140.0,150.0,50.0,80.0,20.0,0.0,0.0,0.0,0,814.0,696.0,1200.0,오리온,젤리류,국산젤리
124151,오리온)마이구미제로54g,20250130,15,10,20079,A광주상온센터,3360.0,0.0,0.0,0.0,0.0,0.0,40.0,30.0,60.0,70.0,80.0,20.0,0.0,0.0,0.0,0,751.0,696.0,1200.0,오리온,젤리류,국산젤리
124151,오리온)마이구미제로54g,20250130,15,10,20080,A의왕상온센터,3240.0,0.0,0.0,0.0,0.0,0.0,90.0,60.0,80.0,110.0,40.0,0.0,10.0,0.0,0.0,0,718.0,696.0,1200.0,오리온,젤리류,국산젤리
124151,오리온)마이구미제로54g,20250130,15,10,20081,A양산상온센터,3520.0,0.0,0.0,0.0,0.0,0.0,30.0,110.0,130.0,30.0,30.0,10.0,0.0,0.0,0.0,0,875.0,696.0,1200.0,오리온,젤리류,국산젤리
124151,오리온)마이구미제로54g,20250130,15,10,20083,김제상온센터,2440.0,0.0,0.0,0.0,0.0,0.0,20.0,40.0,30.0,40.0,80.0,0.0,0.0,0.0,0.0,0,657.0,696.0,1200.0,오리온,젤리류,국산젤리
124151,오리온)마이구미제로54g,20250130,15,10,20084,천안상온센터,2040.0,0.0,0.0,0.0,0.0,0.0,120.0,50.0,40.0,30.0,20.0,0.0,0.0,0.0,0.0,0,569.0,696.0,1200.0,오리온,젤리류,국산젤리
124151,오리온)마이구미제로54g,20250130,15,10,20085,인천B상온센터,4280.0,0.0,0.0,0.0,0.0,0.0,110.0,110.0,110.0,90.0,80.0,40.0,10.0,0.0,0.0,0,778.0,696.0,1200.0,오리온,젤리류,국산젤리
124158,오리온)초코송이4P,20250203,10,2,20006,성남센터,32.0,0.0,0.0,12.0,10.0,2.0,0.0,4.0,4.0,4.0,0.0,4.0,0.0,0.0,24.0,9,661.0,1854.0,3400.0,오리온,스낵류,일반스낵
124158,오리온)초코송이4P,20250203,10,2,20007,대구센터,16.0,0.0,6.0,6.0,0.0,4.0,8.0,0.0,4.0,6.0,2.0,0.0,0.0,0.0,16.0,6,984.0,1854.0,3400.0,오리온,스낵류,일반스낵
124158,오리온)초코송이4P,20250203,10,2,20010,양주센터,48.0,0.0,6.0,20.0,12.0,2.0,2.0,2.0,10.0,0.0,0.0,0.0,0.0,0.0,40.0,11,968.0,1854.0,3400.0,오리온,스낵류,일반스낵
124158,오리온)초코송이4P,20250203,10,2,20017,울산상온센터(K7),16.0,0.0,6.0,2.0,4.0,14.0,4.0,0.0,2.0,0.0,0.0,0.0,0.0,0.0,26.0,7,731.0,1854.0,3400.0,오리온,스낵류,일반스낵
124158,오리온)초코송이4P,20250203,10,2,20033,제주상온센터,48.0,0.0,0.0,10.0,0.0,0.0,2.0,0.0,0.0,0.0,4.0,0.0,0.0,0.0,10.0,3,312.0,1854.0,3400.0,오리온,스낵류,일반스낵
124158,오리온)초코송이4P,20250203,10,2,20034,구성상온센터,32.0,0.0,0.0,36.0,10.0,20.0,10.0,4.0,0.0,2.0,6.0,4.0,0.0,0.0,66.0,15,875.0,1854.0,3400.0,오리온,스낵류,일반스낵
124158,오리온)초코송이4P,20250203,10,2,20050,세종상온센터,160.0,0.0,8.0,10.0,0.0,8.0,2.0,2.0,4.0,8.0,6.0,4.0,0.0,0.0,26.0,9,949.0,1854.0,3400.0,오리온,스낵류,일반스낵
124158,오리온)초코송이4P,20250203,10,2,20065,원주상온센터(K7),32.0,0.0,0.0,22.0,12.0,8.0,4.0,0.0,2.0,8.0,0.0,0.0,0.0,0.0,42.0,11,689.0,1854.0,3400.0,오리온,스낵류,일반스낵
124158,오리온)초코송이4P,20250203,10,2,20075,인천상온센터,160.0,0.0,6.0,14.0,0.0,8.0,2.0,0.0,4.0,4.0,0.0,2.0,0.0,0.0,28.0,8,813.0,1854.0,3400.0,오리온,스낵류,일반스낵
124158,오리온)초코송이4P,20250203,10,2,20079,A광주상온센터,80.0,0.0,6.0,0.0,0.0,4.0,10.0,0.0,0.0,6.0,0.0,0.0,6.0,0.0,10.0,3,753.0,1854.0,3400.0,오리온,스낵류,일반스낵
124158,오리온)초코송이4P,20250203,10,2,20080,A의왕상온센터,32.0,0.0,0.0,2.0,8.0,6.0,6.0,0.0,0.0,0.0,8.0,0.0,0.0,0.0,16.0,7,717.0,1854.0,3400.0,오리온,스낵류,일반스낵
124158,오리온)초코송이4P,20250203,10,2,20081,A양산상온센터,112.0,0.0,8.0,12.0,2.0,0.0,0.0,0.0,0.0,4.0,0.0,0.0,0.0,0.0,22.0,6,869.0,1854.0,3400.0,오리온,스낵류,일반스낵
124158,오리온)초코송이4P,20250203,10,2,20083,김제상온센터,16.0,0.0,0.0,6.0,0.0,0.0,0.0,0.0,6.0,0.0,0.0,4.0,0.0,0.0,6.0,1,653.0,1854.0,3400.0,오리온,스낵류,일반스낵
124158,오리온)초코송이4P,20250203,10,2,20084,천안상온센터,48.0,0.0,0.0,10.0,6.0,10.0,10.0,10.0,0.0,6.0,2.0,2.0,0.0,0.0,26.0,10,569.0,1854.0,3400.0,오리온,스낵류,일반스낵
124158,오리온)초코송이4P,20250203,10,2,20085,인천B상온센터,48.0,0.0,14.0,12.0,0.0,2.0,12.0,0.0,4.0,2.0,0.0,0.0,0.0,0.0,28.0,9,776.0,1854.0,3400.0,오리온,스낵류,일반스낵
124286,해태)팥붕슈붕젤리60g,20250212,20,8,20006,성남센터,2592.0,0.0,0.0,0.0,0.0,0.0,0.0,32.0,88.0,48.0,80.0,136.0,0.0,0.0,0.0,0,662.0,818.0,1500.0,해태,젤리류,국산젤리
124286,해태)팥붕슈붕젤리60g,20250212,20,8,20007,대구센터,2816.0,0.0,0.0,0.0,0.0,0.0,24.0,32.0,88.0,56.0,80.0,120.0,8.0,0.0,0.0,0,985.0,818.0,1500.0,해태,젤리류,국산젤리
124286,해태)팥붕슈붕젤리60g,20250212,20,8,20010,양주센터,3488.0,0.0,0.0,0.0,0.0,0.0,16.0,64.0,40.0,16.0,168.0,128.0,16.0,0.0,0.0,0,969.0,818.0,1500.0,해태,젤리류,국산젤리
124286,해태)팥붕슈붕젤리60g,20250212,20,8,20017,울산상온센터(K7),1888.0,0.0,0.0,0.0,0.0,0.0,24.0,56.0,24.0,24.0,72.0,40.0,8.0,0.0,0.0,0,728.0,818.0,1500.0,해태,젤리류,국산젤리
124286,해태)팥붕슈붕젤리60g,20250212,20,8,20033,제주상온센터,672.0,0.0,0.0,0.0,0.0,0.0,0.0,8.0,16.0,32.0,24.0,16.0,0.0,0.0,0.0,0,312.0,818.0,1500.0,해태,젤리류,국산젤리
124286,해태)팥붕슈붕젤리60g,20250212,20,8,20034,구성상온센터,3584.0,0.0,0.0,0.0,0.0,0.0,0.0,40.0,88.0,8.0,48.0,224.0,32.0,0.0,0.0,0,875.0,818.0,1500.0,해태,젤리류,국산젤리
124286,해태)팥붕슈붕젤리60g,20250212,20,8,20050,세종상온센터,2688.0,0.0,0.0,0.0,0.0,0.0,32.0,32.0,48.0,32.0,152.0,160.0,0.0,0.0,0.0,0,949.0,818.0,1500.0,해태,젤리류,국산젤리
124286,해태)팥붕슈붕젤리60g,20250212,20,8,20065,원주상온센터(K7),1664.0,0.0,0.0,0.0,0.0,0.0,0.0,32.0,32.0,72.0,24.0,144.0,8.0,0.0,0.0,0,686.0,818.0,1500.0,해태,젤리류,국산젤리
124286,해태)팥붕슈붕젤리60g,20250212,20,8,20075,인천상온센터,2336.0,0.0,0.0,0.0,0.0,0.0,24.0,48.0,40.0,80.0,152.0,136.0,8.0,0.0,0.0,0,813.0,818.0,1500.0,해태,젤리류,국산젤리
124286,해태)팥붕슈붕젤리60g,20250212,20,8,20079,A광주상온센터,2144.0,0.0,0.0,0.0,0.0,0.0,8.0,56.0,32.0,16.0,136.0,72.0,0.0,0.0,0.0,0,753.0,818.0,1500.0,해태,젤리류,국산젤리
124286,해태)팥붕슈붕젤리60g,20250212,20,8,20080,A의왕상온센터,2080.0,0.0,0.0,0.0,0.0,0.0,8.0,40.0,16.0,24.0,128.0,168.0,16.0,0.0,0.0,0,717.0,818.0,1500.0,해태,젤리류,국산젤리
124286,해태)팥붕슈붕젤리60g,20250212,20,8,20081,A양산상온센터,2240.0,0.0,0.0,0.0,0.0,0.0,16.0,16.0,40.0,40.0,32.0,144.0,0.0,0.0,0.0,0,869.0,818.0,1500.0,해태,젤리류,국산젤리
124286,해태)팥붕슈붕젤리60g,20250212,20,8,20083,김제상온센터,1568.0,0.0,0.0,0.0,0.0,0.0,16.0,16.0,24.0,24.0,48.0,88.0,0.0,0.0,0.0,0,653.0,818.0,1500.0,해태,젤리류,국산젤리
124286,해태)팥붕슈붕젤리60g,20250212,20,8,20084,천안상온센터,1312.0,0.0,0.0,0.0,0.0,0.0,0.0,24.0,32.0,24.0,56.0,112.0,8.0,0.0,0.0,0,568.0,818.0,1500.0,해태,젤리류,국산젤리
124286,해태)팥붕슈붕젤리60g,20250212,20,8,20085,인천B상온센터,2720.0,0.0,0.0,0.0,0.0,0.0,24.0,88.0,56.0,24.0,144.0,80.0,0.0,0.0,0.0,0,776.0,818.0,1500.0,해태,젤리류,국산젤리
124290,훼밀리)사과무케루푸루푸루구미40g,20250219,20,12,20006,성남센터,4416.0,0.0,96.0,288.0,612.0,456.0,540.0,240.0,444.0,0.0,12.0,12.0,0.0,0.0,1452.0,124,661.0,900.0,1800.0,훼밀리,젤리류,수입젤리
124290,훼밀리)사과무케루푸루푸루구미40g,20250219,20,12,20007,대구센터,4800.0,24.0,132.0,468.0,516.0,504.0,264.0,180.0,108.0,24.0,36.0,0.0,0.0,0.0,1620.0,145,984.0,900.0,1800.0,훼밀리,젤리류,수입젤리
124290,훼밀리)사과무케루푸루푸루구미40g,20250219,20,12,20010,양주센터,5952.0,24.0,84.0,540.0,492.0,360.0,252.0,180.0,84.0,12.0,24.0,24.0,0.0,0.0,1476.0,135,968.0,900.0,1800.0,훼밀리,젤리류,수입젤리
124290,훼밀리)사과무케루푸루푸루구미40g,20250219,20,12,20017,울산상온센터(K7),3168.0,12.0,60.0,312.0,372.0,192.0,132.0,132.0,36.0,12.0,0.0,12.0,0.0,0.0,936.0,80,728.0,900.0,1800.0,훼밀리,젤리류,수입젤리
124290,훼밀리)사과무케루푸루푸루구미40g,20250219,20,12,20033,제주상온센터,1152.0,0.0,60.0,72.0,156.0,72.0,156.0,72.0,0.0,0.0,0.0,12.0,0.0,0.0,360.0,30,312.0,900.0,1800.0,훼밀리,젤리류,수입젤리
124290,훼밀리)사과무케루푸루푸루구미40g,20250219,20,12,20034,구성상온센터,6048.0,0.0,72.0,264.0,864.0,384.0,252.0,204.0,228.0,12.0,12.0,12.0,12.0,0.0,1584.0,136,875.0,900.0,1800.0,훼밀리,젤리류,수입젤리
124290,훼밀리)사과무케루푸루푸루구미40g,20250219,20,12,20050,세종상온센터,4608.0,12.0,36.0,540.0,828.0,468.0,648.0,528.0,300.0,0.0,84.0,12.0,0.0,0.0,1872.0,142,948.0,900.0,1800.0,훼밀리,젤리류,수입젤리
124290,훼밀리)사과무케루푸루푸루구미40g,20250219,20,12,20065,원주상온센터(K7),2880.0,0.0,24.0,216.0,456.0,540.0,300.0,240.0,336.0,24.0,0.0,24.0,0.0,0.0,1236.0,94,683.0,900.0,1800.0,훼밀리,젤리류,수입젤리
124290,훼밀리)사과무케루푸루푸루구미40g,20250219,20,12,20075,인천상온센터,3936.0,12.0,204.0,492.0,360.0,252.0,72.0,72.0,24.0,12.0,24.0,12.0,0.0,0.0,1308.0,108,815.0,900.0,1800.0,훼밀리,젤리류,수입젤리
124290,훼밀리)사과무케루푸루푸루구미40g,20250219,20,12,20079,A광주상온센터,3648.0,48.0,24.0,264.0,324.0,552.0,216.0,228.0,72.0,24.0,0.0,0.0,0.0,0.0,1164.0,107,754.0,900.0,1800.0,훼밀리,젤리류,수입젤리
124290,훼밀리)사과무케루푸루푸루구미40g,20250219,20,12,20080,A의왕상온센터,3552.0,12.0,84.0,480.0,576.0,396.0,252.0,96.0,48.0,48.0,0.0,0.0,0.0,0.0,1536.0,129,715.0,900.0,1800.0,훼밀리,젤리류,수입젤리
124290,훼밀리)사과무케루푸루푸루구미40g,20250219,20,12,20081,A양산상온센터,3840.0,48.0,72.0,204.0,552.0,312.0,240.0,156.0,96.0,0.0,24.0,12.0,0.0,0.0,1140.0,104,869.0,900.0,1800.0,훼밀리,젤리류,수입젤리
124290,훼밀리)사과무케루푸루푸루구미40g,20250219,20,12,20083,김제상온센터,2688.0,12.0,60.0,180.0,336.0,156.0,168.0,96.0,36.0,12.0,12.0,12.0,0.0,0.0,732.0,65,653.0,900.0,1800.0,훼밀리,젤리류,수입젤리
124290,훼밀리)사과무케루푸루푸루구미40g,20250219,20,12,20084,천안상온센터,2208.0,0.0,36.0,144.0,384.0,216.0,72.0,60.0,24.0,24.0,24.0,12.0,0.0,0.0,780.0,69,568.0,900.0,1800.0,훼밀리,젤리류,수입젤리
124290,훼밀리)사과무케루푸루푸루구미40g,20250219,20,12,20085,인천B상온센터,4608.0,24.0,204.0,480.0,384.0,324.0,216.0,144.0,12.0,0.0,36.0,12.0,0.0,0.0,1392.0,120,778.0,900.0,1800.0,훼밀리,젤리류,수입젤리
124291,일신)캇예스레인보우75g,20250219,20,2,20006,성남센터,4064.0,0.0,42.0,176.0,462.0,556.0,478.0,348.0,488.0,24.0,18.0,8.0,0.0,0.0,1236.0,281,661.0,1250.0,2500.0,일신,젤리류,수입젤리
124291,일신)캇예스레인보우75g,20250219,20,2,20007,대구센터,4384.0,6.0,52.0,380.0,480.0,558.0,320.0,234.0,42.0,8.0,24.0,4.0,0.0,0.0,1470.0,320,984.0,1250.0,2500.0,일신,젤리류,수입젤리
124291,일신)캇예스레인보우75g,20250219,20,2,20010,양주센터,5440.0,16.0,34.0,468.0,720.0,610.0,562.0,322.0,92.0,4.0,10.0,8.0,0.0,0.0,1832.0,459,968.0,1250.0,2500.0,일신,젤리류,수입젤리
124291,일신)캇예스레인보우75g,20250219,20,2,20017,울산상온센터(K7),2912.0,4.0,28.0,268.0,322.0,322.0,192.0,172.0,62.0,20.0,22.0,2.0,0.0,0.0,940.0,228,728.0,1250.0,2500.0,일신,젤리류,수입젤리
124291,일신)캇예스레인보우75g,20250219,20,2,20033,제주상온센터,1056.0,0.0,18.0,36.0,224.0,176.0,168.0,52.0,28.0,0.0,4.0,52.0,0.0,0.0,454.0,111,312.0,1250.0,2500.0,일신,젤리류,수입젤리
124291,일신)캇예스레인보우75g,20250219,20,2,20034,구성상온센터,5600.0,0.0,40.0,102.0,670.0,456.0,524.0,294.0,152.0,4.0,0.0,26.0,0.0,0.0,1268.0,302,875.0,1250.0,2500.0,일신,젤리류,수입젤리
124291,일신)캇예스레인보우75g,20250219,20,2,20050,세종상온센터,4192.0,4.0,12.0,346.0,684.0,310.0,310.0,326.0,154.0,0.0,24.0,0.0,0.0,0.0,1352.0,231,948.0,1250.0,2500.0,일신,젤리류,수입젤리
124291,일신)캇예스레인보우75g,20250219,20,2,20065,원주상온센터(K7),2592.0,0.0,10.0,140.0,498.0,334.0,240.0,152.0,208.0,4.0,4.0,8.0,0.0,0.0,982.0,179,683.0,1250.0,2500.0,일신,젤리류,수입젤리
124291,일신)캇예스레인보우75g,20250219,20,2,20075,인천상온센터,3648.0,4.0,116.0,364.0,510.0,500.0,298.0,198.0,42.0,0.0,16.0,4.0,0.0,0.0,1490.0,389,815.0,1250.0,2500.0,일신,젤리류,수입젤리
124291,일신)캇예스레인보우75g,20250219,20,2,20079,A광주상온센터,3360.0,16.0,12.0,206.0,336.0,666.0,354.0,286.0,68.0,6.0,12.0,6.0,0.0,0.0,1220.0,324,754.0,1250.0,2500.0,일신,젤리류,수입젤리
124291,일신)캇예스레인보우75g,20250219,20,2,20080,A의왕상온센터,3232.0,0.0,26.0,306.0,612.0,544.0,408.0,268.0,58.0,10.0,6.0,130.0,0.0,0.0,1488.0,346,715.0,1250.0,2500.0,일신,젤리류,수입젤리
124291,일신)캇예스레인보우75g,20250219,20,2,20081,A양산상온센터,3520.0,8.0,44.0,194.0,432.0,468.0,358.0,192.0,76.0,2.0,8.0,22.0,0.0,0.0,1138.0,310,869.0,1250.0,2500.0,일신,젤리류,수입젤리
124291,일신)캇예스레인보우75g,20250219,20,2,20083,김제상온센터,2464.0,8.0,36.0,156.0,404.0,468.0,276.0,200.0,60.0,8.0,28.0,24.0,0.0,0.0,1064.0,241,653.0,1250.0,2500.0,일신,젤리류,수입젤리
124291,일신)캇예스레인보우75g,20250219,20,2,20084,천안상온센터,2016.0,0.0,10.0,60.0,238.0,250.0,118.0,178.0,110.0,4.0,8.0,0.0,0.0,0.0,558.0,131,568.0,1250.0,2500.0,일신,젤리류,수입젤리
124291,일신)캇예스레인보우75g,20250219,20,2,20085,인천B상온센터,4256.0,14.0,64.0,366.0,572.0,544.0,388.0,216.0,94.0,0.0,6.0,10.0,0.0,0.0,1546.0,392,778.0,1250.0,2500.0,일신,젤리류,수입젤리
124292,일신)캇예스파티프레드175g,20250226,15,2,20006,성남센터,324.0,28.0,30.0,26.0,42.0,30.0,38.0,40.0,4.0,0.0,2.0,16.0,0.0,0.0,128.0,49,661.0,3000.0,6000.0,일신,젤리류,수입젤리
124292,일신)캇예스파티프레드175g,20250226,15,2,20007,대구센터,360.0,94.0,132.0,52.0,44.0,30.0,12.0,16.0,10.0,2.0,0.0,0.0,0.0,0.0,258.0,48,983.0,3000.0,6000.0,일신,젤리류,수입젤리
124292,일신)캇예스파티프레드175g,20250226,15,2,20010,양주센터,450.0,26.0,20.0,18.0,78.0,28.0,50.0,8.0,4.0,0.0,20.0,0.0,0.0,0.0,144.0,63,969.0,3000.0,6000.0,일신,젤리류,수입젤리
124292,일신)캇예스파티프레드175g,20250226,15,2,20017,울산상온센터(K7),234.0,22.0,2.0,22.0,44.0,68.0,32.0,20.0,0.0,0.0,0.0,0.0,0.0,0.0,136.0,50,730.0,3000.0,6000.0,일신,젤리류,수입젤리
124292,일신)캇예스파티프레드175g,20250226,15,2,20033,제주상온센터,90.0,10.0,4.0,2.0,16.0,8.0,54.0,0.0,0.0,0.0,0.0,0.0,0.0,0.0,30.0,17,313.0,3000.0,6000.0,일신,젤리류,수입젤리
124292,일신)캇예스파티프레드175g,20250226,15,2,20034,구성상온센터,450.0,22.0,40.0,16.0,80.0,74.0,26.0,54.0,4.0,6.0,12.0,10.0,4.0,0.0,210.0,85,877.0,3000.0,6000.0,일신,젤리류,수입젤리
124292,일신)캇예스파티프레드175g,20250226,15,2,20050,세종상온센터,342.0,14.0,48.0,16.0,68.0,26.0,56.0,26.0,2.0,0.0,0.0,4.0,0.0,0.0,158.0,51,946.0,3000.0,6000.0,일신,젤리류,수입젤리
124292,일신)캇예스파티프레드175g,20250226,15,2,20065,원주상온센터(K7),216.0,26.0,0.0,22.0,94.0,18.0,36.0,12.0,4.0,2.0,0.0,6.0,0.0,0.0,134.0,32,683.0,3000.0,6000.0,일신,젤리류,수입젤리
124292,일신)캇예스파티프레드175g,20250226,15,2,20075,인천상온센터,306.0,20.0,28.0,32.0,54.0,32.0,26.0,4.0,0.0,6.0,2.0,0.0,0.0,0.0,146.0,54,814.0,3000.0,6000.0,일신,젤리류,수입젤리
124292,일신)캇예스파티프레드175g,20250226,15,2,20079,A광주상온센터,270.0,2.0,22.0,14.0,44.0,32.0,12.0,24.0,0.0,0.0,0.0,6.0,0.0,0.0,112.0,38,752.0,3000.0,6000.0,일신,젤리류,수입젤리
124292,일신)캇예스파티프레드175g,20250226,15,2,20080,A의왕상온센터,270.0,40.0,12.0,14.0,58.0,76.0,32.0,22.0,14.0,0.0,0.0,0.0,0.0,0.0,160.0,55,715.0,3000.0,6000.0,일신,젤리류,수입젤리
124292,일신)캇예스파티프레드175g,20250226,15,2,20081,A양산상온센터,1782.0,18.0,48.0,6.0,14.0,32.0,26.0,4.0,6.0,20.0,4.0,2.0,0.0,0.0,100.0,42,871.0,3000.0,6000.0,일신,젤리류,수입젤리
124292,일신)캇예스파티프레드175g,20250226,15,2,20083,김제상온센터,198.0,18.0,10.0,22.0,20.0,116.0,28.0,6.0,0.0,0.0,2.0,8.0,0.0,0.0,168.0,32,654.0,3000.0,6000.0,일신,젤리류,수입젤리
124292,일신)캇예스파티프레드175g,20250226,15,2,20084,천안상온센터,162.0,20.0,28.0,0.0,36.0,42.0,12.0,0.0,2.0,0.0,0.0,0.0,0.0,0.0,106.0,36,568.0,3000.0,6000.0,일신,젤리류,수입젤리
124292,일신)캇예스파티프레드175g,20250226,15,2,20085,인천B상온센터,342.0,60.0,22.0,28.0,40.0,26.0,54.0,20.0,0.0,0.0,10.0,0.0,0.0,0.0,116.0,57,778.0,3000.0,6000.0,일신,젤리류,수입젤리
124293,일신)캇예스프레드페르켈175g,20250226,15,2,20006,성남센터,324.0,28.0,28.0,26.0,42.0,30.0,36.0,34.0,4.0,0.0,2.0,14.0,0.0,0.0,126.0,47,661.0,3000.0,6000.0,일신,젤리류,수입젤리
124293,일신)캇예스프레드페르켈175g,20250226,15,2,20007,대구센터,360.0,92.0,34.0,52.0,42.0,30.0,8.0,12.0,10.0,2.0,0.0,0.0,0.0,0.0,158.0,47,983.0,3000.0,6000.0,일신,젤리류,수입젤리
124293,일신)캇예스프레드페르켈175g,20250226,15,2,20010,양주센터,450.0,26.0,20.0,18.0,68.0,26.0,52.0,12.0,4.0,0.0,22.0,0.0,0.0,0.0,132.0,54,969.0,3000.0,6000.0,일신,젤리류,수입젤리
124293,일신)캇예스프레드페르켈175g,20250226,15,2,20017,울산상온센터(K7),234.0,20.0,2.0,26.0,36.0,56.0,26.0,20.0,0.0,0.0,0.0,0.0,0.0,0.0,120.0,42,730.0,3000.0,6000.0,일신,젤리류,수입젤리
124293,일신)캇예스프레드페르켈175g,20250226,15,2,20033,제주상온센터,90.0,10.0,2.0,2.0,14.0,8.0,56.0,0.0,0.0,0.0,0.0,0.0,0.0,0.0,26.0,14,313.0,3000.0,6000.0,일신,젤리류,수입젤리
124293,일신)캇예스프레드페르켈175g,20250226,15,2,20034,구성상온센터,450.0,24.0,32.0,16.0,80.0,70.0,28.0,52.0,4.0,6.0,12.0,10.0,0.0,0.0,198.0,81,877.0,3000.0,6000.0,일신,젤리류,수입젤리
124293,일신)캇예스프레드페르켈175g,20250226,15,2,20050,세종상온센터,342.0,10.0,48.0,18.0,64.0,24.0,40.0,22.0,2.0,8.0,0.0,4.0,0.0,0.0,154.0,46,946.0,3000.0,6000.0,일신,젤리류,수입젤리
124293,일신)캇예스프레드페르켈175g,20250226,15,2,20065,원주상온센터(K7),216.0,22.0,0.0,22.0,88.0,18.0,36.0,12.0,4.0,2.0,0.0,6.0,0.0,0.0,128.0,30,683.0,3000.0,6000.0,일신,젤리류,수입젤리
124293,일신)캇예스프레드페르켈175g,20250226,15,2,20075,인천상온센터,306.0,18.0,14.0,32.0,54.0,26.0,16.0,4.0,0.0,6.0,2.0,0.0,0.0,0.0,126.0,45,814.0,3000.0,6000.0,일신,젤리류,수입젤리
124293,일신)캇예스프레드페르켈175g,20250226,15,2,20079,A광주상온센터,270.0,2.0,22.0,14.0,38.0,32.0,12.0,12.0,0.0,0.0,2.0,0.0,0.0,0.0,106.0,38,752.0,3000.0,6000.0,일신,젤리류,수입젤리
124293,일신)캇예스프레드페르켈175g,20250226,15,2,20080,A의왕상온센터,270.0,34.0,12.0,16.0,56.0,74.0,32.0,18.0,14.0,0.0,0.0,0.0,0.0,0.0,158.0,55,715.0,3000.0,6000.0,일신,젤리류,수입젤리
124293,일신)캇예스프레드페르켈175g,20250226,15,2,20081,A양산상온센터,1278.0,18.0,48.0,14.0,12.0,26.0,24.0,4.0,6.0,20.0,4.0,2.0,0.0,0.0,100.0,36,871.0,3000.0,6000.0,일신,젤리류,수입젤리
124293,일신)캇예스프레드페르켈175g,20250226,15,2,20083,김제상온센터,198.0,12.0,6.0,16.0,14.0,140.0,30.0,8.0,4.0,0.0,0.0,2.0,0.0,0.0,176.0,27,654.0,3000.0,6000.0,일신,젤리류,수입젤리
124293,일신)캇예스프레드페르켈175g,20250226,15,2,20084,천안상온센터,162.0,8.0,26.0,0.0,36.0,42.0,12.0,0.0,4.0,0.0,0.0,0.0,0.0,0.0,104.0,32,568.0,3000.0,6000.0,일신,젤리류,수입젤리
124293,일신)캇예스프레드페르켈175g,20250226,15,2,20085,인천B상온센터,342.0,74.0,18.0,32.0,38.0,24.0,50.0,16.0,0.0,0.0,6.0,0.0,0.0,0.0,112.0,55,778.0,3000.0,6000.0,일신,젤리류,수입젤리
124294,선우)동결건조곰모양젤리13g,20250212,15,16,20006,성남센터,2048.0,0.0,0.0,0.0,0.0,0.0,0.0,64.0,80.0,64.0,80.0,160.0,16.0,0.0,0.0,0,662.0,1250.0,2500.0,선우,젤리류,국산젤리
124294,선우)동결건조곰모양젤리13g,20250212,15,16,20007,대구센터,2176.0,0.0,0.0,0.0,0.0,0.0,0.0,48.0,80.0,16.0,160.0,176.0,16.0,0.0,0.0,0,984.0,1250.0,2500.0,선우,젤리류,국산젤리
124294,선우)동결건조곰모양젤리13g,20250212,15,16,20010,양주센터,2688.0,0.0,0.0,0.0,0.0,0.0,16.0,160.0,64.0,16.0,224.0,208.0,32.0,0.0,0.0,0,968.0,1250.0,2500.0,선우,젤리류,국산젤리
124294,선우)동결건조곰모양젤리13g,20250212,15,16,20017,울산상온센터(K7),1408.0,0.0,0.0,0.0,0.0,0.0,48.0,80.0,32.0,32.0,160.0,80.0,16.0,0.0,0.0,0,728.0,1250.0,2500.0,선우,젤리류,국산젤리
124294,선우)동결건조곰모양젤리13g,20250212,15,16,20033,제주상온센터,512.0,0.0,0.0,0.0,0.0,0.0,0.0,32.0,32.0,0.0,16.0,16.0,16.0,0.0,0.0,0,312.0,1250.0,2500.0,선우,젤리류,국산젤리
124294,선우)동결건조곰모양젤리13g,20250212,15,16,20034,구성상온센터,2688.0,0.0,0.0,0.0,0.0,0.0,0.0,16.0,160.0,32.0,32.0,320.0,16.0,0.0,0.0,0,874.0,1250.0,2500.0,선우,젤리류,국산젤리
124294,선우)동결건조곰모양젤리13g,20250212,15,16,20050,세종상온센터,2048.0,0.0,0.0,0.0,0.0,0.0,48.0,32.0,32.0,16.0,96.0,256.0,0.0,0.0,0.0,0,948.0,1250.0,2500.0,선우,젤리류,국산젤리
124294,선우)동결건조곰모양젤리13g,20250212,15,16,20065,원주상온센터(K7),1280.0,0.0,0.0,0.0,0.0,0.0,0.0,32.0,80.0,64.0,32.0,128.0,16.0,0.0,0.0,0,686.0,1250.0,2500.0,선우,젤리류,국산젤리
124294,선우)동결건조곰모양젤리13g,20250212,15,16,20075,인천상온센터,1792.0,0.0,0.0,0.0,0.0,0.0,16.0,16.0,48.0,144.0,240.0,176.0,16.0,0.0,0.0,0,814.0,1250.0,2500.0,선우,젤리류,국산젤리
124294,선우)동결건조곰모양젤리13g,20250212,15,16,20079,A광주상온센터,1664.0,0.0,0.0,0.0,0.0,0.0,16.0,48.0,16.0,0.0,176.0,112.0,0.0,0.0,0.0,0,752.0,1250.0,2500.0,선우,젤리류,국산젤리
124294,선우)동결건조곰모양젤리13g,20250212,15,16,20080,A의왕상온센터,1664.0,0.0,0.0,0.0,0.0,0.0,0.0,64.0,0.0,48.0,112.0,176.0,16.0,0.0,0.0,0,716.0,1250.0,2500.0,선우,젤리류,국산젤리
124294,선우)동결건조곰모양젤리13g,20250212,15,16,20081,A양산상온센터,1792.0,0.0,0.0,0.0,0.0,0.0,0.0,32.0,16.0,32.0,128.0,224.0,0.0,0.0,0.0,0,869.0,1250.0,2500.0,선우,젤리류,국산젤리
124294,선우)동결건조곰모양젤리13g,20250212,15,16,20083,김제상온센터,1280.0,0.0,0.0,0.0,0.0,0.0,16.0,16.0,16.0,32.0,64.0,176.0,0.0,0.0,0.0,0,653.0,1250.0,2500.0,선우,젤리류,국산젤리
124294,선우)동결건조곰모양젤리13g,20250212,15,16,20084,천안상온센터,1024.0,0.0,0.0,0.0,0.0,0.0,0.0,80.0,32.0,0.0,64.0,160.0,16.0,0.0,0.0,0,568.0,1250.0,2500.0,선우,젤리류,국산젤리
124294,선우)동결건조곰모양젤리13g,20250212,15,16,20085,인천B상온센터,2048.0,0.0,0.0,0.0,0.0,0.0,32.0,80.0,48.0,48.0,128.0,96.0,0.0,0.0,0.0,0,776.0,1250.0,2500.0,선우,젤리류,국산젤리
124317,롯데)파이열매73g,20250226,30,4,20006,성남센터,1620.0,504.0,12.0,24.0,40.0,60.0,44.0,40.0,4.0,4.0,12.0,0.0,0.0,0.0,136.0,157,661.0,2134.0,3600.0,롯데,비스킷류,파이
124317,롯데)파이열매73g,20250226,30,4,20007,대구센터,1800.0,572.0,36.0,60.0,64.0,24.0,36.0,44.0,16.0,8.0,4.0,8.0,0.0,0.0,184.0,186,983.0,2134.0,3600.0,롯데,비스킷류,파이
124317,롯데)파이열매73g,20250226,30,4,20010,양주센터,2220.0,596.0,20.0,36.0,68.0,32.0,40.0,12.0,12.0,8.0,4.0,4.0,0.0,0.0,156.0,185,968.0,2134.0,3600.0,롯데,비스킷류,파이
124317,롯데)파이열매73g,20250226,30,4,20017,울산상온센터(K7),1200.0,424.0,12.0,36.0,52.0,52.0,8.0,16.0,0.0,12.0,0.0,0.0,0.0,0.0,152.0,144,730.0,2134.0,3600.0,롯데,비스킷류,파이
124317,롯데)파이열매73g,20250226,30,4,20033,제주상온센터,480.0,204.0,16.0,4.0,20.0,12.0,4.0,4.0,0.0,0.0,4.0,0.0,0.0,0.0,52.0,63,312.0,2134.0,3600.0,롯데,비스킷류,파이
124317,롯데)파이열매73g,20250226,30,4,20034,구성상온센터,2280.0,472.0,20.0,32.0,112.0,64.0,44.0,36.0,8.0,8.0,12.0,16.0,0.0,0.0,228.0,173,876.0,2134.0,3600.0,롯데,비스킷류,파이
124317,롯데)파이열매73g,20250226,30,4,20050,세종상온센터,1680.0,500.0,8.0,52.0,88.0,56.0,16.0,0.0,16.0,8.0,4.0,0.0,4.0,0.0,204.0,164,947.0,2134.0,3600.0,롯데,비스킷류,파이
124317,롯데)파이열매73g,20250226,30,4,20065,원주상온센터(K7),1080.0,424.0,0.0,4.0,56.0,48.0,84.0,24.0,80.0,4.0,4.0,8.0,0.0,0.0,108.0,105,683.0,2134.0,3600.0,롯데,비스킷류,파이
124317,롯데)파이열매73g,20250226,30,4,20075,인천상온센터,1500.0,448.0,32.0,28.0,72.0,44.0,24.0,4.0,4.0,4.0,0.0,4.0,0.0,0.0,176.0,144,814.0,2134.0,3600.0,롯데,비스킷류,파이
124317,롯데)파이열매73g,20250226,30,4,20079,A광주상온센터,1380.0,336.0,12.0,48.0,36.0,52.0,12.0,16.0,4.0,4.0,4.0,0.0,0.0,0.0,148.0,123,753.0,2134.0,3600.0,롯데,비스킷류,파이
124317,롯데)파이열매73g,20250226,30,4,20080,A의왕상온센터,1320.0,440.0,20.0,44.0,80.0,28.0,8.0,28.0,20.0,12.0,0.0,0.0,0.0,0.0,172.0,154,715.0,2134.0,3600.0,롯데,비스킷류,파이
124317,롯데)파이열매73g,20250226,30,4,20081,A양산상온센터,1440.0,316.0,8.0,32.0,60.0,32.0,12.0,12.0,4.0,4.0,8.0,12.0,0.0,0.0,132.0,113,871.0,2134.0,3600.0,롯데,비스킷류,파이
124317,롯데)파이열매73g,20250226,30,4,20083,김제상온센터,1020.0,252.0,16.0,24.0,44.0,40.0,20.0,8.0,8.0,8.0,0.0,4.0,0.0,0.0,124.0,89,654.0,2134.0,3600.0,롯데,비스킷류,파이
124317,롯데)파이열매73g,20250226,30,4,20084,천안상온센터,840.0,264.0,16.0,16.0,60.0,56.0,20.0,32.0,8.0,4.0,8.0,0.0,0.0,0.0,148.0,101,568.0,2134.0,3600.0,롯데,비스킷류,파이
124317,롯데)파이열매73g,20250226,30,4,20085,인천B상온센터,1740.0,408.0,20.0,48.0,52.0,40.0,32.0,20.0,12.0,0.0,4.0,12.0,4.0,0.0,160.0,140,778.0,2134.0,3600.0,롯데,비스킷류,파이
124318,MQ)프링글스스윗어니언100g,20250219,10,1,20006,성남센터,1464.0,0.0,0.0,44.0,234.0,157.0,138.0,68.0,48.0,10.0,4.0,14.0,0.0,0.0,435.0,134,661.0,2363.0,4000.0,MQ,스낵류,감자스낵
124318,MQ)프링글스스윗어니언100g,20250219,10,1,20007,대구센터,1572.0,0.0,0.0,132.0,276.0,224.0,135.0,100.0,33.0,26.0,18.0,12.0,4.0,0.0,632.0,205,984.0,2363.0,4000.0,MQ,스낵류,감자스낵
124318,MQ)프링글스스윗어니언100g,20250219,10,1,20010,양주센터,1956.0,0.0,0.0,165.0,260.0,180.0,123.0,91.0,42.0,16.0,20.0,12.0,0.0,0.0,605.0,193,968.0,2363.0,4000.0,MQ,스낵류,감자스낵
124318,MQ)프링글스스윗어니언100g,20250219,10,1,20017,울산상온센터(K7),1056.0,0.0,0.0,89.0,162.0,73.0,87.0,52.0,20.0,11.0,8.0,0.0,4.0,0.0,324.0,105,728.0,2363.0,4000.0,MQ,스낵류,감자스낵
124318,MQ)프링글스스윗어니언100g,20250219,10,1,20033,제주상온센터,384.0,0.0,0.0,0.0,107.0,39.0,46.0,28.0,8.0,4.0,16.0,4.0,0.0,0.0,146.0,41,312.0,2363.0,4000.0,MQ,스낵류,감자스낵
124318,MQ)프링글스스윗어니언100g,20250219,10,1,20034,구성상온센터,2016.0,0.0,0.0,3.0,297.0,231.0,160.0,103.0,56.0,16.0,8.0,20.0,6.0,0.0,531.0,159,876.0,2363.0,4000.0,MQ,스낵류,감자스낵
124318,MQ)프링글스스윗어니언100g,20250219,10,1,20050,세종상온센터,1512.0,0.0,0.0,149.0,203.0,134.0,71.0,84.0,48.0,16.0,25.0,4.0,0.0,0.0,486.0,153,947.0,2363.0,4000.0,MQ,스낵류,감자스낵
124318,MQ)프링글스스윗어니언100g,20250219,10,1,20065,원주상온센터(K7),936.0,0.0,0.0,3.0,207.0,86.0,101.0,36.0,34.0,4.0,4.0,4.0,0.0,0.0,296.0,87,683.0,2363.0,4000.0,MQ,스낵류,감자스낵
124318,MQ)프링글스스윗어니언100g,20250219,10,1,20075,인천상온센터,1320.0,0.0,0.0,155.0,168.0,135.0,76.0,65.0,18.0,14.0,16.0,1.0,0.0,0.0,458.0,148,814.0,2363.0,4000.0,MQ,스낵류,감자스낵
124318,MQ)프링글스스윗어니언100g,20250219,10,1,20079,A광주상온센터,1212.0,0.0,0.0,106.0,123.0,119.0,81.0,49.0,8.0,6.0,12.0,0.0,0.0,0.0,348.0,117,753.0,2363.0,4000.0,MQ,스낵류,감자스낵
124318,MQ)프링글스스윗어니언100g,20250219,10,1,20080,A의왕상온센터,1164.0,0.0,0.0,147.0,288.0,131.0,91.0,46.0,22.0,26.0,16.0,4.0,0.0,0.0,566.0,180,715.0,2363.0,4000.0,MQ,스낵류,감자스낵
124318,MQ)프링글스스윗어니언100g,20250219,10,1,20081,A양산상온센터,1260.0,0.0,0.0,60.0,190.0,144.0,49.0,31.0,19.0,16.0,16.0,4.0,0.0,0.0,394.0,123,871.0,2363.0,4000.0,MQ,스낵류,감자스낵
124318,MQ)프링글스스윗어니언100g,20250219,10,1,20083,김제상온센터,888.0,0.0,0.0,83.0,115.0,102.0,92.0,43.0,14.0,12.0,8.0,14.0,0.0,0.0,300.0,95,654.0,2363.0,4000.0,MQ,스낵류,감자스낵
124318,MQ)프링글스스윗어니언100g,20250219,10,1,20084,천안상온센터,732.0,0.0,0.0,6.0,159.0,123.0,73.0,93.0,35.0,9.0,5.0,8.0,0.0,0.0,288.0,90,568.0,2363.0,4000.0,MQ,스낵류,감자스낵
124318,MQ)프링글스스윗어니언100g,20250219,10,1,20085,인천B상온센터,1536.0,0.0,0.0,125.0,172.0,123.0,94.0,73.0,22.0,17.0,27.0,4.0,0.0,0.0,420.0,134,778.0,2363.0,4000.0,MQ,스낵류,감자스낵
124320,농심)먹태깡고추장마요60g,20250219,50,16,20006,성남센터,8176.0,0.0,0.0,304.0,1344.0,1040.0,848.0,448.0,224.0,32.0,16.0,32.0,0.0,0.0,2688.0,154,661.0,928.0,1700.0,농심,스낵류,일반스낵
124320,농심)먹태깡고추장마요60g,20250219,50,16,20007,대구센터,8784.0,0.0,0.0,912.0,1776.0,1616.0,1104.0,576.0,176.0,96.0,160.0,48.0,16.0,0.0,4304.0,257,984.0,928.0,1700.0,농심,스낵류,일반스낵
124320,농심)먹태깡고추장마요60g,20250219,50,16,20010,양주센터,10944.0,0.0,0.0,1008.0,1584.0,1152.0,832.0,512.0,272.0,16.0,32.0,32.0,0.0,0.0,3744.0,234,968.0,928.0,1700.0,농심,스낵류,일반스낵
124320,농심)먹태깡고추장마요60g,20250219,50,16,20017,울산상온센터(K7),5872.0,0.0,0.0,672.0,1312.0,960.0,560.0,400.0,128.0,16.0,32.0,16.0,0.0,0.0,2944.0,179,728.0,928.0,1700.0,농심,스낵류,일반스낵
124320,농심)먹태깡고추장마요60g,20250219,50,16,20033,제주상온센터,2128.0,0.0,0.0,0.0,560.0,432.0,224.0,112.0,0.0,80.0,48.0,32.0,0.0,0.0,992.0,60,312.0,928.0,1700.0,농심,스낵류,일반스낵
124320,농심)먹태깡고추장마요60g,20250219,50,16,20034,구성상온센터,11296.0,0.0,0.0,32.0,1712.0,1248.0,832.0,592.0,224.0,80.0,64.0,64.0,32.0,0.0,2992.0,180,875.0,928.0,1700.0,농심,스낵류,일반스낵
124320,농심)먹태깡고추장마요60g,20250219,50,16,20050,세종상온센터,8448.0,0.0,0.0,848.0,1312.0,816.0,464.0,208.0,224.0,48.0,144.0,16.0,16.0,0.0,2976.0,180,948.0,928.0,1700.0,농심,스낵류,일반스낵
124320,농심)먹태깡고추장마요60g,20250219,50,16,20065,원주상온센터(K7),5232.0,0.0,0.0,32.0,1184.0,704.0,480.0,192.0,192.0,16.0,48.0,0.0,0.0,0.0,1920.0,109,683.0,928.0,1700.0,농심,스낵류,일반스낵
124320,농심)먹태깡고추장마요60g,20250219,50,16,20075,인천상온센터,7344.0,0.0,0.0,880.0,944.0,752.0,416.0,320.0,48.0,80.0,80.0,0.0,0.0,0.0,2576.0,154,815.0,928.0,1700.0,농심,스낵류,일반스낵
124320,농심)먹태깡고추장마요60g,20250219,50,16,20079,A광주상온센터,6752.0,0.0,0.0,576.0,1152.0,1664.0,864.0,560.0,144.0,32.0,96.0,48.0,0.0,0.0,3392.0,196,754.0,928.0,1700.0,농심,스낵류,일반스낵
124320,농심)먹태깡고추장마요60g,20250219,50,16,20080,A의왕상온센터,6528.0,0.0,0.0,736.0,1632.0,720.0,608.0,400.0,112.0,48.0,80.0,16.0,0.0,0.0,3088.0,183,715.0,928.0,1700.0,농심,스낵류,일반스낵
124320,농심)먹태깡고추장마요60g,20250219,50,16,20081,A양산상온센터,7056.0,0.0,0.0,464.0,1472.0,1120.0,752.0,352.0,112.0,32.0,80.0,32.0,0.0,0.0,3056.0,190,869.0,928.0,1700.0,농심,스낵류,일반스낵
124320,농심)먹태깡고추장마요60g,20250219,50,16,20083,김제상온센터,4928.0,0.0,0.0,432.0,640.0,864.0,608.0,352.0,112.0,32.0,80.0,48.0,0.0,0.0,1936.0,123,653.0,928.0,1700.0,농심,스낵류,일반스낵
124320,농심)먹태깡고추장마요60g,20250219,50,16,20084,천안상온센터,4048.0,0.0,0.0,16.0,960.0,608.0,464.0,336.0,144.0,48.0,64.0,32.0,0.0,0.0,1584.0,97,568.0,928.0,1700.0,농심,스낵류,일반스낵
124320,농심)먹태깡고추장마요60g,20250219,50,16,20085,인천B상온센터,8560.0,0.0,0.0,832.0,944.0,688.0,416.0,368.0,128.0,64.0,128.0,0.0,0.0,0.0,2464.0,146,778.0,928.0,1700.0,농심,스낵류,일반스낵
124323,미성)허쉬쿠앤크라운즈96g,20250219,15,4,20006,성남센터,390.0,0.0,0.0,12.0,100.0,64.0,48.0,20.0,12.0,0.0,0.0,4.0,0.0,0.0,176.0,44,661.0,2681.0,5000.0,미성,비스킷류,쿠키
124323,미성)허쉬쿠앤크라운즈96g,20250219,15,4,20007,대구센터,420.0,0.0,0.0,40.0,52.0,68.0,36.0,36.0,12.0,8.0,4.0,0.0,0.0,0.0,160.0,41,984.0,2681.0,5000.0,미성,비스킷류,쿠키
124323,미성)허쉬쿠앤크라운즈96g,20250219,15,4,20010,양주센터,530.0,0.0,0.0,52.0,80.0,56.0,28.0,8.0,12.0,4.0,4.0,8.0,0.0,0.0,188.0,51,968.0,2681.0,5000.0,미성,비스킷류,쿠키
124323,미성)허쉬쿠앤크라운즈96g,20250219,15,4,20017,울산상온센터(K7),280.0,0.0,0.0,28.0,28.0,20.0,28.0,12.0,0.0,4.0,0.0,4.0,0.0,0.0,76.0,19,728.0,2681.0,5000.0,미성,비스킷류,쿠키
124323,미성)허쉬쿠앤크라운즈96g,20250219,15,4,20033,제주상온센터,110.0,0.0,0.0,0.0,32.0,4.0,8.0,4.0,0.0,0.0,4.0,0.0,0.0,0.0,36.0,8,312.0,2681.0,5000.0,미성,비스킷류,쿠키
124323,미성)허쉬쿠앤크라운즈96g,20250219,15,4,20034,구성상온센터,540.0,0.0,0.0,0.0,116.0,64.0,32.0,32.0,8.0,8.0,4.0,4.0,4.0,0.0,180.0,46,876.0,2681.0,5000.0,미성,비스킷류,쿠키
124323,미성)허쉬쿠앤크라운즈96g,20250219,15,4,20050,세종상온센터,410.0,0.0,0.0,56.0,60.0,44.0,16.0,28.0,4.0,4.0,0.0,0.0,0.0,0.0,160.0,41,947.0,2681.0,5000.0,미성,비스킷류,쿠키
124323,미성)허쉬쿠앤크라운즈96g,20250219,15,4,20065,원주상온센터(K7),250.0,0.0,0.0,0.0,76.0,32.0,24.0,0.0,4.0,4.0,0.0,4.0,0.0,0.0,108.0,24,683.0,2681.0,5000.0,미성,비스킷류,쿠키
124323,미성)허쉬쿠앤크라운즈96g,20250219,15,4,20075,인천상온센터,350.0,0.0,0.0,40.0,32.0,48.0,32.0,24.0,0.0,8.0,0.0,0.0,0.0,0.0,120.0,31,814.0,2681.0,5000.0,미성,비스킷류,쿠키
124323,미성)허쉬쿠앤크라운즈96g,20250219,15,4,20079,A광주상온센터,330.0,0.0,0.0,48.0,44.0,24.0,4.0,4.0,0.0,0.0,12.0,0.0,0.0,0.0,116.0,29,753.0,2681.0,5000.0,미성,비스킷류,쿠키
124323,미성)허쉬쿠앤크라운즈96g,20250219,15,4,20080,A의왕상온센터,320.0,0.0,0.0,36.0,80.0,32.0,20.0,12.0,4.0,24.0,0.0,0.0,0.0,0.0,148.0,41,715.0,2681.0,5000.0,미성,비스킷류,쿠키
124323,미성)허쉬쿠앤크라운즈96g,20250219,15,4,20081,A양산상온센터,340.0,0.0,0.0,20.0,64.0,36.0,8.0,8.0,12.0,4.0,0.0,0.0,0.0,0.0,120.0,31,871.0,2681.0,5000.0,미성,비스킷류,쿠키
124323,미성)허쉬쿠앤크라운즈96g,20250219,15,4,20083,김제상온센터,240.0,0.0,0.0,8.0,28.0,24.0,24.0,0.0,8.0,0.0,4.0,0.0,0.0,0.0,60.0,19,654.0,2681.0,5000.0,미성,비스킷류,쿠키
124323,미성)허쉬쿠앤크라운즈96g,20250219,15,4,20084,천안상온센터,200.0,0.0,0.0,4.0,24.0,24.0,8.0,4.0,12.0,0.0,4.0,0.0,0.0,0.0,52.0,12,568.0,2681.0,5000.0,미성,비스킷류,쿠키
124323,미성)허쉬쿠앤크라운즈96g,20250219,15,4,20085,인천B상온센터,410.0,0.0,0.0,40.0,44.0,56.0,20.0,20.0,16.0,0.0,12.0,0.0,0.0,0.0,140.0,36,778.0,2681.0,5000.0,미성,비스킷류,쿠키
124340,G)LOOK초콜릿딸기복숭아46g,20250226,60,10,20006,성남센터,7200.0,130.0,100.0,130.0,290.0,420.0,430.0,400.0,40.0,10.0,30.0,40.0,10.0,0.0,940.0,109,661.0,1450.0,2900.0,G,초콜릿,볼초콜릿
124340,G)LOOK초콜릿딸기복숭아46g,20250226,60,10,20007,대구센터,7200.0,160.0,90.0,190.0,240.0,380.0,160.0,90.0,40.0,20.0,10.0,30.0,0.0,0.0,900.0,108,984.0,1450.0,2900.0,G,초콜릿,볼초콜릿
124340,G)LOOK초콜릿딸기복숭아46g,20250226,60,10,20010,양주센터,10400.0,140.0,60.0,130.0,280.0,180.0,100.0,130.0,40.0,0.0,10.0,20.0,0.0,0.0,650.0,84,968.0,1450.0,2900.0,G,초콜릿,볼초콜릿
124340,G)LOOK초콜릿딸기복숭아46g,20250226,60,10,20017,울산상온센터(K7),7200.0,90.0,50.0,110.0,220.0,230.0,130.0,150.0,0.0,0.0,10.0,0.0,0.0,0.0,610.0,74,729.0,1450.0,2900.0,G,초콜릿,볼초콜릿
124340,G)LOOK초콜릿딸기복숭아46g,20250226,60,10,20033,제주상온센터,3200.0,30.0,30.0,30.0,60.0,60.0,50.0,20.0,0.0,0.0,0.0,0.0,0.0,0.0,180.0,22,312.0,1450.0,2900.0,G,초콜릿,볼초콜릿
124340,G)LOOK초콜릿딸기복숭아46g,20250226,60,10,20034,구성상온센터,10400.0,60.0,60.0,80.0,420.0,660.0,330.0,110.0,20.0,20.0,30.0,0.0,0.0,0.0,1220.0,132,876.0,1450.0,2900.0,G,초콜릿,볼초콜릿
124340,G)LOOK초콜릿딸기복숭아46g,20250226,60,10,20050,세종상온센터,7200.0,70.0,60.0,190.0,490.0,870.0,530.0,470.0,60.0,20.0,20.0,20.0,10.0,0.0,1610.0,173,947.0,1450.0,2900.0,G,초콜릿,볼초콜릿
124340,G)LOOK초콜릿딸기복숭아46g,20250226,60,10,20065,원주상온센터(K7),4800.0,60.0,30.0,50.0,210.0,200.0,170.0,100.0,90.0,0.0,0.0,20.0,0.0,0.0,490.0,49,683.0,1450.0,2900.0,G,초콜릿,볼초콜릿
124340,G)LOOK초콜릿딸기복숭아46g,20250226,60,10,20075,인천상온센터,10400.0,120.0,60.0,180.0,400.0,530.0,510.0,200.0,30.0,60.0,40.0,60.0,0.0,0.0,1170.0,131,814.0,1450.0,2900.0,G,초콜릿,볼초콜릿
124340,G)LOOK초콜릿딸기복숭아46g,20250226,60,10,20079,A광주상온센터,10400.0,90.0,20.0,120.0,270.0,340.0,160.0,90.0,20.0,10.0,40.0,20.0,0.0,0.0,750.0,89,753.0,1450.0,2900.0,G,초콜릿,볼초콜릿
124340,G)LOOK초콜릿딸기복숭아46g,20250226,60,10,20080,A의왕상온센터,3200.0,100.0,90.0,80.0,220.0,480.0,380.0,200.0,30.0,20.0,10.0,10.0,0.0,0.0,870.0,106,715.0,1450.0,2900.0,G,초콜릿,볼초콜릿
124340,G)LOOK초콜릿딸기복숭아46g,20250226,60,10,20081,A양산상온센터,12000.0,80.0,60.0,80.0,240.0,350.0,350.0,30.0,10.0,20.0,50.0,40.0,0.0,0.0,730.0,87,871.0,1450.0,2900.0,G,초콜릿,볼초콜릿
124340,G)LOOK초콜릿딸기복숭아46g,20250226,60,10,20083,김제상온센터,3200.0,40.0,40.0,20.0,170.0,200.0,130.0,80.0,10.0,10.0,0.0,0.0,0.0,0.0,430.0,48,654.0,1450.0,2900.0,G,초콜릿,볼초콜릿
124340,G)LOOK초콜릿딸기복숭아46g,20250226,60,10,20084,천안상온센터,3200.0,60.0,40.0,30.0,80.0,230.0,80.0,30.0,10.0,10.0,20.0,0.0,0.0,0.0,380.0,45,568.0,1450.0,2900.0,G,초콜릿,볼초콜릿
124340,G)LOOK초콜릿딸기복숭아46g,20250226,60,10,20085,인천B상온센터,14400.0,210.0,90.0,190.0,590.0,680.0,250.0,200.0,40.0,0.0,30.0,40.0,20.0,0.0,1550.0,177,778.0,1450.0,2900.0,G,초콜릿,볼초콜릿
124341,델토리)실타래초콜릿60g,20250305,30,10,20006,성남센터,2080.0,150.0,140.0,250.0,360.0,230.0,120.0,200.0,40.0,10.0,10.0,0.0,0.0,0.0,980.0,81,661.0,2863.0,5000.0,델토리,초콜릿,판초콜릿
124341,델토리)실타래초콜릿60g,20250305,30,10,20007,대구센터,2240.0,260.0,150.0,380.0,350.0,440.0,200.0,130.0,20.0,10.0,20.0,0.0,10.0,0.0,1320.0,136,983.0,2863.0,5000.0,델토리,초콜릿,판초콜릿
124341,델토리)실타래초콜릿60g,20250305,30,10,20010,양주센터,2720.0,280.0,180.0,1300.0,450.0,310.0,130.0,100.0,10.0,0.0,40.0,0.0,0.0,0.0,2240.0,120,969.0,2863.0,5000.0,델토리,초콜릿,판초콜릿
124341,델토리)실타래초콜릿60g,20250305,30,10,20017,울산상온센터(K7),1520.0,250.0,90.0,220.0,250.0,90.0,60.0,70.0,30.0,10.0,0.0,0.0,0.0,0.0,650.0,72,730.0,2863.0,5000.0,델토리,초콜릿,판초콜릿
124341,델토리)실타래초콜릿60g,20250305,30,10,20033,제주상온센터,480.0,70.0,10.0,50.0,170.0,50.0,60.0,30.0,0.0,10.0,10.0,0.0,0.0,0.0,280.0,29,313.0,2863.0,5000.0,델토리,초콜릿,판초콜릿
124341,델토리)실타래초콜릿60g,20250305,30,10,20034,구성상온센터,2800.0,130.0,140.0,110.0,1000.0,480.0,210.0,80.0,40.0,0.0,0.0,0.0,0.0,0.0,1730.0,164,877.0,2863.0,5000.0,델토리,초콜릿,판초콜릿
124341,델토리)실타래초콜릿60g,20250305,30,10,20050,세종상온센터,2160.0,240.0,140.0,340.0,550.0,190.0,140.0,70.0,40.0,10.0,10.0,0.0,0.0,0.0,1220.0,112,946.0,2863.0,5000.0,델토리,초콜릿,판초콜릿
124341,델토리)실타래초콜릿60g,20250305,30,10,20065,원주상온센터(K7),1360.0,210.0,60.0,120.0,410.0,190.0,170.0,70.0,30.0,0.0,40.0,0.0,0.0,0.0,780.0,73,683.0,2863.0,5000.0,델토리,초콜릿,판초콜릿
124341,델토리)실타래초콜릿60g,20250305,30,10,20075,인천상온센터,1840.0,250.0,120.0,310.0,220.0,150.0,100.0,40.0,20.0,10.0,10.0,0.0,0.0,0.0,800.0,82,814.0,2863.0,5000.0,델토리,초콜릿,판초콜릿
124341,델토리)실타래초콜릿60g,20250305,30,10,20079,A광주상온센터,1680.0,190.0,70.0,260.0,230.0,140.0,60.0,10.0,10.0,0.0,0.0,0.0,0.0,0.0,700.0,70,753.0,2863.0,5000.0,델토리,초콜릿,판초콜릿
124341,델토리)실타래초콜릿60g,20250305,30,10,20080,A의왕상온센터,1680.0,190.0,90.0,360.0,480.0,230.0,140.0,80.0,40.0,0.0,10.0,0.0,0.0,0.0,1160.0,116,715.0,2863.0,5000.0,델토리,초콜릿,판초콜릿
124341,델토리)실타래초콜릿60g,20250305,30,10,20081,A양산상온센터,1760.0,200.0,140.0,200.0,260.0,150.0,90.0,30.0,10.0,0.0,20.0,0.0,0.0,0.0,750.0,75,871.0,2863.0,5000.0,델토리,초콜릿,판초콜릿
124341,델토리)실타래초콜릿60g,20250305,30,10,20083,김제상온센터,1280.0,90.0,50.0,220.0,170.0,120.0,70.0,90.0,20.0,0.0,0.0,0.0,0.0,0.0,560.0,51,654.0,2863.0,5000.0,델토리,초콜릿,판초콜릿
124341,델토리)실타래초콜릿60g,20250305,30,10,20084,천안상온센터,1040.0,120.0,70.0,20.0,320.0,220.0,150.0,160.0,10.0,10.0,10.0,0.0,0.0,0.0,630.0,68,568.0,2863.0,5000.0,델토리,초콜릿,판초콜릿
124341,델토리)실타래초콜릿60g,20250305,30,10,20085,인천B상온센터,2160.0,240.0,110.0,330.0,420.0,190.0,50.0,30.0,20.0,0.0,0.0,0.0,0.0,0.0,1050.0,101,778.0,2863.0,5000.0,델토리,초콜릿,판초콜릿
124409,오리온)눈을감자칠리치즈프라이즈,20250226,40,12,20006,성남센터,5832.0,228.0,156.0,252.0,540.0,348.0,216.0,252.0,60.0,12.0,12.0,12.0,0.0,0.0,1296.0,128,661.0,1160.0,2000.0,오리온,스낵류,감자스낵
124409,오리온)눈을감자칠리치즈프라이즈,20250226,40,12,20007,대구센터,6276.0,384.0,228.0,600.0,444.0,504.0,360.0,216.0,96.0,48.0,48.0,48.0,12.0,0.0,1776.0,181,983.0,1160.0,2000.0,오리온,스낵류,감자스낵
124409,오리온)눈을감자칠리치즈프라이즈,20250226,40,12,20010,양주센터,7812.0,312.0,156.0,504.0,648.0,396.0,252.0,132.0,96.0,24.0,36.0,24.0,0.0,0.0,1704.0,170,968.0,1160.0,2000.0,오리온,스낵류,감자스낵
124409,오리온)눈을감자칠리치즈프라이즈,20250226,40,12,20017,울산상온센터(K7),4188.0,300.0,240.0,324.0,276.0,192.0,180.0,84.0,24.0,24.0,12.0,12.0,0.0,0.0,1032.0,113,730.0,1160.0,2000.0,오리온,스낵류,감자스낵
124409,오리온)눈을감자칠리치즈프라이즈,20250226,40,12,20033,제주상온센터,1620.0,108.0,108.0,96.0,240.0,132.0,24.0,36.0,24.0,0.0,12.0,24.0,0.0,0.0,576.0,56,312.0,1160.0,2000.0,오리온,스낵류,감자스낵
124409,오리온)눈을감자칠리치즈프라이즈,20250226,40,12,20034,구성상온센터,8064.0,252.0,240.0,228.0,900.0,360.0,312.0,240.0,48.0,36.0,60.0,48.0,24.0,0.0,1728.0,166,876.0,1160.0,2000.0,오리온,스낵류,감자스낵
124409,오리온)눈을감자칠리치즈프라이즈,20250226,40,12,20050,세종상온센터,6036.0,192.0,180.0,396.0,840.0,300.0,264.0,108.0,72.0,36.0,60.0,24.0,12.0,0.0,1716.0,162,947.0,1160.0,2000.0,오리온,스낵류,감자스낵
124409,오리온)눈을감자칠리치즈프라이즈,20250226,40,12,20065,원주상온센터(K7),3732.0,228.0,132.0,144.0,432.0,180.0,96.0,84.0,108.0,24.0,36.0,36.0,0.0,0.0,888.0,93,683.0,1160.0,2000.0,오리온,스낵류,감자스낵
124409,오리온)눈을감자칠리치즈프라이즈,20250226,40,12,20075,인천상온센터,5244.0,324.0,180.0,384.0,552.0,312.0,192.0,132.0,60.0,48.0,96.0,48.0,0.0,0.0,1428.0,147,814.0,1160.0,2000.0,오리온,스낵류,감자스낵
124409,오리온)눈을감자칠리치즈프라이즈,20250226,40,12,20079,A광주상온센터,4824.0,96.0,72.0,204.0,396.0,348.0,168.0,84.0,0.0,24.0,96.0,12.0,0.0,0.0,1020.0,93,753.0,1160.0,2000.0,오리온,스낵류,감자스낵
124409,오리온)눈을감자칠리치즈프라이즈,20250226,40,12,20080,A의왕상온센터,4656.0,252.0,156.0,396.0,516.0,360.0,276.0,204.0,60.0,48.0,12.0,0.0,0.0,0.0,1428.0,142,715.0,1160.0,2000.0,오리온,스낵류,감자스낵
124409,오리온)눈을감자칠리치즈프라이즈,20250226,40,12,20081,A양산상온센터,5040.0,288.0,168.0,300.0,396.0,252.0,132.0,60.0,48.0,36.0,24.0,36.0,0.0,0.0,1116.0,118,871.0,1160.0,2000.0,오리온,스낵류,감자스낵
124409,오리온)눈을감자칠리치즈프라이즈,20250226,40,12,20083,김제상온센터,3516.0,156.0,48.0,240.0,324.0,240.0,120.0,60.0,48.0,36.0,24.0,12.0,0.0,0.0,852.0,85,654.0,1160.0,2000.0,오리온,스낵류,감자스낵
124409,오리온)눈을감자칠리치즈프라이즈,20250226,40,12,20084,천안상온센터,2892.0,144.0,120.0,144.0,456.0,276.0,144.0,108.0,72.0,36.0,48.0,0.0,0.0,0.0,996.0,96,568.0,1160.0,2000.0,오리온,스낵류,감자스낵
124409,오리온)눈을감자칠리치즈프라이즈,20250226,40,12,20085,인천B상온센터,6120.0,252.0,168.0,468.0,444.0,216.0,120.0,96.0,36.0,12.0,24.0,36.0,0.0,0.0,1296.0,133,778.0,1160.0,2000.0,오리온,스낵류,감자스낵
124415,삼립)누네띠네딥초코120g,20250226,20,4,20006,성남센터,1104.0,56.0,52.0,56.0,144.0,84.0,88.0,88.0,16.0,4.0,12.0,0.0,0.0,0.0,336.0,96,661.0,1750.0,3500.0,삼립,비스킷류,파이
124415,삼립)누네띠네딥초코120g,20250226,20,4,20007,대구센터,1200.0,76.0,72.0,128.0,100.0,112.0,68.0,32.0,32.0,12.0,12.0,8.0,0.0,0.0,412.0,124,983.0,1750.0,3500.0,삼립,비스킷류,파이
124415,삼립)누네띠네딥초코120g,20250226,20,4,20010,양주센터,1488.0,104.0,40.0,116.0,148.0,96.0,52.0,32.0,12.0,4.0,8.0,12.0,0.0,0.0,400.0,126,968.0,1750.0,3500.0,삼립,비스킷류,파이
124415,삼립)누네띠네딥초코120g,20250226,20,4,20017,울산상온센터(K7),800.0,72.0,48.0,96.0,60.0,28.0,40.0,28.0,0.0,8.0,0.0,4.0,0.0,0.0,232.0,76,730.0,1750.0,3500.0,삼립,비스킷류,파이
124415,삼립)누네띠네딥초코120g,20250226,20,4,20033,제주상온센터,320.0,20.0,28.0,24.0,48.0,20.0,16.0,0.0,0.0,0.0,8.0,0.0,0.0,0.0,120.0,34,312.0,1750.0,3500.0,삼립,비스킷류,파이
124415,삼립)누네띠네딥초코120g,20250226,20,4,20034,구성상온센터,1536.0,56.0,36.0,64.0,224.0,92.0,56.0,32.0,4.0,8.0,16.0,16.0,0.0,0.0,416.0,118,876.0,1750.0,3500.0,삼립,비스킷류,파이
124415,삼립)누네띠네딥초코120g,20250226,20,4,20050,세종상온센터,1152.0,44.0,80.0,92.0,208.0,84.0,44.0,20.0,24.0,4.0,24.0,0.0,4.0,0.0,464.0,124,947.0,1750.0,3500.0,삼립,비스킷류,파이
124415,삼립)누네띠네딥초코120g,20250226,20,4,20065,원주상온센터(K7),720.0,52.0,40.0,36.0,104.0,48.0,28.0,16.0,44.0,8.0,12.0,4.0,0.0,0.0,228.0,64,683.0,1750.0,3500.0,삼립,비스킷류,파이
124415,삼립)누네띠네딥초코120g,20250226,20,4,20075,인천상온센터,992.0,92.0,44.0,100.0,136.0,80.0,56.0,12.0,4.0,4.0,20.0,8.0,0.0,0.0,360.0,110,814.0,1750.0,3500.0,삼립,비스킷류,파이
124415,삼립)누네띠네딥초코120g,20250226,20,4,20079,A광주상온센터,912.0,36.0,32.0,48.0,104.0,64.0,36.0,8.0,12.0,0.0,24.0,4.0,0.0,0.0,248.0,74,753.0,1750.0,3500.0,삼립,비스킷류,파이
124415,삼립)누네띠네딥초코120g,20250226,20,4,20080,A의왕상온센터,880.0,48.0,28.0,108.0,108.0,84.0,80.0,44.0,20.0,16.0,4.0,0.0,0.0,0.0,328.0,93,715.0,1750.0,3500.0,삼립,비스킷류,파이
124415,삼립)누네띠네딥초코120g,20250226,20,4,20081,A양산상온센터,960.0,60.0,40.0,76.0,108.0,60.0,28.0,16.0,12.0,4.0,8.0,8.0,0.0,0.0,284.0,88,871.0,1750.0,3500.0,삼립,비스킷류,파이
124415,삼립)누네띠네딥초코120g,20250226,20,4,20083,김제상온센터,672.0,28.0,28.0,48.0,88.0,52.0,40.0,8.0,12.0,4.0,0.0,4.0,0.0,0.0,216.0,62,654.0,1750.0,3500.0,삼립,비스킷류,파이
124415,삼립)누네띠네딥초코120g,20250226,20,4,20084,천안상온센터,560.0,44.0,32.0,32.0,112.0,80.0,40.0,24.0,8.0,8.0,12.0,0.0,0.0,0.0,256.0,76,568.0,1750.0,3500.0,삼립,비스킷류,파이
124415,삼립)누네띠네딥초코120g,20250226,20,4,20085,인천B상온센터,1168.0,80.0,32.0,112.0,96.0,68.0,44.0,24.0,4.0,0.0,12.0,4.0,0.0,0.0,308.0,94,778.0,1750.0,3500.0,삼립,비스킷류,파이
124416,서주)헬로키티사과젤리43g,20250226,30,10,20006,성남센터,1650.0,80.0,80.0,80.0,230.0,120.0,50.0,40.0,30.0,10.0,20.0,10.0,0.0,0.0,510.0,61,661.0,1018.0,2000.0,서주,젤리류,국산젤리
124416,서주)헬로키티사과젤리43g,20250226,30,10,20007,대구센터,1750.0,190.0,90.0,280.0,190.0,160.0,90.0,30.0,40.0,10.0,10.0,0.0,0.0,0.0,720.0,95,983.0,1018.0,2000.0,서주,젤리류,국산젤리
124416,서주)헬로키티사과젤리43g,20250226,30,10,20010,양주센터,2200.0,150.0,60.0,190.0,250.0,190.0,30.0,40.0,30.0,20.0,30.0,20.0,0.0,0.0,690.0,88,968.0,1018.0,2000.0,서주,젤리류,국산젤리
124416,서주)헬로키티사과젤리43g,20250226,30,10,20017,울산상온센터(K7),1200.0,120.0,60.0,160.0,130.0,90.0,40.0,20.0,0.0,20.0,0.0,10.0,0.0,0.0,440.0,59,730.0,1018.0,2000.0,서주,젤리류,국산젤리
124416,서주)헬로키티사과젤리43g,20250226,30,10,20033,제주상온센터,500.0,60.0,80.0,60.0,90.0,30.0,30.0,0.0,10.0,0.0,20.0,10.0,0.0,0.0,260.0,30,312.0,1018.0,2000.0,서주,젤리류,국산젤리
124416,서주)헬로키티사과젤리43g,20250226,30,10,20034,구성상온센터,2250.0,90.0,50.0,80.0,290.0,110.0,70.0,30.0,0.0,0.0,20.0,0.0,10.0,0.0,530.0,68,876.0,1018.0,2000.0,서주,젤리류,국산젤리
124416,서주)헬로키티사과젤리43g,20250226,30,10,20050,세종상온센터,1700.0,50.0,70.0,150.0,240.0,120.0,170.0,0.0,30.0,10.0,10.0,0.0,0.0,0.0,580.0,68,947.0,1018.0,2000.0,서주,젤리류,국산젤리
124416,서주)헬로키티사과젤리43g,20250226,30,10,20065,원주상온센터(K7),1050.0,60.0,20.0,70.0,160.0,40.0,30.0,0.0,10.0,0.0,20.0,10.0,0.0,0.0,290.0,37,683.0,1018.0,2000.0,서주,젤리류,국산젤리
124416,서주)헬로키티사과젤리43g,20250226,30,10,20075,인천상온센터,1500.0,110.0,120.0,180.0,250.0,120.0,60.0,10.0,10.0,20.0,20.0,0.0,0.0,0.0,670.0,81,814.0,1018.0,2000.0,서주,젤리류,국산젤리
124416,서주)헬로키티사과젤리43g,20250226,30,10,20079,A광주상온센터,1350.0,60.0,30.0,90.0,180.0,70.0,60.0,40.0,0.0,20.0,20.0,10.0,0.0,0.0,370.0,43,753.0,1018.0,2000.0,서주,젤리류,국산젤리
124416,서주)헬로키티사과젤리43g,20250226,30,10,20080,A의왕상온센터,1300.0,80.0,50.0,130.0,140.0,150.0,60.0,50.0,20.0,20.0,20.0,0.0,0.0,0.0,470.0,58,715.0,1018.0,2000.0,서주,젤리류,국산젤리
124416,서주)헬로키티사과젤리43g,20250226,30,10,20081,A양산상온센터,1400.0,120.0,50.0,70.0,150.0,120.0,70.0,40.0,0.0,20.0,10.0,20.0,0.0,0.0,390.0,52,871.0,1018.0,2000.0,서주,젤리류,국산젤리
124416,서주)헬로키티사과젤리43g,20250226,30,10,20083,김제상온센터,1000.0,50.0,20.0,70.0,150.0,90.0,70.0,50.0,40.0,0.0,0.0,0.0,0.0,0.0,330.0,41,654.0,1018.0,2000.0,서주,젤리류,국산젤리
124416,서주)헬로키티사과젤리43g,20250226,30,10,20084,천안상온센터,850.0,80.0,10.0,30.0,160.0,110.0,70.0,50.0,10.0,20.0,20.0,0.0,0.0,0.0,310.0,41,568.0,1018.0,2000.0,서주,젤리류,국산젤리
124416,서주)헬로키티사과젤리43g,20250226,30,10,20085,인천B상온센터,1700.0,120.0,50.0,160.0,220.0,100.0,40.0,20.0,10.0,0.0,10.0,10.0,0.0,0.0,530.0,68,778.0,1018.0,2000.0,서주,젤리류,국산젤리
124417,매크로)레옹사우어비타민c레몬젤리80g,20250226,20,12,20006,성남센터,1944.0,84.0,96.0,156.0,216.0,228.0,120.0,120.0,0.0,12.0,48.0,12.0,0.0,0.0,696.0,67,661.0,1250.0,2500.0,매크로,젤리류,수입젤리
124417,매크로)레옹사우어비타민c레몬젤리80g,20250226,20,12,20007,대구센터,2100.0,84.0,84.0,168.0,168.0,204.0,156.0,120.0,48.0,36.0,12.0,36.0,0.0,0.0,624.0,67,983.0,1250.0,2500.0,매크로,젤리류,수입젤리
124417,매크로)레옹사우어비타민c레몬젤리80g,20250226,20,12,20010,양주센터,2604.0,132.0,84.0,192.0,216.0,108.0,144.0,48.0,48.0,24.0,12.0,0.0,0.0,0.0,600.0,67,968.0,1250.0,2500.0,매크로,젤리류,수입젤리
124417,매크로)레옹사우어비타민c레몬젤리80g,20250226,20,12,20017,울산상온센터(K7),1404.0,72.0,24.0,144.0,132.0,72.0,36.0,36.0,0.0,24.0,12.0,0.0,0.0,0.0,372.0,43,730.0,1250.0,2500.0,매크로,젤리류,수입젤리
124417,매크로)레옹사우어비타민c레몬젤리80g,20250226,20,12,20033,제주상온센터,540.0,36.0,36.0,24.0,108.0,96.0,48.0,24.0,0.0,0.0,12.0,0.0,0.0,0.0,264.0,26,312.0,1250.0,2500.0,매크로,젤리류,수입젤리
124417,매크로)레옹사우어비타민c레몬젤리80g,20250226,20,12,20034,구성상온센터,2688.0,36.0,24.0,84.0,240.0,108.0,132.0,144.0,12.0,24.0,12.0,12.0,0.0,0.0,456.0,46,876.0,1250.0,2500.0,매크로,젤리류,수입젤리
124417,매크로)레옹사우어비타민c레몬젤리80g,20250226,20,12,20050,세종상온센터,2016.0,36.0,48.0,108.0,264.0,96.0,108.0,48.0,12.0,12.0,0.0,0.0,0.0,0.0,516.0,51,947.0,1250.0,2500.0,매크로,젤리류,수입젤리
124417,매크로)레옹사우어비타민c레몬젤리80g,20250226,20,12,20065,원주상온센터(K7),1248.0,36.0,12.0,36.0,192.0,72.0,108.0,24.0,12.0,0.0,36.0,0.0,0.0,0.0,312.0,33,683.0,1250.0,2500.0,매크로,젤리류,수입젤리
124417,매크로)레옹사우어비타민c레몬젤리80g,20250226,20,12,20075,인천상온센터,1752.0,84.0,48.0,168.0,180.0,96.0,60.0,48.0,12.0,12.0,0.0,0.0,0.0,0.0,492.0,52,814.0,1250.0,2500.0,매크로,젤리류,수입젤리
124417,매크로)레옹사우어비타민c레몬젤리80g,20250226,20,12,20079,A광주상온센터,1608.0,48.0,36.0,84.0,168.0,108.0,72.0,24.0,0.0,24.0,48.0,24.0,0.0,0.0,396.0,40,753.0,1250.0,2500.0,매크로,젤리류,수입젤리
124417,매크로)레옹사우어비타민c레몬젤리80g,20250226,20,12,20080,A의왕상온센터,1560.0,72.0,36.0,132.0,216.0,132.0,132.0,96.0,36.0,48.0,24.0,0.0,0.0,0.0,516.0,54,715.0,1250.0,2500.0,매크로,젤리류,수입젤리
124417,매크로)레옹사우어비타민c레몬젤리80g,20250226,20,12,20081,A양산상온센터,1680.0,60.0,12.0,84.0,132.0,132.0,60.0,12.0,24.0,12.0,0.0,12.0,0.0,0.0,360.0,44,871.0,1250.0,2500.0,매크로,젤리류,수입젤리
124417,매크로)레옹사우어비타민c레몬젤리80g,20250226,20,12,20083,김제상온센터,1176.0,48.0,24.0,48.0,60.0,96.0,48.0,24.0,12.0,0.0,0.0,0.0,0.0,0.0,228.0,26,654.0,1250.0,2500.0,매크로,젤리류,수입젤리
124417,매크로)레옹사우어비타민c레몬젤리80g,20250226,20,12,20084,천안상온센터,972.0,72.0,12.0,24.0,108.0,84.0,36.0,24.0,12.0,12.0,12.0,0.0,0.0,0.0,228.0,28,568.0,1250.0,2500.0,매크로,젤리류,수입젤리
124417,매크로)레옹사우어비타민c레몬젤리80g,20250226,20,12,20085,인천B상온센터,2040.0,156.0,48.0,144.0,192.0,108.0,72.0,12.0,0.0,0.0,12.0,0.0,0.0,0.0,492.0,57,778.0,1250.0,2500.0,매크로,젤리류,수입젤리
124418,매크로)레옹사우어비타민C자몽젤리80g,20250226,20,12,20006,성남센터,1848.0,84.0,84.0,144.0,240.0,216.0,108.0,108.0,0.0,12.0,36.0,12.0,0.0,0.0,684.0,65,661.0,1250.0,2500.0,매크로,젤리류,수입젤리
124418,매크로)레옹사우어비타민C자몽젤리80g,20250226,20,12,20007,대구센터,1992.0,84.0,72.0,168.0,144.0,228.0,132.0,96.0,48.0,36.0,12.0,24.0,0.0,0.0,612.0,68,983.0,1250.0,2500.0,매크로,젤리류,수입젤리
124418,매크로)레옹사우어비타민C자몽젤리80g,20250226,20,12,20010,양주센터,2484.0,132.0,72.0,168.0,216.0,84.0,132.0,48.0,48.0,24.0,12.0,0.0,0.0,0.0,540.0,61,968.0,1250.0,2500.0,매크로,젤리류,수입젤리
124418,매크로)레옹사우어비타민C자몽젤리80g,20250226,20,12,20017,울산상온센터(K7),1332.0,72.0,36.0,144.0,144.0,60.0,36.0,36.0,0.0,0.0,12.0,12.0,0.0,0.0,384.0,42,730.0,1250.0,2500.0,매크로,젤리류,수입젤리
124418,매크로)레옹사우어비타민C자몽젤리80g,20250226,20,12,20033,제주상온센터,516.0,48.0,36.0,24.0,60.0,96.0,72.0,24.0,0.0,0.0,12.0,0.0,0.0,0.0,216.0,22,312.0,1250.0,2500.0,매크로,젤리류,수입젤리
124418,매크로)레옹사우어비타민C자몽젤리80g,20250226,20,12,20034,구성상온센터,2556.0,36.0,36.0,84.0,240.0,108.0,132.0,144.0,12.0,24.0,12.0,12.0,0.0,0.0,468.0,46,876.0,1250.0,2500.0,매크로,젤리류,수입젤리
124418,매크로)레옹사우어비타민C자몽젤리80g,20250226,20,12,20050,세종상온센터,1920.0,36.0,36.0,108.0,252.0,84.0,96.0,48.0,12.0,12.0,0.0,0.0,0.0,0.0,480.0,46,947.0,1250.0,2500.0,매크로,젤리류,수입젤리
124418,매크로)레옹사우어비타민C자몽젤리80g,20250226,20,12,20065,원주상온센터(K7),1188.0,24.0,12.0,24.0,156.0,60.0,108.0,24.0,12.0,0.0,24.0,0.0,0.0,0.0,252.0,27,683.0,1250.0,2500.0,매크로,젤리류,수입젤리
124418,매크로)레옹사우어비타민C자몽젤리80g,20250226,20,12,20075,인천상온센터,1668.0,72.0,48.0,132.0,180.0,96.0,60.0,48.0,12.0,12.0,0.0,0.0,0.0,0.0,456.0,48,814.0,1250.0,2500.0,매크로,젤리류,수입젤리
124418,매크로)레옹사우어비타민C자몽젤리80g,20250226,20,12,20079,A광주상온센터,1536.0,48.0,36.0,72.0,168.0,108.0,84.0,24.0,0.0,36.0,48.0,24.0,0.0,0.0,384.0,37,753.0,1250.0,2500.0,매크로,젤리류,수입젤리
124418,매크로)레옹사우어비타민C자몽젤리80g,20250226,20,12,20080,A의왕상온센터,1476.0,84.0,24.0,144.0,192.0,132.0,132.0,84.0,24.0,48.0,12.0,0.0,0.0,0.0,492.0,53,715.0,1250.0,2500.0,매크로,젤리류,수입젤리
124418,매크로)레옹사우어비타민C자몽젤리80g,20250226,20,12,20081,A양산상온센터,1596.0,60.0,12.0,84.0,108.0,108.0,36.0,24.0,12.0,12.0,0.0,12.0,0.0,0.0,312.0,38,871.0,1250.0,2500.0,매크로,젤리류,수입젤리
124418,매크로)레옹사우어비타민C자몽젤리80g,20250226,20,12,20083,김제상온센터,1116.0,48.0,24.0,48.0,60.0,108.0,48.0,24.0,12.0,0.0,0.0,0.0,0.0,0.0,240.0,27,654.0,1250.0,2500.0,매크로,젤리류,수입젤리
124418,매크로)레옹사우어비타민C자몽젤리80g,20250226,20,12,20084,천안상온센터,924.0,72.0,0.0,24.0,108.0,96.0,36.0,12.0,12.0,12.0,12.0,12.0,0.0,0.0,228.0,27,568.0,1250.0,2500.0,매크로,젤리류,수입젤리
124418,매크로)레옹사우어비타민C자몽젤리80g,20250226,20,12,20085,인천B상온센터,1944.0,156.0,36.0,132.0,168.0,84.0,72.0,36.0,0.0,0.0,12.0,0.0,0.0,0.0,420.0,51,778.0,1250.0,2500.0,매크로,젤리류,수입젤리
124419,오리온)뉴비틀즈57g,20250226,30,12,20006,성남센터,5400.0,192.0,168.0,300.0,552.0,432.0,240.0,228.0,48.0,12.0,36.0,24.0,0.0,0.0,1452.0,137,661.0,580.0,1000.0,오리온,캔디류,소프트캔디
124419,오리온)뉴비틀즈57g,20250226,30,12,20007,대구센터,5760.0,420.0,240.0,636.0,420.0,648.0,432.0,204.0,84.0,72.0,72.0,24.0,12.0,0.0,1944.0,196,983.0,580.0,1000.0,오리온,캔디류,소프트캔디
124419,오리온)뉴비틀즈57g,20250226,30,12,20010,양주센터,7200.0,324.0,180.0,492.0,720.0,504.0,348.0,156.0,72.0,48.0,12.0,24.0,0.0,0.0,1896.0,187,968.0,580.0,1000.0,오리온,캔디류,소프트캔디
124419,오리온)뉴비틀즈57g,20250226,30,12,20017,울산상온센터(K7),3888.0,336.0,228.0,348.0,324.0,300.0,192.0,168.0,48.0,36.0,12.0,0.0,0.0,0.0,1200.0,127,730.0,580.0,1000.0,오리온,캔디류,소프트캔디
124419,오리온)뉴비틀즈57g,20250226,30,12,20033,제주상온센터,1512.0,72.0,72.0,72.0,168.0,108.0,72.0,36.0,24.0,0.0,12.0,12.0,0.0,0.0,420.0,42,312.0,580.0,1000.0,오리온,캔디류,소프트캔디
124419,오리온)뉴비틀즈57g,20250226,30,12,20034,구성상온센터,7416.0,324.0,204.0,240.0,804.0,528.0,408.0,216.0,72.0,48.0,48.0,60.0,0.0,0.0,1776.0,177,876.0,580.0,1000.0,오리온,캔디류,소프트캔디
124419,오리온)뉴비틀즈57g,20250226,30,12,20050,세종상온센터,5544.0,240.0,252.0,420.0,924.0,396.0,228.0,96.0,72.0,36.0,84.0,36.0,12.0,0.0,1992.0,187,947.0,580.0,1000.0,오리온,캔디류,소프트캔디
124419,오리온)뉴비틀즈57g,20250226,30,12,20065,원주상온센터(K7),3456.0,168.0,156.0,156.0,456.0,264.0,180.0,156.0,108.0,24.0,36.0,12.0,0.0,0.0,1032.0,101,683.0,580.0,1000.0,오리온,캔디류,소프트캔디
124419,오리온)뉴비틀즈57g,20250226,30,12,20075,인천상온센터,4824.0,348.0,252.0,420.0,552.0,324.0,252.0,72.0,48.0,36.0,96.0,12.0,0.0,0.0,1548.0,154,814.0,580.0,1000.0,오리온,캔디류,소프트캔디
124419,오리온)뉴비틀즈57g,20250226,30,12,20079,A광주상온센터,4464.0,144.0,108.0,288.0,468.0,552.0,252.0,240.0,24.0,24.0,72.0,24.0,0.0,0.0,1416.0,127,753.0,580.0,1000.0,오리온,캔디류,소프트캔디
124419,오리온)뉴비틀즈57g,20250226,30,12,20080,A의왕상온센터,4320.0,204.0,120.0,384.0,624.0,348.0,276.0,180.0,84.0,24.0,0.0,12.0,0.0,0.0,1476.0,140,715.0,580.0,1000.0,오리온,캔디류,소프트캔디
124419,오리온)뉴비틀즈57g,20250226,30,12,20081,A양산상온센터,4680.0,312.0,192.0,264.0,480.0,456.0,240.0,96.0,48.0,36.0,12.0,24.0,0.0,0.0,1392.0,140,871.0,580.0,1000.0,오리온,캔디류,소프트캔디
124419,오리온)뉴비틀즈57g,20250226,30,12,20083,김제상온센터,3240.0,204.0,36.0,324.0,432.0,312.0,180.0,108.0,60.0,24.0,24.0,12.0,0.0,0.0,1104.0,108,654.0,580.0,1000.0,오리온,캔디류,소프트캔디
124419,오리온)뉴비틀즈57g,20250226,30,12,20084,천안상온센터,2664.0,228.0,132.0,144.0,396.0,300.0,168.0,84.0,24.0,24.0,48.0,0.0,0.0,0.0,972.0,101,568.0,580.0,1000.0,오리온,캔디류,소프트캔디
124419,오리온)뉴비틀즈57g,20250226,30,12,20085,인천B상온센터,5616.0,312.0,216.0,480.0,480.0,276.0,144.0,60.0,60.0,0.0,36.0,0.0,0.0,0.0,1452.0,145,778.0,580.0,1000.0,오리온,캔디류,소프트캔디
124420,피치)트위젤미니츄애플망고맛28g,20250226,20,20,20006,성남센터,3840.0,200.0,120.0,240.0,500.0,280.0,200.0,200.0,60.0,20.0,20.0,0.0,0.0,0.0,1140.0,69,661.0,400.0,800.0,피치,캔디류,소프트캔디
124420,피치)트위젤미니츄애플망고맛28g,20250226,20,20,20007,대구센터,3840.0,360.0,280.0,440.0,300.0,320.0,180.0,180.0,80.0,80.0,40.0,40.0,0.0,0.0,1340.0,87,983.0,400.0,800.0,피치,캔디류,소프트캔디
124420,피치)트위젤미니츄애플망고맛28g,20250226,20,20,20010,양주센터,4800.0,240.0,180.0,460.0,440.0,280.0,100.0,80.0,60.0,40.0,40.0,40.0,0.0,0.0,1360.0,84,968.0,400.0,800.0,피치,캔디류,소프트캔디
124420,피치)트위젤미니츄애플망고맛28g,20250226,20,20,20017,울산상온센터(K7),2560.0,300.0,160.0,260.0,160.0,120.0,80.0,20.0,20.0,20.0,20.0,0.0,0.0,0.0,700.0,51,730.0,400.0,800.0,피치,캔디류,소프트캔디
124420,피치)트위젤미니츄애플망고맛28g,20250226,20,20,20033,제주상온센터,1280.0,80.0,100.0,80.0,120.0,100.0,20.0,20.0,20.0,0.0,540.0,0.0,0.0,0.0,400.0,24,312.0,400.0,800.0,피치,캔디류,소프트캔디
124420,피치)트위젤미니츄애플망고맛28g,20250226,20,20,20034,구성상온센터,5120.0,320.0,80.0,260.0,700.0,320.0,140.0,220.0,40.0,40.0,60.0,60.0,0.0,0.0,1360.0,86,876.0,400.0,800.0,피치,캔디류,소프트캔디
124420,피치)트위젤미니츄애플망고맛28g,20250226,20,20,20050,세종상온센터,3840.0,120.0,140.0,260.0,640.0,360.0,180.0,80.0,60.0,20.0,60.0,20.0,0.0,0.0,1400.0,79,947.0,400.0,800.0,피치,캔디류,소프트캔디
124420,피치)트위젤미니츄애플망고맛28g,20250226,20,20,20065,원주상온센터(K7),2560.0,180.0,20.0,160.0,320.0,180.0,140.0,60.0,140.0,20.0,20.0,20.0,0.0,0.0,680.0,43,683.0,400.0,800.0,피치,캔디류,소프트캔디
124420,피치)트위젤미니츄애플망고맛28g,20250226,20,20,20075,인천상온센터,3200.0,340.0,100.0,360.0,440.0,240.0,160.0,80.0,0.0,20.0,80.0,0.0,0.0,0.0,1140.0,77,814.0,400.0,800.0,피치,캔디류,소프트캔디
124420,피치)트위젤미니츄애플망고맛28g,20250226,20,20,20079,A광주상온센터,3200.0,140.0,40.0,180.0,400.0,380.0,120.0,120.0,0.0,40.0,100.0,0.0,0.0,0.0,1000.0,57,753.0,400.0,800.0,피치,캔디류,소프트캔디
124420,피치)트위젤미니츄애플망고맛28g,20250226,20,20,20080,A의왕상온센터,2880.0,180.0,100.0,280.0,420.0,240.0,180.0,100.0,60.0,80.0,20.0,20.0,0.0,0.0,1040.0,67,715.0,400.0,800.0,피치,캔디류,소프트캔디
124420,피치)트위젤미니츄애플망고맛28g,20250226,20,20,20081,A양산상온센터,3200.0,240.0,140.0,240.0,280.0,200.0,180.0,20.0,0.0,20.0,0.0,20.0,0.0,0.0,860.0,57,871.0,400.0,800.0,피치,캔디류,소프트캔디
124420,피치)트위젤미니츄애플망고맛28g,20250226,20,20,20083,김제상온센터,2240.0,120.0,40.0,180.0,260.0,180.0,80.0,40.0,40.0,40.0,40.0,20.0,0.0,0.0,660.0,42,654.0,400.0,800.0,피치,캔디류,소프트캔디
124420,피치)트위젤미니츄애플망고맛28g,20250226,20,20,20084,천안상온센터,1920.0,160.0,40.0,20.0,340.0,200.0,100.0,40.0,40.0,20.0,40.0,0.0,0.0,0.0,600.0,43,568.0,400.0,800.0,피치,캔디류,소프트캔디
124420,피치)트위젤미니츄애플망고맛28g,20250226,20,20,20085,인천B상온센터,3840.0,260.0,140.0,300.0,460.0,180.0,80.0,120.0,60.0,0.0,40.0,0.0,0.0,0.0,1080.0,72,778.0,400.0,800.0,피치,캔디류,소프트캔디
124424,해태)홈런볼말차딸기49g,20250226,20,2,20006,성남센터,3900.0,68.0,88.0,72.0,214.0,158.0,128.0,68.0,28.0,4.0,12.0,8.0,0.0,0.0,532.0,135,661.0,1091.0,2000.0,해태,비스킷류,쿠키
124424,해태)홈런볼말차딸기49g,20250226,20,2,20007,대구센터,4200.0,146.0,94.0,254.0,214.0,292.0,190.0,98.0,28.0,30.0,14.0,20.0,0.0,0.0,854.0,223,983.0,1091.0,2000.0,해태,비스킷류,쿠키
124424,해태)홈런볼말차딸기49g,20250226,20,2,20010,양주센터,5220.0,152.0,70.0,180.0,268.0,134.0,70.0,58.0,24.0,14.0,10.0,14.0,0.0,0.0,652.0,186,968.0,1091.0,2000.0,해태,비스킷류,쿠키
124424,해태)홈런볼말차딸기49g,20250226,20,2,20017,울산상온센터(K7),2820.0,106.0,116.0,118.0,120.0,98.0,50.0,40.0,8.0,10.0,8.0,6.0,0.0,0.0,452.0,123,730.0,1091.0,2000.0,해태,비스킷류,쿠키
124424,해태)홈런볼말차딸기49g,20250226,20,2,20033,제주상온센터,1080.0,52.0,32.0,54.0,78.0,38.0,24.0,8.0,8.0,0.0,4.0,0.0,0.0,0.0,202.0,51,312.0,1091.0,2000.0,해태,비스킷류,쿠키
124424,해태)홈런볼말차딸기49g,20250226,20,2,20034,구성상온센터,5400.0,88.0,70.0,82.0,328.0,122.0,74.0,78.0,22.0,8.0,30.0,12.0,8.0,0.0,602.0,164,875.0,1091.0,2000.0,해태,비스킷류,쿠키
124424,해태)홈런볼말차딸기49g,20250226,20,2,20050,세종상온센터,4050.0,78.0,110.0,186.0,306.0,128.0,104.0,58.0,26.0,14.0,20.0,12.0,4.0,0.0,730.0,186,947.0,1091.0,2000.0,해태,비스킷류,쿠키
124424,해태)홈런볼말차딸기49g,20250226,20,2,20065,원주상온센터(K7),2490.0,126.0,50.0,58.0,232.0,110.0,72.0,50.0,62.0,8.0,10.0,12.0,0.0,0.0,450.0,103,683.0,1091.0,2000.0,해태,비스킷류,쿠키
124424,해태)홈런볼말차딸기49g,20250226,20,2,20075,인천상온센터,3510.0,132.0,112.0,178.0,326.0,126.0,80.0,42.0,10.0,16.0,34.0,4.0,0.0,0.0,742.0,172,814.0,1091.0,2000.0,해태,비스킷류,쿠키
124424,해태)홈런볼말차딸기49g,20250226,20,2,20079,A광주상온센터,3240.0,50.0,24.0,82.0,146.0,126.0,86.0,40.0,4.0,4.0,28.0,8.0,0.0,0.0,378.0,103,752.0,1091.0,2000.0,해태,비스킷류,쿠키
124424,해태)홈런볼말차딸기49g,20250226,20,2,20080,A의왕상온센터,3120.0,114.0,52.0,140.0,200.0,266.0,252.0,96.0,26.0,12.0,8.0,4.0,0.0,0.0,658.0,145,715.0,1091.0,2000.0,해태,비스킷류,쿠키
124424,해태)홈런볼말차딸기49g,20250226,20,2,20081,A양산상온센터,3360.0,104.0,58.0,82.0,140.0,146.0,110.0,28.0,16.0,4.0,8.0,14.0,0.0,0.0,426.0,122,870.0,1091.0,2000.0,해태,비스킷류,쿠키
124424,해태)홈런볼말차딸기49g,20250226,20,2,20083,김제상온센터,2340.0,66.0,20.0,68.0,108.0,92.0,60.0,22.0,14.0,8.0,8.0,4.0,0.0,0.0,288.0,91,654.0,1091.0,2000.0,해태,비스킷류,쿠키
124424,해태)홈런볼말차딸기49g,20250226,20,2,20084,천안상온센터,1950.0,56.0,42.0,36.0,158.0,160.0,62.0,56.0,4.0,4.0,22.0,4.0,0.0,0.0,396.0,115,568.0,1091.0,2000.0,해태,비스킷류,쿠키
124424,해태)홈런볼말차딸기49g,20250226,20,2,20085,인천B상온센터,4080.0,144.0,106.0,194.0,180.0,130.0,58.0,44.0,20.0,0.0,22.0,14.0,0.0,0.0,610.0,156,778.0,1091.0,2000.0,해태,비스킷류,쿠키
124426,SAMG)로열티니핑컬러팝콘45g,20250226,20,12,20006,성남센터,1368.0,0.0,0.0,24.0,168.0,96.0,108.0,48.0,72.0,0.0,24.0,12.0,0.0,0.0,288.0,26,661.0,1091.0,2000.0,SAMG,스낵류,옥수수스낵
124426,SAMG)로열티니핑컬러팝콘45g,20250226,20,12,20007,대구센터,1464.0,0.0,0.0,156.0,216.0,300.0,252.0,120.0,60.0,60.0,24.0,12.0,0.0,0.0,672.0,58,983.0,1091.0,2000.0,SAMG,스낵류,옥수수스낵
124426,SAMG)로열티니핑컬러팝콘45g,20250226,20,12,20010,양주센터,1824.0,0.0,0.0,72.0,204.0,156.0,48.0,48.0,12.0,48.0,36.0,12.0,0.0,0.0,432.0,37,968.0,1091.0,2000.0,SAMG,스낵류,옥수수스낵
124426,SAMG)로열티니핑컬러팝콘45g,20250226,20,12,20017,울산상온센터(K7),984.0,0.0,0.0,108.0,192.0,108.0,96.0,72.0,24.0,12.0,0.0,0.0,0.0,0.0,408.0,36,730.0,1091.0,2000.0,SAMG,스낵류,옥수수스낵
124426,SAMG)로열티니핑컬러팝콘45g,20250226,20,12,20033,제주상온센터,384.0,0.0,0.0,0.0,96.0,72.0,36.0,0.0,36.0,0.0,0.0,0.0,0.0,0.0,168.0,14,312.0,1091.0,2000.0,SAMG,스낵류,옥수수스낵
124426,SAMG)로열티니핑컬러팝콘45g,20250226,20,12,20034,구성상온센터,1884.0,0.0,0.0,12.0,216.0,156.0,24.0,120.0,12.0,12.0,24.0,24.0,12.0,0.0,384.0,33,876.0,1091.0,2000.0,SAMG,스낵류,옥수수스낵
124426,SAMG)로열티니핑컬러팝콘45g,20250226,20,12,20050,세종상온센터,1416.0,0.0,0.0,108.0,276.0,132.0,84.0,60.0,72.0,48.0,12.0,0.0,12.0,0.0,516.0,43,947.0,1091.0,2000.0,SAMG,스낵류,옥수수스낵
124426,SAMG)로열티니핑컬러팝콘45g,20250226,20,12,20065,원주상온센터(K7),876.0,0.0,0.0,156.0,180.0,72.0,108.0,72.0,12.0,24.0,48.0,0.0,0.0,0.0,408.0,35,683.0,1091.0,2000.0,SAMG,스낵류,옥수수스낵
124426,SAMG)로열티니핑컬러팝콘45g,20250226,20,12,20075,인천상온센터,1224.0,0.0,0.0,108.0,192.0,216.0,120.0,24.0,24.0,12.0,36.0,24.0,0.0,0.0,516.0,44,814.0,1091.0,2000.0,SAMG,스낵류,옥수수스낵
124426,SAMG)로열티니핑컬러팝콘45g,20250226,20,12,20079,A광주상온센터,1128.0,0.0,0.0,84.0,204.0,168.0,120.0,72.0,0.0,24.0,72.0,0.0,0.0,0.0,456.0,39,753.0,1091.0,2000.0,SAMG,스낵류,옥수수스낵
124426,SAMG)로열티니핑컬러팝콘45g,20250226,20,12,20080,A의왕상온센터,1092.0,0.0,0.0,48.0,240.0,276.0,108.0,60.0,24.0,36.0,12.0,0.0,0.0,0.0,564.0,48,715.0,1091.0,2000.0,SAMG,스낵류,옥수수스낵
124426,SAMG)로열티니핑컬러팝콘45g,20250226,20,12,20081,A양산상온센터,1176.0,0.0,0.0,72.0,108.0,144.0,156.0,72.0,24.0,0.0,0.0,60.0,0.0,0.0,324.0,28,871.0,1091.0,2000.0,SAMG,스낵류,옥수수스낵
124426,SAMG)로열티니핑컬러팝콘45g,20250226,20,12,20083,김제상온센터,828.0,0.0,0.0,36.0,84.0,156.0,72.0,36.0,24.0,12.0,0.0,36.0,0.0,0.0,276.0,23,654.0,1091.0,2000.0,SAMG,스낵류,옥수수스낵
124426,SAMG)로열티니핑컬러팝콘45g,20250226,20,12,20084,천안상온센터,684.0,0.0,0.0,0.0,84.0,168.0,84.0,96.0,36.0,24.0,36.0,0.0,0.0,0.0,252.0,23,568.0,1091.0,2000.0,SAMG,스낵류,옥수수스낵
124426,SAMG)로열티니핑컬러팝콘45g,20250226,20,12,20085,인천B상온센터,1428.0,0.0,0.0,72.0,120.0,180.0,60.0,48.0,12.0,24.0,48.0,12.0,0.0,0.0,372.0,34,778.0,1091.0,2000.0,SAMG,스낵류,옥수수스낵
124430,에스씨)이치미니쌀과자120g,20250326,20,5,20006,성남센터,1200.0,395.0,15.0,5.0,55.0,30.0,30.0,0.0,15.0,15.0,10.0,0.0,5.0,0.0,105.0,93,661.0,1750.0,3500.0,에스씨,스낵류,전통스낵
124430,에스씨)이치미니쌀과자120g,20250326,20,5,20007,대구센터,1280.0,340.0,20.0,25.0,55.0,40.0,15.0,20.0,5.0,10.0,0.0,0.0,0.0,0.0,140.0,100,979.0,1750.0,3500.0,에스씨,스낵류,전통스낵
124430,에스씨)이치미니쌀과자120g,20250326,20,5,20010,양주센터,1600.0,390.0,15.0,40.0,85.0,35.0,35.0,5.0,10.0,15.0,0.0,0.0,0.0,0.0,175.0,117,965.0,1750.0,3500.0,에스씨,스낵류,전통스낵
124430,에스씨)이치미니쌀과자120g,20250326,20,5,20017,울산상온센터(K7),860.0,270.0,10.0,15.0,20.0,5.0,10.0,0.0,5.0,10.0,5.0,0.0,0.0,0.0,50.0,68,728.0,1750.0,3500.0,에스씨,스낵류,전통스낵
124430,에스씨)이치미니쌀과자120g,20250326,20,5,20033,제주상온센터,320.0,110.0,5.0,0.0,30.0,5.0,5.0,0.0,0.0,0.0,0.0,0.0,0.0,0.0,40.0,32,313.0,1750.0,3500.0,에스씨,스낵류,전통스낵
124430,에스씨)이치미니쌀과자120g,20250326,20,5,20034,구성상온센터,1680.0,350.0,10.0,10.0,90.0,50.0,25.0,10.0,20.0,5.0,0.0,0.0,0.0,0.0,160.0,106,873.0,1750.0,3500.0,에스씨,스낵류,전통스낵
124430,에스씨)이치미니쌀과자120g,20250326,20,5,20050,세종상온센터,1240.0,395.0,10.0,60.0,55.0,15.0,20.0,10.0,10.0,5.0,5.0,5.0,0.0,0.0,140.0,107,942.0,1750.0,3500.0,에스씨,스낵류,전통스낵
124430,에스씨)이치미니쌀과자120g,20250326,20,5,20065,원주상온센터(K7),760.0,405.0,5.0,10.0,65.0,50.0,15.0,0.0,0.0,0.0,0.0,0.0,0.0,0.0,130.0,74,680.0,1750.0,3500.0,에스씨,스낵류,전통스낵
124430,에스씨)이치미니쌀과자120g,20250326,20,5,20075,인천상온센터,1080.0,350.0,5.0,20.0,30.0,20.0,15.0,5.0,5.0,0.0,10.0,0.0,5.0,0.0,75.0,94,813.0,1750.0,3500.0,에스씨,스낵류,전통스낵
124430,에스씨)이치미니쌀과자120g,20250326,20,5,20079,A광주상온센터,1000.0,175.0,15.0,10.0,45.0,20.0,15.0,5.0,5.0,0.0,5.0,5.0,0.0,0.0,90.0,55,747.0,1750.0,3500.0,에스씨,스낵류,전통스낵
124430,에스씨)이치미니쌀과자120g,20250326,20,5,20080,A의왕상온센터,940.0,395.0,10.0,55.0,40.0,20.0,20.0,20.0,0.0,0.0,0.0,0.0,0.0,0.0,125.0,101,712.0,1750.0,3500.0,에스씨,스낵류,전통스낵
124430,에스씨)이치미니쌀과자120g,20250326,20,5,20081,A양산상온센터,1020.0,295.0,10.0,45.0,25.0,30.0,5.0,5.0,5.0,5.0,5.0,5.0,0.0,0.0,110.0,76,869.0,1750.0,3500.0,에스씨,스낵류,전통스낵
124430,에스씨)이치미니쌀과자120g,20250326,20,5,20083,김제상온센터,720.0,155.0,10.0,35.0,20.0,10.0,20.0,15.0,5.0,0.0,10.0,0.0,0.0,0.0,75.0,47,653.0,1750.0,3500.0,에스씨,스낵류,전통스낵
124430,에스씨)이치미니쌀과자120g,20250326,20,5,20084,천안상온센터,600.0,265.0,0.0,10.0,45.0,40.0,15.0,0.0,5.0,0.0,5.0,0.0,0.0,0.0,95.0,76,562.0,1750.0,3500.0,에스씨,스낵류,전통스낵
124430,에스씨)이치미니쌀과자120g,20250326,20,5,20085,인천B상온센터,1280.0,320.0,15.0,45.0,40.0,5.0,20.0,15.0,5.0,10.0,10.0,0.0,0.0,0.0,105.0,88,774.0,1750.0,3500.0,에스씨,스낵류,전통스낵
124431,피치)트위젤미니츄블루베리맛28g,20250226,15,20,20006,성남센터,3840.0,180.0,140.0,220.0,500.0,240.0,120.0,200.0,60.0,40.0,40.0,0.0,0.0,0.0,1100.0,65,661.0,400.0,800.0,피치,캔디류,소프트캔디
124431,피치)트위젤미니츄블루베리맛28g,20250226,15,20,20007,대구센터,3840.0,380.0,280.0,380.0,380.0,320.0,180.0,160.0,60.0,40.0,60.0,20.0,0.0,0.0,1360.0,89,983.0,400.0,800.0,피치,캔디류,소프트캔디
124431,피치)트위젤미니츄블루베리맛28g,20250226,15,20,20010,양주센터,4800.0,260.0,100.0,460.0,480.0,340.0,100.0,80.0,60.0,40.0,40.0,40.0,0.0,0.0,1380.0,85,968.0,400.0,800.0,피치,캔디류,소프트캔디
124431,피치)트위젤미니츄블루베리맛28g,20250226,15,20,20017,울산상온센터(K7),2560.0,280.0,140.0,280.0,200.0,120.0,80.0,60.0,20.0,20.0,20.0,0.0,0.0,0.0,740.0,51,730.0,400.0,800.0,피치,캔디류,소프트캔디
124431,피치)트위젤미니츄블루베리맛28g,20250226,15,20,20033,제주상온센터,1280.0,80.0,100.0,80.0,60.0,100.0,40.0,0.0,20.0,0.0,20.0,0.0,0.0,0.0,340.0,22,312.0,400.0,800.0,피치,캔디류,소프트캔디
124431,피치)트위젤미니츄블루베리맛28g,20250226,15,20,20034,구성상온센터,5120.0,320.0,80.0,140.0,500.0,280.0,180.0,280.0,60.0,40.0,40.0,60.0,0.0,0.0,1000.0,69,876.0,400.0,800.0,피치,캔디류,소프트캔디
124431,피치)트위젤미니츄블루베리맛28g,20250226,15,20,20050,세종상온센터,3840.0,140.0,140.0,220.0,640.0,260.0,180.0,100.0,60.0,20.0,60.0,0.0,0.0,0.0,1260.0,72,947.0,400.0,800.0,피치,캔디류,소프트캔디
124431,피치)트위젤미니츄블루베리맛28g,20250226,15,20,20065,원주상온센터(K7),2560.0,200.0,100.0,220.0,300.0,260.0,200.0,40.0,120.0,20.0,40.0,20.0,0.0,0.0,880.0,55,683.0,400.0,800.0,피치,캔디류,소프트캔디
124431,피치)트위젤미니츄블루베리맛28g,20250226,15,20,20075,인천상온센터,3200.0,280.0,100.0,320.0,380.0,180.0,100.0,80.0,0.0,40.0,100.0,0.0,0.0,0.0,980.0,65,814.0,400.0,800.0,피치,캔디류,소프트캔디
124431,피치)트위젤미니츄블루베리맛28g,20250226,15,20,20079,A광주상온센터,3200.0,160.0,60.0,220.0,320.0,360.0,140.0,80.0,0.0,40.0,20.0,0.0,0.0,0.0,960.0,59,753.0,400.0,800.0,피치,캔디류,소프트캔디
124431,피치)트위젤미니츄블루베리맛28g,20250226,15,20,20080,A의왕상온센터,2880.0,160.0,100.0,280.0,360.0,200.0,200.0,60.0,40.0,60.0,20.0,40.0,0.0,0.0,940.0,60,715.0,400.0,800.0,피치,캔디류,소프트캔디
124431,피치)트위젤미니츄블루베리맛28g,20250226,15,20,20081,A양산상온센터,3200.0,280.0,160.0,140.0,300.0,260.0,160.0,40.0,20.0,40.0,0.0,20.0,0.0,0.0,860.0,59,871.0,400.0,800.0,피치,캔디류,소프트캔디
124431,피치)트위젤미니츄블루베리맛28g,20250226,15,20,20083,김제상온센터,2240.0,180.0,40.0,160.0,280.0,140.0,100.0,60.0,40.0,20.0,20.0,20.0,0.0,0.0,620.0,41,654.0,400.0,800.0,피치,캔디류,소프트캔디
124431,피치)트위젤미니츄블루베리맛28g,20250226,15,20,20084,천안상온센터,1920.0,180.0,80.0,20.0,320.0,140.0,120.0,60.0,40.0,20.0,40.0,0.0,0.0,0.0,560.0,40,568.0,400.0,800.0,피치,캔디류,소프트캔디
124431,피치)트위젤미니츄블루베리맛28g,20250226,15,20,20085,인천B상온센터,3840.0,240.0,140.0,260.0,420.0,160.0,100.0,80.0,60.0,0.0,40.0,0.0,0.0,0.0,980.0,63,778.0,400.0,800.0,피치,캔디류,소프트캔디
124432,피치)슬라이스구미80g,20250226,15,12,20006,성남센터,1008.0,72.0,84.0,36.0,180.0,72.0,48.0,0.0,24.0,12.0,12.0,0.0,0.0,0.0,372.0,39,661.0,1000.0,2000.0,피치,젤리류,국산젤리
124432,피치)슬라이스구미80g,20250226,15,12,20007,대구센터,1152.0,120.0,72.0,108.0,120.0,84.0,36.0,24.0,12.0,12.0,0.0,0.0,0.0,0.0,384.0,45,983.0,1000.0,2000.0,피치,젤리류,국산젤리
124432,피치)슬라이스구미80g,20250226,15,12,20010,양주센터,1440.0,72.0,48.0,168.0,144.0,72.0,36.0,12.0,12.0,12.0,12.0,24.0,0.0,0.0,432.0,43,968.0,1000.0,2000.0,피치,젤리류,국산젤리
124432,피치)슬라이스구미80g,20250226,15,12,20017,울산상온센터(K7),720.0,60.0,24.0,96.0,60.0,0.0,36.0,12.0,0.0,0.0,0.0,0.0,0.0,0.0,180.0,21,730.0,1000.0,2000.0,피치,젤리류,국산젤리
124432,피치)슬라이스구미80g,20250226,15,12,20033,제주상온센터,432.0,12.0,24.0,36.0,12.0,12.0,0.0,12.0,0.0,0.0,0.0,0.0,0.0,0.0,84.0,9,312.0,1000.0,2000.0,피치,젤리류,국산젤리
124432,피치)슬라이스구미80g,20250226,15,12,20034,구성상온센터,1440.0,36.0,48.0,48.0,132.0,108.0,24.0,60.0,0.0,0.0,24.0,12.0,0.0,0.0,336.0,34,876.0,1000.0,2000.0,피치,젤리류,국산젤리
124432,피치)슬라이스구미80g,20250226,15,12,20050,세종상온센터,1008.0,72.0,48.0,36.0,132.0,96.0,36.0,12.0,24.0,0.0,12.0,0.0,12.0,0.0,312.0,33,947.0,1000.0,2000.0,피치,젤리류,국산젤리
124432,피치)슬라이스구미80g,20250226,15,12,20065,원주상온센터(K7),720.0,60.0,12.0,36.0,84.0,24.0,24.0,0.0,0.0,0.0,12.0,24.0,0.0,0.0,156.0,19,683.0,1000.0,2000.0,피치,젤리류,국산젤리
124432,피치)슬라이스구미80g,20250226,15,12,20075,인천상온센터,1008.0,108.0,48.0,84.0,168.0,60.0,24.0,24.0,12.0,12.0,12.0,0.0,0.0,0.0,360.0,40,814.0,1000.0,2000.0,피치,젤리류,국산젤리
124432,피치)슬라이스구미80g,20250226,15,12,20079,A광주상온센터,864.0,60.0,36.0,84.0,120.0,60.0,24.0,24.0,0.0,12.0,12.0,0.0,0.0,0.0,300.0,32,753.0,1000.0,2000.0,피치,젤리류,국산젤리
124432,피치)슬라이스구미80g,20250226,15,12,20080,A의왕상온센터,864.0,72.0,24.0,60.0,132.0,84.0,60.0,24.0,12.0,0.0,0.0,0.0,0.0,0.0,300.0,33,715.0,1000.0,2000.0,피치,젤리류,국산젤리
124432,피치)슬라이스구미80g,20250226,15,12,20081,A양산상온센터,864.0,60.0,48.0,60.0,84.0,48.0,36.0,0.0,0.0,0.0,0.0,0.0,0.0,0.0,240.0,26,871.0,1000.0,2000.0,피치,젤리류,국산젤리
124432,피치)슬라이스구미80g,20250226,15,12,20083,김제상온센터,720.0,48.0,12.0,48.0,108.0,60.0,36.0,36.0,12.0,0.0,0.0,0.0,0.0,0.0,228.0,23,654.0,1000.0,2000.0,피치,젤리류,국산젤리
124432,피치)슬라이스구미80g,20250226,15,12,20084,천안상온센터,576.0,72.0,0.0,12.0,96.0,48.0,48.0,12.0,0.0,0.0,24.0,0.0,0.0,0.0,156.0,21,568.0,1000.0,2000.0,피치,젤리류,국산젤리
124432,피치)슬라이스구미80g,20250226,15,12,20085,인천B상온센터,1152.0,96.0,36.0,108.0,144.0,60.0,24.0,12.0,12.0,0.0,0.0,0.0,0.0,0.0,348.0,41,778.0,1000.0,2000.0,피치,젤리류,국산젤리
124435,PB)바스켓팝콘,20250305,50,4,20006,성남센터,1344.0,184.0,0.0,4.0,0.0,4.0,0.0,0.0,4.0,0.0,0.0,0.0,0.0,0.0,8.0,66,661.0,7572.0,11900.0,PB,스낵류,옥수수스낵
124435,PB)바스켓팝콘,20250305,50,4,20007,대구센터,1344.0,656.0,8.0,12.0,28.0,4.0,0.0,32.0,4.0,4.0,0.0,0.0,0.0,0.0,52.0,194,983.0,7572.0,11900.0,PB,스낵류,옥수수스낵
124435,PB)바스켓팝콘,20250305,50,4,20010,양주센터,1344.0,424.0,0.0,8.0,8.0,4.0,4.0,0.0,4.0,4.0,0.0,4.0,0.0,0.0,20.0,122,969.0,7572.0,11900.0,PB,스낵류,옥수수스낵
124435,PB)바스켓팝콘,20250305,50,4,20017,울산상온센터(K7),1344.0,268.0,0.0,4.0,4.0,0.0,4.0,0.0,0.0,0.0,0.0,0.0,0.0,0.0,8.0,82,730.0,7572.0,11900.0,PB,스낵류,옥수수스낵
124435,PB)바스켓팝콘,20250305,50,4,20033,제주상온센터,112.0,20.0,0.0,0.0,4.0,4.0,0.0,0.0,0.0,0.0,0.0,4.0,0.0,0.0,8.0,9,313.0,7572.0,11900.0,PB,스낵류,옥수수스낵
124435,PB)바스켓팝콘,20250305,50,4,20034,구성상온센터,1344.0,456.0,4.0,0.0,16.0,20.0,4.0,0.0,0.0,0.0,0.0,0.0,0.0,0.0,40.0,117,877.0,7572.0,11900.0,PB,스낵류,옥수수스낵
124435,PB)바스켓팝콘,20250305,50,4,20050,세종상온센터,1344.0,1268.0,0.0,16.0,8.0,28.0,20.0,36.0,4.0,0.0,4.0,0.0,4.0,0.0,52.0,290,946.0,7572.0,11900.0,PB,스낵류,옥수수스낵
124435,PB)바스켓팝콘,20250305,50,4,20065,원주상온센터(K7),1344.0,512.0,0.0,0.0,8.0,60.0,60.0,0.0,0.0,4.0,4.0,0.0,0.0,0.0,68.0,125,683.0,7572.0,11900.0,PB,스낵류,옥수수스낵
124435,PB)바스켓팝콘,20250305,50,4,20075,인천상온센터,1344.0,228.0,4.0,8.0,4.0,12.0,4.0,4.0,4.0,4.0,4.0,0.0,0.0,0.0,28.0,76,814.0,7572.0,11900.0,PB,스낵류,옥수수스낵
124435,PB)바스켓팝콘,20250305,50,4,20079,A광주상온센터,1344.0,368.0,12.0,32.0,0.0,4.0,8.0,0.0,0.0,0.0,0.0,0.0,0.0,0.0,48.0,135,752.0,7572.0,11900.0,PB,스낵류,옥수수스낵
124435,PB)바스켓팝콘,20250305,50,4,20080,A의왕상온센터,1344.0,284.0,0.0,0.0,12.0,4.0,8.0,0.0,0.0,0.0,0.0,0.0,0.0,0.0,16.0,86,715.0,7572.0,11900.0,PB,스낵류,옥수수스낵
124435,PB)바스켓팝콘,20250305,50,4,20081,A양산상온센터,1344.0,568.0,0.0,0.0,12.0,16.0,20.0,4.0,0.0,12.0,0.0,0.0,0.0,0.0,28.0,112,871.0,7572.0,11900.0,PB,스낵류,옥수수스낵
124435,PB)바스켓팝콘,20250305,50,4,20083,김제상온센터,1344.0,336.0,0.0,4.0,12.0,8.0,4.0,4.0,0.0,4.0,0.0,0.0,0.0,0.0,24.0,140,654.0,7572.0,11900.0,PB,스낵류,옥수수스낵
124435,PB)바스켓팝콘,20250305,50,4,20084,천안상온센터,1344.0,128.0,0.0,0.0,0.0,0.0,0.0,0.0,0.0,0.0,4.0,0.0,0.0,0.0,0.0,56,568.0,7572.0,11900.0,PB,스낵류,옥수수스낵
124435,PB)바스켓팝콘,20250305,50,4,20085,인천B상온센터,1344.0,228.0,0.0,0.0,0.0,8.0,0.0,12.0,0.0,0.0,0.0,0.0,0.0,0.0,8.0,61,778.0,7572.0,11900.0,PB,스낵류,옥수수스낵
124437,로투스)비스코프트윈팩25g,20250226,20,18,20006,성남센터,2376.0,126.0,162.0,180.0,252.0,216.0,144.0,198.0,36.0,18.0,18.0,0.0,0.0,0.0,810.0,57,661.0,327.0,600.0,로투스,비스킷류,쿠키
124437,로투스)비스코프트윈팩25g,20250226,20,18,20007,대구센터,2376.0,126.0,216.0,234.0,216.0,198.0,108.0,72.0,18.0,36.0,0.0,54.0,18.0,0.0,864.0,58,983.0,327.0,600.0,로투스,비스킷류,쿠키
124437,로투스)비스코프트윈팩25g,20250226,20,18,20010,양주센터,3024.0,180.0,54.0,270.0,396.0,288.0,126.0,54.0,36.0,0.0,18.0,0.0,0.0,0.0,1008.0,68,968.0,327.0,600.0,로투스,비스킷류,쿠키
124437,로투스)비스코프트윈팩25g,20250226,20,18,20017,울산상온센터(K7),1728.0,72.0,54.0,126.0,108.0,144.0,90.0,0.0,36.0,18.0,18.0,0.0,0.0,0.0,432.0,30,730.0,327.0,600.0,로투스,비스킷류,쿠키
124437,로투스)비스코프트윈팩25g,20250226,20,18,20033,제주상온센터,864.0,36.0,36.0,18.0,108.0,18.0,54.0,36.0,0.0,0.0,18.0,0.0,0.0,0.0,180.0,13,312.0,327.0,600.0,로투스,비스킷류,쿠키
124437,로투스)비스코프트윈팩25g,20250226,20,18,20034,구성상온센터,3024.0,144.0,36.0,90.0,540.0,180.0,126.0,126.0,36.0,36.0,18.0,54.0,0.0,0.0,846.0,59,876.0,327.0,600.0,로투스,비스킷류,쿠키
124437,로투스)비스코프트윈팩25g,20250226,20,18,20050,세종상온센터,2376.0,108.0,72.0,126.0,342.0,108.0,90.0,36.0,18.0,0.0,54.0,0.0,0.0,0.0,648.0,45,947.0,327.0,600.0,로투스,비스킷류,쿠키
124437,로투스)비스코프트윈팩25g,20250226,20,18,20065,원주상온센터(K7),1512.0,108.0,72.0,36.0,162.0,108.0,54.0,0.0,90.0,0.0,36.0,18.0,0.0,0.0,378.0,28,683.0,327.0,600.0,로투스,비스킷류,쿠키
124437,로투스)비스코프트윈팩25g,20250226,20,18,20075,인천상온센터,2160.0,180.0,108.0,180.0,252.0,198.0,90.0,72.0,0.0,18.0,54.0,0.0,0.0,0.0,738.0,51,814.0,327.0,600.0,로투스,비스킷류,쿠키
124437,로투스)비스코프트윈팩25g,20250226,20,18,20079,A광주상온센터,1944.0,108.0,18.0,126.0,252.0,162.0,144.0,36.0,0.0,0.0,18.0,0.0,0.0,0.0,558.0,38,753.0,327.0,600.0,로투스,비스킷류,쿠키
124437,로투스)비스코프트윈팩25g,20250226,20,18,20080,A의왕상온센터,1944.0,144.0,54.0,234.0,288.0,126.0,90.0,36.0,72.0,36.0,18.0,18.0,0.0,0.0,702.0,49,715.0,327.0,600.0,로투스,비스킷류,쿠키
124437,로투스)비스코프트윈팩25g,20250226,20,18,20081,A양산상온센터,1944.0,90.0,36.0,144.0,198.0,126.0,162.0,36.0,0.0,18.0,18.0,0.0,0.0,0.0,504.0,37,871.0,327.0,600.0,로투스,비스킷류,쿠키
124437,로투스)비스코프트윈팩25g,20250226,20,18,20083,김제상온센터,1512.0,72.0,18.0,108.0,198.0,108.0,72.0,18.0,36.0,0.0,0.0,0.0,0.0,0.0,432.0,30,654.0,327.0,600.0,로투스,비스킷류,쿠키
124437,로투스)비스코프트윈팩25g,20250226,20,18,20084,천안상온센터,1296.0,72.0,54.0,72.0,180.0,90.0,72.0,36.0,36.0,18.0,36.0,0.0,0.0,0.0,396.0,28,568.0,327.0,600.0,로투스,비스킷류,쿠키
124437,로투스)비스코프트윈팩25g,20250226,20,18,20085,인천B상온센터,2376.0,252.0,0.0,270.0,216.0,108.0,54.0,54.0,18.0,0.0,18.0,0.0,0.0,0.0,594.0,56,778.0,327.0,600.0,로투스,비스킷류,쿠키
124459,PB)쫀득쿠키멜로바60g,20250226,30,6,20006,성남센터,4104.0,0.0,0.0,6.0,228.0,1008.0,900.0,690.0,84.0,18.0,60.0,78.0,6.0,0.0,1242.0,208,661.0,1609.0,3000.0,PB,캔디류,봉지캔디
124459,PB)쫀득쿠키멜로바60g,20250226,30,6,20007,대구센터,4392.0,0.0,0.0,42.0,468.0,1230.0,768.0,312.0,36.0,30.0,36.0,84.0,6.0,0.0,1740.0,292,983.0,1609.0,3000.0,PB,캔디류,봉지캔디
124459,PB)쫀득쿠키멜로바60g,20250226,30,6,20010,양주센터,5472.0,0.0,0.0,60.0,762.0,1170.0,1032.0,570.0,48.0,24.0,60.0,42.0,0.0,0.0,1992.0,334,968.0,1609.0,3000.0,PB,캔디류,봉지캔디
124459,PB)쫀득쿠키멜로바60g,20250226,30,6,20017,울산상온센터(K7),2952.0,0.0,0.0,36.0,486.0,744.0,462.0,318.0,42.0,72.0,18.0,18.0,0.0,0.0,1266.0,215,730.0,1609.0,3000.0,PB,캔디류,봉지캔디
124459,PB)쫀득쿠키멜로바60g,20250226,30,6,20033,제주상온센터,1152.0,0.0,0.0,0.0,36.0,348.0,366.0,186.0,36.0,0.0,6.0,66.0,0.0,0.0,384.0,64,312.0,1609.0,3000.0,PB,캔디류,봉지캔디
124459,PB)쫀득쿠키멜로바60g,20250226,30,6,20034,구성상온센터,5652.0,0.0,0.0,0.0,156.0,1026.0,924.0,660.0,96.0,12.0,36.0,102.0,0.0,0.0,1182.0,198,876.0,1609.0,3000.0,PB,캔디류,봉지캔디
124459,PB)쫀득쿠키멜로바60g,20250226,30,6,20050,세종상온센터,4248.0,0.0,0.0,216.0,606.0,876.0,756.0,420.0,96.0,12.0,54.0,24.0,0.0,0.0,1698.0,285,947.0,1609.0,3000.0,PB,캔디류,봉지캔디
124459,PB)쫀득쿠키멜로바60g,20250226,30,6,20065,원주상온센터(K7),2628.0,0.0,0.0,12.0,72.0,582.0,744.0,444.0,120.0,0.0,12.0,54.0,0.0,0.0,666.0,112,683.0,1609.0,3000.0,PB,캔디류,봉지캔디
124459,PB)쫀득쿠키멜로바60g,20250226,30,6,20075,인천상온센터,3672.0,0.0,0.0,114.0,636.0,888.0,822.0,348.0,84.0,78.0,96.0,60.0,0.0,0.0,1638.0,276,814.0,1609.0,3000.0,PB,캔디류,봉지캔디
124459,PB)쫀득쿠키멜로바60g,20250226,30,6,20079,A광주상온센터,3384.0,0.0,0.0,66.0,390.0,1044.0,750.0,516.0,72.0,30.0,138.0,78.0,0.0,0.0,1500.0,254,753.0,1609.0,3000.0,PB,캔디류,봉지캔디
124459,PB)쫀득쿠키멜로바60g,20250226,30,6,20080,A의왕상온센터,3276.0,0.0,0.0,96.0,342.0,1014.0,1062.0,504.0,102.0,30.0,18.0,30.0,0.0,0.0,1452.0,244,715.0,1609.0,3000.0,PB,캔디류,봉지캔디
124459,PB)쫀득쿠키멜로바60g,20250226,30,6,20081,A양산상온센터,3528.0,0.0,0.0,30.0,378.0,834.0,780.0,384.0,90.0,60.0,132.0,102.0,0.0,0.0,1242.0,207,871.0,1609.0,3000.0,PB,캔디류,봉지캔디
124459,PB)쫀득쿠키멜로바60g,20250226,30,6,20083,김제상온센터,2484.0,0.0,0.0,18.0,480.0,720.0,684.0,318.0,48.0,24.0,54.0,60.0,0.0,0.0,1218.0,209,654.0,1609.0,3000.0,PB,캔디류,봉지캔디
124459,PB)쫀득쿠키멜로바60g,20250226,30,6,20084,천안상온센터,2052.0,0.0,0.0,0.0,144.0,450.0,414.0,354.0,60.0,6.0,42.0,36.0,0.0,0.0,594.0,100,568.0,1609.0,3000.0,PB,캔디류,봉지캔디
124459,PB)쫀득쿠키멜로바60g,20250226,30,6,20085,인천B상온센터,4284.0,0.0,0.0,54.0,642.0,924.0,810.0,492.0,66.0,6.0,42.0,72.0,0.0,0.0,1620.0,275,778.0,1609.0,3000.0,PB,캔디류,봉지캔디
124460,PB)쫀득딸기멜로바60g,20250226,30,6,20006,성남센터,4104.0,0.0,0.0,6.0,228.0,984.0,894.0,678.0,84.0,24.0,60.0,78.0,6.0,0.0,1218.0,205,661.0,1609.0,3000.0,PB,캔디류,봉지캔디
124460,PB)쫀득딸기멜로바60g,20250226,30,6,20007,대구센터,4392.0,0.0,0.0,36.0,450.0,1176.0,720.0,288.0,36.0,24.0,36.0,84.0,0.0,0.0,1662.0,279,983.0,1609.0,3000.0,PB,캔디류,봉지캔디
124460,PB)쫀득딸기멜로바60g,20250226,30,6,20010,양주센터,5472.0,0.0,0.0,54.0,738.0,1170.0,1026.0,564.0,48.0,24.0,66.0,42.0,0.0,0.0,1962.0,332,968.0,1609.0,3000.0,PB,캔디류,봉지캔디
124460,PB)쫀득딸기멜로바60g,20250226,30,6,20017,울산상온센터(K7),2952.0,0.0,0.0,30.0,480.0,726.0,456.0,312.0,42.0,66.0,18.0,18.0,0.0,0.0,1236.0,211,730.0,1609.0,3000.0,PB,캔디류,봉지캔디
124460,PB)쫀득딸기멜로바60g,20250226,30,6,20033,제주상온센터,1152.0,0.0,0.0,0.0,36.0,342.0,372.0,180.0,24.0,0.0,6.0,66.0,0.0,0.0,378.0,63,312.0,1609.0,3000.0,PB,캔디류,봉지캔디
124460,PB)쫀득딸기멜로바60g,20250226,30,6,20034,구성상온센터,5652.0,0.0,0.0,0.0,150.0,1008.0,894.0,636.0,96.0,12.0,30.0,96.0,0.0,0.0,1158.0,194,876.0,1609.0,3000.0,PB,캔디류,봉지캔디
124460,PB)쫀득딸기멜로바60g,20250226,30,6,20050,세종상온센터,4248.0,0.0,0.0,216.0,582.0,852.0,744.0,408.0,96.0,12.0,48.0,18.0,0.0,0.0,1650.0,278,947.0,1609.0,3000.0,PB,캔디류,봉지캔디
124460,PB)쫀득딸기멜로바60g,20250226,30,6,20065,원주상온센터(K7),2628.0,0.0,0.0,6.0,72.0,570.0,726.0,444.0,114.0,0.0,0.0,48.0,0.0,0.0,648.0,110,683.0,1609.0,3000.0,PB,캔디류,봉지캔디
124460,PB)쫀득딸기멜로바60g,20250226,30,6,20075,인천상온센터,3672.0,0.0,0.0,102.0,648.0,870.0,840.0,324.0,78.0,78.0,84.0,66.0,0.0,0.0,1620.0,274,814.0,1609.0,3000.0,PB,캔디류,봉지캔디
124460,PB)쫀득딸기멜로바60g,20250226,30,6,20079,A광주상온센터,3384.0,0.0,0.0,60.0,384.0,1038.0,720.0,510.0,72.0,30.0,132.0,78.0,0.0,0.0,1482.0,252,753.0,1609.0,3000.0,PB,캔디류,봉지캔디
124460,PB)쫀득딸기멜로바60g,20250226,30,6,20080,A의왕상온센터,3276.0,0.0,0.0,84.0,342.0,1002.0,1044.0,504.0,102.0,30.0,18.0,30.0,0.0,0.0,1428.0,240,715.0,1609.0,3000.0,PB,캔디류,봉지캔디
124460,PB)쫀득딸기멜로바60g,20250226,30,6,20081,A양산상온센터,3528.0,0.0,0.0,30.0,366.0,834.0,768.0,384.0,96.0,60.0,132.0,102.0,0.0,0.0,1230.0,206,871.0,1609.0,3000.0,PB,캔디류,봉지캔디
124460,PB)쫀득딸기멜로바60g,20250226,30,6,20083,김제상온센터,2484.0,0.0,0.0,18.0,474.0,726.0,678.0,306.0,42.0,24.0,54.0,60.0,0.0,0.0,1218.0,209,654.0,1609.0,3000.0,PB,캔디류,봉지캔디
124460,PB)쫀득딸기멜로바60g,20250226,30,6,20084,천안상온센터,2052.0,0.0,0.0,0.0,144.0,462.0,402.0,348.0,60.0,6.0,42.0,30.0,0.0,0.0,606.0,102,568.0,1609.0,3000.0,PB,캔디류,봉지캔디
124460,PB)쫀득딸기멜로바60g,20250226,30,6,20085,인천B상온센터,4284.0,0.0,0.0,54.0,636.0,918.0,792.0,486.0,72.0,6.0,42.0,72.0,0.0,0.0,1608.0,273,778.0,1609.0,3000.0,PB,캔디류,봉지캔디
124518,오리온)코코망고알맹이67g,20250305,20,10,20006,성남센터,2440.0,0.0,0.0,100.0,280.0,320.0,170.0,180.0,60.0,20.0,40.0,10.0,0.0,0.0,700.0,72,661.0,696.0,1200.0,오리온,젤리류,국산젤리
124518,오리온)코코망고알맹이67g,20250305,20,10,20007,대구센터,2640.0,0.0,0.0,260.0,380.0,360.0,100.0,100.0,40.0,10.0,20.0,10.0,10.0,0.0,1000.0,101,983.0,696.0,1200.0,오리온,젤리류,국산젤리
124518,오리온)코코망고알맹이67g,20250305,20,10,20010,양주센터,3280.0,0.0,0.0,200.0,310.0,430.0,210.0,120.0,20.0,0.0,60.0,0.0,0.0,0.0,940.0,95,968.0,696.0,1200.0,오리온,젤리류,국산젤리
124518,오리온)코코망고알맹이67g,20250305,20,10,20017,울산상온센터(K7),1760.0,0.0,0.0,140.0,130.0,100.0,100.0,40.0,30.0,10.0,20.0,10.0,0.0,0.0,370.0,37,730.0,696.0,1200.0,오리온,젤리류,국산젤리
124518,오리온)코코망고알맹이67g,20250305,20,10,20033,제주상온센터,640.0,0.0,0.0,0.0,150.0,60.0,70.0,50.0,0.0,0.0,10.0,0.0,10.0,0.0,210.0,21,313.0,696.0,1200.0,오리온,젤리류,국산젤리
124518,오리온)코코망고알맹이67g,20250305,20,10,20034,구성상온센터,3360.0,0.0,0.0,10.0,570.0,360.0,170.0,160.0,40.0,60.0,40.0,20.0,0.0,0.0,940.0,95,877.0,696.0,1200.0,오리온,젤리류,국산젤리
124518,오리온)코코망고알맹이67g,20250305,20,10,20050,세종상온센터,2520.0,0.0,0.0,170.0,330.0,250.0,260.0,110.0,60.0,40.0,30.0,10.0,0.0,0.0,750.0,77,945.0,696.0,1200.0,오리온,젤리류,국산젤리
124518,오리온)코코망고알맹이67g,20250305,20,10,20065,원주상온센터(K7),1560.0,0.0,0.0,10.0,190.0,170.0,130.0,60.0,40.0,0.0,50.0,20.0,0.0,0.0,370.0,36,683.0,696.0,1200.0,오리온,젤리류,국산젤리
124518,오리온)코코망고알맹이67g,20250305,20,10,20075,인천상온센터,2200.0,0.0,0.0,180.0,270.0,250.0,130.0,120.0,20.0,30.0,20.0,10.0,0.0,0.0,700.0,73,814.0,696.0,1200.0,오리온,젤리류,국산젤리
124518,오리온)코코망고알맹이67g,20250305,20,10,20079,A광주상온센터,2040.0,0.0,0.0,160.0,170.0,260.0,60.0,40.0,40.0,10.0,0.0,10.0,10.0,0.0,590.0,62,753.0,696.0,1200.0,오리온,젤리류,국산젤리
124518,오리온)코코망고알맹이67g,20250305,20,10,20080,A의왕상온센터,1960.0,0.0,0.0,160.0,330.0,270.0,70.0,80.0,90.0,20.0,40.0,10.0,0.0,0.0,760.0,79,714.0,696.0,1200.0,오리온,젤리류,국산젤리
124518,오리온)코코망고알맹이67g,20250305,20,10,20081,A양산상온센터,2120.0,0.0,0.0,60.0,200.0,210.0,120.0,60.0,30.0,10.0,20.0,10.0,0.0,0.0,470.0,47,873.0,696.0,1200.0,오리온,젤리류,국산젤리
124518,오리온)코코망고알맹이67g,20250305,20,10,20083,김제상온센터,1480.0,0.0,0.0,100.0,150.0,150.0,80.0,50.0,30.0,30.0,0.0,20.0,0.0,0.0,400.0,41,654.0,696.0,1200.0,오리온,젤리류,국산젤리
124518,오리온)코코망고알맹이67g,20250305,20,10,20084,천안상온센터,1240.0,0.0,0.0,0.0,120.0,150.0,80.0,80.0,40.0,10.0,0.0,0.0,0.0,0.0,270.0,31,568.0,696.0,1200.0,오리온,젤리류,국산젤리
124518,오리온)코코망고알맹이67g,20250305,20,10,20085,인천B상온센터,2560.0,0.0,0.0,140.0,440.0,230.0,90.0,30.0,40.0,0.0,20.0,0.0,0.0,0.0,810.0,79,777.0,696.0,1200.0,오리온,젤리류,국산젤리
124519,스위트)트롤리핑구미100g,20250305,20,1,20006,성남센터,5472.0,0.0,0.0,55.0,204.0,337.0,166.0,95.0,24.0,12.0,36.0,12.0,0.0,0.0,596.0,62,661.0,1318.0,2500.0,스위트,젤리류,수입젤리
124519,스위트)트롤리핑구미100g,20250305,20,1,20007,대구센터,5760.0,0.0,0.0,207.0,359.0,392.0,123.0,59.0,12.0,0.0,24.0,0.0,12.0,0.0,958.0,95,983.0,1318.0,2500.0,스위트,젤리류,수입젤리
124519,스위트)트롤리핑구미100g,20250305,20,1,20010,양주센터,7200.0,0.0,0.0,182.0,305.0,369.0,118.0,126.0,12.0,0.0,60.0,0.0,0.0,0.0,856.0,80,968.0,1318.0,2500.0,스위트,젤리류,수입젤리
124519,스위트)트롤리핑구미100g,20250305,20,1,20017,울산상온센터(K7),4032.0,0.0,0.0,142.0,147.0,127.0,108.0,39.0,26.0,12.0,22.0,4.0,0.0,0.0,416.0,40,730.0,1318.0,2500.0,스위트,젤리류,수입젤리
124519,스위트)트롤리핑구미100g,20250305,20,1,20033,제주상온센터,1440.0,0.0,0.0,0.0,114.0,48.0,96.0,40.0,0.0,6.0,0.0,0.0,0.0,0.0,162.0,14,313.0,1318.0,2500.0,스위트,젤리류,수입젤리
124519,스위트)트롤리핑구미100g,20250305,20,1,20034,구성상온센터,7488.0,0.0,0.0,0.0,474.0,217.0,113.0,128.0,44.0,84.0,10.0,24.0,10.0,0.0,691.0,72,877.0,1318.0,2500.0,스위트,젤리류,수입젤리
124519,스위트)트롤리핑구미100g,20250305,20,1,20050,세종상온센터,5760.0,0.0,0.0,153.0,252.0,226.0,197.0,38.0,50.0,24.0,28.0,2.0,0.0,0.0,631.0,66,945.0,1318.0,2500.0,스위트,젤리류,수입젤리
124519,스위트)트롤리핑구미100g,20250305,20,1,20065,원주상온센터(K7),3456.0,0.0,0.0,3.0,197.0,204.0,164.0,66.0,62.0,0.0,36.0,12.0,0.0,0.0,404.0,41,683.0,1318.0,2500.0,스위트,젤리류,수입젤리
124519,스위트)트롤리핑구미100g,20250305,20,1,20075,인천상온센터,4896.0,0.0,0.0,175.0,235.0,209.0,117.0,63.0,4.0,24.0,21.0,0.0,0.0,0.0,619.0,63,814.0,1318.0,2500.0,스위트,젤리류,수입젤리
124519,스위트)트롤리핑구미100g,20250305,20,1,20079,A광주상온센터,4608.0,0.0,0.0,150.0,131.0,189.0,65.0,18.0,36.0,24.0,12.0,12.0,0.0,0.0,470.0,50,753.0,1318.0,2500.0,스위트,젤리류,수입젤리
124519,스위트)트롤리핑구미100g,20250305,20,1,20080,A의왕상온센터,4320.0,0.0,0.0,122.0,265.0,270.0,84.0,106.0,98.0,28.0,36.0,12.0,0.0,0.0,657.0,62,714.0,1318.0,2500.0,스위트,젤리류,수입젤리
124519,스위트)트롤리핑구미100g,20250305,20,1,20081,A양산상온센터,4896.0,0.0,0.0,64.0,176.0,186.0,136.0,28.0,16.0,10.0,12.0,12.0,0.0,0.0,426.0,41,873.0,1318.0,2500.0,스위트,젤리류,수입젤리
124519,스위트)트롤리핑구미100g,20250305,20,1,20083,김제상온센터,3456.0,0.0,0.0,94.0,152.0,180.0,94.0,46.0,12.0,2.0,0.0,0.0,0.0,0.0,426.0,44,654.0,1318.0,2500.0,스위트,젤리류,수입젤리
124519,스위트)트롤리핑구미100g,20250305,20,1,20084,천안상온센터,2880.0,0.0,0.0,0.0,152.0,140.0,64.0,76.0,39.0,24.0,0.0,0.0,0.0,0.0,292.0,35,568.0,1318.0,2500.0,스위트,젤리류,수입젤리
124519,스위트)트롤리핑구미100g,20250305,20,1,20085,인천B상온센터,5760.0,0.0,0.0,145.0,421.0,185.0,70.0,35.0,24.0,0.0,12.0,0.0,0.0,0.0,751.0,74,777.0,1318.0,2500.0,스위트,젤리류,수입젤리
124523,G)설화병오리지널90g,20250319,60,4,20006,성남센터,2688.0,76.0,44.0,64.0,180.0,112.0,116.0,28.0,12.0,0.0,4.0,4.0,0.0,0.0,400.0,116,660.0,3300.0,6000.0,G,캔디류,봉지캔디
124523,G)설화병오리지널90g,20250319,60,4,20007,대구센터,1680.0,84.0,24.0,44.0,68.0,64.0,24.0,4.0,28.0,12.0,12.0,4.0,0.0,0.0,200.0,79,979.0,3300.0,6000.0,G,캔디류,봉지캔디
124523,G)설화병오리지널90g,20250319,60,4,20010,양주센터,2256.0,120.0,52.0,88.0,120.0,72.0,48.0,28.0,8.0,8.0,12.0,0.0,0.0,0.0,332.0,104,965.0,3300.0,6000.0,G,캔디류,봉지캔디
124523,G)설화병오리지널90g,20250319,60,4,20017,울산상온센터(K7),1680.0,60.0,28.0,48.0,40.0,28.0,12.0,20.0,16.0,4.0,4.0,4.0,0.0,0.0,144.0,54,728.0,3300.0,6000.0,G,캔디류,봉지캔디
124523,G)설화병오리지널90g,20250319,60,4,20033,제주상온센터,840.0,20.0,8.0,0.0,24.0,8.0,16.0,0.0,0.0,4.0,0.0,0.0,0.0,0.0,40.0,15,313.0,3300.0,6000.0,G,캔디류,봉지캔디
124523,G)설화병오리지널90g,20250319,60,4,20034,구성상온센터,2256.0,92.0,64.0,24.0,204.0,124.0,48.0,20.0,8.0,0.0,12.0,12.0,0.0,0.0,416.0,130,873.0,3300.0,6000.0,G,캔디류,봉지캔디
124523,G)설화병오리지널90g,20250319,60,4,20050,세종상온센터,1680.0,44.0,32.0,88.0,92.0,64.0,48.0,20.0,4.0,12.0,8.0,0.0,0.0,0.0,276.0,82,942.0,3300.0,6000.0,G,캔디류,봉지캔디
124523,G)설화병오리지널90g,20250319,60,4,20065,원주상온센터(K7),1128.0,80.0,56.0,56.0,124.0,56.0,20.0,28.0,8.0,4.0,12.0,12.0,0.0,0.0,292.0,71,680.0,3300.0,6000.0,G,캔디류,봉지캔디
124523,G)설화병오리지널90g,20250319,60,4,20075,인천상온센터,2256.0,80.0,16.0,52.0,88.0,40.0,20.0,16.0,0.0,4.0,0.0,4.0,0.0,0.0,196.0,75,813.0,3300.0,6000.0,G,캔디류,봉지캔디
124523,G)설화병오리지널90g,20250319,60,4,20079,A광주상온센터,1680.0,32.0,16.0,48.0,28.0,32.0,20.0,4.0,4.0,0.0,0.0,0.0,0.0,0.0,124.0,46,746.0,3300.0,6000.0,G,캔디류,봉지캔디
124523,G)설화병오리지널90g,20250319,60,4,20080,A의왕상온센터,936.0,76.0,24.0,60.0,100.0,64.0,32.0,16.0,4.0,0.0,4.0,0.0,0.0,0.0,248.0,91,713.0,3300.0,6000.0,G,캔디류,봉지캔디
124523,G)설화병오리지널90g,20250319,60,4,20081,A양산상온센터,1680.0,64.0,20.0,36.0,56.0,44.0,12.0,16.0,8.0,0.0,0.0,0.0,0.0,0.0,156.0,57,870.0,3300.0,6000.0,G,캔디류,봉지캔디
124523,G)설화병오리지널90g,20250319,60,4,20083,김제상온센터,840.0,20.0,20.0,20.0,48.0,36.0,32.0,4.0,8.0,4.0,8.0,0.0,0.0,0.0,124.0,38,653.0,3300.0,6000.0,G,캔디류,봉지캔디
124523,G)설화병오리지널90g,20250319,60,4,20084,천안상온센터,1128.0,28.0,8.0,24.0,64.0,92.0,40.0,24.0,8.0,0.0,4.0,0.0,0.0,0.0,188.0,55,563.0,3300.0,6000.0,G,캔디류,봉지캔디
124523,G)설화병오리지널90g,20250319,60,4,20085,인천B상온센터,2808.0,128.0,16.0,80.0,96.0,44.0,24.0,24.0,4.0,12.0,8.0,0.0,0.0,0.0,236.0,94,775.0,3300.0,6000.0,G,캔디류,봉지캔디
124524,G)설화병크랜베리90g,20250319,60,4,20006,성남센터,2688.0,76.0,40.0,60.0,180.0,112.0,116.0,28.0,12.0,0.0,4.0,4.0,0.0,0.0,392.0,109,660.0,3300.0,6000.0,G,캔디류,봉지캔디
124524,G)설화병크랜베리90g,20250319,60,4,20007,대구센터,1680.0,84.0,24.0,36.0,64.0,56.0,20.0,0.0,24.0,12.0,12.0,4.0,0.0,0.0,180.0,68,979.0,3300.0,6000.0,G,캔디류,봉지캔디
124524,G)설화병크랜베리90g,20250319,60,4,20010,양주센터,2256.0,120.0,44.0,68.0,108.0,72.0,44.0,28.0,8.0,8.0,12.0,0.0,0.0,0.0,292.0,95,965.0,3300.0,6000.0,G,캔디류,봉지캔디
124524,G)설화병크랜베리90g,20250319,60,4,20017,울산상온센터(K7),1680.0,64.0,32.0,40.0,32.0,20.0,8.0,16.0,16.0,4.0,4.0,4.0,0.0,0.0,124.0,48,728.0,3300.0,6000.0,G,캔디류,봉지캔디
124524,G)설화병크랜베리90g,20250319,60,4,20033,제주상온센터,840.0,12.0,8.0,0.0,20.0,12.0,16.0,0.0,0.0,4.0,0.0,0.0,0.0,0.0,40.0,14,313.0,3300.0,6000.0,G,캔디류,봉지캔디
124524,G)설화병크랜베리90g,20250319,60,4,20034,구성상온센터,2256.0,92.0,56.0,24.0,184.0,124.0,44.0,20.0,8.0,0.0,8.0,12.0,0.0,0.0,388.0,115,873.0,3300.0,6000.0,G,캔디류,봉지캔디
124524,G)설화병크랜베리90g,20250319,60,4,20050,세종상온센터,1680.0,44.0,36.0,68.0,80.0,60.0,48.0,20.0,4.0,12.0,8.0,0.0,0.0,0.0,244.0,72,942.0,3300.0,6000.0,G,캔디류,봉지캔디
124524,G)설화병크랜베리90g,20250319,60,4,20065,원주상온센터(K7),1128.0,76.0,48.0,44.0,116.0,44.0,16.0,24.0,8.0,4.0,12.0,12.0,0.0,0.0,252.0,58,680.0,3300.0,6000.0,G,캔디류,봉지캔디
124524,G)설화병크랜베리90g,20250319,60,4,20075,인천상온센터,2256.0,76.0,16.0,52.0,72.0,44.0,20.0,16.0,0.0,4.0,0.0,4.0,0.0,0.0,184.0,70,813.0,3300.0,6000.0,G,캔디류,봉지캔디
124524,G)설화병크랜베리90g,20250319,60,4,20079,A광주상온센터,1680.0,28.0,16.0,48.0,28.0,28.0,20.0,4.0,4.0,0.0,0.0,0.0,0.0,0.0,120.0,40,746.0,3300.0,6000.0,G,캔디류,봉지캔디
124524,G)설화병크랜베리90g,20250319,60,4,20080,A의왕상온센터,936.0,84.0,24.0,52.0,100.0,64.0,32.0,12.0,4.0,0.0,4.0,0.0,0.0,0.0,240.0,83,713.0,3300.0,6000.0,G,캔디류,봉지캔디
124524,G)설화병크랜베리90g,20250319,60,4,20081,A양산상온센터,1680.0,44.0,20.0,36.0,44.0,36.0,12.0,16.0,4.0,0.0,0.0,0.0,0.0,0.0,136.0,49,870.0,3300.0,6000.0,G,캔디류,봉지캔디
124524,G)설화병크랜베리90g,20250319,60,4,20083,김제상온센터,840.0,16.0,20.0,20.0,44.0,28.0,28.0,4.0,8.0,4.0,8.0,0.0,0.0,0.0,112.0,33,653.0,3300.0,6000.0,G,캔디류,봉지캔디
124524,G)설화병크랜베리90g,20250319,60,4,20084,천안상온센터,1128.0,24.0,8.0,24.0,64.0,92.0,40.0,28.0,20.0,0.0,8.0,0.0,0.0,0.0,188.0,53,563.0,3300.0,6000.0,G,캔디류,봉지캔디
124524,G)설화병크랜베리90g,20250319,60,4,20085,인천B상온센터,2808.0,120.0,24.0,80.0,96.0,52.0,20.0,20.0,4.0,12.0,8.0,0.0,0.0,0.0,252.0,91,775.0,3300.0,6000.0,G,캔디류,봉지캔디
124562,롯데)빼빼로인절미팥빙수맛37g,20250312,30,4,20006,성남센터,1480.0,0.0,16.0,88.0,220.0,224.0,108.0,60.0,64.0,20.0,40.0,12.0,4.0,0.0,548.0,82,660.0,1185.0,2000.0,롯데,비스킷류,스틱과자
124562,롯데)빼빼로인절미팥빙수맛37g,20250312,30,4,20007,대구센터,1600.0,0.0,60.0,164.0,148.0,252.0,100.0,88.0,48.0,36.0,8.0,28.0,0.0,0.0,624.0,119,979.0,1185.0,2000.0,롯데,비스킷류,스틱과자
124562,롯데)빼빼로인절미팥빙수맛37g,20250312,30,4,20010,양주센터,1960.0,0.0,24.0,196.0,308.0,204.0,152.0,8.0,72.0,36.0,24.0,8.0,0.0,0.0,732.0,99,967.0,1185.0,2000.0,롯데,비스킷류,스틱과자
124562,롯데)빼빼로인절미팥빙수맛37g,20250312,30,4,20017,울산상온센터(K7),1080.0,0.0,20.0,128.0,152.0,88.0,36.0,84.0,44.0,8.0,12.0,4.0,4.0,0.0,388.0,63,729.0,1185.0,2000.0,롯데,비스킷류,스틱과자
124562,롯데)빼빼로인절미팥빙수맛37g,20250312,30,4,20033,제주상온센터,400.0,0.0,0.0,88.0,88.0,60.0,20.0,8.0,4.0,4.0,0.0,0.0,0.0,0.0,236.0,35,313.0,1185.0,2000.0,롯데,비스킷류,스틱과자
124562,롯데)빼빼로인절미팥빙수맛37g,20250312,30,4,20034,구성상온센터,2040.0,0.0,0.0,124.0,256.0,164.0,76.0,112.0,48.0,56.0,24.0,80.0,0.0,0.0,544.0,93,875.0,1185.0,2000.0,롯데,비스킷류,스틱과자
124562,롯데)빼빼로인절미팥빙수맛37g,20250312,30,4,20050,세종상온센터,1520.0,0.0,32.0,132.0,156.0,108.0,112.0,76.0,16.0,24.0,16.0,8.0,0.0,0.0,428.0,86,943.0,1185.0,2000.0,롯데,비스킷류,스틱과자
124562,롯데)빼빼로인절미팥빙수맛37g,20250312,30,4,20065,원주상온센터(K7),960.0,0.0,0.0,108.0,176.0,120.0,32.0,44.0,52.0,12.0,0.0,4.0,0.0,0.0,404.0,70,682.0,1185.0,2000.0,롯데,비스킷류,스틱과자
124562,롯데)빼빼로인절미팥빙수맛37g,20250312,30,4,20075,인천상온센터,1320.0,0.0,52.0,116.0,232.0,84.0,152.0,64.0,32.0,16.0,36.0,0.0,0.0,0.0,484.0,85,814.0,1185.0,2000.0,롯데,비스킷류,스틱과자
124562,롯데)빼빼로인절미팥빙수맛37g,20250312,30,4,20079,A광주상온센터,1240.0,0.0,16.0,80.0,108.0,116.0,40.0,116.0,24.0,12.0,4.0,0.0,4.0,0.0,320.0,68,749.0,1185.0,2000.0,롯데,비스킷류,스틱과자
124562,롯데)빼빼로인절미팥빙수맛37g,20250312,30,4,20080,A의왕상온센터,1200.0,0.0,8.0,140.0,200.0,136.0,72.0,52.0,48.0,28.0,8.0,36.0,0.0,0.0,484.0,91,713.0,1185.0,2000.0,롯데,비스킷류,스틱과자
124562,롯데)빼빼로인절미팥빙수맛37g,20250312,30,4,20081,A양산상온센터,1280.0,0.0,32.0,72.0,156.0,84.0,92.0,44.0,12.0,16.0,24.0,8.0,0.0,0.0,344.0,64,870.0,1185.0,2000.0,롯데,비스킷류,스틱과자
124562,롯데)빼빼로인절미팥빙수맛37g,20250312,30,4,20083,김제상온센터,880.0,0.0,8.0,72.0,80.0,88.0,108.0,20.0,8.0,0.0,16.0,28.0,0.0,0.0,248.0,52,653.0,1185.0,2000.0,롯데,비스킷류,스틱과자
124562,롯데)빼빼로인절미팥빙수맛37g,20250312,30,4,20084,천안상온센터,760.0,0.0,0.0,40.0,140.0,80.0,132.0,44.0,52.0,8.0,28.0,24.0,8.0,0.0,260.0,48,565.0,1185.0,2000.0,롯데,비스킷류,스틱과자
124562,롯데)빼빼로인절미팥빙수맛37g,20250312,30,4,20085,인천B상온센터,1560.0,0.0,60.0,660.0,204.0,104.0,120.0,68.0,108.0,16.0,64.0,8.0,0.0,0.0,1028.0,90,774.0,1185.0,2000.0,롯데,비스킷류,스틱과자
124563,해태)자가비사워크림맛45g,20250312,40,12,20006,성남센터,7776.0,0.0,36.0,252.0,336.0,372.0,156.0,96.0,156.0,12.0,84.0,156.0,24.0,0.0,996.0,83,660.0,1127.0,2000.0,해태,스낵류,감자스낵
124563,해태)자가비사워크림맛45g,20250312,40,12,20007,대구센터,8364.0,0.0,120.0,420.0,300.0,540.0,252.0,216.0,12.0,72.0,36.0,72.0,0.0,0.0,1380.0,115,979.0,1127.0,2000.0,해태,스낵류,감자스낵
124563,해태)자가비사워크림맛45g,20250312,40,12,20010,양주센터,10416.0,0.0,60.0,360.0,432.0,276.0,312.0,96.0,72.0,72.0,60.0,36.0,0.0,0.0,1128.0,96,967.0,1127.0,2000.0,해태,스낵류,감자스낵
124563,해태)자가비사워크림맛45g,20250312,40,12,20017,울산상온센터(K7),5592.0,0.0,72.0,300.0,324.0,216.0,84.0,120.0,108.0,24.0,24.0,12.0,0.0,0.0,912.0,78,729.0,1127.0,2000.0,해태,스낵류,감자스낵
124563,해태)자가비사워크림맛45g,20250312,40,12,20033,제주상온센터,2016.0,0.0,0.0,120.0,204.0,168.0,36.0,24.0,36.0,0.0,12.0,0.0,0.0,0.0,492.0,40,313.0,1127.0,2000.0,해태,스낵류,감자스낵
124563,해태)자가비사워크림맛45g,20250312,40,12,20034,구성상온센터,10752.0,0.0,0.0,252.0,480.0,264.0,288.0,252.0,156.0,84.0,48.0,156.0,12.0,0.0,996.0,86,875.0,1127.0,2000.0,해태,스낵류,감자스낵
124563,해태)자가비사워크림맛45g,20250312,40,12,20050,세종상온센터,8052.0,0.0,60.0,312.0,348.0,252.0,168.0,204.0,60.0,36.0,84.0,12.0,0.0,0.0,972.0,83,943.0,1127.0,2000.0,해태,스낵류,감자스낵
124563,해태)자가비사워크림맛45g,20250312,40,12,20065,원주상온센터(K7),4980.0,0.0,0.0,192.0,444.0,228.0,36.0,84.0,108.0,12.0,24.0,36.0,0.0,0.0,864.0,72,682.0,1127.0,2000.0,해태,스낵류,감자스낵
124563,해태)자가비사워크림맛45g,20250312,40,12,20075,인천상온센터,6984.0,0.0,84.0,348.0,396.0,204.0,216.0,132.0,108.0,12.0,36.0,12.0,0.0,0.0,1032.0,88,814.0,1127.0,2000.0,해태,스낵류,감자스낵
124563,해태)자가비사워크림맛45g,20250312,40,12,20079,A광주상온센터,6432.0,0.0,36.0,216.0,216.0,228.0,108.0,144.0,36.0,60.0,36.0,12.0,12.0,0.0,696.0,61,749.0,1127.0,2000.0,해태,스낵류,감자스낵
124563,해태)자가비사워크림맛45g,20250312,40,12,20080,A의왕상온센터,6204.0,0.0,0.0,288.0,480.0,372.0,144.0,132.0,144.0,24.0,60.0,72.0,0.0,0.0,1140.0,96,713.0,1127.0,2000.0,해태,스낵류,감자스낵
124563,해태)자가비사워크림맛45g,20250312,40,12,20081,A양산상온센터,6720.0,0.0,48.0,204.0,408.0,192.0,168.0,60.0,60.0,24.0,12.0,0.0,0.0,0.0,852.0,72,870.0,1127.0,2000.0,해태,스낵류,감자스낵
124563,해태)자가비사워크림맛45g,20250312,40,12,20083,김제상온센터,4680.0,0.0,24.0,204.0,228.0,192.0,96.0,72.0,60.0,0.0,24.0,12.0,0.0,0.0,648.0,57,653.0,1127.0,2000.0,해태,스낵류,감자스낵
124563,해태)자가비사워크림맛45g,20250312,40,12,20084,천안상온센터,3852.0,0.0,0.0,108.0,300.0,192.0,216.0,96.0,48.0,48.0,48.0,24.0,12.0,0.0,600.0,50,565.0,1127.0,2000.0,해태,스낵류,감자스낵
124563,해태)자가비사워크림맛45g,20250312,40,12,20085,인천B상온센터,8160.0,0.0,72.0,288.0,468.0,180.0,168.0,168.0,96.0,36.0,60.0,12.0,0.0,0.0,1008.0,83,774.0,1127.0,2000.0,해태,스낵류,감자스낵
124623,에이스)브릭벽돌초콜릿50g,20250312,15,12,20006,성남센터,1872.0,0.0,96.0,156.0,204.0,204.0,132.0,48.0,48.0,24.0,72.0,0.0,12.0,0.0,660.0,55,660.0,1450.0,2900.0,에이스,초콜릿,판초콜릿
124623,에이스)브릭벽돌초콜릿50g,20250312,15,12,20007,대구센터,2016.0,36.0,144.0,252.0,168.0,288.0,180.0,132.0,36.0,36.0,0.0,24.0,0.0,0.0,852.0,80,979.0,1450.0,2900.0,에이스,초콜릿,판초콜릿
124623,에이스)브릭벽돌초콜릿50g,20250312,15,12,20010,양주센터,2448.0,48.0,48.0,228.0,336.0,168.0,180.0,24.0,48.0,36.0,48.0,12.0,0.0,0.0,780.0,68,967.0,1450.0,2900.0,에이스,초콜릿,판초콜릿
124623,에이스)브릭벽돌초콜릿50g,20250312,15,12,20017,울산상온센터(K7),1296.0,12.0,36.0,216.0,144.0,96.0,48.0,60.0,48.0,24.0,0.0,12.0,0.0,0.0,492.0,43,729.0,1450.0,2900.0,에이스,초콜릿,판초콜릿
124623,에이스)브릭벽돌초콜릿50g,20250312,15,12,20033,제주상온센터,576.0,0.0,48.0,48.0,84.0,72.0,0.0,0.0,24.0,0.0,0.0,0.0,0.0,0.0,252.0,20,313.0,1450.0,2900.0,에이스,초콜릿,판초콜릿
124623,에이스)브릭벽돌초콜릿50g,20250312,15,12,20034,구성상온센터,2448.0,12.0,84.0,144.0,264.0,216.0,96.0,120.0,48.0,48.0,0.0,60.0,24.0,0.0,708.0,63,875.0,1450.0,2900.0,에이스,초콜릿,판초콜릿
124623,에이스)브릭벽돌초콜릿50g,20250312,15,12,20050,세종상온센터,1872.0,24.0,108.0,204.0,288.0,144.0,96.0,72.0,24.0,12.0,12.0,0.0,0.0,0.0,744.0,68,943.0,1450.0,2900.0,에이스,초콜릿,판초콜릿
124623,에이스)브릭벽돌초콜릿50g,20250312,15,12,20065,원주상온센터(K7),1152.0,0.0,48.0,180.0,300.0,144.0,36.0,48.0,72.0,36.0,24.0,12.0,0.0,0.0,672.0,54,682.0,1450.0,2900.0,에이스,초콜릿,판초콜릿
124623,에이스)브릭벽돌초콜릿50g,20250312,15,12,20075,인천상온센터,1584.0,60.0,72.0,192.0,144.0,168.0,72.0,48.0,12.0,12.0,24.0,12.0,0.0,0.0,576.0,55,814.0,1450.0,2900.0,에이스,초콜릿,판초콜릿
124623,에이스)브릭벽돌초콜릿50g,20250312,15,12,20079,A광주상온센터,1584.0,12.0,84.0,132.0,168.0,192.0,36.0,72.0,48.0,12.0,24.0,0.0,0.0,0.0,576.0,50,749.0,1450.0,2900.0,에이스,초콜릿,판초콜릿
124623,에이스)브릭벽돌초콜릿50g,20250312,15,12,20080,A의왕상온센터,1440.0,0.0,36.0,204.0,132.0,84.0,96.0,48.0,36.0,24.0,0.0,12.0,0.0,0.0,456.0,40,713.0,1450.0,2900.0,에이스,초콜릿,판초콜릿
124623,에이스)브릭벽돌초콜릿50g,20250312,15,12,20081,A양산상온센터,1584.0,0.0,108.0,156.0,228.0,144.0,84.0,0.0,36.0,24.0,0.0,0.0,0.0,0.0,636.0,54,870.0,1450.0,2900.0,에이스,초콜릿,판초콜릿
124623,에이스)브릭벽돌초콜릿50g,20250312,15,12,20083,김제상온센터,1152.0,24.0,60.0,144.0,108.0,108.0,84.0,48.0,0.0,0.0,12.0,0.0,0.0,0.0,420.0,40,653.0,1450.0,2900.0,에이스,초콜릿,판초콜릿
124623,에이스)브릭벽돌초콜릿50g,20250312,15,12,20084,천안상온센터,1008.0,0.0,24.0,48.0,240.0,120.0,192.0,60.0,48.0,60.0,24.0,0.0,0.0,0.0,432.0,36,565.0,1450.0,2900.0,에이스,초콜릿,판초콜릿
124623,에이스)브릭벽돌초콜릿50g,20250312,15,12,20085,인천B상온센터,1872.0,60.0,108.0,132.0,132.0,132.0,72.0,72.0,96.0,24.0,36.0,0.0,0.0,0.0,504.0,49,774.0,1450.0,2900.0,에이스,초콜릿,판초콜릿
124628,하늘)브라우니약과60g,20250312,30,12,20006,성남센터,1272.0,0.0,12.0,84.0,192.0,156.0,72.0,36.0,60.0,24.0,72.0,0.0,12.0,0.0,444.0,40,660.0,1160.0,2200.0,하늘,비스킷류,쿠키
124628,하늘)브라우니약과60g,20250312,30,12,20007,대구센터,1368.0,0.0,48.0,156.0,156.0,204.0,108.0,60.0,12.0,24.0,0.0,24.0,0.0,0.0,564.0,54,979.0,1160.0,2200.0,하늘,비스킷류,쿠키
124628,하늘)브라우니약과60g,20250312,30,12,20010,양주센터,1704.0,0.0,48.0,204.0,204.0,156.0,144.0,24.0,12.0,24.0,0.0,0.0,0.0,0.0,612.0,53,967.0,1160.0,2200.0,하늘,비스킷류,쿠키
124628,하늘)브라우니약과60g,20250312,30,12,20017,울산상온센터(K7),912.0,0.0,12.0,132.0,132.0,48.0,48.0,36.0,48.0,12.0,12.0,0.0,0.0,0.0,324.0,28,729.0,1160.0,2200.0,하늘,비스킷류,쿠키
124628,하늘)브라우니약과60g,20250312,30,12,20033,제주상온센터,336.0,0.0,0.0,48.0,84.0,60.0,12.0,12.0,0.0,0.0,12.0,0.0,0.0,0.0,192.0,18,313.0,1160.0,2200.0,하늘,비스킷류,쿠키
124628,하늘)브라우니약과60g,20250312,30,12,20034,구성상온센터,1752.0,0.0,0.0,72.0,204.0,192.0,72.0,60.0,48.0,12.0,24.0,36.0,0.0,0.0,468.0,39,875.0,1160.0,2200.0,하늘,비스킷류,쿠키
124628,하늘)브라우니약과60g,20250312,30,12,20050,세종상온센터,1308.0,0.0,60.0,108.0,180.0,60.0,60.0,72.0,36.0,24.0,12.0,0.0,0.0,0.0,408.0,35,943.0,1160.0,2200.0,하늘,비스킷류,쿠키
124628,하늘)브라우니약과60g,20250312,30,12,20065,원주상온센터(K7),816.0,0.0,0.0,96.0,192.0,132.0,36.0,48.0,24.0,24.0,12.0,0.0,0.0,0.0,420.0,34,682.0,1160.0,2200.0,하늘,비스킷류,쿠키
124628,하늘)브라우니약과60g,20250312,30,12,20075,인천상온센터,1140.0,0.0,36.0,120.0,168.0,132.0,60.0,24.0,24.0,12.0,36.0,0.0,0.0,0.0,456.0,38,814.0,1160.0,2200.0,하늘,비스킷류,쿠키
124628,하늘)브라우니약과60g,20250312,30,12,20079,A광주상온센터,1056.0,0.0,12.0,156.0,96.0,72.0,0.0,12.0,12.0,12.0,24.0,0.0,0.0,0.0,336.0,30,749.0,1160.0,2200.0,하늘,비스킷류,쿠키
124628,하늘)브라우니약과60g,20250312,30,12,20080,A의왕상온센터,1020.0,0.0,0.0,120.0,108.0,132.0,84.0,48.0,60.0,12.0,24.0,24.0,0.0,0.0,360.0,32,713.0,1160.0,2200.0,하늘,비스킷류,쿠키
124628,하늘)브라우니약과60g,20250312,30,12,20081,A양산상온센터,1092.0,0.0,12.0,96.0,216.0,72.0,84.0,12.0,48.0,0.0,0.0,0.0,0.0,0.0,396.0,34,870.0,1160.0,2200.0,하늘,비스킷류,쿠키
124628,하늘)브라우니약과60g,20250312,30,12,20083,김제상온센터,768.0,0.0,0.0,120.0,96.0,72.0,72.0,24.0,12.0,0.0,0.0,0.0,0.0,0.0,288.0,27,653.0,1160.0,2200.0,하늘,비스킷류,쿠키
124628,하늘)브라우니약과60g,20250312,30,12,20084,천안상온센터,636.0,0.0,0.0,36.0,120.0,96.0,48.0,36.0,72.0,24.0,12.0,0.0,0.0,0.0,252.0,23,565.0,1160.0,2200.0,하늘,비스킷류,쿠키
124628,하늘)브라우니약과60g,20250312,30,12,20085,인천B상온센터,1332.0,0.0,36.0,168.0,144.0,96.0,96.0,24.0,36.0,24.0,24.0,0.0,0.0,0.0,444.0,37,774.0,1160.0,2200.0,하늘,비스킷류,쿠키
124629,유앤)참깨롱꽈배기280g,20250319,15,5,20006,성남센터,560.0,45.0,20.0,20.0,55.0,30.0,25.0,5.0,5.0,0.0,5.0,0.0,0.0,0.0,125.0,38,660.0,3710.0,6900.0,유앤,스낵류,전통스낵
124629,유앤)참깨롱꽈배기280g,20250319,15,5,20007,대구센터,600.0,35.0,10.0,35.0,50.0,30.0,5.0,10.0,5.0,10.0,0.0,0.0,0.0,0.0,125.0,33,980.0,3710.0,6900.0,유앤,스낵류,전통스낵
124629,유앤)참깨롱꽈배기280g,20250319,15,5,20010,양주센터,740.0,45.0,40.0,75.0,80.0,20.0,15.0,10.0,10.0,5.0,5.0,0.0,0.0,0.0,215.0,58,965.0,3710.0,6900.0,유앤,스낵류,전통스낵
124629,유앤)참깨롱꽈배기280g,20250319,15,5,20017,울산상온센터(K7),400.0,40.0,25.0,20.0,30.0,20.0,5.0,0.0,15.0,5.0,0.0,5.0,0.0,0.0,95.0,29,728.0,3710.0,6900.0,유앤,스낵류,전통스낵
124629,유앤)참깨롱꽈배기280g,20250319,15,5,20033,제주상온센터,160.0,10.0,5.0,0.0,30.0,10.0,20.0,0.0,0.0,5.0,0.0,0.0,0.0,0.0,45.0,13,313.0,3710.0,6900.0,유앤,스낵류,전통스낵
124629,유앤)참깨롱꽈배기280g,20250319,15,5,20034,구성상온센터,780.0,55.0,15.0,25.0,75.0,65.0,20.0,20.0,15.0,5.0,5.0,0.0,0.0,0.0,180.0,53,873.0,3710.0,6900.0,유앤,스낵류,전통스낵
124629,유앤)참깨롱꽈배기280g,20250319,15,5,20050,세종상온센터,580.0,35.0,30.0,55.0,65.0,15.0,30.0,10.0,0.0,10.0,5.0,5.0,0.0,0.0,165.0,47,941.0,3710.0,6900.0,유앤,스낵류,전통스낵
124629,유앤)참깨롱꽈배기280g,20250319,15,5,20065,원주상온센터(K7),360.0,30.0,20.0,35.0,45.0,20.0,20.0,5.0,5.0,0.0,0.0,0.0,0.0,0.0,120.0,32,680.0,3710.0,6900.0,유앤,스낵류,전통스낵
124629,유앤)참깨롱꽈배기280g,20250319,15,5,20075,인천상온센터,500.0,40.0,20.0,45.0,75.0,35.0,5.0,20.0,0.0,10.0,0.0,5.0,0.0,0.0,175.0,46,813.0,3710.0,6900.0,유앤,스낵류,전통스낵
124629,유앤)참깨롱꽈배기280g,20250319,15,5,20079,A광주상온센터,460.0,20.0,10.0,50.0,40.0,35.0,10.0,15.0,0.0,0.0,0.0,0.0,0.0,0.0,135.0,35,746.0,3710.0,6900.0,유앤,스낵류,전통스낵
124629,유앤)참깨롱꽈배기280g,20250319,15,5,20080,A의왕상온센터,440.0,40.0,10.0,75.0,60.0,30.0,30.0,5.0,5.0,5.0,0.0,0.0,0.0,0.0,175.0,48,713.0,3710.0,6900.0,유앤,스낵류,전통스낵
124629,유앤)참깨롱꽈배기280g,20250319,15,5,20081,A양산상온센터,480.0,25.0,10.0,45.0,25.0,35.0,5.0,15.0,15.0,5.0,0.0,5.0,0.0,0.0,115.0,34,870.0,3710.0,6900.0,유앤,스낵류,전통스낵
124629,유앤)참깨롱꽈배기280g,20250319,15,5,20083,김제상온센터,340.0,35.0,20.0,30.0,35.0,15.0,15.0,15.0,0.0,0.0,0.0,0.0,0.0,0.0,100.0,29,653.0,3710.0,6900.0,유앤,스낵류,전통스낵
124629,유앤)참깨롱꽈배기280g,20250319,15,5,20084,천안상온센터,280.0,30.0,15.0,10.0,65.0,40.0,40.0,15.0,15.0,0.0,5.0,0.0,0.0,0.0,130.0,36,563.0,3710.0,6900.0,유앤,스낵류,전통스낵
124629,유앤)참깨롱꽈배기280g,20250319,15,5,20085,인천B상온센터,600.0,35.0,20.0,50.0,30.0,10.0,10.0,5.0,5.0,0.0,5.0,0.0,0.0,0.0,110.0,34,775.0,3710.0,6900.0,유앤,스낵류,전통스낵
124630,투데이)무이티케이크마시멜로6입,20250326,15,2,20006,성남센터,816.0,46.0,38.0,54.0,108.0,26.0,52.0,6.0,24.0,20.0,4.0,10.0,10.0,0.0,226.0,42,661.0,1036.0,2000.0,투데이,비스킷류,쿠키
124630,투데이)무이티케이크마시멜로6입,20250326,15,2,20007,대구센터,864.0,40.0,26.0,76.0,146.0,114.0,40.0,12.0,10.0,10.0,20.0,0.0,0.0,0.0,362.0,58,979.0,1036.0,2000.0,투데이,비스킷류,쿠키
124630,투데이)무이티케이크마시멜로6입,20250326,15,2,20010,양주센터,1056.0,26.0,32.0,84.0,128.0,54.0,54.0,30.0,2.0,20.0,0.0,0.0,0.0,0.0,298.0,46,965.0,1036.0,2000.0,투데이,비스킷류,쿠키
124630,투데이)무이티케이크마시멜로6입,20250326,15,2,20017,울산상온센터(K7),576.0,60.0,30.0,62.0,52.0,30.0,32.0,0.0,20.0,20.0,10.0,2.0,0.0,0.0,174.0,28,728.0,1036.0,2000.0,투데이,비스킷류,쿠키
124630,투데이)무이티케이크마시멜로6입,20250326,15,2,20033,제주상온센터,216.0,22.0,30.0,10.0,30.0,20.0,10.0,0.0,0.0,0.0,0.0,0.0,0.0,0.0,90.0,14,313.0,1036.0,2000.0,투데이,비스킷류,쿠키
124630,투데이)무이티케이크마시멜로6입,20250326,15,2,20034,구성상온센터,1128.0,40.0,82.0,20.0,162.0,120.0,38.0,4.0,40.0,2.0,0.0,0.0,0.0,0.0,384.0,49,873.0,1036.0,2000.0,투데이,비스킷류,쿠키
124630,투데이)무이티케이크마시멜로6입,20250326,15,2,20050,세종상온센터,840.0,74.0,10.0,108.0,62.0,40.0,24.0,14.0,4.0,10.0,0.0,10.0,0.0,0.0,220.0,38,942.0,1036.0,2000.0,투데이,비스킷류,쿠키
124630,투데이)무이티케이크마시멜로6입,20250326,15,2,20065,원주상온센터(K7),504.0,24.0,26.0,40.0,118.0,44.0,22.0,0.0,0.0,10.0,4.0,10.0,0.0,0.0,228.0,34,680.0,1036.0,2000.0,투데이,비스킷류,쿠키
124630,투데이)무이티케이크마시멜로6입,20250326,15,2,20075,인천상온센터,720.0,48.0,66.0,94.0,62.0,32.0,10.0,34.0,10.0,0.0,2.0,0.0,10.0,0.0,254.0,42,813.0,1036.0,2000.0,투데이,비스킷류,쿠키
124630,투데이)무이티케이크마시멜로6입,20250326,15,2,20079,A광주상온센터,672.0,20.0,12.0,68.0,62.0,40.0,34.0,0.0,12.0,2.0,0.0,0.0,0.0,0.0,182.0,25,747.0,1036.0,2000.0,투데이,비스킷류,쿠키
124630,투데이)무이티케이크마시멜로6입,20250326,15,2,20080,A의왕상온센터,648.0,36.0,42.0,106.0,112.0,24.0,54.0,6.0,0.0,10.0,12.0,4.0,0.0,0.0,284.0,43,712.0,1036.0,2000.0,투데이,비스킷류,쿠키
124630,투데이)무이티케이크마시멜로6입,20250326,15,2,20081,A양산상온센터,696.0,46.0,20.0,42.0,44.0,28.0,4.0,52.0,20.0,0.0,0.0,10.0,0.0,0.0,134.0,28,869.0,1036.0,2000.0,투데이,비스킷류,쿠키
124630,투데이)무이티케이크마시멜로6입,20250326,15,2,20083,김제상온센터,480.0,12.0,2.0,80.0,56.0,30.0,6.0,10.0,0.0,0.0,2.0,0.0,0.0,0.0,168.0,23,653.0,1036.0,2000.0,투데이,비스킷류,쿠키
124630,투데이)무이티케이크마시멜로6입,20250326,15,2,20084,천안상온센터,408.0,46.0,24.0,24.0,52.0,36.0,10.0,10.0,4.0,0.0,10.0,0.0,0.0,0.0,136.0,24,562.0,1036.0,2000.0,투데이,비스킷류,쿠키
124630,투데이)무이티케이크마시멜로6입,20250326,15,2,20085,인천B상온센터,864.0,88.0,50.0,68.0,78.0,10.0,48.0,30.0,0.0,10.0,10.0,0.0,0.0,0.0,206.0,39,774.0,1036.0,2000.0,투데이,비스킷류,쿠키
124631,나무)드럼스틱모양젤리(바나나&블루베리)50g,20250312,30,10,20006,성남센터,1680.0,0.0,0.0,20.0,190.0,200.0,70.0,30.0,30.0,20.0,80.0,100.0,0.0,0.0,410.0,38,660.0,1055.0,2000.0,나무,젤리류,수입젤리
124631,나무)드럼스틱모양젤리(바나나&블루베리)50g,20250312,30,10,20007,대구센터,1800.0,0.0,40.0,250.0,210.0,480.0,320.0,180.0,110.0,10.0,40.0,40.0,0.0,0.0,980.0,91,979.0,1055.0,2000.0,나무,젤리류,수입젤리
124631,나무)드럼스틱모양젤리(바나나&블루베리)50g,20250312,30,10,20010,양주센터,2280.0,0.0,40.0,180.0,240.0,160.0,130.0,50.0,30.0,10.0,20.0,20.0,0.0,0.0,620.0,65,967.0,1055.0,2000.0,나무,젤리류,수입젤리
124631,나무)드럼스틱모양젤리(바나나&블루베리)50g,20250312,30,10,20017,울산상온센터(K7),1200.0,0.0,20.0,110.0,170.0,160.0,130.0,70.0,40.0,10.0,40.0,30.0,0.0,0.0,460.0,48,729.0,1055.0,2000.0,나무,젤리류,수입젤리
124631,나무)드럼스틱모양젤리(바나나&블루베리)50g,20250312,30,10,20033,제주상온센터,480.0,0.0,0.0,10.0,130.0,60.0,40.0,160.0,70.0,20.0,0.0,0.0,0.0,0.0,200.0,19,313.0,1055.0,2000.0,나무,젤리류,수입젤리
124631,나무)드럼스틱모양젤리(바나나&블루베리)50g,20250312,30,10,20034,구성상온센터,2280.0,0.0,0.0,80.0,170.0,290.0,180.0,100.0,110.0,30.0,10.0,600.0,40.0,0.0,540.0,55,875.0,1055.0,2000.0,나무,젤리류,수입젤리
124631,나무)드럼스틱모양젤리(바나나&블루베리)50g,20250312,30,10,20050,세종상온센터,1680.0,0.0,30.0,100.0,200.0,210.0,120.0,140.0,60.0,20.0,40.0,0.0,0.0,0.0,540.0,56,943.0,1055.0,2000.0,나무,젤리류,수입젤리
124631,나무)드럼스틱모양젤리(바나나&블루베리)50g,20250312,30,10,20065,원주상온센터(K7),1080.0,0.0,0.0,50.0,210.0,160.0,100.0,120.0,80.0,20.0,10.0,20.0,0.0,0.0,420.0,45,682.0,1055.0,2000.0,나무,젤리류,수입젤리
124631,나무)드럼스틱모양젤리(바나나&블루베리)50g,20250312,30,10,20075,인천상온센터,1560.0,0.0,20.0,120.0,170.0,150.0,40.0,20.0,60.0,10.0,0.0,10.0,0.0,0.0,460.0,49,814.0,1055.0,2000.0,나무,젤리류,수입젤리
124631,나무)드럼스틱모양젤리(바나나&블루베리)50g,20250312,30,10,20079,A광주상온센터,1440.0,0.0,30.0,140.0,180.0,210.0,120.0,230.0,50.0,60.0,130.0,30.0,10.0,0.0,560.0,55,749.0,1055.0,2000.0,나무,젤리류,수입젤리
124631,나무)드럼스틱모양젤리(바나나&블루베리)50g,20250312,30,10,20080,A의왕상온센터,1320.0,0.0,0.0,110.0,130.0,150.0,80.0,50.0,30.0,10.0,40.0,120.0,0.0,0.0,390.0,43,713.0,1055.0,2000.0,나무,젤리류,수입젤리
124631,나무)드럼스틱모양젤리(바나나&블루베리)50g,20250312,30,10,20081,A양산상온센터,1440.0,0.0,10.0,70.0,230.0,80.0,60.0,30.0,20.0,30.0,0.0,10.0,0.0,0.0,390.0,40,870.0,1055.0,2000.0,나무,젤리류,수입젤리
124631,나무)드럼스틱모양젤리(바나나&블루베리)50g,20250312,30,10,20083,김제상온센터,1080.0,0.0,0.0,50.0,110.0,150.0,80.0,70.0,60.0,0.0,30.0,10.0,0.0,0.0,310.0,31,653.0,1055.0,2000.0,나무,젤리류,수입젤리
124631,나무)드럼스틱모양젤리(바나나&블루베리)50g,20250312,30,10,20084,천안상온센터,840.0,0.0,0.0,0.0,190.0,50.0,150.0,10.0,60.0,60.0,30.0,130.0,0.0,0.0,240.0,26,565.0,1055.0,2000.0,나무,젤리류,수입젤리
124631,나무)드럼스틱모양젤리(바나나&블루베리)50g,20250312,30,10,20085,인천B상온센터,1800.0,0.0,0.0,90.0,270.0,70.0,100.0,240.0,50.0,20.0,40.0,10.0,0.0,0.0,430.0,36,774.0,1055.0,2000.0,나무,젤리류,수입젤리
124632,피치)곤충모양젤리13g,20250312,20,13,20006,성남센터,1248.0,0.0,0.0,26.0,91.0,78.0,26.0,13.0,39.0,13.0,13.0,0.0,0.0,0.0,195.0,16,660.0,400.0,800.0,피치,젤리류,수입젤리
124632,피치)곤충모양젤리13g,20250312,20,13,20007,대구센터,1248.0,0.0,26.0,169.0,182.0,247.0,104.0,65.0,0.0,39.0,26.0,0.0,0.0,0.0,624.0,46,979.0,400.0,800.0,피치,젤리류,수입젤리
124632,피치)곤충모양젤리13g,20250312,20,13,20010,양주센터,1560.0,0.0,39.0,182.0,195.0,143.0,130.0,13.0,26.0,13.0,26.0,0.0,0.0,0.0,559.0,50,967.0,400.0,800.0,피치,젤리류,수입젤리
124632,피치)곤충모양젤리13g,20250312,20,13,20017,울산상온센터(K7),936.0,0.0,26.0,117.0,117.0,78.0,26.0,65.0,0.0,13.0,13.0,0.0,0.0,0.0,338.0,27,729.0,400.0,800.0,피치,젤리류,수입젤리
124632,피치)곤충모양젤리13g,20250312,20,13,20033,제주상온센터,624.0,0.0,0.0,0.0,91.0,104.0,13.0,0.0,13.0,13.0,0.0,0.0,0.0,0.0,195.0,15,313.0,400.0,800.0,피치,젤리류,수입젤리
124632,피치)곤충모양젤리13g,20250312,20,13,20034,구성상온센터,1872.0,0.0,0.0,78.0,221.0,182.0,78.0,78.0,52.0,13.0,26.0,13.0,0.0,0.0,481.0,37,875.0,400.0,800.0,피치,젤리류,수입젤리
124632,피치)곤충모양젤리13g,20250312,20,13,20050,세종상온센터,1248.0,0.0,26.0,65.0,182.0,104.0,130.0,78.0,65.0,13.0,13.0,0.0,0.0,0.0,377.0,31,943.0,400.0,800.0,피치,젤리류,수입젤리
124632,피치)곤충모양젤리13g,20250312,20,13,20065,원주상온센터(K7),936.0,0.0,0.0,78.0,208.0,143.0,39.0,52.0,52.0,26.0,0.0,0.0,0.0,0.0,429.0,33,682.0,400.0,800.0,피치,젤리류,수입젤리
124632,피치)곤충모양젤리13g,20250312,20,13,20075,인천상온센터,1248.0,0.0,39.0,91.0,221.0,169.0,65.0,39.0,0.0,13.0,0.0,0.0,0.0,0.0,520.0,42,814.0,400.0,800.0,피치,젤리류,수입젤리
124632,피치)곤충모양젤리13g,20250312,20,13,20079,A광주상온센터,1248.0,0.0,13.0,91.0,117.0,52.0,26.0,117.0,39.0,13.0,26.0,0.0,0.0,0.0,273.0,22,749.0,400.0,800.0,피치,젤리류,수입젤리
124632,피치)곤충모양젤리13g,20250312,20,13,20080,A의왕상온센터,936.0,0.0,0.0,104.0,130.0,91.0,13.0,39.0,52.0,26.0,0.0,13.0,0.0,0.0,325.0,27,713.0,400.0,800.0,피치,젤리류,수입젤리
124632,피치)곤충모양젤리13g,20250312,20,13,20081,A양산상온센터,1248.0,0.0,26.0,65.0,208.0,91.0,78.0,39.0,13.0,39.0,13.0,0.0,0.0,0.0,390.0,32,870.0,400.0,800.0,피치,젤리류,수입젤리
124632,피치)곤충모양젤리13g,20250312,20,13,20083,김제상온센터,936.0,0.0,13.0,52.0,143.0,130.0,52.0,39.0,13.0,13.0,13.0,13.0,0.0,0.0,338.0,27,653.0,400.0,800.0,피치,젤리류,수입젤리
124632,피치)곤충모양젤리13g,20250312,20,13,20084,천안상온센터,936.0,0.0,0.0,13.0,260.0,91.0,39.0,26.0,39.0,13.0,13.0,0.0,0.0,0.0,364.0,29,565.0,400.0,800.0,피치,젤리류,수입젤리
124632,피치)곤충모양젤리13g,20250312,20,13,20085,인천B상온센터,1248.0,0.0,0.0,39.0,117.0,39.0,39.0,39.0,13.0,0.0,13.0,0.0,0.0,0.0,195.0,19,774.0,400.0,800.0,피치,젤리류,수입젤리
124633,유앤)드럼스틱젤리(두가지맛믹스)80g,20250312,30,12,20006,성남센터,1944.0,0.0,0.0,36.0,192.0,312.0,84.0,72.0,36.0,12.0,96.0,144.0,0.0,0.0,540.0,44,660.0,1341.0,2500.0,유앤,젤리류,수입젤리
124633,유앤)드럼스틱젤리(두가지맛믹스)80g,20250312,30,12,20007,대구센터,2160.0,0.0,60.0,276.0,264.0,564.0,468.0,156.0,108.0,12.0,36.0,60.0,0.0,0.0,1164.0,92,979.0,1341.0,2500.0,유앤,젤리류,수입젤리
124633,유앤)드럼스틱젤리(두가지맛믹스)80g,20250312,30,12,20010,양주센터,2664.0,0.0,48.0,264.0,264.0,168.0,168.0,48.0,24.0,12.0,36.0,36.0,0.0,0.0,744.0,65,967.0,1341.0,2500.0,유앤,젤리류,수입젤리
124633,유앤)드럼스틱젤리(두가지맛믹스)80g,20250312,30,12,20017,울산상온센터(K7),1440.0,0.0,24.0,96.0,192.0,180.0,144.0,156.0,60.0,12.0,48.0,36.0,12.0,0.0,492.0,42,729.0,1341.0,2500.0,유앤,젤리류,수입젤리
124633,유앤)드럼스틱젤리(두가지맛믹스)80g,20250312,30,12,20033,제주상온센터,504.0,0.0,0.0,12.0,108.0,132.0,48.0,180.0,72.0,12.0,0.0,0.0,0.0,0.0,252.0,21,313.0,1341.0,2500.0,유앤,젤리류,수입젤리
124633,유앤)드럼스틱젤리(두가지맛믹스)80g,20250312,30,12,20034,구성상온센터,2736.0,0.0,0.0,108.0,276.0,444.0,240.0,120.0,120.0,24.0,0.0,612.0,36.0,0.0,828.0,66,875.0,1341.0,2500.0,유앤,젤리류,수입젤리
124633,유앤)드럼스틱젤리(두가지맛믹스)80g,20250312,30,12,20050,세종상온센터,2016.0,0.0,24.0,108.0,252.0,300.0,156.0,168.0,84.0,12.0,24.0,0.0,0.0,0.0,684.0,60,943.0,1341.0,2500.0,유앤,젤리류,수입젤리
124633,유앤)드럼스틱젤리(두가지맛믹스)80g,20250312,30,12,20065,원주상온센터(K7),1296.0,0.0,0.0,60.0,288.0,144.0,108.0,168.0,108.0,36.0,24.0,24.0,0.0,0.0,492.0,41,682.0,1341.0,2500.0,유앤,젤리류,수입젤리
124633,유앤)드럼스틱젤리(두가지맛믹스)80g,20250312,30,12,20075,인천상온센터,1800.0,0.0,24.0,120.0,204.0,192.0,48.0,48.0,84.0,12.0,12.0,0.0,0.0,0.0,540.0,46,814.0,1341.0,2500.0,유앤,젤리류,수입젤리
124633,유앤)드럼스틱젤리(두가지맛믹스)80g,20250312,30,12,20079,A광주상온센터,1656.0,0.0,12.0,180.0,168.0,204.0,168.0,240.0,84.0,72.0,144.0,36.0,0.0,0.0,564.0,46,749.0,1341.0,2500.0,유앤,젤리류,수입젤리
124633,유앤)드럼스틱젤리(두가지맛믹스)80g,20250312,30,12,20080,A의왕상온센터,1584.0,0.0,0.0,108.0,216.0,192.0,132.0,48.0,36.0,12.0,72.0,132.0,0.0,0.0,516.0,48,713.0,1341.0,2500.0,유앤,젤리류,수입젤리
124633,유앤)드럼스틱젤리(두가지맛믹스)80g,20250312,30,12,20081,A양산상온센터,1728.0,0.0,12.0,84.0,276.0,132.0,72.0,24.0,36.0,24.0,0.0,12.0,0.0,0.0,504.0,45,870.0,1341.0,2500.0,유앤,젤리류,수입젤리
124633,유앤)드럼스틱젤리(두가지맛믹스)80g,20250312,30,12,20083,김제상온센터,1224.0,0.0,12.0,60.0,156.0,132.0,96.0,96.0,60.0,0.0,24.0,12.0,0.0,0.0,360.0,29,653.0,1341.0,2500.0,유앤,젤리류,수입젤리
124633,유앤)드럼스틱젤리(두가지맛믹스)80g,20250312,30,12,20084,천안상온센터,1008.0,0.0,0.0,0.0,180.0,96.0,192.0,36.0,72.0,60.0,48.0,120.0,0.0,0.0,276.0,22,565.0,1341.0,2500.0,유앤,젤리류,수입젤리
124633,유앤)드럼스틱젤리(두가지맛믹스)80g,20250312,30,12,20085,인천B상온센터,2088.0,0.0,0.0,108.0,324.0,96.0,108.0,300.0,48.0,12.0,72.0,0.0,0.0,0.0,528.0,41,774.0,1341.0,2500.0,유앤,젤리류,수입젤리
124686,나무)드럼스틱모양젤리(딸기&밀크)50g,20250319,20,10,20006,성남센터,2400.0,0.0,0.0,50.0,390.0,320.0,130.0,100.0,30.0,60.0,10.0,20.0,10.0,0.0,760.0,77,660.0,1055.0,2000.0,나무,젤리류,수입젤리
124686,나무)드럼스틱모양젤리(딸기&밀크)50g,20250319,20,10,20007,대구센터,2640.0,0.0,0.0,180.0,450.0,610.0,290.0,120.0,80.0,20.0,70.0,40.0,0.0,0.0,1240.0,113,980.0,1055.0,2000.0,나무,젤리류,수입젤리
124686,나무)드럼스틱모양젤리(딸기&밀크)50g,20250319,20,10,20010,양주센터,3240.0,0.0,0.0,120.0,330.0,210.0,120.0,130.0,10.0,10.0,0.0,10.0,0.0,0.0,660.0,69,965.0,1055.0,2000.0,나무,젤리류,수입젤리
124686,나무)드럼스틱모양젤리(딸기&밀크)50g,20250319,20,10,20017,울산상온센터(K7),1800.0,0.0,0.0,90.0,120.0,120.0,70.0,80.0,30.0,10.0,20.0,20.0,10.0,0.0,330.0,34,728.0,1055.0,2000.0,나무,젤리류,수입젤리
124686,나무)드럼스틱모양젤리(딸기&밀크)50g,20250319,20,10,20033,제주상온센터,720.0,0.0,0.0,0.0,110.0,60.0,50.0,40.0,0.0,20.0,0.0,0.0,0.0,0.0,170.0,17,313.0,1055.0,2000.0,나무,젤리류,수입젤리
124686,나무)드럼스틱모양젤리(딸기&밀크)50g,20250319,20,10,20034,구성상온센터,3360.0,0.0,0.0,10.0,630.0,710.0,420.0,130.0,40.0,30.0,10.0,10.0,10.0,0.0,1350.0,137,873.0,1055.0,2000.0,나무,젤리류,수입젤리
124686,나무)드럼스틱모양젤리(딸기&밀크)50g,20250319,20,10,20050,세종상온센터,2520.0,0.0,0.0,140.0,200.0,230.0,180.0,80.0,20.0,30.0,0.0,0.0,0.0,0.0,570.0,60,941.0,1055.0,2000.0,나무,젤리류,수입젤리
124686,나무)드럼스틱모양젤리(딸기&밀크)50g,20250319,20,10,20065,원주상온센터(K7),1560.0,0.0,0.0,10.0,300.0,210.0,120.0,100.0,40.0,0.0,40.0,20.0,0.0,0.0,520.0,53,680.0,1055.0,2000.0,나무,젤리류,수입젤리
124686,나무)드럼스틱모양젤리(딸기&밀크)50g,20250319,20,10,20075,인천상온센터,2160.0,0.0,0.0,140.0,190.0,160.0,90.0,50.0,10.0,20.0,0.0,20.0,0.0,0.0,490.0,49,813.0,1055.0,2000.0,나무,젤리류,수입젤리
124686,나무)드럼스틱모양젤리(딸기&밀크)50g,20250319,20,10,20079,A광주상온센터,2040.0,0.0,0.0,160.0,180.0,240.0,60.0,90.0,0.0,0.0,10.0,0.0,0.0,0.0,580.0,65,746.0,1055.0,2000.0,나무,젤리류,수입젤리
124686,나무)드럼스틱모양젤리(딸기&밀크)50g,20250319,20,10,20080,A의왕상온센터,1920.0,0.0,0.0,140.0,380.0,170.0,110.0,70.0,0.0,10.0,10.0,10.0,0.0,0.0,690.0,65,713.0,1055.0,2000.0,나무,젤리류,수입젤리
124686,나무)드럼스틱모양젤리(딸기&밀크)50g,20250319,20,10,20081,A양산상온센터,2040.0,0.0,0.0,70.0,260.0,210.0,70.0,20.0,10.0,0.0,0.0,10.0,0.0,0.0,540.0,56,870.0,1055.0,2000.0,나무,젤리류,수입젤리
124686,나무)드럼스틱모양젤리(딸기&밀크)50g,20250319,20,10,20083,김제상온센터,1440.0,0.0,0.0,20.0,170.0,70.0,40.0,30.0,30.0,20.0,10.0,10.0,0.0,0.0,260.0,27,653.0,1055.0,2000.0,나무,젤리류,수입젤리
124686,나무)드럼스틱모양젤리(딸기&밀크)50g,20250319,20,10,20084,천안상온센터,1200.0,0.0,0.0,30.0,330.0,280.0,170.0,310.0,60.0,0.0,10.0,10.0,0.0,0.0,640.0,63,563.0,1055.0,2000.0,나무,젤리류,수입젤리
124686,나무)드럼스틱모양젤리(딸기&밀크)50g,20250319,20,10,20085,인천B상온센터,2640.0,0.0,0.0,170.0,150.0,150.0,140.0,60.0,10.0,20.0,30.0,10.0,0.0,0.0,470.0,47,775.0,1055.0,2000.0,나무,젤리류,수입젤리
124765,초코텍)퍼지초코100g,20250402,50,6,20006,성남센터,5712.0,0.0,0.0,72.0,288.0,1002.0,1062.0,510.0,444.0,66.0,72.0,132.0,0.0,0.0,1362.0,190,661.0,2291.0,4200.0,초코텍,초콜릿,판초콜릿
124765,초코텍)퍼지초코100g,20250402,50,6,20007,대구센터,5520.0,0.0,0.0,150.0,576.0,894.0,624.0,468.0,132.0,18.0,120.0,54.0,6.0,0.0,1620.0,270,980.0,2291.0,4200.0,초코텍,초콜릿,판초콜릿
124765,초코텍)퍼지초코100g,20250402,50,6,20010,양주센터,7344.0,0.0,0.0,186.0,858.0,1242.0,930.0,672.0,210.0,24.0,36.0,12.0,0.0,0.0,2286.0,375,965.0,2291.0,4200.0,초코텍,초콜릿,판초콜릿
124765,초코텍)퍼지초코100g,20250402,50,6,20017,울산상온센터(K7),3696.0,0.0,0.0,96.0,414.0,660.0,540.0,516.0,126.0,12.0,108.0,48.0,0.0,0.0,1170.0,195,727.0,2291.0,4200.0,초코텍,초콜릿,판초콜릿
124765,초코텍)퍼지초코100g,20250402,50,6,20033,제주상온센터,1344.0,0.0,0.0,0.0,66.0,390.0,186.0,318.0,30.0,0.0,6.0,42.0,0.0,0.0,456.0,78,313.0,2291.0,4200.0,초코텍,초콜릿,판초콜릿
124765,초코텍)퍼지초코100g,20250402,50,6,20034,구성상온센터,7632.0,0.0,0.0,0.0,486.0,1170.0,948.0,402.0,312.0,12.0,12.0,150.0,0.0,0.0,1656.0,267,872.0,2291.0,4200.0,초코텍,초콜릿,판초콜릿
124765,초코텍)퍼지초코100g,20250402,50,6,20050,세종상온센터,5280.0,0.0,0.0,354.0,744.0,606.0,594.0,414.0,216.0,42.0,138.0,108.0,0.0,0.0,1704.0,286,941.0,2291.0,4200.0,초코텍,초콜릿,판초콜릿
124765,초코텍)퍼지초코100g,20250402,50,6,20065,원주상온센터(K7),3408.0,0.0,0.0,0.0,198.0,552.0,462.0,678.0,300.0,12.0,12.0,12.0,0.0,0.0,750.0,126,681.0,2291.0,4200.0,초코텍,초콜릿,판초콜릿
124765,초코텍)퍼지초코100g,20250402,50,6,20075,인천상온센터,4896.0,0.0,0.0,150.0,672.0,1116.0,684.0,498.0,162.0,36.0,78.0,102.0,0.0,0.0,1938.0,324,813.0,2291.0,4200.0,초코텍,초콜릿,판초콜릿
124765,초코텍)퍼지초코100g,20250402,50,6,20079,A광주상온센터,4272.0,0.0,0.0,168.0,570.0,1062.0,960.0,414.0,150.0,18.0,66.0,60.0,0.0,0.0,1800.0,303,747.0,2291.0,4200.0,초코텍,초콜릿,판초콜릿
124765,초코텍)퍼지초코100g,20250402,50,6,20080,A의왕상온센터,4368.0,0.0,0.0,126.0,630.0,930.0,666.0,582.0,132.0,60.0,84.0,54.0,0.0,0.0,1686.0,272,712.0,2291.0,4200.0,초코텍,초콜릿,판초콜릿
124765,초코텍)퍼지초코100g,20250402,50,6,20081,A양산상온센터,4416.0,0.0,0.0,96.0,672.0,1038.0,552.0,384.0,198.0,90.0,150.0,114.0,0.0,0.0,1806.0,305,869.0,2291.0,4200.0,초코텍,초콜릿,판초콜릿
124765,초코텍)퍼지초코100g,20250402,50,6,20083,김제상온센터,3120.0,0.0,0.0,60.0,402.0,732.0,528.0,324.0,210.0,0.0,132.0,168.0,0.0,0.0,1194.0,202,653.0,2291.0,4200.0,초코텍,초콜릿,판초콜릿
124765,초코텍)퍼지초코100g,20250402,50,6,20084,천안상온센터,2640.0,0.0,0.0,0.0,228.0,630.0,402.0,354.0,234.0,0.0,0.0,96.0,0.0,0.0,858.0,130,562.0,2291.0,4200.0,초코텍,초콜릿,판초콜릿
124765,초코텍)퍼지초코100g,20250402,50,6,20085,인천B상온센터,6048.0,0.0,0.0,102.0,618.0,1056.0,804.0,546.0,120.0,12.0,90.0,36.0,6.0,0.0,1776.0,298,774.0,2291.0,4200.0,초코텍,초콜릿,판초콜릿
124766,초코텍)퍼지딸기100g,20250402,50,6,20006,성남센터,5616.0,0.0,0.0,60.0,240.0,924.0,1032.0,486.0,408.0,66.0,72.0,132.0,0.0,0.0,1224.0,183,661.0,2291.0,4200.0,초코텍,초콜릿,판초콜릿
124766,초코텍)퍼지딸기100g,20250402,50,6,20007,대구센터,5424.0,0.0,0.0,138.0,570.0,822.0,606.0,426.0,114.0,18.0,96.0,48.0,6.0,0.0,1530.0,257,980.0,2291.0,4200.0,초코텍,초콜릿,판초콜릿
124766,초코텍)퍼지딸기100g,20250402,50,6,20010,양주센터,7200.0,0.0,0.0,192.0,828.0,1194.0,894.0,642.0,210.0,24.0,30.0,12.0,0.0,0.0,2214.0,362,965.0,2291.0,4200.0,초코텍,초콜릿,판초콜릿
124766,초코텍)퍼지딸기100g,20250402,50,6,20017,울산상온센터(K7),3648.0,0.0,0.0,84.0,378.0,654.0,516.0,504.0,114.0,12.0,114.0,48.0,0.0,0.0,1116.0,188,727.0,2291.0,4200.0,초코텍,초콜릿,판초콜릿
124766,초코텍)퍼지딸기100g,20250402,50,6,20033,제주상온센터,1296.0,0.0,0.0,0.0,42.0,342.0,180.0,288.0,36.0,0.0,6.0,42.0,0.0,0.0,384.0,65,313.0,2291.0,4200.0,초코텍,초콜릿,판초콜릿
124766,초코텍)퍼지딸기100g,20250402,50,6,20034,구성상온센터,7488.0,0.0,0.0,0.0,438.0,1068.0,924.0,420.0,312.0,12.0,12.0,150.0,0.0,0.0,1506.0,246,872.0,2291.0,4200.0,초코텍,초콜릿,판초콜릿
124766,초코텍)퍼지딸기100g,20250402,50,6,20050,세종상온센터,5184.0,0.0,0.0,318.0,702.0,570.0,558.0,396.0,210.0,36.0,156.0,108.0,0.0,0.0,1590.0,268,941.0,2291.0,4200.0,초코텍,초콜릿,판초콜릿
124766,초코텍)퍼지딸기100g,20250402,50,6,20065,원주상온센터(K7),3360.0,0.0,0.0,0.0,162.0,534.0,456.0,678.0,270.0,6.0,12.0,12.0,0.0,0.0,696.0,117,681.0,2291.0,4200.0,초코텍,초콜릿,판초콜릿
124766,초코텍)퍼지딸기100g,20250402,50,6,20075,인천상온센터,4800.0,0.0,0.0,144.0,648.0,1074.0,672.0,474.0,156.0,36.0,84.0,102.0,0.0,0.0,1866.0,313,813.0,2291.0,4200.0,초코텍,초콜릿,판초콜릿
124766,초코텍)퍼지딸기100g,20250402,50,6,20079,A광주상온센터,4176.0,0.0,0.0,150.0,540.0,1020.0,942.0,390.0,144.0,18.0,66.0,60.0,0.0,0.0,1710.0,290,747.0,2291.0,4200.0,초코텍,초콜릿,판초콜릿
124766,초코텍)퍼지딸기100g,20250402,50,6,20080,A의왕상온센터,4272.0,0.0,0.0,126.0,606.0,918.0,642.0,546.0,138.0,48.0,84.0,48.0,0.0,0.0,1650.0,265,712.0,2291.0,4200.0,초코텍,초콜릿,판초콜릿
124766,초코텍)퍼지딸기100g,20250402,50,6,20081,A양산상온센터,4320.0,0.0,0.0,90.0,654.0,1008.0,498.0,384.0,192.0,90.0,150.0,114.0,0.0,0.0,1752.0,297,869.0,2291.0,4200.0,초코텍,초콜릿,판초콜릿
124766,초코텍)퍼지딸기100g,20250402,50,6,20083,김제상온센터,3024.0,0.0,0.0,54.0,408.0,702.0,522.0,324.0,186.0,0.0,138.0,168.0,0.0,0.0,1164.0,196,653.0,2291.0,4200.0,초코텍,초콜릿,판초콜릿
124766,초코텍)퍼지딸기100g,20250402,50,6,20084,천안상온센터,2592.0,0.0,0.0,0.0,228.0,564.0,354.0,318.0,222.0,0.0,0.0,102.0,0.0,0.0,792.0,121,562.0,2291.0,4200.0,초코텍,초콜릿,판초콜릿
124766,초코텍)퍼지딸기100g,20250402,50,6,20085,인천B상온센터,5904.0,0.0,0.0,102.0,582.0,1038.0,804.0,534.0,114.0,6.0,96.0,36.0,6.0,0.0,1722.0,292,774.0,2291.0,4200.0,초코텍,초콜릿,판초콜릿
124767,서주)마로마로레몬맛40g,20250326,25,10,20006,성남센터,1450.0,50.0,50.0,80.0,230.0,30.0,60.0,40.0,70.0,30.0,50.0,0.0,10.0,0.0,390.0,45,661.0,1018.0,2000.0,서주,젤리류,국산젤리
124767,서주)마로마로레몬맛40g,20250326,25,10,20007,대구센터,1550.0,100.0,60.0,100.0,150.0,160.0,50.0,40.0,20.0,10.0,60.0,0.0,0.0,0.0,470.0,58,979.0,1018.0,2000.0,서주,젤리류,국산젤리
124767,서주)마로마로레몬맛40g,20250326,25,10,20010,양주센터,1900.0,70.0,50.0,150.0,260.0,110.0,80.0,60.0,20.0,40.0,20.0,0.0,0.0,0.0,570.0,65,965.0,1018.0,2000.0,서주,젤리류,국산젤리
124767,서주)마로마로레몬맛40g,20250326,25,10,20017,울산상온센터(K7),1050.0,110.0,30.0,90.0,80.0,70.0,20.0,20.0,10.0,20.0,50.0,0.0,0.0,0.0,270.0,39,728.0,1018.0,2000.0,서주,젤리류,국산젤리
124767,서주)마로마로레몬맛40g,20250326,25,10,20033,제주상온센터,400.0,40.0,20.0,40.0,40.0,20.0,20.0,0.0,0.0,0.0,10.0,0.0,0.0,0.0,120.0,16,313.0,1018.0,2000.0,서주,젤리류,국산젤리
124767,서주)마로마로레몬맛40g,20250326,25,10,20034,구성상온센터,2000.0,80.0,160.0,20.0,250.0,130.0,70.0,40.0,50.0,30.0,0.0,0.0,0.0,0.0,560.0,65,873.0,1018.0,2000.0,서주,젤리류,국산젤리
124767,서주)마로마로레몬맛40g,20250326,25,10,20050,세종상온센터,1500.0,100.0,50.0,170.0,120.0,80.0,50.0,80.0,20.0,0.0,0.0,0.0,0.0,0.0,420.0,55,942.0,1018.0,2000.0,서주,젤리류,국산젤리
124767,서주)마로마로레몬맛40g,20250326,25,10,20065,원주상온센터(K7),950.0,80.0,40.0,90.0,200.0,80.0,30.0,20.0,20.0,0.0,10.0,0.0,0.0,0.0,410.0,50,680.0,1018.0,2000.0,서주,젤리류,국산젤리
124767,서주)마로마로레몬맛40g,20250326,25,10,20075,인천상온센터,1300.0,100.0,120.0,150.0,110.0,50.0,30.0,60.0,10.0,0.0,20.0,10.0,10.0,0.0,430.0,58,813.0,1018.0,2000.0,서주,젤리류,국산젤리
124767,서주)마로마로레몬맛40g,20250326,25,10,20079,A광주상온센터,1200.0,20.0,30.0,110.0,70.0,50.0,40.0,50.0,30.0,0.0,0.0,0.0,0.0,0.0,260.0,32,747.0,1018.0,2000.0,서주,젤리류,국산젤리
124767,서주)마로마로레몬맛40g,20250326,25,10,20080,A의왕상온센터,1150.0,70.0,40.0,190.0,130.0,70.0,50.0,20.0,20.0,10.0,50.0,10.0,0.0,0.0,430.0,50,712.0,1018.0,2000.0,서주,젤리류,국산젤리
124767,서주)마로마로레몬맛40g,20250326,25,10,20081,A양산상온센터,1250.0,80.0,30.0,100.0,120.0,50.0,30.0,60.0,20.0,0.0,40.0,10.0,0.0,0.0,300.0,40,869.0,1018.0,2000.0,서주,젤리류,국산젤리
124767,서주)마로마로레몬맛40g,20250326,25,10,20083,김제상온센터,900.0,30.0,40.0,80.0,60.0,60.0,40.0,50.0,10.0,0.0,10.0,0.0,0.0,0.0,240.0,27,653.0,1018.0,2000.0,서주,젤리류,국산젤리
124767,서주)마로마로레몬맛40g,20250326,25,10,20084,천안상온센터,750.0,50.0,30.0,50.0,130.0,90.0,30.0,50.0,0.0,0.0,20.0,0.0,0.0,0.0,300.0,37,562.0,1018.0,2000.0,서주,젤리류,국산젤리
124767,서주)마로마로레몬맛40g,20250326,25,10,20085,인천B상온센터,1550.0,110.0,60.0,160.0,170.0,10.0,60.0,30.0,0.0,30.0,10.0,20.0,0.0,0.0,400.0,51,774.0,1018.0,2000.0,서주,젤리류,국산젤리
124768,오리온)아이셔츄쥬씨자두요구르트48g,20250326,20,12,20006,성남센터,4800.0,156.0,144.0,276.0,720.0,480.0,192.0,84.0,204.0,72.0,36.0,12.0,12.0,0.0,1620.0,143,661.0,580.0,1000.0,오리온,캔디류,소프트캔디
124768,오리온)아이셔츄쥬씨자두요구르트48g,20250326,20,12,20007,대구센터,5088.0,336.0,240.0,564.0,648.0,612.0,240.0,216.0,84.0,36.0,48.0,24.0,12.0,0.0,2064.0,204,979.0,580.0,1000.0,오리온,캔디류,소프트캔디
124768,오리온)아이셔츄쥬씨자두요구르트48g,20250326,20,12,20010,양주센터,6336.0,276.0,204.0,624.0,732.0,348.0,348.0,204.0,84.0,96.0,12.0,0.0,0.0,0.0,1908.0,182,965.0,580.0,1000.0,오리온,캔디류,소프트캔디
124768,오리온)아이셔츄쥬씨자두요구르트48g,20250326,20,12,20017,울산상온센터(K7),3456.0,192.0,144.0,348.0,276.0,204.0,156.0,132.0,36.0,24.0,24.0,12.0,0.0,0.0,972.0,95,728.0,580.0,1000.0,오리온,캔디류,소프트캔디
124768,오리온)아이셔츄쥬씨자두요구르트48g,20250326,20,12,20033,제주상온센터,1248.0,60.0,36.0,96.0,168.0,120.0,48.0,12.0,12.0,12.0,0.0,12.0,0.0,0.0,420.0,41,313.0,580.0,1000.0,오리온,캔디류,소프트캔디
124768,오리온)아이셔츄쥬씨자두요구르트48g,20250326,20,12,20034,구성상온센터,6672.0,264.0,324.0,168.0,864.0,408.0,312.0,180.0,132.0,72.0,36.0,12.0,0.0,0.0,1764.0,166,873.0,580.0,1000.0,오리온,캔디류,소프트캔디
124768,오리온)아이셔츄쥬씨자두요구르트48g,20250326,20,12,20050,세종상온센터,4944.0,204.0,180.0,576.0,684.0,336.0,156.0,276.0,96.0,24.0,96.0,0.0,0.0,0.0,1776.0,167,942.0,580.0,1000.0,오리온,캔디류,소프트캔디
124768,오리온)아이셔츄쥬씨자두요구르트48g,20250326,20,12,20065,원주상온센터(K7),3024.0,216.0,144.0,180.0,576.0,192.0,132.0,72.0,60.0,0.0,24.0,36.0,0.0,0.0,1092.0,110,680.0,580.0,1000.0,오리온,캔디류,소프트캔디
124768,오리온)아이셔츄쥬씨자두요구르트48g,20250326,20,12,20075,인천상온센터,4320.0,300.0,240.0,360.0,600.0,192.0,192.0,144.0,60.0,48.0,24.0,0.0,12.0,0.0,1392.0,143,813.0,580.0,1000.0,오리온,캔디류,소프트캔디
124768,오리온)아이셔츄쥬씨자두요구르트48g,20250326,20,12,20079,A광주상온센터,3936.0,156.0,120.0,336.0,336.0,276.0,180.0,144.0,84.0,0.0,0.0,36.0,0.0,0.0,1068.0,103,747.0,580.0,1000.0,오리온,캔디류,소프트캔디
124768,오리온)아이셔츄쥬씨자두요구르트48g,20250326,20,12,20080,A의왕상온센터,3792.0,240.0,192.0,432.0,756.0,288.0,132.0,72.0,48.0,72.0,96.0,12.0,0.0,0.0,1668.0,160,712.0,580.0,1000.0,오리온,캔디류,소프트캔디
124768,오리온)아이셔츄쥬씨자두요구르트48g,20250326,20,12,20081,A양산상온센터,4080.0,348.0,120.0,300.0,468.0,204.0,84.0,156.0,48.0,36.0,96.0,12.0,0.0,0.0,1092.0,121,869.0,580.0,1000.0,오리온,캔디류,소프트캔디
124768,오리온)아이셔츄쥬씨자두요구르트48g,20250326,20,12,20083,김제상온센터,2880.0,120.0,72.0,276.0,276.0,204.0,96.0,120.0,60.0,0.0,24.0,48.0,12.0,0.0,828.0,79,653.0,580.0,1000.0,오리온,캔디류,소프트캔디
124768,오리온)아이셔츄쥬씨자두요구르트48g,20250326,20,12,20084,천안상온센터,2352.0,108.0,192.0,108.0,456.0,384.0,144.0,120.0,48.0,12.0,24.0,0.0,24.0,0.0,1140.0,106,562.0,580.0,1000.0,오리온,캔디류,소프트캔디
124768,오리온)아이셔츄쥬씨자두요구르트48g,20250326,20,12,20085,인천B상온센터,5088.0,288.0,216.0,420.0,552.0,180.0,216.0,156.0,12.0,72.0,24.0,12.0,0.0,0.0,1368.0,141,774.0,580.0,1000.0,오리온,캔디류,소프트캔디
124769,크라운)마이쮸써니피치44g,20250326,20,15,20006,성남센터,7200.0,225.0,195.0,510.0,975.0,630.0,285.0,150.0,255.0,90.0,30.0,15.0,15.0,0.0,2310.0,158,661.0,585.0,1000.0,크라운,캔디류,소프트캔디
124769,크라운)마이쮸써니피치44g,20250326,20,15,20007,대구센터,7680.0,480.0,435.0,930.0,1005.0,1005.0,450.0,345.0,105.0,60.0,75.0,30.0,15.0,0.0,3375.0,252,979.0,585.0,1000.0,크라운,캔디류,소프트캔디
124769,크라운)마이쮸써니피치44g,20250326,20,15,20010,양주센터,9600.0,390.0,330.0,960.0,990.0,540.0,450.0,255.0,90.0,75.0,45.0,0.0,0.0,0.0,2820.0,215,965.0,585.0,1000.0,크라운,캔디류,소프트캔디
124769,크라운)마이쮸써니피치44g,20250326,20,15,20017,울산상온센터(K7),5160.0,315.0,150.0,510.0,480.0,405.0,255.0,165.0,60.0,30.0,30.0,15.0,0.0,0.0,1545.0,120,728.0,585.0,1000.0,크라운,캔디류,소프트캔디
124769,크라운)마이쮸써니피치44g,20250326,20,15,20033,제주상온센터,1920.0,150.0,60.0,135.0,240.0,150.0,90.0,45.0,15.0,30.0,0.0,0.0,0.0,0.0,585.0,50,313.0,585.0,1000.0,크라운,캔디류,소프트캔디
124769,크라운)마이쮸써니피치44g,20250326,20,15,20034,구성상온센터,10080.0,390.0,495.0,240.0,1500.0,675.0,450.0,390.0,210.0,75.0,45.0,30.0,0.0,0.0,2910.0,208,873.0,585.0,1000.0,크라운,캔디류,소프트캔디
124769,크라운)마이쮸써니피치44g,20250326,20,15,20050,세종상온센터,7440.0,345.0,300.0,810.0,1005.0,585.0,240.0,405.0,105.0,30.0,150.0,0.0,0.0,0.0,2700.0,201,942.0,585.0,1000.0,크라운,캔디류,소프트캔디
124769,크라운)마이쮸써니피치44g,20250326,20,15,20065,원주상온센터(K7),4560.0,315.0,165.0,240.0,840.0,315.0,165.0,135.0,90.0,0.0,30.0,45.0,0.0,0.0,1560.0,125,680.0,585.0,1000.0,크라운,캔디류,소프트캔디
124769,크라운)마이쮸써니피치44g,20250326,20,15,20075,인천상온센터,6480.0,570.0,330.0,705.0,960.0,345.0,285.0,255.0,105.0,45.0,30.0,0.0,15.0,0.0,2340.0,179,813.0,585.0,1000.0,크라운,캔디류,소프트캔디
124769,크라운)마이쮸써니피치44g,20250326,20,15,20079,A광주상온센터,6000.0,255.0,180.0,510.0,540.0,420.0,300.0,270.0,120.0,0.0,15.0,30.0,0.0,0.0,1650.0,124,747.0,585.0,1000.0,크라운,캔디류,소프트캔디
124769,크라운)마이쮸써니피치44g,20250326,20,15,20080,A의왕상온센터,5640.0,345.0,270.0,660.0,1155.0,495.0,330.0,120.0,75.0,60.0,120.0,30.0,0.0,0.0,2580.0,193,712.0,585.0,1000.0,크라운,캔디류,소프트캔디
124769,크라운)마이쮸써니피치44g,20250326,20,15,20081,A양산상온센터,6120.0,525.0,150.0,510.0,795.0,300.0,210.0,180.0,105.0,60.0,135.0,15.0,0.0,0.0,1755.0,152,869.0,585.0,1000.0,크라운,캔디류,소프트캔디
124769,크라운)마이쮸써니피치44g,20250326,20,15,20083,김제상온센터,4320.0,225.0,150.0,420.0,390.0,315.0,165.0,90.0,75.0,0.0,45.0,75.0,15.0,0.0,1275.0,98,653.0,585.0,1000.0,크라운,캔디류,소프트캔디
124769,크라운)마이쮸써니피치44g,20250326,20,15,20084,천안상온센터,3600.0,195.0,255.0,240.0,585.0,540.0,240.0,165.0,120.0,15.0,75.0,0.0,30.0,0.0,1620.0,120,562.0,585.0,1000.0,크라운,캔디류,소프트캔디
124769,크라운)마이쮸써니피치44g,20250326,20,15,20085,인천B상온센터,7680.0,405.0,315.0,720.0,795.0,390.0,330.0,360.0,15.0,75.0,75.0,15.0,0.0,0.0,2220.0,173,774.0,585.0,1000.0,크라운,캔디류,소프트캔디
124770,매크로)코피코블리스터(카푸치노),20250326,20,12,20006,성남센터,2592.0,0.0,0.0,84.0,504.0,264.0,156.0,84.0,84.0,60.0,60.0,48.0,12.0,0.0,852.0,72,661.0,500.0,1000.0,매크로,캔디류,봉지캔디
124770,매크로)코피코블리스터(카푸치노),20250326,20,12,20007,대구센터,2736.0,0.0,0.0,396.0,372.0,480.0,180.0,156.0,48.0,24.0,24.0,36.0,0.0,0.0,1248.0,105,979.0,500.0,1000.0,매크로,캔디류,봉지캔디
124770,매크로)코피코블리스터(카푸치노),20250326,20,12,20010,양주센터,3312.0,0.0,0.0,312.0,528.0,264.0,228.0,132.0,96.0,72.0,48.0,0.0,0.0,0.0,1104.0,96,965.0,500.0,1000.0,매크로,캔디류,봉지캔디
124770,매크로)코피코블리스터(카푸치노),20250326,20,12,20017,울산상온센터(K7),1872.0,0.0,0.0,192.0,312.0,240.0,144.0,72.0,36.0,12.0,24.0,24.0,0.0,0.0,744.0,59,728.0,500.0,1000.0,매크로,캔디류,봉지캔디
124770,매크로)코피코블리스터(카푸치노),20250326,20,12,20033,제주상온센터,720.0,0.0,0.0,0.0,192.0,108.0,60.0,36.0,0.0,12.0,12.0,0.0,0.0,0.0,300.0,25,313.0,500.0,1000.0,매크로,캔디류,봉지캔디
124770,매크로)코피코블리스터(카푸치노),20250326,20,12,20034,구성상온센터,3600.0,0.0,0.0,0.0,576.0,348.0,192.0,120.0,84.0,12.0,48.0,24.0,0.0,0.0,924.0,77,873.0,500.0,1000.0,매크로,캔디류,봉지캔디
124770,매크로)코피코블리스터(카푸치노),20250326,20,12,20050,세종상온센터,2592.0,0.0,0.0,336.0,480.0,252.0,132.0,216.0,72.0,48.0,48.0,12.0,0.0,0.0,1068.0,91,942.0,500.0,1000.0,매크로,캔디류,봉지캔디
124770,매크로)코피코블리스터(카푸치노),20250326,20,12,20065,원주상온센터(K7),1584.0,0.0,0.0,0.0,348.0,240.0,84.0,132.0,48.0,12.0,24.0,0.0,0.0,0.0,588.0,48,680.0,500.0,1000.0,매크로,캔디류,봉지캔디
124770,매크로)코피코블리스터(카푸치노),20250326,20,12,20075,인천상온센터,2304.0,0.0,0.0,408.0,408.0,228.0,156.0,108.0,36.0,24.0,60.0,0.0,12.0,0.0,1044.0,87,813.0,500.0,1000.0,매크로,캔디류,봉지캔디
124770,매크로)코피코블리스터(카푸치노),20250326,20,12,20079,A광주상온센터,2160.0,0.0,0.0,216.0,324.0,240.0,168.0,36.0,60.0,0.0,36.0,0.0,0.0,0.0,780.0,68,747.0,500.0,1000.0,매크로,캔디류,봉지캔디
124770,매크로)코피코블리스터(카푸치노),20250326,20,12,20080,A의왕상온센터,2016.0,0.0,0.0,216.0,324.0,180.0,168.0,84.0,12.0,36.0,36.0,0.0,12.0,0.0,720.0,63,712.0,500.0,1000.0,매크로,캔디류,봉지캔디
124770,매크로)코피코블리스터(카푸치노),20250326,20,12,20081,A양산상온센터,2160.0,0.0,0.0,144.0,288.0,168.0,84.0,132.0,60.0,24.0,60.0,12.0,0.0,0.0,600.0,52,869.0,500.0,1000.0,매크로,캔디류,봉지캔디
124770,매크로)코피코블리스터(카푸치노),20250326,20,12,20083,김제상온센터,1584.0,0.0,0.0,120.0,132.0,156.0,108.0,36.0,24.0,0.0,48.0,48.0,0.0,0.0,408.0,34,653.0,500.0,1000.0,매크로,캔디류,봉지캔디
124770,매크로)코피코블리스터(카푸치노),20250326,20,12,20084,천안상온센터,1296.0,0.0,0.0,0.0,312.0,264.0,120.0,60.0,24.0,0.0,0.0,0.0,12.0,0.0,576.0,51,562.0,500.0,1000.0,매크로,캔디류,봉지캔디
124770,매크로)코피코블리스터(카푸치노),20250326,20,12,20085,인천B상온센터,2736.0,0.0,0.0,228.0,432.0,180.0,204.0,120.0,24.0,36.0,36.0,24.0,0.0,0.0,840.0,73,774.0,500.0,1000.0,매크로,캔디류,봉지캔디
124778,오리온)마켓오크림치즈브라우니12P,20250409,20,2,20006,성남센터,720.0,0.0,0.0,0.0,136.0,122.0,58.0,76.0,36.0,8.0,16.0,4.0,0.0,0.0,258.0,90,737.0,3828.0,6600.0,오리온,비스킷류,파이
124778,오리온)마켓오크림치즈브라우니12P,20250409,20,2,20007,대구센터,704.0,0.0,0.0,36.0,76.0,82.0,34.0,32.0,18.0,12.0,12.0,0.0,0.0,0.0,194.0,89,978.0,3828.0,6600.0,오리온,비스킷류,파이
124778,오리온)마켓오크림치즈브라우니12P,20250409,20,2,20010,양주센터,928.0,0.0,0.0,48.0,186.0,76.0,92.0,48.0,24.0,12.0,20.0,8.0,0.0,0.0,310.0,112,1025.0,3828.0,6600.0,오리온,비스킷류,파이
124778,오리온)마켓오크림치즈브라우니12P,20250409,20,2,20017,울산상온센터(K7),464.0,0.0,0.0,40.0,56.0,52.0,20.0,24.0,6.0,2.0,4.0,6.0,0.0,0.0,148.0,65,727.0,3828.0,6600.0,오리온,비스킷류,파이
124778,오리온)마켓오크림치즈브라우니12P,20250409,20,2,20033,제주상온센터,176.0,0.0,0.0,0.0,50.0,30.0,28.0,10.0,2.0,0.0,4.0,2.0,0.0,0.0,80.0,31,311.0,3828.0,6600.0,오리온,비스킷류,파이
124778,오리온)마켓오크림치즈브라우니12P,20250409,20,2,20034,구성상온센터,960.0,0.0,0.0,0.0,158.0,94.0,56.0,44.0,22.0,10.0,10.0,6.0,0.0,0.0,252.0,105,938.0,3828.0,6600.0,오리온,비스킷류,파이
124778,오리온)마켓오크림치즈브라우니12P,20250409,20,2,20050,세종상온센터,672.0,0.0,0.0,58.0,124.0,46.0,30.0,16.0,10.0,16.0,4.0,0.0,2.0,0.0,228.0,94,940.0,3828.0,6600.0,오리온,비스킷류,파이
124778,오리온)마켓오크림치즈브라우니12P,20250409,20,2,20065,원주상온센터(K7),432.0,0.0,0.0,0.0,76.0,46.0,48.0,20.0,8.0,2.0,0.0,8.0,0.0,0.0,122.0,53,712.0,3828.0,6600.0,오리온,비스킷류,파이
124778,오리온)마켓오크림치즈브라우니12P,20250409,20,2,20075,인천상온센터,624.0,0.0,0.0,64.0,94.0,60.0,30.0,30.0,4.0,2.0,4.0,2.0,0.0,0.0,218.0,100,863.0,3828.0,6600.0,오리온,비스킷류,파이
124778,오리온)마켓오크림치즈브라우니12P,20250409,20,2,20079,A광주상온센터,544.0,0.0,0.0,44.0,38.0,48.0,28.0,16.0,4.0,2.0,2.0,0.0,0.0,0.0,130.0,63,745.0,3828.0,6600.0,오리온,비스킷류,파이
124778,오리온)마켓오크림치즈브라우니12P,20250409,20,2,20080,A의왕상온센터,560.0,0.0,0.0,52.0,98.0,62.0,44.0,66.0,12.0,8.0,0.0,6.0,0.0,0.0,212.0,95,763.0,3828.0,6600.0,오리온,비스킷류,파이
124778,오리온)마켓오크림치즈브라우니12P,20250409,20,2,20081,A양산상온센터,560.0,0.0,0.0,26.0,62.0,56.0,36.0,14.0,10.0,4.0,10.0,0.0,0.0,0.0,144.0,66,869.0,3828.0,6600.0,오리온,비스킷류,파이
124778,오리온)마켓오크림치즈브라우니12P,20250409,20,2,20083,김제상온센터,400.0,0.0,0.0,10.0,18.0,46.0,10.0,20.0,6.0,6.0,2.0,2.0,0.0,0.0,74.0,34,651.0,3828.0,6600.0,오리온,비스킷류,파이
124778,오리온)마켓오크림치즈브라우니12P,20250409,20,2,20084,천안상온센터,336.0,0.0,0.0,0.0,60.0,42.0,22.0,22.0,14.0,4.0,4.0,2.0,0.0,0.0,102.0,47,594.0,3828.0,6600.0,오리온,비스킷류,파이
124778,오리온)마켓오크림치즈브라우니12P,20250409,20,2,20085,인천B상온센터,768.0,0.0,0.0,88.0,96.0,80.0,34.0,50.0,10.0,4.0,0.0,4.0,0.0,0.0,264.0,101,862.0,3828.0,6600.0,오리온,비스킷류,파이
124780,해태)구운양파명랑핫도그맛110g,20250326,40,12,20006,성남센터,4116.0,0.0,0.0,96.0,336.0,336.0,144.0,108.0,168.0,36.0,24.0,12.0,12.0,0.0,768.0,66,661.0,1636.0,3000.0,해태,스낵류,옥수수스낵
124780,해태)구운양파명랑핫도그맛110g,20250326,40,12,20007,대구센터,4380.0,0.0,0.0,228.0,300.0,372.0,180.0,144.0,48.0,24.0,96.0,48.0,12.0,0.0,900.0,82,979.0,1636.0,3000.0,해태,스낵류,옥수수스낵
124780,해태)구운양파명랑핫도그맛110g,20250326,40,12,20010,양주센터,5448.0,0.0,0.0,348.0,432.0,324.0,144.0,108.0,36.0,60.0,60.0,0.0,0.0,0.0,1104.0,93,965.0,1636.0,3000.0,해태,스낵류,옥수수스낵
124780,해태)구운양파명랑핫도그맛110g,20250326,40,12,20017,울산상온센터(K7),2952.0,0.0,0.0,144.0,168.0,204.0,60.0,36.0,60.0,12.0,24.0,12.0,0.0,0.0,516.0,45,728.0,1636.0,3000.0,해태,스낵류,옥수수스낵
124780,해태)구운양파명랑핫도그맛110g,20250326,40,12,20033,제주상온센터,1068.0,0.0,0.0,0.0,168.0,84.0,72.0,36.0,0.0,0.0,24.0,12.0,0.0,0.0,252.0,24,313.0,1636.0,3000.0,해태,스낵류,옥수수스낵
124780,해태)구운양파명랑핫도그맛110g,20250326,40,12,20034,구성상온센터,5736.0,0.0,0.0,0.0,624.0,360.0,216.0,180.0,60.0,24.0,36.0,24.0,0.0,0.0,984.0,82,873.0,1636.0,3000.0,해태,스낵류,옥수수스낵
124780,해태)구운양파명랑핫도그맛110g,20250326,40,12,20050,세종상온센터,4224.0,0.0,0.0,312.0,360.0,216.0,60.0,132.0,72.0,36.0,60.0,12.0,0.0,0.0,888.0,78,942.0,1636.0,3000.0,해태,스낵류,옥수수스낵
124780,해태)구운양파명랑핫도그맛110g,20250326,40,12,20065,원주상온센터(K7),2604.0,0.0,0.0,0.0,348.0,228.0,72.0,60.0,48.0,0.0,24.0,36.0,0.0,0.0,576.0,49,680.0,1636.0,3000.0,해태,스낵류,옥수수스낵
124780,해태)구운양파명랑핫도그맛110g,20250326,40,12,20075,인천상온센터,3684.0,0.0,0.0,324.0,420.0,180.0,192.0,84.0,84.0,24.0,24.0,12.0,12.0,0.0,924.0,82,813.0,1636.0,3000.0,해태,스낵류,옥수수스낵
124780,해태)구운양파명랑핫도그맛110g,20250326,40,12,20079,A광주상온센터,3384.0,0.0,0.0,144.0,204.0,156.0,84.0,60.0,36.0,0.0,12.0,24.0,0.0,0.0,504.0,46,747.0,1636.0,3000.0,해태,스낵류,옥수수스낵
124780,해태)구운양파명랑핫도그맛110g,20250326,40,12,20080,A의왕상온센터,3228.0,0.0,0.0,180.0,576.0,192.0,156.0,60.0,12.0,36.0,60.0,24.0,12.0,0.0,948.0,84,712.0,1636.0,3000.0,해태,스낵류,옥수수스낵
124780,해태)구운양파명랑핫도그맛110g,20250326,40,12,20081,A양산상온센터,3504.0,0.0,0.0,168.0,276.0,144.0,24.0,96.0,12.0,0.0,12.0,12.0,0.0,0.0,588.0,52,869.0,1636.0,3000.0,해태,스낵류,옥수수스낵
124780,해태)구운양파명랑핫도그맛110g,20250326,40,12,20083,김제상온센터,2460.0,0.0,0.0,72.0,132.0,108.0,36.0,48.0,12.0,24.0,12.0,24.0,0.0,0.0,312.0,27,653.0,1636.0,3000.0,해태,스낵류,옥수수스낵
124780,해태)구운양파명랑핫도그맛110g,20250326,40,12,20084,천안상온센터,2016.0,0.0,0.0,0.0,252.0,228.0,72.0,72.0,48.0,12.0,12.0,0.0,12.0,0.0,480.0,40,562.0,1636.0,3000.0,해태,스낵류,옥수수스낵
124780,해태)구운양파명랑핫도그맛110g,20250326,40,12,20085,인천B상온센터,4368.0,0.0,0.0,240.0,348.0,156.0,132.0,96.0,48.0,60.0,0.0,24.0,0.0,0.0,744.0,63,774.0,1636.0,3000.0,해태,스낵류,옥수수스낵
124781,해태)생생감자칩랍스터맛85g,20250328,40,12,20006,성남센터,5400.0,84.0,372.0,336.0,120.0,120.0,108.0,60.0,24.0,36.0,12.0,0.0,0.0,0.0,948.0,89,661.0,1636.0,3000.0,해태,스낵류,감자스낵
124781,해태)생생감자칩랍스터맛85g,20250328,40,12,20007,대구센터,5088.0,252.0,336.0,408.0,240.0,144.0,60.0,24.0,24.0,24.0,12.0,0.0,0.0,0.0,1128.0,120,979.0,1636.0,3000.0,해태,스낵류,감자스낵
124781,해태)생생감자칩랍스터맛85g,20250328,40,12,20010,양주센터,6324.0,276.0,396.0,336.0,156.0,72.0,24.0,72.0,60.0,0.0,0.0,12.0,0.0,0.0,960.0,108,965.0,1636.0,3000.0,해태,스낵류,감자스낵
124781,해태)생생감자칩랍스터맛85g,20250328,40,12,20017,울산상온센터(K7),3432.0,168.0,204.0,240.0,96.0,60.0,48.0,12.0,0.0,0.0,0.0,0.0,0.0,0.0,600.0,64,728.0,1636.0,3000.0,해태,스낵류,감자스낵
124781,해태)생생감자칩랍스터맛85g,20250328,40,12,20033,제주상온센터,1236.0,0.0,180.0,96.0,72.0,48.0,0.0,0.0,24.0,0.0,0.0,0.0,0.0,0.0,396.0,35,313.0,1636.0,3000.0,해태,스낵류,감자스낵
124781,해태)생생감자칩랍스터맛85g,20250328,40,12,20034,구성상온센터,6672.0,0.0,672.0,384.0,228.0,156.0,36.0,48.0,36.0,12.0,24.0,12.0,0.0,0.0,1440.0,122,873.0,1636.0,3000.0,해태,스낵류,감자스낵
124781,해태)생생감자칩랍스터맛85g,20250328,40,12,20050,세종상온센터,4908.0,312.0,324.0,252.0,60.0,120.0,60.0,36.0,60.0,12.0,0.0,0.0,0.0,0.0,756.0,93,942.0,1636.0,3000.0,해태,스낵류,감자스낵
124781,해태)생생감자칩랍스터맛85g,20250328,40,12,20065,원주상온센터(K7),3024.0,0.0,324.0,240.0,84.0,48.0,36.0,12.0,48.0,24.0,0.0,0.0,0.0,0.0,696.0,60,680.0,1636.0,3000.0,해태,스낵류,감자스낵
124781,해태)생생감자칩랍스터맛85g,20250328,40,12,20075,인천상온센터,4284.0,336.0,324.0,144.0,180.0,60.0,36.0,24.0,24.0,0.0,24.0,0.0,0.0,0.0,708.0,92,813.0,1636.0,3000.0,해태,스낵류,감자스낵
124781,해태)생생감자칩랍스터맛85g,20250328,40,12,20079,A광주상온센터,3936.0,120.0,204.0,108.0,84.0,60.0,48.0,12.0,12.0,12.0,0.0,0.0,0.0,0.0,456.0,53,747.0,1636.0,3000.0,해태,스낵류,감자스낵
124781,해태)생생감자칩랍스터맛85g,20250328,40,12,20080,A의왕상온센터,3756.0,180.0,552.0,204.0,120.0,72.0,12.0,48.0,72.0,36.0,24.0,0.0,0.0,0.0,948.0,103,712.0,1636.0,3000.0,해태,스낵류,감자스낵
124781,해태)생생감자칩랍스터맛85g,20250328,40,12,20081,A양산상온센터,4068.0,192.0,288.0,168.0,48.0,108.0,24.0,12.0,24.0,12.0,12.0,0.0,0.0,0.0,612.0,72,869.0,1636.0,3000.0,해태,스낵류,감자스낵
124781,해태)생생감자칩랍스터맛85g,20250328,40,12,20083,김제상온센터,2856.0,84.0,108.0,120.0,48.0,60.0,0.0,12.0,12.0,24.0,0.0,0.0,0.0,0.0,336.0,35,653.0,1636.0,3000.0,해태,스낵류,감자스낵
124781,해태)생생감자칩랍스터맛85g,20250328,40,12,20084,천안상온센터,2352.0,0.0,180.0,144.0,60.0,72.0,36.0,12.0,36.0,0.0,24.0,12.0,0.0,0.0,456.0,40,562.0,1636.0,3000.0,해태,스낵류,감자스낵
124781,해태)생생감자칩랍스터맛85g,20250328,40,12,20085,인천B상온센터,5076.0,300.0,336.0,168.0,132.0,60.0,24.0,48.0,12.0,24.0,12.0,12.0,0.0,0.0,696.0,83,774.0,1636.0,3000.0,해태,스낵류,감자스낵
124786,천하)구카누가필링크래커100g,20250326,10,6,20006,성남센터,1056.0,0.0,0.0,36.0,156.0,186.0,78.0,60.0,48.0,12.0,12.0,18.0,6.0,0.0,378.0,65,661.0,1318.0,2500.0,천하,비스킷류,크래커
124786,천하)구카누가필링크래커100g,20250326,10,6,20007,대구센터,1128.0,0.0,0.0,108.0,174.0,168.0,102.0,96.0,24.0,12.0,24.0,6.0,0.0,0.0,450.0,77,979.0,1318.0,2500.0,천하,비스킷류,크래커
124786,천하)구카누가필링크래커100g,20250326,10,6,20010,양주센터,1392.0,0.0,0.0,126.0,216.0,144.0,84.0,36.0,18.0,42.0,12.0,6.0,0.0,0.0,486.0,83,965.0,1318.0,2500.0,천하,비스킷류,크래커
124786,천하)구카누가필링크래커100g,20250326,10,6,20017,울산상온센터(K7),768.0,0.0,0.0,78.0,114.0,108.0,60.0,18.0,24.0,12.0,12.0,0.0,0.0,0.0,300.0,52,728.0,1318.0,2500.0,천하,비스킷류,크래커
124786,천하)구카누가필링크래커100g,20250326,10,6,20033,제주상온센터,288.0,0.0,0.0,0.0,96.0,48.0,24.0,6.0,6.0,0.0,0.0,0.0,0.0,0.0,144.0,25,314.0,1318.0,2500.0,천하,비스킷류,크래커
124786,천하)구카누가필링크래커100g,20250326,10,6,20034,구성상온센터,1488.0,0.0,0.0,0.0,246.0,144.0,84.0,60.0,48.0,18.0,12.0,6.0,0.0,0.0,390.0,66,873.0,1318.0,2500.0,천하,비스킷류,크래커
124786,천하)구카누가필링크래커100g,20250326,10,6,20050,세종상온센터,1080.0,0.0,0.0,132.0,156.0,108.0,18.0,60.0,36.0,6.0,6.0,12.0,0.0,0.0,396.0,68,942.0,1318.0,2500.0,천하,비스킷류,크래커
124786,천하)구카누가필링크래커100g,20250326,10,6,20065,원주상온센터(K7),672.0,0.0,0.0,0.0,150.0,126.0,66.0,36.0,12.0,0.0,12.0,12.0,0.0,0.0,276.0,46,680.0,1318.0,2500.0,천하,비스킷류,크래커
124786,천하)구카누가필링크래커100g,20250326,10,6,20075,인천상온센터,960.0,0.0,0.0,138.0,150.0,72.0,72.0,48.0,24.0,24.0,18.0,0.0,6.0,0.0,360.0,59,813.0,1318.0,2500.0,천하,비스킷류,크래커
124786,천하)구카누가필링크래커100g,20250326,10,6,20079,A광주상온센터,864.0,0.0,0.0,60.0,90.0,60.0,42.0,18.0,18.0,12.0,12.0,0.0,0.0,0.0,210.0,39,747.0,1318.0,2500.0,천하,비스킷류,크래커
124786,천하)구카누가필링크래커100g,20250326,10,6,20080,A의왕상온센터,840.0,0.0,0.0,102.0,198.0,90.0,72.0,36.0,6.0,30.0,24.0,6.0,0.0,0.0,390.0,67,712.0,1318.0,2500.0,천하,비스킷류,크래커
124786,천하)구카누가필링크래커100g,20250326,10,6,20081,A양산상온센터,912.0,0.0,0.0,66.0,114.0,72.0,54.0,42.0,42.0,6.0,18.0,6.0,0.0,0.0,252.0,46,870.0,1318.0,2500.0,천하,비스킷류,크래커
124786,천하)구카누가필링크래커100g,20250326,10,6,20083,김제상온센터,648.0,0.0,0.0,42.0,48.0,84.0,36.0,24.0,6.0,6.0,6.0,6.0,6.0,0.0,174.0,29,653.0,1318.0,2500.0,천하,비스킷류,크래커
124786,천하)구카누가필링크래커100g,20250326,10,6,20084,천안상온센터,528.0,0.0,0.0,6.0,144.0,114.0,60.0,36.0,24.0,6.0,12.0,0.0,0.0,0.0,264.0,44,562.0,1318.0,2500.0,천하,비스킷류,크래커
124786,천하)구카누가필링크래커100g,20250326,10,6,20085,인천B상온센터,1128.0,0.0,0.0,108.0,150.0,54.0,84.0,30.0,6.0,24.0,6.0,18.0,0.0,0.0,312.0,54,775.0,1318.0,2500.0,천하,비스킷류,크래커
124787,천하)구카솔티커피누가크래커100g,20250326,10,6,20006,성남센터,960.0,0.0,0.0,36.0,162.0,162.0,60.0,48.0,42.0,12.0,12.0,12.0,6.0,0.0,360.0,62,661.0,1318.0,2500.0,천하,비스킷류,크래커
124787,천하)구카솔티커피누가크래커100g,20250326,10,6,20007,대구센터,1032.0,0.0,0.0,102.0,144.0,156.0,96.0,72.0,24.0,18.0,24.0,6.0,0.0,0.0,402.0,70,979.0,1318.0,2500.0,천하,비스킷류,크래커
124787,천하)구카솔티커피누가크래커100g,20250326,10,6,20010,양주센터,1272.0,0.0,0.0,132.0,216.0,126.0,90.0,36.0,18.0,42.0,12.0,6.0,0.0,0.0,474.0,80,965.0,1318.0,2500.0,천하,비스킷류,크래커
124787,천하)구카솔티커피누가크래커100g,20250326,10,6,20017,울산상온센터(K7),696.0,0.0,0.0,78.0,96.0,96.0,48.0,12.0,24.0,6.0,18.0,0.0,0.0,0.0,270.0,46,728.0,1318.0,2500.0,천하,비스킷류,크래커
124787,천하)구카솔티커피누가크래커100g,20250326,10,6,20033,제주상온센터,264.0,0.0,0.0,0.0,96.0,54.0,18.0,6.0,0.0,0.0,0.0,0.0,0.0,0.0,150.0,26,314.0,1318.0,2500.0,천하,비스킷류,크래커
124787,천하)구카솔티커피누가크래커100g,20250326,10,6,20034,구성상온센터,1344.0,0.0,0.0,0.0,228.0,132.0,72.0,48.0,48.0,18.0,18.0,6.0,0.0,0.0,360.0,60,873.0,1318.0,2500.0,천하,비스킷류,크래커
124787,천하)구카솔티커피누가크래커100g,20250326,10,6,20050,세종상온센터,984.0,0.0,0.0,120.0,114.0,102.0,30.0,54.0,36.0,12.0,18.0,12.0,0.0,0.0,336.0,58,942.0,1318.0,2500.0,천하,비스킷류,크래커
124787,천하)구카솔티커피누가크래커100g,20250326,10,6,20065,원주상온센터(K7),624.0,0.0,0.0,0.0,132.0,120.0,60.0,42.0,12.0,0.0,12.0,12.0,0.0,0.0,252.0,40,680.0,1318.0,2500.0,천하,비스킷류,크래커
124787,천하)구카솔티커피누가크래커100g,20250326,10,6,20075,인천상온센터,864.0,0.0,0.0,126.0,120.0,66.0,54.0,42.0,30.0,24.0,12.0,0.0,6.0,0.0,312.0,51,813.0,1318.0,2500.0,천하,비스킷류,크래커
124787,천하)구카솔티커피누가크래커100g,20250326,10,6,20079,A광주상온센터,792.0,0.0,0.0,60.0,90.0,48.0,48.0,12.0,18.0,0.0,6.0,0.0,0.0,0.0,198.0,36,747.0,1318.0,2500.0,천하,비스킷류,크래커
124787,천하)구카솔티커피누가크래커100g,20250326,10,6,20080,A의왕상온센터,768.0,0.0,0.0,102.0,168.0,90.0,66.0,30.0,6.0,30.0,24.0,6.0,0.0,0.0,360.0,62,712.0,1318.0,2500.0,천하,비스킷류,크래커
124787,천하)구카솔티커피누가크래커100g,20250326,10,6,20081,A양산상온센터,816.0,0.0,0.0,54.0,108.0,66.0,48.0,42.0,42.0,0.0,6.0,6.0,0.0,0.0,228.0,39,870.0,1318.0,2500.0,천하,비스킷류,크래커
124787,천하)구카솔티커피누가크래커100g,20250326,10,6,20083,김제상온센터,576.0,0.0,0.0,36.0,60.0,66.0,30.0,0.0,0.0,6.0,6.0,6.0,0.0,0.0,162.0,28,653.0,1318.0,2500.0,천하,비스킷류,크래커
124787,천하)구카솔티커피누가크래커100g,20250326,10,6,20084,천안상온센터,480.0,0.0,0.0,6.0,126.0,84.0,60.0,30.0,18.0,6.0,12.0,0.0,6.0,0.0,216.0,36,562.0,1318.0,2500.0,천하,비스킷류,크래커
124787,천하)구카솔티커피누가크래커100g,20250326,10,6,20085,인천B상온센터,1032.0,0.0,0.0,114.0,144.0,36.0,66.0,30.0,6.0,30.0,6.0,12.0,0.0,0.0,294.0,50,775.0,1318.0,2500.0,천하,비스킷류,크래커
124789,드림)훈와리메이진벚꽃모찌26g,20250326,20,10,20006,성남센터,2230.0,110.0,120.0,190.0,290.0,220.0,110.0,50.0,110.0,50.0,20.0,10.0,20.0,0.0,820.0,93,661.0,1472.0,2700.0,드림,스낵류,옥수수스낵
124789,드림)훈와리메이진벚꽃모찌26g,20250326,20,10,20007,대구센터,2380.0,140.0,90.0,200.0,220.0,220.0,100.0,80.0,30.0,10.0,0.0,10.0,0.0,0.0,730.0,90,979.0,1472.0,2700.0,드림,스낵류,옥수수스낵
124789,드림)훈와리메이진벚꽃모찌26g,20250326,20,10,20010,양주센터,2960.0,110.0,120.0,260.0,300.0,190.0,90.0,30.0,40.0,50.0,40.0,0.0,0.0,0.0,870.0,100,965.0,1472.0,2700.0,드림,스낵류,옥수수스낵
124789,드림)훈와리메이진벚꽃모찌26g,20250326,20,10,20017,울산상온센터(K7),1600.0,60.0,80.0,130.0,220.0,220.0,170.0,60.0,20.0,0.0,20.0,0.0,0.0,0.0,650.0,70,728.0,1472.0,2700.0,드림,스낵류,옥수수스낵
124789,드림)훈와리메이진벚꽃모찌26g,20250326,20,10,20033,제주상온센터,580.0,20.0,10.0,30.0,60.0,60.0,50.0,20.0,10.0,0.0,0.0,0.0,0.0,0.0,160.0,19,313.0,1472.0,2700.0,드림,스낵류,옥수수스낵
124789,드림)훈와리메이진벚꽃모찌26g,20250326,20,10,20034,구성상온센터,3110.0,110.0,110.0,60.0,410.0,240.0,110.0,50.0,50.0,20.0,20.0,10.0,10.0,0.0,820.0,97,873.0,1472.0,2700.0,드림,스낵류,옥수수스낵
124789,드림)훈와리메이진벚꽃모찌26g,20250326,20,10,20050,세종상온센터,2290.0,110.0,80.0,280.0,240.0,170.0,50.0,90.0,30.0,10.0,0.0,0.0,0.0,0.0,770.0,89,942.0,1472.0,2700.0,드림,스낵류,옥수수스낵
124789,드림)훈와리메이진벚꽃모찌26g,20250326,20,10,20065,원주상온센터(K7),1410.0,110.0,190.0,100.0,230.0,90.0,60.0,40.0,40.0,30.0,20.0,30.0,0.0,0.0,610.0,52,680.0,1472.0,2700.0,드림,스낵류,옥수수스낵
124789,드림)훈와리메이진벚꽃모찌26g,20250326,20,10,20075,인천상온센터,2000.0,170.0,80.0,160.0,180.0,120.0,70.0,60.0,20.0,0.0,30.0,0.0,10.0,0.0,540.0,75,813.0,1472.0,2700.0,드림,스낵류,옥수수스낵
124789,드림)훈와리메이진벚꽃모찌26g,20250326,20,10,20079,A광주상온센터,1840.0,40.0,20.0,130.0,150.0,80.0,60.0,50.0,80.0,0.0,0.0,10.0,0.0,0.0,380.0,42,747.0,1472.0,2700.0,드림,스낵류,옥수수스낵
124789,드림)훈와리메이진벚꽃모찌26g,20250326,20,10,20080,A의왕상온센터,1750.0,120.0,80.0,160.0,270.0,180.0,60.0,90.0,0.0,30.0,40.0,10.0,10.0,0.0,690.0,86,712.0,1472.0,2700.0,드림,스낵류,옥수수스낵
124789,드림)훈와리메이진벚꽃모찌26g,20250326,20,10,20081,A양산상온센터,1900.0,120.0,50.0,110.0,190.0,100.0,70.0,70.0,20.0,10.0,10.0,0.0,0.0,0.0,450.0,57,869.0,1472.0,2700.0,드림,스낵류,옥수수스낵
124789,드림)훈와리메이진벚꽃모찌26g,20250326,20,10,20083,김제상온센터,1340.0,70.0,30.0,90.0,110.0,110.0,70.0,20.0,10.0,0.0,20.0,10.0,0.0,0.0,340.0,42,653.0,1472.0,2700.0,드림,스낵류,옥수수스낵
124789,드림)훈와리메이진벚꽃모찌26g,20250326,20,10,20084,천안상온센터,1100.0,60.0,50.0,30.0,140.0,130.0,30.0,60.0,10.0,10.0,20.0,0.0,20.0,0.0,350.0,44,562.0,1472.0,2700.0,드림,스낵류,옥수수스낵
124789,드림)훈와리메이진벚꽃모찌26g,20250326,20,10,20085,인천B상온센터,2370.0,130.0,90.0,280.0,240.0,110.0,100.0,60.0,0.0,40.0,20.0,0.0,0.0,0.0,720.0,84,774.0,1472.0,2700.0,드림,스낵류,옥수수스낵
124791,해태)후렌치파이매실맛192g,20250404,20,4,20006,성남센터,1152.0,72.0,24.0,48.0,132.0,76.0,64.0,48.0,20.0,12.0,0.0,4.0,0.0,0.0,280.0,86,661.0,2291.0,4200.0,해태,비스킷류,파이
124791,해태)후렌치파이매실맛192g,20250404,20,4,20007,대구센터,1116.0,84.0,8.0,92.0,124.0,80.0,48.0,24.0,16.0,0.0,4.0,0.0,0.0,0.0,304.0,104,980.0,2291.0,4200.0,해태,비스킷류,파이
124791,해태)후렌치파이매실맛192g,20250404,20,4,20010,양주센터,1476.0,124.0,16.0,112.0,124.0,72.0,68.0,36.0,16.0,12.0,8.0,4.0,0.0,0.0,324.0,115,965.0,2291.0,4200.0,해태,비스킷류,파이
124791,해태)후렌치파이매실맛192g,20250404,20,4,20017,울산상온센터(K7),744.0,72.0,28.0,52.0,44.0,52.0,28.0,20.0,0.0,4.0,0.0,0.0,0.0,0.0,176.0,63,727.0,2291.0,4200.0,해태,비스킷류,파이
124791,해태)후렌치파이매실맛192g,20250404,20,4,20033,제주상온센터,276.0,24.0,20.0,16.0,44.0,12.0,8.0,4.0,4.0,0.0,0.0,0.0,0.0,0.0,92.0,29,313.0,2291.0,4200.0,해태,비스킷류,파이
124791,해태)후렌치파이매실맛192g,20250404,20,4,20034,구성상온센터,1536.0,100.0,48.0,32.0,224.0,88.0,80.0,36.0,20.0,12.0,28.0,12.0,4.0,0.0,392.0,127,872.0,2291.0,4200.0,해태,비스킷류,파이
124791,해태)후렌치파이매실맛192g,20250404,20,4,20050,세종상온센터,2112.0,108.0,32.0,128.0,152.0,52.0,28.0,36.0,8.0,8.0,12.0,0.0,0.0,0.0,364.0,123,941.0,2291.0,4200.0,해태,비스킷류,파이
124791,해태)후렌치파이매실맛192g,20250404,20,4,20065,원주상온센터(K7),684.0,84.0,24.0,24.0,104.0,40.0,28.0,16.0,12.0,4.0,8.0,0.0,0.0,0.0,192.0,71,681.0,2291.0,4200.0,해태,비스킷류,파이
124791,해태)후렌치파이매실맛192g,20250404,20,4,20075,인천상온센터,984.0,88.0,32.0,88.0,108.0,88.0,48.0,24.0,4.0,8.0,4.0,0.0,0.0,0.0,316.0,106,813.0,2291.0,4200.0,해태,비스킷류,파이
124791,해태)후렌치파이매실맛192g,20250404,20,4,20079,A광주상온센터,852.0,52.0,32.0,72.0,68.0,76.0,20.0,12.0,8.0,4.0,4.0,4.0,0.0,0.0,248.0,75,747.0,2291.0,4200.0,해태,비스킷류,파이
124791,해태)후렌치파이매실맛192g,20250404,20,4,20080,A의왕상온센터,876.0,96.0,24.0,116.0,132.0,116.0,76.0,28.0,16.0,32.0,12.0,12.0,0.0,0.0,388.0,104,712.0,2291.0,4200.0,해태,비스킷류,파이
124791,해태)후렌치파이매실맛192g,20250404,20,4,20081,A양산상온센터,888.0,72.0,28.0,56.0,100.0,48.0,12.0,20.0,4.0,4.0,8.0,0.0,0.0,0.0,232.0,76,869.0,2291.0,4200.0,해태,비스킷류,파이
124791,해태)후렌치파이매실맛192g,20250404,20,4,20083,김제상온센터,624.0,52.0,20.0,56.0,44.0,52.0,20.0,20.0,4.0,0.0,12.0,0.0,4.0,0.0,172.0,60,653.0,2291.0,4200.0,해태,비스킷류,파이
124791,해태)후렌치파이매실맛192g,20250404,20,4,20084,천안상온센터,1080.0,68.0,16.0,28.0,120.0,84.0,20.0,28.0,20.0,0.0,0.0,4.0,0.0,0.0,248.0,81,562.0,2291.0,4200.0,해태,비스킷류,파이
124791,해태)후렌치파이매실맛192g,20250404,20,4,20085,인천B상온센터,1212.0,132.0,44.0,52.0,92.0,72.0,60.0,32.0,16.0,8.0,12.0,4.0,0.0,0.0,260.0,100,774.0,2291.0,4200.0,해태,비스킷류,파이
124792,유앤)한입땅콩꽈배기450g,20250402,15,3,20006,성남센터,378.0,30.0,9.0,6.0,27.0,24.0,18.0,9.0,6.0,0.0,0.0,0.0,0.0,0.0,66.0,38,661.0,5300.0,9900.0,유앤,스낵류,전통스낵
124792,유앤)한입땅콩꽈배기450g,20250402,15,3,20007,대구센터,369.0,42.0,6.0,30.0,30.0,24.0,6.0,3.0,3.0,9.0,0.0,0.0,0.0,0.0,90.0,46,980.0,5300.0,9900.0,유앤,스낵류,전통스낵
124792,유앤)한입땅콩꽈배기450g,20250402,15,3,20010,양주센터,486.0,36.0,9.0,39.0,57.0,24.0,18.0,9.0,9.0,0.0,6.0,6.0,0.0,0.0,129.0,60,965.0,5300.0,9900.0,유앤,스낵류,전통스낵
124792,유앤)한입땅콩꽈배기450g,20250402,15,3,20017,울산상온센터(K7),243.0,33.0,3.0,15.0,24.0,6.0,3.0,3.0,3.0,6.0,0.0,3.0,0.0,0.0,48.0,27,727.0,5300.0,9900.0,유앤,스낵류,전통스낵
124792,유앤)한입땅콩꽈배기450g,20250402,15,3,20033,제주상온센터,90.0,6.0,9.0,12.0,24.0,6.0,3.0,3.0,0.0,0.0,0.0,3.0,0.0,0.0,51.0,21,313.0,5300.0,9900.0,유앤,스낵류,전통스낵
124792,유앤)한입땅콩꽈배기450g,20250402,15,3,20034,구성상온센터,504.0,24.0,18.0,15.0,75.0,15.0,30.0,15.0,18.0,0.0,3.0,3.0,3.0,0.0,123.0,50,872.0,5300.0,9900.0,유앤,스낵류,전통스낵
124792,유앤)한입땅콩꽈배기450g,20250402,15,3,20050,세종상온센터,351.0,33.0,15.0,24.0,30.0,24.0,15.0,9.0,6.0,0.0,9.0,0.0,0.0,0.0,93.0,42,941.0,5300.0,9900.0,유앤,스낵류,전통스낵
124792,유앤)한입땅콩꽈배기450g,20250402,15,3,20065,원주상온센터(K7),225.0,30.0,6.0,3.0,45.0,3.0,3.0,9.0,3.0,3.0,0.0,0.0,0.0,0.0,57.0,30,681.0,5300.0,9900.0,유앤,스낵류,전통스낵
124792,유앤)한입땅콩꽈배기450g,20250402,15,3,20075,인천상온센터,324.0,48.0,3.0,24.0,48.0,3.0,24.0,6.0,0.0,3.0,0.0,0.0,0.0,0.0,78.0,44,813.0,5300.0,9900.0,유앤,스낵류,전통스낵
124792,유앤)한입땅콩꽈배기450g,20250402,15,3,20079,A광주상온센터,279.0,15.0,15.0,21.0,21.0,18.0,6.0,6.0,9.0,3.0,0.0,0.0,0.0,0.0,75.0,33,747.0,5300.0,9900.0,유앤,스낵류,전통스낵
124792,유앤)한입땅콩꽈배기450g,20250402,15,3,20080,A의왕상온센터,288.0,27.0,3.0,30.0,39.0,21.0,21.0,6.0,3.0,12.0,9.0,0.0,0.0,0.0,93.0,41,712.0,5300.0,9900.0,유앤,스낵류,전통스낵
124792,유앤)한입땅콩꽈배기450g,20250402,15,3,20081,A양산상온센터,297.0,18.0,6.0,21.0,33.0,21.0,3.0,3.0,3.0,0.0,3.0,0.0,0.0,0.0,81.0,34,869.0,5300.0,9900.0,유앤,스낵류,전통스낵
124792,유앤)한입땅콩꽈배기450g,20250402,15,3,20083,김제상온센터,207.0,24.0,6.0,18.0,9.0,15.0,0.0,9.0,9.0,3.0,0.0,0.0,3.0,0.0,48.0,24,653.0,5300.0,9900.0,유앤,스낵류,전통스낵
124792,유앤)한입땅콩꽈배기450g,20250402,15,3,20084,천안상온센터,180.0,21.0,6.0,6.0,60.0,54.0,12.0,15.0,9.0,0.0,3.0,0.0,0.0,0.0,126.0,43,562.0,5300.0,9900.0,유앤,스낵류,전통스낵
124792,유앤)한입땅콩꽈배기450g,20250402,15,3,20085,인천B상온센터,405.0,45.0,18.0,12.0,36.0,21.0,6.0,6.0,15.0,0.0,3.0,0.0,0.0,0.0,87.0,43,774.0,5300.0,9900.0,유앤,스낵류,전통스낵
124834,유앤)쿼카푸딩젤리90g,20250326,30,6,20006,성남센터,1656.0,0.0,0.0,0.0,0.0,0.0,6.0,72.0,84.0,30.0,12.0,30.0,6.0,0.0,0.0,0,661.0,1476.0,2800.0,유앤,젤리류,국산젤리
124834,유앤)쿼카푸딩젤리90g,20250326,30,6,20007,대구센터,1800.0,0.0,0.0,0.0,0.0,6.0,54.0,54.0,12.0,12.0,48.0,24.0,0.0,0.0,6.0,1,979.0,1476.0,2800.0,유앤,젤리류,국산젤리
124834,유앤)쿼카푸딩젤리90g,20250326,30,6,20010,양주센터,2160.0,0.0,0.0,0.0,0.0,12.0,48.0,84.0,6.0,36.0,24.0,12.0,0.0,0.0,12.0,2,965.0,1476.0,2800.0,유앤,젤리류,국산젤리
124834,유앤)쿼카푸딩젤리90g,20250326,30,6,20017,울산상온센터(K7),1224.0,0.0,0.0,0.0,0.0,12.0,54.0,36.0,24.0,18.0,12.0,48.0,0.0,0.0,12.0,2,728.0,1476.0,2800.0,유앤,젤리류,국산젤리
124834,유앤)쿼카푸딩젤리90g,20250326,30,6,20033,제주상온센터,432.0,0.0,0.0,0.0,0.0,0.0,6.0,54.0,6.0,0.0,0.0,0.0,0.0,0.0,0.0,0,313.0,1476.0,2800.0,유앤,젤리류,국산젤리
124834,유앤)쿼카푸딩젤리90g,20250326,30,6,20034,구성상온센터,2304.0,0.0,0.0,0.0,0.0,0.0,18.0,30.0,48.0,12.0,12.0,18.0,6.0,0.0,0.0,0,873.0,1476.0,2800.0,유앤,젤리류,국산젤리
124834,유앤)쿼카푸딩젤리90g,20250326,30,6,20050,세종상온센터,1728.0,0.0,0.0,0.0,0.0,6.0,24.0,78.0,24.0,0.0,12.0,12.0,0.0,0.0,6.0,1,942.0,1476.0,2800.0,유앤,젤리류,국산젤리
124834,유앤)쿼카푸딩젤리90g,20250326,30,6,20065,원주상온센터(K7),1080.0,0.0,0.0,0.0,0.0,0.0,24.0,6.0,18.0,12.0,6.0,42.0,0.0,0.0,0.0,0,680.0,1476.0,2800.0,유앤,젤리류,국산젤리
124834,유앤)쿼카푸딩젤리90g,20250326,30,6,20075,인천상온센터,1512.0,0.0,0.0,0.0,0.0,18.0,54.0,36.0,12.0,12.0,36.0,6.0,6.0,0.0,18.0,3,813.0,1476.0,2800.0,유앤,젤리류,국산젤리
124834,유앤)쿼카푸딩젤리90g,20250326,30,6,20079,A광주상온센터,1368.0,0.0,0.0,0.0,0.0,12.0,30.0,48.0,24.0,0.0,120.0,96.0,0.0,0.0,12.0,2,747.0,1476.0,2800.0,유앤,젤리류,국산젤리
124834,유앤)쿼카푸딩젤리90g,20250326,30,6,20080,A의왕상온센터,1296.0,0.0,0.0,0.0,0.0,0.0,18.0,24.0,0.0,0.0,36.0,12.0,0.0,0.0,0.0,0,712.0,1476.0,2800.0,유앤,젤리류,국산젤리
124834,유앤)쿼카푸딩젤리90g,20250326,30,6,20081,A양산상온센터,1440.0,0.0,0.0,0.0,0.0,18.0,12.0,36.0,18.0,6.0,18.0,42.0,0.0,0.0,18.0,3,869.0,1476.0,2800.0,유앤,젤리류,국산젤리
124834,유앤)쿼카푸딩젤리90g,20250326,30,6,20083,김제상온센터,1008.0,0.0,0.0,0.0,0.0,0.0,18.0,30.0,12.0,0.0,48.0,66.0,0.0,0.0,0.0,0,653.0,1476.0,2800.0,유앤,젤리류,국산젤리
124834,유앤)쿼카푸딩젤리90g,20250326,30,6,20084,천안상온센터,864.0,0.0,0.0,0.0,0.0,0.0,6.0,18.0,18.0,0.0,6.0,6.0,6.0,0.0,0.0,0,562.0,1476.0,2800.0,유앤,젤리류,국산젤리
124834,유앤)쿼카푸딩젤리90g,20250326,30,6,20085,인천B상온센터,1728.0,0.0,0.0,0.0,0.0,0.0,54.0,48.0,12.0,6.0,12.0,12.0,0.0,0.0,0.0,0,774.0,1476.0,2800.0,유앤,젤리류,국산젤리
124931,PB)바밤바알밤초콜릿16g,20250409,30,20,20006,성남센터,10880.0,60.0,80.0,60.0,1440.0,2080.0,1920.0,1920.0,1300.0,0.0,240.0,180.0,20.0,0.0,3660.0,192,737.0,545.0,1000.0,PB,초콜릿,볼초콜릿
124931,PB)바밤바알밤초콜릿16g,20250409,30,20,20007,대구센터,10400.0,120.0,140.0,320.0,680.0,880.0,560.0,320.0,20.0,20.0,140.0,0.0,0.0,0.0,2020.0,116,978.0,545.0,1000.0,PB,초콜릿,볼초콜릿
124931,PB)바밤바알밤초콜릿16g,20250409,30,20,20010,양주센터,13920.0,120.0,180.0,480.0,1340.0,1860.0,1400.0,840.0,460.0,0.0,80.0,0.0,0.0,0.0,3860.0,196,1025.0,545.0,1000.0,PB,초콜릿,볼초콜릿
124931,PB)바밤바알밤초콜릿16g,20250409,30,20,20017,울산상온센터(K7),7040.0,80.0,80.0,340.0,680.0,1040.0,600.0,340.0,140.0,40.0,20.0,60.0,0.0,0.0,2140.0,114,727.0,545.0,1000.0,PB,초콜릿,볼초콜릿
124931,PB)바밤바알밤초콜릿16g,20250409,30,20,20033,제주상온센터,2560.0,40.0,20.0,60.0,480.0,220.0,140.0,100.0,0.0,0.0,0.0,0.0,0.0,0.0,780.0,50,311.0,545.0,1000.0,PB,초콜릿,볼초콜릿
124931,PB)바밤바알밤초콜릿16g,20250409,30,20,20034,구성상온센터,14400.0,120.0,120.0,160.0,2140.0,1100.0,1260.0,680.0,840.0,40.0,60.0,60.0,0.0,0.0,3520.0,186,938.0,545.0,1000.0,PB,초콜릿,볼초콜릿
124931,PB)바밤바알밤초콜릿16g,20250409,30,20,20050,세종상온센터,9920.0,80.0,40.0,1180.0,880.0,880.0,480.0,500.0,380.0,60.0,20.0,0.0,0.0,0.0,2980.0,161,940.0,545.0,1000.0,PB,초콜릿,볼초콜릿
124931,PB)바밤바알밤초콜릿16g,20250409,30,20,20065,원주상온센터(K7),6560.0,40.0,60.0,100.0,380.0,220.0,300.0,200.0,300.0,60.0,0.0,40.0,0.0,0.0,760.0,44,712.0,545.0,1000.0,PB,초콜릿,볼초콜릿
124931,PB)바밤바알밤초콜릿16g,20250409,30,20,20075,인천상온센터,9280.0,80.0,80.0,440.0,980.0,1360.0,1340.0,800.0,340.0,120.0,40.0,40.0,0.0,0.0,2860.0,151,863.0,545.0,1000.0,PB,초콜릿,볼초콜릿
124931,PB)바밤바알밤초콜릿16g,20250409,30,20,20079,A광주상온센터,8000.0,100.0,100.0,420.0,960.0,1980.0,1220.0,860.0,280.0,0.0,40.0,20.0,0.0,0.0,3460.0,187,745.0,545.0,1000.0,PB,초콜릿,볼초콜릿
124931,PB)바밤바알밤초콜릿16g,20250409,30,20,20080,A의왕상온센터,8320.0,60.0,140.0,660.0,1440.0,1360.0,1040.0,460.0,220.0,20.0,60.0,80.0,0.0,0.0,3600.0,188,763.0,545.0,1000.0,PB,초콜릿,볼초콜릿
124931,PB)바밤바알밤초콜릿16g,20250409,30,20,20081,A양산상온센터,8320.0,140.0,60.0,340.0,840.0,880.0,620.0,320.0,120.0,40.0,20.0,20.0,0.0,0.0,2120.0,119,869.0,545.0,1000.0,PB,초콜릿,볼초콜릿
124931,PB)바밤바알밤초콜릿16g,20250409,30,20,20083,김제상온센터,5920.0,80.0,60.0,260.0,500.0,700.0,740.0,1020.0,280.0,40.0,60.0,20.0,20.0,0.0,1520.0,83,651.0,545.0,1000.0,PB,초콜릿,볼초콜릿
124931,PB)바밤바알밤초콜릿16g,20250409,30,20,20084,천안상온센터,5120.0,20.0,80.0,60.0,540.0,820.0,560.0,180.0,80.0,20.0,0.0,0.0,0.0,0.0,1500.0,77,594.0,545.0,1000.0,PB,초콜릿,볼초콜릿
124931,PB)바밤바알밤초콜릿16g,20250409,30,20,20085,인천B상온센터,11360.0,60.0,100.0,440.0,1020.0,1440.0,1060.0,920.0,360.0,20.0,20.0,40.0,0.0,0.0,3000.0,158,862.0,545.0,1000.0,PB,초콜릿,볼초콜릿
124953,초코텍)초코멜로볼50g,20250409,30,6,20006,성남센터,816.0,0.0,0.0,0.0,0.0,0.0,0.0,60.0,90.0,24.0,30.0,156.0,18.0,0.0,0.0,0,734.0,1636.0,3000.0,초코텍,초콜릿,볼초콜릿
124953,초코텍)초코멜로볼50g,20250409,30,6,20007,대구센터,816.0,0.0,0.0,0.0,0.0,0.0,6.0,36.0,36.0,48.0,84.0,132.0,6.0,0.0,0.0,0,977.0,1636.0,3000.0,초코텍,초콜릿,볼초콜릿
124953,초코텍)초코멜로볼50g,20250409,30,6,20010,양주센터,1056.0,0.0,0.0,0.0,0.0,0.0,42.0,18.0,60.0,30.0,132.0,132.0,18.0,0.0,0.0,0,1021.0,1636.0,3000.0,초코텍,초콜릿,볼초콜릿
124953,초코텍)초코멜로볼50g,20250409,30,6,20017,울산상온센터(K7),528.0,0.0,0.0,0.0,0.0,0.0,0.0,60.0,24.0,12.0,84.0,72.0,6.0,0.0,0.0,0,724.0,1636.0,3000.0,초코텍,초콜릿,볼초콜릿
124953,초코텍)초코멜로볼50g,20250409,30,6,20033,제주상온센터,192.0,0.0,0.0,0.0,0.0,0.0,0.0,18.0,30.0,0.0,12.0,30.0,6.0,0.0,0.0,0,310.0,1636.0,3000.0,초코텍,초콜릿,볼초콜릿
124953,초코텍)초코멜로볼50g,20250409,30,6,20034,구성상온센터,1104.0,0.0,0.0,0.0,0.0,0.0,0.0,12.0,54.0,24.0,42.0,222.0,18.0,0.0,0.0,0,936.0,1636.0,3000.0,초코텍,초콜릿,볼초콜릿
124953,초코텍)초코멜로볼50g,20250409,30,6,20050,세종상온센터,768.0,0.0,0.0,0.0,0.0,0.0,6.0,54.0,60.0,42.0,102.0,102.0,12.0,0.0,0.0,0,938.0,1636.0,3000.0,초코텍,초콜릿,볼초콜릿
124953,초코텍)초코멜로볼50g,20250409,30,6,20065,원주상온센터(K7),528.0,0.0,0.0,0.0,0.0,0.0,0.0,6.0,24.0,36.0,54.0,108.0,6.0,0.0,0.0,0,712.0,1636.0,3000.0,초코텍,초콜릿,볼초콜릿
124953,초코텍)초코멜로볼50g,20250409,30,6,20075,인천상온센터,720.0,0.0,0.0,0.0,0.0,0.0,6.0,48.0,72.0,18.0,138.0,42.0,6.0,0.0,0.0,0,862.0,1636.0,3000.0,초코텍,초콜릿,볼초콜릿
124953,초코텍)초코멜로볼50g,20250409,30,6,20079,A광주상온센터,624.0,0.0,0.0,0.0,0.0,0.0,18.0,24.0,24.0,6.0,66.0,48.0,6.0,0.0,0.0,0,743.0,1636.0,3000.0,초코텍,초콜릿,볼초콜릿
124953,초코텍)초코멜로볼50g,20250409,30,6,20080,A의왕상온센터,624.0,0.0,0.0,0.0,0.0,0.0,18.0,30.0,48.0,36.0,66.0,84.0,24.0,0.0,0.0,0,762.0,1636.0,3000.0,초코텍,초콜릿,볼초콜릿
124953,초코텍)초코멜로볼50g,20250409,30,6,20081,A양산상온센터,624.0,0.0,0.0,0.0,0.0,0.0,6.0,30.0,36.0,12.0,90.0,90.0,0.0,0.0,0.0,0,863.0,1636.0,3000.0,초코텍,초콜릿,볼초콜릿
124953,초코텍)초코멜로볼50g,20250409,30,6,20083,김제상온센터,480.0,0.0,0.0,0.0,0.0,0.0,0.0,30.0,18.0,30.0,30.0,48.0,12.0,0.0,0.0,0,649.0,1636.0,3000.0,초코텍,초콜릿,볼초콜릿
124953,초코텍)초코멜로볼50g,20250409,30,6,20084,천안상온센터,384.0,0.0,0.0,0.0,0.0,0.0,0.0,24.0,60.0,12.0,12.0,102.0,6.0,0.0,0.0,0,592.0,1636.0,3000.0,초코텍,초콜릿,볼초콜릿
124953,초코텍)초코멜로볼50g,20250409,30,6,20085,인천B상온센터,864.0,0.0,0.0,0.0,0.0,0.0,24.0,54.0,60.0,12.0,108.0,42.0,0.0,0.0,0.0,0,856.0,1636.0,3000.0,초코텍,초콜릿,볼초콜릿
124954,초코텍)화이트멜로볼50g,20250409,30,6,20006,성남센터,816.0,0.0,0.0,0.0,0.0,0.0,0.0,60.0,78.0,24.0,24.0,156.0,24.0,0.0,0.0,0,734.0,1636.0,3000.0,초코텍,초콜릿,볼초콜릿
124954,초코텍)화이트멜로볼50g,20250409,30,6,20007,대구센터,816.0,0.0,0.0,0.0,0.0,0.0,6.0,36.0,42.0,42.0,84.0,120.0,6.0,0.0,0.0,0,977.0,1636.0,3000.0,초코텍,초콜릿,볼초콜릿
124954,초코텍)화이트멜로볼50g,20250409,30,6,20010,양주센터,1056.0,0.0,0.0,0.0,0.0,0.0,48.0,18.0,60.0,36.0,132.0,132.0,18.0,0.0,0.0,0,1021.0,1636.0,3000.0,초코텍,초콜릿,볼초콜릿
124954,초코텍)화이트멜로볼50g,20250409,30,6,20017,울산상온센터(K7),528.0,0.0,0.0,0.0,0.0,0.0,0.0,48.0,30.0,6.0,60.0,78.0,18.0,0.0,0.0,0,724.0,1636.0,3000.0,초코텍,초콜릿,볼초콜릿
124954,초코텍)화이트멜로볼50g,20250409,30,6,20033,제주상온센터,192.0,0.0,0.0,0.0,0.0,0.0,0.0,18.0,18.0,0.0,12.0,24.0,0.0,0.0,0.0,0,310.0,1636.0,3000.0,초코텍,초콜릿,볼초콜릿
124954,초코텍)화이트멜로볼50g,20250409,30,6,20034,구성상온센터,1104.0,0.0,0.0,0.0,0.0,0.0,0.0,12.0,42.0,24.0,48.0,204.0,18.0,0.0,0.0,0,936.0,1636.0,3000.0,초코텍,초콜릿,볼초콜릿
124954,초코텍)화이트멜로볼50g,20250409,30,6,20050,세종상온센터,768.0,0.0,0.0,0.0,0.0,0.0,6.0,48.0,42.0,42.0,102.0,78.0,6.0,0.0,0.0,0,938.0,1636.0,3000.0,초코텍,초콜릿,볼초콜릿
124954,초코텍)화이트멜로볼50g,20250409,30,6,20065,원주상온센터(K7),528.0,0.0,0.0,0.0,0.0,0.0,0.0,6.0,24.0,48.0,48.0,114.0,6.0,0.0,0.0,0,712.0,1636.0,3000.0,초코텍,초콜릿,볼초콜릿
124954,초코텍)화이트멜로볼50g,20250409,30,6,20075,인천상온센터,720.0,0.0,0.0,0.0,0.0,0.0,6.0,48.0,60.0,6.0,150.0,42.0,0.0,0.0,0.0,0,862.0,1636.0,3000.0,초코텍,초콜릿,볼초콜릿
124954,초코텍)화이트멜로볼50g,20250409,30,6,20079,A광주상온센터,624.0,0.0,0.0,0.0,0.0,0.0,18.0,24.0,24.0,6.0,66.0,48.0,6.0,0.0,0.0,0,743.0,1636.0,3000.0,초코텍,초콜릿,볼초콜릿
124954,초코텍)화이트멜로볼50g,20250409,30,6,20080,A의왕상온센터,624.0,0.0,0.0,0.0,0.0,0.0,18.0,30.0,42.0,42.0,66.0,96.0,18.0,0.0,0.0,0,762.0,1636.0,3000.0,초코텍,초콜릿,볼초콜릿
124954,초코텍)화이트멜로볼50g,20250409,30,6,20081,A양산상온센터,624.0,0.0,0.0,0.0,0.0,0.0,0.0,30.0,36.0,12.0,78.0,90.0,0.0,0.0,0.0,0,863.0,1636.0,3000.0,초코텍,초콜릿,볼초콜릿
124954,초코텍)화이트멜로볼50g,20250409,30,6,20083,김제상온센터,480.0,0.0,0.0,0.0,0.0,0.0,0.0,18.0,18.0,30.0,24.0,54.0,12.0,0.0,0.0,0,649.0,1636.0,3000.0,초코텍,초콜릿,볼초콜릿
124954,초코텍)화이트멜로볼50g,20250409,30,6,20084,천안상온센터,384.0,0.0,0.0,0.0,0.0,0.0,0.0,24.0,60.0,12.0,18.0,90.0,6.0,0.0,0.0,0,592.0,1636.0,3000.0,초코텍,초콜릿,볼초콜릿
124954,초코텍)화이트멜로볼50g,20250409,30,6,20085,인천B상온센터,864.0,0.0,0.0,0.0,0.0,0.0,24.0,54.0,60.0,18.0,102.0,36.0,0.0,0.0,0.0,0,856.0,1636.0,3000.0,초코텍,초콜릿,볼초콜릿
124972,롯데)찰떡파이초코바나나250g,20250409,15,2,20006,성남센터,416.0,0.0,0.0,0.0,58.0,62.0,58.0,36.0,22.0,6.0,10.0,2.0,0.0,0.0,120.0,56,737.0,4363.0,8000.0,롯데,비스킷류,파이
124972,롯데)찰떡파이초코바나나250g,20250409,15,2,20007,대구센터,400.0,0.0,0.0,20.0,36.0,44.0,28.0,16.0,10.0,4.0,4.0,0.0,2.0,0.0,100.0,53,978.0,4363.0,8000.0,롯데,비스킷류,파이
124972,롯데)찰떡파이초코바나나250g,20250409,15,2,20010,양주센터,528.0,0.0,0.0,24.0,86.0,66.0,54.0,28.0,14.0,8.0,12.0,2.0,0.0,0.0,176.0,76,1025.0,4363.0,8000.0,롯데,비스킷류,파이
124972,롯데)찰떡파이초코바나나250g,20250409,15,2,20017,울산상온센터(K7),272.0,0.0,0.0,16.0,32.0,18.0,6.0,12.0,2.0,4.0,0.0,6.0,0.0,0.0,66.0,36,727.0,4363.0,8000.0,롯데,비스킷류,파이
124972,롯데)찰떡파이초코바나나250g,20250409,15,2,20033,제주상온센터,96.0,0.0,0.0,0.0,28.0,18.0,10.0,0.0,0.0,0.0,0.0,0.0,0.0,0.0,46.0,19,311.0,4363.0,8000.0,롯데,비스킷류,파이
124972,롯데)찰떡파이초코바나나250g,20250409,15,2,20034,구성상온센터,552.0,0.0,0.0,0.0,88.0,56.0,24.0,32.0,26.0,4.0,6.0,2.0,0.0,0.0,144.0,68,938.0,4363.0,8000.0,롯데,비스킷류,파이
124972,롯데)찰떡파이초코바나나250g,20250409,15,2,20050,세종상온센터,384.0,0.0,0.0,48.0,82.0,34.0,18.0,10.0,2.0,2.0,4.0,0.0,0.0,0.0,164.0,66,940.0,4363.0,8000.0,롯데,비스킷류,파이
124972,롯데)찰떡파이초코바나나250g,20250409,15,2,20065,원주상온센터(K7),248.0,0.0,0.0,0.0,42.0,16.0,22.0,18.0,8.0,4.0,2.0,0.0,0.0,0.0,58.0,26,712.0,4363.0,8000.0,롯데,비스킷류,파이
124972,롯데)찰떡파이초코바나나250g,20250409,15,2,20075,인천상온센터,360.0,0.0,0.0,40.0,50.0,40.0,20.0,20.0,26.0,2.0,2.0,2.0,0.0,0.0,130.0,62,863.0,4363.0,8000.0,롯데,비스킷류,파이
124972,롯데)찰떡파이초코바나나250g,20250409,15,2,20079,A광주상온센터,312.0,0.0,0.0,36.0,24.0,14.0,24.0,10.0,0.0,0.0,2.0,4.0,2.0,0.0,74.0,42,745.0,4363.0,8000.0,롯데,비스킷류,파이
124972,롯데)찰떡파이초코바나나250g,20250409,15,2,20080,A의왕상온센터,320.0,0.0,0.0,42.0,66.0,42.0,38.0,52.0,6.0,2.0,2.0,2.0,0.0,0.0,150.0,75,763.0,4363.0,8000.0,롯데,비스킷류,파이
124972,롯데)찰떡파이초코바나나250g,20250409,15,2,20081,A양산상온센터,320.0,0.0,0.0,12.0,26.0,24.0,18.0,16.0,2.0,4.0,6.0,0.0,0.0,0.0,62.0,35,869.0,4363.0,8000.0,롯데,비스킷류,파이
124972,롯데)찰떡파이초코바나나250g,20250409,15,2,20083,김제상온센터,224.0,0.0,0.0,20.0,14.0,26.0,12.0,2.0,0.0,2.0,4.0,2.0,2.0,0.0,60.0,24,651.0,4363.0,8000.0,롯데,비스킷류,파이
124972,롯데)찰떡파이초코바나나250g,20250409,15,2,20084,천안상온센터,192.0,0.0,0.0,0.0,26.0,28.0,16.0,26.0,12.0,2.0,2.0,2.0,0.0,0.0,54.0,27,594.0,4363.0,8000.0,롯데,비스킷류,파이
124972,롯데)찰떡파이초코바나나250g,20250409,15,2,20085,인천B상온센터,440.0,0.0,0.0,68.0,58.0,44.0,22.0,24.0,10.0,2.0,0.0,0.0,0.0,0.0,170.0,61,862.0,4363.0,8000.0,롯데,비스킷류,파이
124973,롯데)도리토스플레이밍핫70g,20250416,20,12,20006,성남센터,2484.0,0.0,0.0,0.0,492.0,264.0,120.0,84.0,48.0,12.0,60.0,24.0,0.0,0.0,756.0,68,733.0,911.0,1700.0,롯데,스낵류,일반스낵
124973,롯데)도리토스플레이밍핫70g,20250416,20,12,20007,대구센터,2388.0,0.0,0.0,276.0,324.0,336.0,192.0,108.0,60.0,12.0,0.0,24.0,0.0,0.0,936.0,85,977.0,911.0,1700.0,롯데,스낵류,일반스낵
124973,롯데)도리토스플레이밍핫70g,20250416,20,12,20010,양주센터,3168.0,0.0,0.0,192.0,540.0,300.0,120.0,108.0,60.0,0.0,36.0,12.0,0.0,0.0,1032.0,92,1019.0,911.0,1700.0,롯데,스낵류,일반스낵
124973,롯데)도리토스플레이밍핫70g,20250416,20,12,20017,울산상온센터(K7),1608.0,0.0,0.0,192.0,204.0,216.0,96.0,36.0,24.0,0.0,0.0,36.0,0.0,0.0,612.0,51,724.0,911.0,1700.0,롯데,스낵류,일반스낵
124973,롯데)도리토스플레이밍핫70g,20250416,20,12,20033,제주상온센터,1152.0,0.0,0.0,0.0,180.0,96.0,12.0,36.0,24.0,0.0,36.0,12.0,12.0,0.0,276.0,24,310.0,911.0,1700.0,롯데,스낵류,일반스낵
124973,롯데)도리토스플레이밍핫70g,20250416,20,12,20034,구성상온센터,3312.0,0.0,0.0,0.0,624.0,396.0,132.0,204.0,72.0,24.0,36.0,12.0,24.0,0.0,1020.0,87,935.0,911.0,1700.0,롯데,스낵류,일반스낵
124973,롯데)도리토스플레이밍핫70g,20250416,20,12,20050,세종상온센터,2280.0,0.0,0.0,204.0,420.0,252.0,168.0,72.0,48.0,24.0,24.0,0.0,0.0,0.0,876.0,78,937.0,911.0,1700.0,롯데,스낵류,일반스낵
124973,롯데)도리토스플레이밍핫70g,20250416,20,12,20065,원주상온센터(K7),1476.0,0.0,0.0,0.0,336.0,144.0,132.0,48.0,12.0,12.0,12.0,12.0,0.0,0.0,480.0,41,713.0,911.0,1700.0,롯데,스낵류,일반스낵
124973,롯데)도리토스플레이밍핫70g,20250416,20,12,20075,인천상온센터,2124.0,0.0,0.0,180.0,348.0,240.0,192.0,60.0,24.0,24.0,0.0,24.0,0.0,0.0,768.0,66,862.0,911.0,1700.0,롯데,스낵류,일반스낵
124973,롯데)도리토스플레이밍핫70g,20250416,20,12,20079,A광주상온센터,1836.0,0.0,0.0,192.0,168.0,168.0,60.0,24.0,24.0,24.0,24.0,12.0,0.0,0.0,528.0,49,742.0,911.0,1700.0,롯데,스낵류,일반스낵
124973,롯데)도리토스플레이밍핫70g,20250416,20,12,20080,A의왕상온센터,1896.0,0.0,0.0,216.0,504.0,240.0,144.0,120.0,24.0,48.0,0.0,36.0,0.0,0.0,960.0,83,761.0,911.0,1700.0,롯데,스낵류,일반스낵
124973,롯데)도리토스플레이밍핫70g,20250416,20,12,20081,A양산상온센터,1908.0,0.0,0.0,84.0,216.0,108.0,72.0,12.0,48.0,24.0,12.0,0.0,0.0,0.0,408.0,39,863.0,911.0,1700.0,롯데,스낵류,일반스낵
124973,롯데)도리토스플레이밍핫70g,20250416,20,12,20083,김제상온센터,1344.0,0.0,0.0,96.0,204.0,156.0,60.0,36.0,24.0,12.0,12.0,0.0,0.0,0.0,456.0,36,648.0,911.0,1700.0,롯데,스낵류,일반스낵
124973,롯데)도리토스플레이밍핫70g,20250416,20,12,20084,천안상온센터,1152.0,0.0,0.0,0.0,276.0,288.0,60.0,48.0,36.0,12.0,12.0,0.0,12.0,0.0,564.0,50,592.0,911.0,1700.0,롯데,스낵류,일반스낵
124973,롯데)도리토스플레이밍핫70g,20250416,20,12,20085,인천B상온센터,2616.0,0.0,0.0,276.0,276.0,276.0,96.0,120.0,36.0,24.0,36.0,24.0,0.0,0.0,828.0,73,856.0,911.0,1700.0,롯데,스낵류,일반스낵
124976,해태)오예스요것이그릭습니다,20250409,15,2,20006,성남센터,720.0,4.0,18.0,12.0,92.0,62.0,38.0,48.0,16.0,4.0,16.0,2.0,0.0,0.0,184.0,85,737.0,3818.0,7000.0,해태,비스킷류,파이
124976,해태)오예스요것이그릭습니다,20250409,15,2,20007,대구센터,700.0,30.0,26.0,32.0,64.0,58.0,38.0,22.0,4.0,8.0,2.0,0.0,2.0,0.0,180.0,108,978.0,3818.0,7000.0,해태,비스킷류,파이
124976,해태)오예스요것이그릭습니다,20250409,15,2,20010,양주센터,920.0,22.0,22.0,36.0,110.0,66.0,52.0,34.0,18.0,10.0,12.0,0.0,0.0,0.0,234.0,106,1025.0,3818.0,7000.0,해태,비스킷류,파이
124976,해태)오예스요것이그릭습니다,20250409,15,2,20017,울산상온센터(K7),470.0,18.0,24.0,34.0,24.0,14.0,14.0,14.0,2.0,4.0,4.0,6.0,0.0,0.0,96.0,54,727.0,3818.0,7000.0,해태,비스킷류,파이
124976,해태)오예스요것이그릭습니다,20250409,15,2,20033,제주상온센터,170.0,8.0,14.0,20.0,24.0,18.0,10.0,2.0,0.0,0.0,0.0,2.0,0.0,0.0,76.0,36,311.0,3818.0,7000.0,해태,비스킷류,파이
124976,해태)오예스요것이그릭습니다,20250409,15,2,20034,구성상온센터,960.0,12.0,36.0,20.0,98.0,44.0,50.0,38.0,10.0,8.0,6.0,2.0,0.0,0.0,198.0,105,938.0,3818.0,7000.0,해태,비스킷류,파이
124976,해태)오예스요것이그릭습니다,20250409,15,2,20050,세종상온센터,660.0,20.0,22.0,68.0,118.0,38.0,38.0,14.0,6.0,6.0,8.0,4.0,2.0,0.0,246.0,111,940.0,3818.0,7000.0,해태,비스킷류,파이
124976,해태)오예스요것이그릭습니다,20250409,15,2,20065,원주상온센터(K7),430.0,8.0,16.0,20.0,56.0,22.0,26.0,14.0,4.0,6.0,2.0,0.0,0.0,0.0,114.0,56,712.0,3818.0,7000.0,해태,비스킷류,파이
124976,해태)오예스요것이그릭습니다,20250409,15,2,20075,인천상온센터,620.0,26.0,18.0,64.0,74.0,34.0,24.0,22.0,6.0,0.0,2.0,2.0,0.0,0.0,190.0,101,863.0,3818.0,7000.0,해태,비스킷류,파이
124976,해태)오예스요것이그릭습니다,20250409,15,2,20079,A광주상온센터,540.0,10.0,6.0,44.0,48.0,20.0,36.0,16.0,10.0,2.0,0.0,2.0,2.0,0.0,118.0,61,745.0,3818.0,7000.0,해태,비스킷류,파이
124976,해태)오예스요것이그릭습니다,20250409,15,2,20080,A의왕상온센터,550.0,22.0,22.0,44.0,84.0,46.0,22.0,20.0,18.0,8.0,0.0,2.0,0.0,0.0,196.0,105,763.0,3818.0,7000.0,해태,비스킷류,파이
124976,해태)오예스요것이그릭습니다,20250409,15,2,20081,A양산상온센터,560.0,32.0,10.0,42.0,38.0,24.0,20.0,8.0,4.0,0.0,6.0,0.0,0.0,0.0,114.0,63,869.0,3818.0,7000.0,해태,비스킷류,파이
124976,해태)오예스요것이그릭습니다,20250409,15,2,20083,김제상온센터,390.0,8.0,16.0,18.0,24.0,24.0,6.0,8.0,2.0,2.0,0.0,2.0,2.0,0.0,82.0,45,651.0,3818.0,7000.0,해태,비스킷류,파이
124976,해태)오예스요것이그릭습니다,20250409,15,2,20084,천안상온센터,340.0,6.0,16.0,18.0,50.0,40.0,20.0,12.0,12.0,8.0,0.0,2.0,0.0,0.0,124.0,61,594.0,3818.0,7000.0,해태,비스킷류,파이
124976,해태)오예스요것이그릭습니다,20250409,15,2,20085,인천B상온센터,760.0,26.0,34.0,60.0,70.0,40.0,26.0,22.0,6.0,10.0,0.0,0.0,0.0,0.0,204.0,102,862.0,3818.0,7000.0,해태,비스킷류,파이
124977,오뚜기)콘크림스프크리스피롤55g,20250402,25,12,20006,성남센터,1620.0,0.0,0.0,0.0,0.0,156.0,228.0,144.0,84.0,48.0,60.0,24.0,0.0,0.0,156.0,13,661.0,980.0,1800.0,오뚜기,스낵류,옥수수스낵
124977,오뚜기)콘크림스프크리스피롤55g,20250402,25,12,20007,대구센터,1560.0,0.0,0.0,0.0,84.0,240.0,312.0,240.0,72.0,84.0,24.0,36.0,0.0,0.0,324.0,27,980.0,980.0,1800.0,오뚜기,스낵류,옥수수스낵
124977,오뚜기)콘크림스프크리스피롤55g,20250402,25,12,20010,양주센터,2076.0,0.0,0.0,0.0,60.0,240.0,252.0,168.0,72.0,24.0,24.0,12.0,0.0,0.0,300.0,26,965.0,980.0,1800.0,오뚜기,스낵류,옥수수스낵
124977,오뚜기)콘크림스프크리스피롤55g,20250402,25,12,20017,울산상온센터(K7),1044.0,0.0,0.0,0.0,60.0,168.0,156.0,132.0,24.0,24.0,36.0,48.0,0.0,0.0,228.0,20,727.0,980.0,1800.0,오뚜기,스낵류,옥수수스낵
124977,오뚜기)콘크림스프크리스피롤55g,20250402,25,12,20033,제주상온센터,384.0,0.0,0.0,0.0,0.0,48.0,120.0,24.0,0.0,0.0,12.0,12.0,0.0,0.0,48.0,4,313.0,980.0,1800.0,오뚜기,스낵류,옥수수스낵
124977,오뚜기)콘크림스프크리스피롤55g,20250402,25,12,20034,구성상온센터,2160.0,0.0,0.0,0.0,0.0,192.0,240.0,228.0,72.0,60.0,36.0,84.0,12.0,0.0,192.0,16,872.0,980.0,1800.0,오뚜기,스낵류,옥수수스낵
124977,오뚜기)콘크림스프크리스피롤55g,20250402,25,12,20050,세종상온센터,1488.0,0.0,0.0,0.0,36.0,144.0,276.0,204.0,72.0,12.0,36.0,0.0,0.0,0.0,180.0,15,941.0,980.0,1800.0,오뚜기,스낵류,옥수수스낵
124977,오뚜기)콘크림스프크리스피롤55g,20250402,25,12,20065,원주상온센터(K7),972.0,0.0,0.0,0.0,0.0,72.0,276.0,156.0,84.0,36.0,48.0,12.0,0.0,0.0,72.0,6,681.0,980.0,1800.0,오뚜기,스낵류,옥수수스낵
124977,오뚜기)콘크림스프크리스피롤55g,20250402,25,12,20075,인천상온센터,1392.0,0.0,0.0,0.0,36.0,252.0,300.0,156.0,60.0,24.0,36.0,24.0,0.0,0.0,288.0,25,813.0,980.0,1800.0,오뚜기,스낵류,옥수수스낵
124977,오뚜기)콘크림스프크리스피롤55g,20250402,25,12,20079,A광주상온센터,1200.0,0.0,0.0,0.0,36.0,120.0,144.0,72.0,48.0,12.0,36.0,0.0,0.0,0.0,156.0,13,747.0,980.0,1800.0,오뚜기,스낵류,옥수수스낵
124977,오뚜기)콘크림스프크리스피롤55g,20250402,25,12,20080,A의왕상온센터,1236.0,0.0,0.0,0.0,84.0,156.0,264.0,168.0,12.0,108.0,72.0,36.0,0.0,0.0,240.0,20,712.0,980.0,1800.0,오뚜기,스낵류,옥수수스낵
124977,오뚜기)콘크림스프크리스피롤55g,20250402,25,12,20081,A양산상온센터,1248.0,0.0,0.0,0.0,36.0,192.0,192.0,96.0,36.0,0.0,24.0,0.0,0.0,0.0,228.0,19,869.0,980.0,1800.0,오뚜기,스낵류,옥수수스낵
124977,오뚜기)콘크림스프크리스피롤55g,20250402,25,12,20083,김제상온센터,876.0,0.0,0.0,0.0,12.0,144.0,132.0,60.0,0.0,24.0,0.0,12.0,0.0,0.0,156.0,13,653.0,980.0,1800.0,오뚜기,스낵류,옥수수스낵
124977,오뚜기)콘크림스프크리스피롤55g,20250402,25,12,20084,천안상온센터,756.0,0.0,0.0,0.0,0.0,72.0,156.0,72.0,120.0,72.0,12.0,0.0,0.0,0.0,72.0,6,562.0,980.0,1800.0,오뚜기,스낵류,옥수수스낵
124977,오뚜기)콘크림스프크리스피롤55g,20250402,25,12,20085,인천B상온센터,1704.0,0.0,0.0,0.0,72.0,144.0,192.0,144.0,48.0,24.0,48.0,12.0,0.0,0.0,216.0,19,774.0,980.0,1800.0,오뚜기,스낵류,옥수수스낵
124979,SAMG)하츄핑비스킷65g,20250409,20,4,20006,성남센터,1440.0,0.0,0.0,0.0,188.0,92.0,56.0,56.0,40.0,4.0,8.0,24.0,0.0,0.0,280.0,45,737.0,880.0,1700.0,SAMG,비스킷류,쿠키
124979,SAMG)하츄핑비스킷65g,20250409,20,4,20007,대구센터,1392.0,0.0,0.0,148.0,208.0,232.0,168.0,124.0,52.0,24.0,20.0,0.0,0.0,0.0,588.0,101,978.0,880.0,1700.0,SAMG,비스킷류,쿠키
124979,SAMG)하츄핑비스킷65g,20250409,20,4,20010,양주센터,1840.0,0.0,0.0,84.0,268.0,164.0,184.0,44.0,48.0,24.0,20.0,8.0,0.0,0.0,516.0,79,1025.0,880.0,1700.0,SAMG,비스킷류,쿠키
124979,SAMG)하츄핑비스킷65g,20250409,20,4,20017,울산상온센터(K7),928.0,0.0,0.0,116.0,124.0,120.0,80.0,56.0,4.0,8.0,12.0,16.0,0.0,0.0,360.0,60,727.0,880.0,1700.0,SAMG,비스킷류,쿠키
124979,SAMG)하츄핑비스킷65g,20250409,20,4,20033,제주상온센터,336.0,0.0,0.0,0.0,100.0,88.0,48.0,8.0,0.0,4.0,0.0,8.0,0.0,0.0,188.0,31,311.0,880.0,1700.0,SAMG,비스킷류,쿠키
124979,SAMG)하츄핑비스킷65g,20250409,20,4,20034,구성상온센터,1920.0,0.0,0.0,0.0,304.0,196.0,80.0,88.0,32.0,16.0,32.0,24.0,0.0,0.0,500.0,86,938.0,880.0,1700.0,SAMG,비스킷류,쿠키
124979,SAMG)하츄핑비스킷65g,20250409,20,4,20050,세종상온센터,1328.0,0.0,0.0,124.0,212.0,92.0,144.0,28.0,48.0,24.0,4.0,0.0,4.0,0.0,428.0,65,940.0,880.0,1700.0,SAMG,비스킷류,쿠키
124979,SAMG)하츄핑비스킷65g,20250409,20,4,20065,원주상온센터(K7),864.0,0.0,0.0,0.0,160.0,84.0,120.0,56.0,24.0,16.0,16.0,16.0,0.0,0.0,244.0,46,712.0,880.0,1700.0,SAMG,비스킷류,쿠키
124979,SAMG)하츄핑비스킷65g,20250409,20,4,20075,인천상온센터,1232.0,0.0,0.0,160.0,184.0,192.0,72.0,52.0,32.0,12.0,20.0,4.0,0.0,0.0,536.0,88,863.0,880.0,1700.0,SAMG,비스킷류,쿠키
124979,SAMG)하츄핑비스킷65g,20250409,20,4,20079,A광주상온센터,1072.0,0.0,0.0,140.0,88.0,92.0,68.0,60.0,68.0,8.0,16.0,20.0,4.0,0.0,320.0,58,745.0,880.0,1700.0,SAMG,비스킷류,쿠키
124979,SAMG)하츄핑비스킷65g,20250409,20,4,20080,A의왕상온센터,1104.0,0.0,0.0,100.0,212.0,128.0,80.0,72.0,44.0,0.0,16.0,8.0,0.0,0.0,440.0,80,763.0,880.0,1700.0,SAMG,비스킷류,쿠키
124979,SAMG)하츄핑비스킷65g,20250409,20,4,20081,A양산상온센터,1120.0,0.0,0.0,64.0,188.0,188.0,88.0,52.0,16.0,4.0,4.0,8.0,0.0,0.0,440.0,76,869.0,880.0,1700.0,SAMG,비스킷류,쿠키
124979,SAMG)하츄핑비스킷65g,20250409,20,4,20083,김제상온센터,784.0,0.0,0.0,60.0,80.0,120.0,24.0,20.0,4.0,16.0,8.0,4.0,8.0,0.0,260.0,42,651.0,880.0,1700.0,SAMG,비스킷류,쿠키
124979,SAMG)하츄핑비스킷65g,20250409,20,4,20084,천안상온센터,672.0,0.0,0.0,0.0,204.0,140.0,72.0,68.0,8.0,12.0,16.0,8.0,0.0,0.0,344.0,56,594.0,880.0,1700.0,SAMG,비스킷류,쿠키
124979,SAMG)하츄핑비스킷65g,20250409,20,4,20085,인천B상온센터,1520.0,0.0,0.0,112.0,204.0,140.0,112.0,52.0,8.0,16.0,8.0,4.0,0.0,0.0,456.0,72,862.0,880.0,1700.0,SAMG,비스킷류,쿠키
124981,PB)제트콘90g,20250409,50,20,20006,성남센터,6280.0,0.0,0.0,0.0,820.0,620.0,780.0,500.0,360.0,20.0,80.0,40.0,0.0,0.0,1440.0,80,737.0,646.0,1500.0,PB,스낵류,옥수수스낵
124981,PB)제트콘90g,20250409,50,20,20007,대구센터,6060.0,0.0,0.0,340.0,700.0,820.0,660.0,380.0,160.0,60.0,40.0,0.0,0.0,0.0,1860.0,95,978.0,646.0,1500.0,PB,스낵류,옥수수스낵
124981,PB)제트콘90g,20250409,50,20,20010,양주센터,8040.0,0.0,0.0,300.0,760.0,1060.0,680.0,160.0,180.0,20.0,80.0,0.0,20.0,0.0,2120.0,108,1025.0,646.0,1500.0,PB,스낵류,옥수수스낵
124981,PB)제트콘90g,20250409,50,20,20017,울산상온센터(K7),4060.0,0.0,0.0,260.0,440.0,440.0,280.0,160.0,80.0,60.0,40.0,20.0,0.0,0.0,1140.0,57,727.0,646.0,1500.0,PB,스낵류,옥수수스낵
124981,PB)제트콘90g,20250409,50,20,20033,제주상온센터,1460.0,0.0,0.0,0.0,260.0,260.0,160.0,140.0,20.0,0.0,0.0,20.0,0.0,0.0,520.0,26,311.0,646.0,1500.0,PB,스낵류,옥수수스낵
124981,PB)제트콘90g,20250409,50,20,20034,구성상온센터,8400.0,0.0,0.0,0.0,1460.0,520.0,460.0,440.0,120.0,20.0,40.0,80.0,20.0,0.0,1980.0,103,938.0,646.0,1500.0,PB,스낵류,옥수수스낵
124981,PB)제트콘90g,20250409,50,20,20050,세종상온센터,5780.0,0.0,0.0,880.0,680.0,300.0,260.0,160.0,100.0,40.0,20.0,20.0,0.0,0.0,1860.0,96,940.0,646.0,1500.0,PB,스낵류,옥수수스낵
124981,PB)제트콘90g,20250409,50,20,20065,원주상온센터(K7),3740.0,0.0,0.0,0.0,220.0,260.0,280.0,140.0,60.0,60.0,20.0,20.0,0.0,0.0,480.0,25,712.0,646.0,1500.0,PB,스낵류,옥수수스낵
124981,PB)제트콘90g,20250409,50,20,20075,인천상온센터,5400.0,0.0,0.0,220.0,420.0,520.0,100.0,60.0,40.0,20.0,20.0,20.0,0.0,0.0,1160.0,54,863.0,646.0,1500.0,PB,스낵류,옥수수스낵
124981,PB)제트콘90g,20250409,50,20,20079,A광주상온센터,4660.0,0.0,0.0,460.0,680.0,1180.0,680.0,340.0,60.0,0.0,0.0,40.0,0.0,0.0,2320.0,119,745.0,646.0,1500.0,PB,스낵류,옥수수스낵
124981,PB)제트콘90g,20250409,50,20,20080,A의왕상온센터,4800.0,0.0,0.0,400.0,600.0,600.0,300.0,160.0,80.0,20.0,40.0,20.0,0.0,0.0,1600.0,82,763.0,646.0,1500.0,PB,스낵류,옥수수스낵
124981,PB)제트콘90g,20250409,50,20,20081,A양산상온센터,4840.0,0.0,0.0,240.0,560.0,600.0,400.0,200.0,20.0,20.0,0.0,20.0,0.0,0.0,1400.0,78,869.0,646.0,1500.0,PB,스낵류,옥수수스낵
124981,PB)제트콘90g,20250409,50,20,20083,김제상온센터,3400.0,0.0,0.0,120.0,180.0,240.0,160.0,100.0,20.0,40.0,0.0,0.0,0.0,0.0,540.0,30,651.0,646.0,1500.0,PB,스낵류,옥수수스낵
124981,PB)제트콘90g,20250409,50,20,20084,천안상온센터,2900.0,0.0,0.0,0.0,400.0,420.0,200.0,120.0,60.0,20.0,20.0,0.0,0.0,0.0,820.0,41,594.0,646.0,1500.0,PB,스낵류,옥수수스낵
124981,PB)제트콘90g,20250409,50,20,20085,인천B상온센터,6620.0,0.0,0.0,300.0,520.0,440.0,140.0,200.0,80.0,60.0,20.0,20.0,0.0,0.0,1260.0,64,862.0,646.0,1500.0,PB,스낵류,옥수수스낵
124993,미스티)별의커비솜사탕8g,20250409,15,12,20006,성남센터,1080.0,0.0,0.0,0.0,156.0,60.0,48.0,72.0,12.0,0.0,0.0,0.0,0.0,0.0,216.0,18,737.0,1192.0,2300.0,미스티,캔디류,소프트캔디
124993,미스티)별의커비솜사탕8g,20250409,15,12,20007,대구센터,1008.0,0.0,0.0,72.0,144.0,168.0,60.0,72.0,12.0,36.0,24.0,0.0,0.0,0.0,384.0,35,978.0,1192.0,2300.0,미스티,캔디류,소프트캔디
124993,미스티)별의커비솜사탕8g,20250409,15,12,20010,양주센터,1368.0,0.0,0.0,48.0,180.0,144.0,120.0,48.0,60.0,12.0,24.0,24.0,0.0,0.0,372.0,33,1025.0,1192.0,2300.0,미스티,캔디류,소프트캔디
124993,미스티)별의커비솜사탕8g,20250409,15,12,20017,울산상온센터(K7),720.0,0.0,0.0,72.0,48.0,96.0,72.0,84.0,0.0,0.0,12.0,0.0,0.0,0.0,216.0,19,727.0,1192.0,2300.0,미스티,캔디류,소프트캔디
124993,미스티)별의커비솜사탕8g,20250409,15,12,20033,제주상온센터,288.0,0.0,0.0,0.0,24.0,72.0,12.0,0.0,0.0,0.0,0.0,0.0,0.0,0.0,96.0,8,311.0,1192.0,2300.0,미스티,캔디류,소프트캔디
124993,미스티)별의커비솜사탕8g,20250409,15,12,20034,구성상온센터,1368.0,0.0,0.0,0.0,264.0,132.0,48.0,36.0,48.0,0.0,12.0,0.0,0.0,0.0,396.0,35,938.0,1192.0,2300.0,미스티,캔디류,소프트캔디
124993,미스티)별의커비솜사탕8g,20250409,15,12,20050,세종상온센터,1008.0,0.0,0.0,108.0,156.0,72.0,72.0,12.0,24.0,36.0,24.0,0.0,0.0,0.0,336.0,28,940.0,1192.0,2300.0,미스티,캔디류,소프트캔디
124993,미스티)별의커비솜사탕8g,20250409,15,12,20065,원주상온센터(K7),648.0,0.0,0.0,0.0,144.0,84.0,120.0,36.0,24.0,24.0,0.0,12.0,0.0,0.0,228.0,20,712.0,1192.0,2300.0,미스티,캔디류,소프트캔디
124993,미스티)별의커비솜사탕8g,20250409,15,12,20075,인천상온센터,936.0,0.0,0.0,60.0,132.0,120.0,36.0,24.0,12.0,12.0,24.0,12.0,0.0,0.0,312.0,28,863.0,1192.0,2300.0,미스티,캔디류,소프트캔디
124993,미스티)별의커비솜사탕8g,20250409,15,12,20079,A광주상온센터,792.0,0.0,0.0,144.0,84.0,96.0,96.0,12.0,0.0,12.0,0.0,12.0,0.0,0.0,324.0,29,745.0,1192.0,2300.0,미스티,캔디류,소프트캔디
124993,미스티)별의커비솜사탕8g,20250409,15,12,20080,A의왕상온센터,792.0,0.0,0.0,108.0,108.0,96.0,84.0,48.0,24.0,0.0,12.0,0.0,0.0,0.0,312.0,29,763.0,1192.0,2300.0,미스티,캔디류,소프트캔디
124993,미스티)별의커비솜사탕8g,20250409,15,12,20081,A양산상온센터,792.0,0.0,0.0,36.0,120.0,180.0,60.0,24.0,0.0,24.0,0.0,0.0,0.0,0.0,336.0,29,869.0,1192.0,2300.0,미스티,캔디류,소프트캔디
124993,미스티)별의커비솜사탕8g,20250409,15,12,20083,김제상온센터,576.0,0.0,0.0,0.0,72.0,60.0,36.0,0.0,0.0,0.0,0.0,12.0,0.0,0.0,132.0,11,651.0,1192.0,2300.0,미스티,캔디류,소프트캔디
124993,미스티)별의커비솜사탕8g,20250409,15,12,20084,천안상온센터,504.0,0.0,0.0,0.0,96.0,36.0,36.0,36.0,24.0,0.0,12.0,0.0,0.0,0.0,132.0,11,594.0,1192.0,2300.0,미스티,캔디류,소프트캔디
124993,미스티)별의커비솜사탕8g,20250409,15,12,20085,인천B상온센터,1080.0,0.0,0.0,48.0,144.0,108.0,36.0,60.0,12.0,12.0,0.0,12.0,0.0,0.0,300.0,26,862.0,1192.0,2300.0,미스티,캔디류,소프트캔디
125003,오리온)핵아이셔츄깔라만시레몬48g,20250409,20,12,20006,성남센터,3792.0,0.0,0.0,0.0,516.0,540.0,168.0,192.0,168.0,24.0,60.0,36.0,0.0,0.0,1056.0,87,737.0,545.0,1000.0,오리온,캔디류,소프트캔디
125003,오리온)핵아이셔츄깔라만시레몬48g,20250409,20,12,20007,대구센터,3648.0,0.0,0.0,336.0,588.0,648.0,420.0,384.0,48.0,60.0,12.0,0.0,0.0,0.0,1572.0,131,978.0,545.0,1000.0,오리온,캔디류,소프트캔디
125003,오리온)핵아이셔츄깔라만시레몬48g,20250409,20,12,20010,양주센터,4848.0,0.0,0.0,204.0,552.0,432.0,408.0,156.0,120.0,36.0,48.0,0.0,0.0,0.0,1188.0,103,1025.0,545.0,1000.0,오리온,캔디류,소프트캔디
125003,오리온)핵아이셔츄깔라만시레몬48g,20250409,20,12,20017,울산상온센터(K7),2448.0,0.0,0.0,132.0,204.0,264.0,96.0,108.0,72.0,12.0,24.0,12.0,0.0,0.0,600.0,52,727.0,545.0,1000.0,오리온,캔디류,소프트캔디
125003,오리온)핵아이셔츄깔라만시레몬48g,20250409,20,12,20033,제주상온센터,912.0,0.0,0.0,0.0,96.0,84.0,48.0,36.0,12.0,0.0,12.0,12.0,0.0,0.0,180.0,17,311.0,545.0,1000.0,오리온,캔디류,소프트캔디
125003,오리온)핵아이셔츄깔라만시레몬48g,20250409,20,12,20034,구성상온센터,5040.0,0.0,0.0,0.0,804.0,504.0,372.0,264.0,120.0,24.0,36.0,12.0,12.0,0.0,1308.0,108,938.0,545.0,1000.0,오리온,캔디류,소프트캔디
125003,오리온)핵아이셔츄깔라만시레몬48g,20250409,20,12,20050,세종상온센터,3504.0,0.0,0.0,276.0,516.0,324.0,264.0,108.0,72.0,60.0,0.0,12.0,0.0,0.0,1116.0,94,940.0,545.0,1000.0,오리온,캔디류,소프트캔디
125003,오리온)핵아이셔츄깔라만시레몬48g,20250409,20,12,20065,원주상온센터(K7),2256.0,0.0,0.0,0.0,348.0,276.0,288.0,144.0,12.0,36.0,12.0,48.0,0.0,0.0,624.0,54,712.0,545.0,1000.0,오리온,캔디류,소프트캔디
125003,오리온)핵아이셔츄깔라만시레몬48g,20250409,20,12,20075,인천상온센터,3264.0,0.0,0.0,240.0,456.0,264.0,96.0,108.0,12.0,36.0,24.0,12.0,0.0,0.0,960.0,78,863.0,545.0,1000.0,오리온,캔디류,소프트캔디
125003,오리온)핵아이셔츄깔라만시레몬48g,20250409,20,12,20079,A광주상온센터,2832.0,0.0,0.0,360.0,324.0,336.0,180.0,132.0,84.0,12.0,24.0,12.0,0.0,0.0,1020.0,86,745.0,545.0,1000.0,오리온,캔디류,소프트캔디
125003,오리온)핵아이셔츄깔라만시레몬48g,20250409,20,12,20080,A의왕상온센터,2880.0,0.0,0.0,240.0,420.0,276.0,276.0,168.0,108.0,24.0,24.0,48.0,0.0,0.0,936.0,79,763.0,545.0,1000.0,오리온,캔디류,소프트캔디
125003,오리온)핵아이셔츄깔라만시레몬48g,20250409,20,12,20081,A양산상온센터,2928.0,0.0,0.0,120.0,444.0,300.0,180.0,120.0,12.0,12.0,36.0,24.0,0.0,0.0,864.0,77,869.0,545.0,1000.0,오리온,캔디류,소프트캔디
125003,오리온)핵아이셔츄깔라만시레몬48g,20250409,20,12,20083,김제상온센터,2064.0,0.0,0.0,192.0,216.0,492.0,180.0,96.0,60.0,36.0,72.0,24.0,12.0,0.0,900.0,77,651.0,545.0,1000.0,오리온,캔디류,소프트캔디
125003,오리온)핵아이셔츄깔라만시레몬48g,20250409,20,12,20084,천안상온센터,1776.0,0.0,0.0,0.0,384.0,408.0,132.0,60.0,48.0,24.0,0.0,12.0,12.0,0.0,792.0,66,594.0,545.0,1000.0,오리온,캔디류,소프트캔디
125003,오리온)핵아이셔츄깔라만시레몬48g,20250409,20,12,20085,인천B상온센터,3984.0,0.0,0.0,312.0,420.0,516.0,228.0,132.0,72.0,60.0,24.0,24.0,0.0,0.0,1248.0,105,862.0,545.0,1000.0,오리온,캔디류,소프트캔디
125004,오리온)핵아이셔젤리깔라만시맛72g,20250409,20,10,20006,성남센터,2880.0,0.0,0.0,10.0,360.0,380.0,180.0,170.0,130.0,10.0,40.0,20.0,0.0,0.0,750.0,77,737.0,818.0,1500.0,오리온,젤리류,국산젤리
125004,오리온)핵아이셔젤리깔라만시맛72g,20250409,20,10,20007,대구센터,2800.0,0.0,0.0,210.0,430.0,570.0,300.0,220.0,20.0,50.0,30.0,0.0,0.0,0.0,1210.0,113,978.0,818.0,1500.0,오리온,젤리류,국산젤리
125004,오리온)핵아이셔젤리깔라만시맛72g,20250409,20,10,20010,양주센터,3680.0,0.0,0.0,200.0,470.0,400.0,300.0,170.0,90.0,30.0,30.0,0.0,0.0,0.0,1070.0,109,1025.0,818.0,1500.0,오리온,젤리류,국산젤리
125004,오리온)핵아이셔젤리깔라만시맛72g,20250409,20,10,20017,울산상온센터(K7),1880.0,0.0,0.0,110.0,140.0,140.0,50.0,110.0,50.0,10.0,20.0,10.0,0.0,0.0,390.0,45,727.0,818.0,1500.0,오리온,젤리류,국산젤리
125004,오리온)핵아이셔젤리깔라만시맛72g,20250409,20,10,20033,제주상온센터,680.0,0.0,0.0,0.0,100.0,80.0,70.0,40.0,0.0,10.0,10.0,10.0,0.0,0.0,180.0,18,311.0,818.0,1500.0,오리온,젤리류,국산젤리
125004,오리온)핵아이셔젤리깔라만시맛72g,20250409,20,10,20034,구성상온센터,3840.0,0.0,0.0,0.0,610.0,330.0,350.0,200.0,90.0,20.0,30.0,20.0,10.0,0.0,940.0,96,938.0,818.0,1500.0,오리온,젤리류,국산젤리
125004,오리온)핵아이셔젤리깔라만시맛72g,20250409,20,10,20050,세종상온센터,2640.0,0.0,0.0,180.0,380.0,270.0,160.0,110.0,40.0,30.0,10.0,0.0,10.0,0.0,830.0,84,940.0,818.0,1500.0,오리온,젤리류,국산젤리
125004,오리온)핵아이셔젤리깔라만시맛72g,20250409,20,10,20065,원주상온센터(K7),1720.0,0.0,0.0,0.0,240.0,200.0,200.0,170.0,20.0,30.0,0.0,40.0,0.0,0.0,440.0,48,712.0,818.0,1500.0,오리온,젤리류,국산젤리
125004,오리온)핵아이셔젤리깔라만시맛72g,20250409,20,10,20075,인천상온센터,2480.0,0.0,0.0,170.0,380.0,190.0,110.0,60.0,20.0,30.0,10.0,10.0,0.0,0.0,740.0,74,863.0,818.0,1500.0,오리온,젤리류,국산젤리
125004,오리온)핵아이셔젤리깔라만시맛72g,20250409,20,10,20079,A광주상온센터,2160.0,0.0,0.0,220.0,260.0,270.0,130.0,90.0,50.0,10.0,20.0,20.0,0.0,0.0,750.0,78,745.0,818.0,1500.0,오리온,젤리류,국산젤리
125004,오리온)핵아이셔젤리깔라만시맛72g,20250409,20,10,20080,A의왕상온센터,2200.0,0.0,0.0,200.0,360.0,170.0,190.0,150.0,70.0,20.0,20.0,30.0,0.0,0.0,730.0,75,763.0,818.0,1500.0,오리온,젤리류,국산젤리
125004,오리온)핵아이셔젤리깔라만시맛72g,20250409,20,10,20081,A양산상온센터,2240.0,0.0,0.0,70.0,370.0,240.0,150.0,110.0,10.0,0.0,40.0,20.0,0.0,0.0,680.0,69,869.0,818.0,1500.0,오리온,젤리류,국산젤리
125004,오리온)핵아이셔젤리깔라만시맛72g,20250409,20,10,20083,김제상온센터,1560.0,0.0,0.0,120.0,170.0,380.0,160.0,60.0,40.0,30.0,50.0,10.0,10.0,0.0,670.0,68,651.0,818.0,1500.0,오리온,젤리류,국산젤리
125004,오리온)핵아이셔젤리깔라만시맛72g,20250409,20,10,20084,천안상온센터,1360.0,0.0,0.0,0.0,320.0,260.0,100.0,50.0,30.0,20.0,0.0,0.0,10.0,0.0,580.0,62,594.0,818.0,1500.0,오리온,젤리류,국산젤리
125004,오리온)핵아이셔젤리깔라만시맛72g,20250409,20,10,20085,인천B상온센터,3040.0,0.0,0.0,220.0,310.0,290.0,200.0,120.0,50.0,50.0,10.0,10.0,0.0,0.0,820.0,83,862.0,818.0,1500.0,오리온,젤리류,국산젤리
125005,글로브)도토리젤리15g,20250409,15,30,20006,성남센터,4320.0,60.0,240.0,0.0,390.0,150.0,180.0,150.0,60.0,30.0,0.0,0.0,0.0,0.0,780.0,31,737.0,300.0,600.0,글로브,젤리류,국산젤리
125005,글로브)도토리젤리15g,20250409,15,30,20007,대구센터,4320.0,210.0,330.0,450.0,570.0,540.0,150.0,180.0,60.0,90.0,60.0,0.0,0.0,0.0,1890.0,72,978.0,300.0,600.0,글로브,젤리류,국산젤리
125005,글로브)도토리젤리15g,20250409,15,30,20010,양주센터,5760.0,120.0,90.0,240.0,450.0,210.0,270.0,30.0,150.0,30.0,30.0,0.0,0.0,0.0,990.0,39,1025.0,300.0,600.0,글로브,젤리류,국산젤리
125005,글로브)도토리젤리15g,20250409,15,30,20017,울산상온센터(K7),2880.0,90.0,180.0,240.0,240.0,90.0,150.0,150.0,0.0,0.0,30.0,30.0,0.0,0.0,750.0,30,727.0,300.0,600.0,글로브,젤리류,국산젤리
125005,글로브)도토리젤리15g,20250409,15,30,20033,제주상온센터,1440.0,120.0,30.0,90.0,180.0,60.0,90.0,30.0,0.0,0.0,30.0,0.0,0.0,0.0,360.0,16,311.0,300.0,600.0,글로브,젤리류,국산젤리
125005,글로브)도토리젤리15g,20250409,15,30,20034,구성상온센터,5760.0,150.0,300.0,270.0,510.0,300.0,150.0,90.0,120.0,60.0,30.0,0.0,0.0,0.0,1380.0,52,938.0,300.0,600.0,글로브,젤리류,국산젤리
125005,글로브)도토리젤리15g,20250409,15,30,20050,세종상온센터,4320.0,120.0,180.0,390.0,450.0,240.0,300.0,60.0,0.0,0.0,0.0,0.0,30.0,0.0,1260.0,49,940.0,300.0,600.0,글로브,젤리류,국산젤리
125005,글로브)도토리젤리15g,20250409,15,30,20065,원주상온센터(K7),2880.0,60.0,120.0,180.0,510.0,270.0,210.0,150.0,60.0,60.0,60.0,60.0,0.0,0.0,1080.0,39,712.0,300.0,600.0,글로브,젤리류,국산젤리
125005,글로브)도토리젤리15g,20250409,15,30,20075,인천상온센터,3600.0,90.0,210.0,300.0,330.0,240.0,180.0,90.0,30.0,60.0,0.0,0.0,0.0,0.0,1080.0,43,863.0,300.0,600.0,글로브,젤리류,국산젤리
125005,글로브)도토리젤리15g,20250409,15,30,20079,A광주상온센터,3600.0,180.0,90.0,360.0,240.0,120.0,120.0,30.0,150.0,30.0,60.0,0.0,0.0,0.0,810.0,37,745.0,300.0,600.0,글로브,젤리류,국산젤리
125005,글로브)도토리젤리15g,20250409,15,30,20080,A의왕상온센터,3600.0,120.0,240.0,480.0,330.0,240.0,210.0,90.0,90.0,0.0,0.0,30.0,0.0,0.0,1290.0,49,763.0,300.0,600.0,글로브,젤리류,국산젤리
125005,글로브)도토리젤리15g,20250409,15,30,20081,A양산상온센터,3600.0,90.0,90.0,330.0,600.0,300.0,90.0,120.0,60.0,0.0,30.0,0.0,0.0,0.0,1320.0,46,869.0,300.0,600.0,글로브,젤리류,국산젤리
125005,글로브)도토리젤리15g,20250409,15,30,20083,김제상온센터,2880.0,60.0,120.0,210.0,360.0,240.0,180.0,60.0,60.0,0.0,30.0,30.0,0.0,0.0,930.0,34,651.0,300.0,600.0,글로브,젤리류,국산젤리
125005,글로브)도토리젤리15g,20250409,15,30,20084,천안상온센터,2160.0,90.0,90.0,120.0,330.0,330.0,150.0,90.0,30.0,0.0,0.0,30.0,0.0,0.0,870.0,34,594.0,300.0,600.0,글로브,젤리류,국산젤리
125005,글로브)도토리젤리15g,20250409,15,30,20085,인천B상온센터,4320.0,270.0,240.0,360.0,330.0,360.0,120.0,60.0,0.0,0.0,30.0,0.0,0.0,0.0,1290.0,52,862.0,300.0,600.0,글로브,젤리류,국산젤리
125006,SAMG)오로라핑의오로라빛젤리50g,20250409,20,10,20006,성남센터,1800.0,0.0,60.0,0.0,170.0,70.0,30.0,40.0,20.0,20.0,0.0,10.0,0.0,0.0,300.0,30,737.0,1036.0,2000.0,SAMG,젤리류,국산젤리
125006,SAMG)오로라핑의오로라빛젤리50g,20250409,20,10,20007,대구센터,1760.0,150.0,90.0,160.0,190.0,180.0,130.0,120.0,30.0,20.0,20.0,0.0,0.0,0.0,620.0,78,978.0,1036.0,2000.0,SAMG,젤리류,국산젤리
125006,SAMG)오로라핑의오로라빛젤리50g,20250409,20,10,20010,양주센터,2320.0,40.0,60.0,140.0,310.0,130.0,220.0,0.0,50.0,20.0,20.0,10.0,0.0,0.0,640.0,66,1025.0,1036.0,2000.0,SAMG,젤리류,국산젤리
125006,SAMG)오로라핑의오로라빛젤리50g,20250409,20,10,20017,울산상온센터(K7),1160.0,100.0,50.0,130.0,110.0,80.0,100.0,80.0,10.0,10.0,10.0,10.0,0.0,0.0,370.0,45,727.0,1036.0,2000.0,SAMG,젤리류,국산젤리
125006,SAMG)오로라핑의오로라빛젤리50g,20250409,20,10,20033,제주상온센터,440.0,30.0,40.0,60.0,50.0,60.0,20.0,20.0,0.0,0.0,0.0,10.0,0.0,0.0,210.0,23,311.0,1036.0,2000.0,SAMG,젤리류,국산젤리
125006,SAMG)오로라핑의오로라빛젤리50g,20250409,20,10,20034,구성상온센터,2400.0,40.0,80.0,60.0,320.0,170.0,100.0,20.0,30.0,10.0,40.0,10.0,0.0,0.0,630.0,65,938.0,1036.0,2000.0,SAMG,젤리류,국산젤리
125006,SAMG)오로라핑의오로라빛젤리50g,20250409,20,10,20050,세종상온센터,1680.0,50.0,70.0,230.0,170.0,120.0,100.0,10.0,10.0,0.0,10.0,0.0,10.0,0.0,590.0,68,940.0,1036.0,2000.0,SAMG,젤리류,국산젤리
125006,SAMG)오로라핑의오로라빛젤리50g,20250409,20,10,20065,원주상온센터(K7),1080.0,110.0,60.0,140.0,140.0,120.0,40.0,10.0,20.0,20.0,0.0,0.0,0.0,0.0,460.0,56,712.0,1036.0,2000.0,SAMG,젤리류,국산젤리
125006,SAMG)오로라핑의오로라빛젤리50g,20250409,20,10,20075,인천상온센터,1560.0,100.0,80.0,220.0,180.0,130.0,80.0,70.0,10.0,10.0,20.0,10.0,0.0,0.0,610.0,67,863.0,1036.0,2000.0,SAMG,젤리류,국산젤리
125006,SAMG)오로라핑의오로라빛젤리50g,20250409,20,10,20079,A광주상온센터,1360.0,30.0,50.0,190.0,110.0,50.0,70.0,40.0,40.0,10.0,0.0,20.0,0.0,0.0,400.0,43,745.0,1036.0,2000.0,SAMG,젤리류,국산젤리
125006,SAMG)오로라핑의오로라빛젤리50g,20250409,20,10,20080,A의왕상온센터,1400.0,50.0,90.0,160.0,90.0,100.0,70.0,80.0,60.0,0.0,20.0,10.0,0.0,0.0,440.0,51,763.0,1036.0,2000.0,SAMG,젤리류,국산젤리
125006,SAMG)오로라핑의오로라빛젤리50g,20250409,20,10,20081,A양산상온센터,1400.0,30.0,70.0,120.0,150.0,160.0,50.0,40.0,30.0,0.0,10.0,0.0,0.0,0.0,500.0,59,869.0,1036.0,2000.0,SAMG,젤리류,국산젤리
125006,SAMG)오로라핑의오로라빛젤리50g,20250409,20,10,20083,김제상온센터,1000.0,20.0,60.0,50.0,90.0,90.0,50.0,20.0,0.0,10.0,10.0,10.0,10.0,0.0,290.0,33,651.0,1036.0,2000.0,SAMG,젤리류,국산젤리
125006,SAMG)오로라핑의오로라빛젤리50g,20250409,20,10,20084,천안상온센터,840.0,40.0,50.0,70.0,140.0,60.0,50.0,20.0,20.0,0.0,20.0,10.0,0.0,0.0,320.0,36,594.0,1036.0,2000.0,SAMG,젤리류,국산젤리
125006,SAMG)오로라핑의오로라빛젤리50g,20250409,20,10,20085,인천B상온센터,1920.0,90.0,60.0,130.0,150.0,120.0,130.0,50.0,10.0,0.0,0.0,0.0,0.0,0.0,460.0,58,862.0,1036.0,2000.0,SAMG,젤리류,국산젤리
125083,오리온)포카칩트리플페퍼60g,20250416,40,20,20006,성남센터,7180.0,0.0,0.0,20.0,1140.0,760.0,540.0,360.0,140.0,60.0,80.0,40.0,0.0,0.0,1920.0,99,733.0,986.0,1700.0,오리온,스낵류,감자스낵
125083,오리온)포카칩트리플페퍼60g,20250416,40,20,20007,대구센터,6920.0,0.0,0.0,740.0,1060.0,820.0,660.0,240.0,120.0,40.0,60.0,80.0,0.0,0.0,2620.0,136,977.0,986.0,1700.0,오리온,스낵류,감자스낵
125083,오리온)포카칩트리플페퍼60g,20250416,40,20,20010,양주센터,9180.0,0.0,0.0,560.0,1420.0,700.0,320.0,260.0,160.0,40.0,80.0,20.0,0.0,0.0,2680.0,145,1019.0,986.0,1700.0,오리온,스낵류,감자스낵
125083,오리온)포카칩트리플페퍼60g,20250416,40,20,20017,울산상온센터(K7),4640.0,0.0,0.0,540.0,540.0,540.0,240.0,80.0,60.0,20.0,40.0,100.0,0.0,0.0,1620.0,84,724.0,986.0,1700.0,오리온,스낵류,감자스낵
125083,오리온)포카칩트리플페퍼60g,20250416,40,20,20033,제주상온센터,1660.0,0.0,0.0,0.0,340.0,260.0,40.0,60.0,20.0,40.0,60.0,0.0,20.0,0.0,600.0,30,310.0,986.0,1700.0,오리온,스낵류,감자스낵
125083,오리온)포카칩트리플페퍼60g,20250416,40,20,20034,구성상온센터,9580.0,0.0,0.0,0.0,1440.0,1160.0,420.0,480.0,240.0,80.0,100.0,60.0,20.0,0.0,2600.0,133,935.0,986.0,1700.0,오리온,스낵류,감자스낵
125083,오리온)포카칩트리플페퍼60g,20250416,40,20,20050,세종상온센터,6600.0,0.0,0.0,600.0,1240.0,540.0,400.0,240.0,100.0,3420.0,100.0,0.0,0.0,0.0,2380.0,123,937.0,986.0,1700.0,오리온,스낵류,감자스낵
125083,오리온)포카칩트리플페퍼60g,20250416,40,20,20065,원주상온센터(K7),4280.0,0.0,0.0,0.0,740.0,320.0,240.0,260.0,60.0,60.0,60.0,60.0,0.0,0.0,1060.0,54,713.0,986.0,1700.0,오리온,스낵류,감자스낵
125083,오리온)포카칩트리플페퍼60g,20250416,40,20,20075,인천상온센터,6160.0,0.0,0.0,480.0,860.0,620.0,440.0,240.0,60.0,40.0,40.0,40.0,0.0,0.0,1960.0,102,862.0,986.0,1700.0,오리온,스낵류,감자스낵
125083,오리온)포카칩트리플페퍼60g,20250416,40,20,20079,A광주상온센터,5320.0,0.0,0.0,540.0,380.0,420.0,140.0,100.0,120.0,80.0,20.0,40.0,0.0,0.0,1340.0,69,742.0,986.0,1700.0,오리온,스낵류,감자스낵
125083,오리온)포카칩트리플페퍼60g,20250416,40,20,20080,A의왕상온센터,5480.0,0.0,0.0,780.0,1180.0,660.0,280.0,240.0,60.0,80.0,60.0,60.0,0.0,0.0,2620.0,133,761.0,986.0,1700.0,오리온,스낵류,감자스낵
125083,오리온)포카칩트리플페퍼60g,20250416,40,20,20081,A양산상온센터,5540.0,0.0,0.0,360.0,480.0,440.0,200.0,100.0,80.0,60.0,80.0,0.0,0.0,0.0,1280.0,69,863.0,986.0,1700.0,오리온,스낵류,감자스낵
125083,오리온)포카칩트리플페퍼60g,20250416,40,20,20083,김제상온센터,3880.0,0.0,0.0,180.0,460.0,460.0,140.0,120.0,20.0,40.0,0.0,0.0,0.0,0.0,1100.0,59,648.0,986.0,1700.0,오리온,스낵류,감자스낵
125083,오리온)포카칩트리플페퍼60g,20250416,40,20,20084,천안상온센터,3320.0,0.0,0.0,0.0,640.0,520.0,340.0,220.0,100.0,40.0,40.0,60.0,40.0,0.0,1160.0,61,592.0,986.0,1700.0,오리온,스낵류,감자스낵
125083,오리온)포카칩트리플페퍼60g,20250416,40,20,20085,인천B상온센터,7560.0,0.0,0.0,520.0,840.0,620.0,400.0,240.0,100.0,60.0,100.0,40.0,20.0,0.0,1980.0,100,856.0,986.0,1700.0,오리온,스낵류,감자스낵
125120,PKJ)버섯모양사우어젤리50g,20250416,20,12,20006,성남센터,1440.0,0.0,0.0,0.0,216.0,180.0,36.0,60.0,0.0,24.0,12.0,0.0,0.0,0.0,396.0,35,733.0,1000.0,2000.0,PKJ,젤리류,국산젤리
125120,PKJ)버섯모양사우어젤리50g,20250416,20,12,20007,대구센터,1440.0,0.0,0.0,144.0,288.0,180.0,144.0,12.0,24.0,12.0,0.0,0.0,0.0,0.0,612.0,53,977.0,1000.0,2000.0,PKJ,젤리류,국산젤리
125120,PKJ)버섯모양사우어젤리50g,20250416,20,12,20010,양주센터,1872.0,0.0,0.0,60.0,444.0,156.0,96.0,36.0,48.0,12.0,24.0,12.0,0.0,0.0,660.0,60,1019.0,1000.0,2000.0,PKJ,젤리류,국산젤리
125120,PKJ)버섯모양사우어젤리50g,20250416,20,12,20017,울산상온센터(K7),1008.0,0.0,0.0,36.0,132.0,120.0,72.0,24.0,12.0,0.0,12.0,0.0,0.0,0.0,288.0,24,724.0,1000.0,2000.0,PKJ,젤리류,국산젤리
125120,PKJ)버섯모양사우어젤리50g,20250416,20,12,20033,제주상온센터,432.0,0.0,0.0,0.0,60.0,72.0,12.0,24.0,0.0,0.0,0.0,0.0,0.0,0.0,132.0,12,310.0,1000.0,2000.0,PKJ,젤리류,국산젤리
125120,PKJ)버섯모양사우어젤리50g,20250416,20,12,20034,구성상온센터,1872.0,0.0,0.0,0.0,204.0,252.0,72.0,72.0,24.0,0.0,24.0,0.0,12.0,0.0,456.0,41,935.0,1000.0,2000.0,PKJ,젤리류,국산젤리
125120,PKJ)버섯모양사우어젤리50g,20250416,20,12,20050,세종상온센터,1296.0,0.0,0.0,132.0,192.0,156.0,108.0,60.0,0.0,12.0,48.0,0.0,0.0,0.0,480.0,43,937.0,1000.0,2000.0,PKJ,젤리류,국산젤리
125120,PKJ)버섯모양사우어젤리50g,20250416,20,12,20065,원주상온센터(K7),864.0,0.0,0.0,0.0,168.0,96.0,72.0,72.0,36.0,12.0,24.0,12.0,0.0,0.0,264.0,22,713.0,1000.0,2000.0,PKJ,젤리류,국산젤리
125120,PKJ)버섯모양사우어젤리50g,20250416,20,12,20075,인천상온센터,1296.0,0.0,0.0,168.0,180.0,144.0,60.0,60.0,12.0,24.0,0.0,24.0,0.0,0.0,492.0,42,862.0,1000.0,2000.0,PKJ,젤리류,국산젤리
125120,PKJ)버섯모양사우어젤리50g,20250416,20,12,20079,A광주상온센터,1152.0,0.0,0.0,156.0,72.0,96.0,84.0,24.0,24.0,24.0,12.0,0.0,0.0,0.0,324.0,29,742.0,1000.0,2000.0,PKJ,젤리류,국산젤리
125120,PKJ)버섯모양사우어젤리50g,20250416,20,12,20080,A의왕상온센터,1152.0,0.0,0.0,60.0,192.0,156.0,60.0,24.0,24.0,12.0,0.0,0.0,0.0,0.0,408.0,37,761.0,1000.0,2000.0,PKJ,젤리류,국산젤리
125120,PKJ)버섯모양사우어젤리50g,20250416,20,12,20081,A양산상온센터,1152.0,0.0,0.0,60.0,120.0,156.0,48.0,12.0,0.0,0.0,24.0,0.0,0.0,0.0,336.0,28,863.0,1000.0,2000.0,PKJ,젤리류,국산젤리
125120,PKJ)버섯모양사우어젤리50g,20250416,20,12,20083,김제상온센터,864.0,0.0,0.0,48.0,96.0,144.0,60.0,36.0,0.0,0.0,0.0,0.0,0.0,0.0,288.0,24,648.0,1000.0,2000.0,PKJ,젤리류,국산젤리
125120,PKJ)버섯모양사우어젤리50g,20250416,20,12,20084,천안상온센터,720.0,0.0,0.0,0.0,156.0,120.0,60.0,48.0,12.0,24.0,12.0,0.0,12.0,0.0,276.0,23,592.0,1000.0,2000.0,PKJ,젤리류,국산젤리
125120,PKJ)버섯모양사우어젤리50g,20250416,20,12,20085,인천B상온센터,1584.0,0.0,0.0,72.0,192.0,144.0,48.0,36.0,12.0,0.0,12.0,12.0,0.0,0.0,408.0,38,856.0,1000.0,2000.0,PKJ,젤리류,국산젤리
125212,해태)예쓰의케이크가게,20250423,20,2,20006,성남센터,1992.0,0.0,0.0,6.0,156.0,82.0,54.0,16.0,32.0,8.0,20.0,6.0,0.0,0.0,244.0,71,733.0,1636.0,3000.0,해태,비스킷류,파이
125212,해태)예쓰의케이크가게,20250423,20,2,20007,대구센터,1920.0,0.0,18.0,102.0,158.0,70.0,66.0,34.0,22.0,4.0,0.0,4.0,0.0,0.0,348.0,104,976.0,1636.0,3000.0,해태,비스킷류,파이
125212,해태)예쓰의케이크가게,20250423,20,2,20010,양주센터,2544.0,0.0,20.0,86.0,186.0,80.0,64.0,48.0,12.0,10.0,10.0,8.0,4.0,0.0,372.0,107,1019.0,1636.0,3000.0,해태,비스킷류,파이
125212,해태)예쓰의케이크가게,20250423,20,2,20017,울산상온센터(K7),1296.0,0.0,10.0,64.0,70.0,58.0,36.0,12.0,6.0,12.0,12.0,10.0,0.0,0.0,202.0,65,724.0,1636.0,3000.0,해태,비스킷류,파이
125212,해태)예쓰의케이크가게,20250423,20,2,20033,제주상온센터,456.0,0.0,0.0,24.0,60.0,32.0,8.0,2.0,0.0,0.0,0.0,0.0,0.0,0.0,116.0,34,310.0,1636.0,3000.0,해태,비스킷류,파이
125212,해태)예쓰의케이크가게,20250423,20,2,20034,구성상온센터,2640.0,0.0,0.0,38.0,212.0,92.0,76.0,30.0,18.0,0.0,16.0,8.0,0.0,0.0,342.0,101,934.0,1636.0,3000.0,해태,비스킷류,파이
125212,해태)예쓰의케이크가게,20250423,20,2,20050,세종상온센터,1824.0,0.0,18.0,128.0,124.0,60.0,58.0,12.0,12.0,4.0,0.0,4.0,0.0,0.0,330.0,92,936.0,1636.0,3000.0,해태,비스킷류,파이
125212,해태)예쓰의케이크가게,20250423,20,2,20065,원주상온센터(K7),1176.0,0.0,0.0,6.0,138.0,38.0,32.0,22.0,0.0,12.0,20.0,0.0,0.0,0.0,182.0,54,713.0,1636.0,3000.0,해태,비스킷류,파이
125212,해태)예쓰의케이크가게,20250423,20,2,20075,인천상온센터,1704.0,0.0,8.0,138.0,118.0,48.0,34.0,20.0,8.0,4.0,16.0,0.0,0.0,0.0,312.0,94,860.0,1636.0,3000.0,해태,비스킷류,파이
125212,해태)예쓰의케이크가게,20250423,20,2,20079,A광주상온센터,1464.0,0.0,10.0,98.0,92.0,80.0,18.0,24.0,10.0,0.0,2.0,4.0,0.0,0.0,280.0,78,741.0,1636.0,3000.0,해태,비스킷류,파이
125212,해태)예쓰의케이크가게,20250423,20,2,20080,A의왕상온센터,1512.0,0.0,8.0,134.0,158.0,32.0,32.0,24.0,10.0,8.0,8.0,0.0,0.0,0.0,332.0,99,761.0,1636.0,3000.0,해태,비스킷류,파이
125212,해태)예쓰의케이크가게,20250423,20,2,20081,A양산상온센터,1536.0,0.0,0.0,72.0,118.0,68.0,20.0,12.0,16.0,4.0,2.0,2.0,0.0,0.0,258.0,77,864.0,1636.0,3000.0,해태,비스킷류,파이
125212,해태)예쓰의케이크가게,20250423,20,2,20083,김제상온센터,1080.0,0.0,0.0,34.0,62.0,32.0,18.0,10.0,6.0,0.0,4.0,4.0,0.0,0.0,128.0,39,647.0,1636.0,3000.0,해태,비스킷류,파이
125212,해태)예쓰의케이크가게,20250423,20,2,20084,천안상온센터,912.0,0.0,0.0,4.0,148.0,74.0,34.0,18.0,20.0,0.0,12.0,0.0,4.0,0.0,226.0,66,594.0,1636.0,3000.0,해태,비스킷류,파이
125212,해태)예쓰의케이크가게,20250423,20,2,20085,인천B상온센터,2088.0,0.0,28.0,88.0,136.0,62.0,26.0,4.0,10.0,10.0,8.0,8.0,0.0,0.0,314.0,93,853.0,1636.0,3000.0,해태,비스킷류,파이
125216,농심)메론킥60g,20250423,60,16,20006,성남센터,12480.0,0.0,0.0,160.0,2224.0,2480.0,1712.0,1328.0,1200.0,16.0,192.0,32.0,0.0,0.0,4864.0,289,733.0,928.0,1700.0,농심,스낵류,옥수수스낵
125216,농심)메론킥60g,20250423,60,16,20007,대구센터,12032.0,0.0,80.0,1344.0,3200.0,3408.0,2480.0,1456.0,512.0,16.0,176.0,112.0,16.0,0.0,8032.0,443,976.0,928.0,1700.0,농심,스낵류,옥수수스낵
125216,농심)메론킥60g,20250423,60,16,20010,양주센터,15504.0,0.0,96.0,1504.0,3328.0,2704.0,2448.0,1696.0,304.0,48.0,192.0,32.0,0.0,0.0,7632.0,450,1019.0,928.0,1700.0,농심,스낵류,옥수수스낵
125216,농심)메론킥60g,20250423,60,16,20017,울산상온센터(K7),8064.0,0.0,48.0,1104.0,1536.0,2080.0,1424.0,1392.0,512.0,32.0,224.0,128.0,0.0,0.0,4768.0,280,724.0,928.0,1700.0,농심,스낵류,옥수수스낵
125216,농심)메론킥60g,20250423,60,16,20033,제주상온센터,3200.0,0.0,0.0,96.0,1168.0,784.0,608.0,320.0,352.0,0.0,32.0,0.0,0.0,0.0,2048.0,127,310.0,928.0,1700.0,농심,스낵류,옥수수스낵
125216,농심)메론킥60g,20250423,60,16,20034,구성상온센터,15680.0,0.0,0.0,336.0,3648.0,2272.0,3376.0,816.0,608.0,32.0,64.0,304.0,0.0,0.0,6256.0,378,934.0,928.0,1700.0,농심,스낵류,옥수수스낵
125216,농심)메론킥60g,20250423,60,16,20050,세종상온센터,11472.0,0.0,128.0,1776.0,2384.0,1680.0,1056.0,704.0,336.0,32.0,160.0,96.0,0.0,0.0,5968.0,366,936.0,928.0,1700.0,농심,스낵류,옥수수스낵
125216,농심)메론킥60g,20250423,60,16,20065,원주상온센터(K7),7440.0,0.0,0.0,80.0,1584.0,1472.0,1616.0,1152.0,640.0,64.0,32.0,128.0,96.0,0.0,3136.0,196,713.0,928.0,1700.0,농심,스낵류,옥수수스낵
125216,농심)메론킥60g,20250423,60,16,20075,인천상온센터,10704.0,0.0,64.0,1584.0,2384.0,2800.0,1424.0,1312.0,512.0,48.0,160.0,64.0,0.0,0.0,6832.0,383,860.0,928.0,1700.0,농심,스낵류,옥수수스낵
125216,농심)메론킥60g,20250423,60,16,20079,A광주상온센터,9248.0,0.0,64.0,896.0,1904.0,2432.0,1872.0,1536.0,800.0,32.0,112.0,96.0,0.0,0.0,5296.0,327,741.0,928.0,1700.0,농심,스낵류,옥수수스낵
125216,농심)메론킥60g,20250423,60,16,20080,A의왕상온센터,9536.0,0.0,48.0,1920.0,2592.0,2208.0,1664.0,1184.0,480.0,80.0,80.0,64.0,0.0,0.0,6768.0,390,761.0,928.0,1700.0,농심,스낵류,옥수수스낵
125216,농심)메론킥60g,20250423,60,16,20081,A양산상온센터,9632.0,0.0,16.0,1296.0,2480.0,2048.0,2336.0,1776.0,256.0,16.0,192.0,176.0,0.0,0.0,5840.0,362,864.0,928.0,1700.0,농심,스낵류,옥수수스낵
125216,농심)메론킥60g,20250423,60,16,20083,김제상온센터,6752.0,0.0,0.0,816.0,1696.0,1920.0,1280.0,1008.0,320.0,32.0,80.0,32.0,0.0,0.0,4432.0,279,647.0,928.0,1700.0,농심,스낵류,옥수수스낵
125216,농심)메론킥60g,20250423,60,16,20084,천안상온센터,5760.0,0.0,0.0,64.0,1600.0,1312.0,1152.0,592.0,208.0,16.0,32.0,32.0,32.0,0.0,2976.0,184,594.0,928.0,1700.0,농심,스낵류,옥수수스낵
125216,농심)메론킥60g,20250423,60,16,20085,인천B상온센터,13152.0,0.0,160.0,1440.0,2608.0,2160.0,2176.0,1056.0,336.0,112.0,112.0,112.0,0.0,0.0,6368.0,376,853.0,928.0,1700.0,농심,스낵류,옥수수스낵
125218,투데이)엄지닭라면스낵불닭맛20입,20250423,15,3,20006,성남센터,190.0,0.0,0.0,3.0,54.0,42.0,18.0,6.0,18.0,6.0,3.0,0.0,0.0,0.0,99.0,34,733.0,5130.0,9900.0,투데이,스낵류,전통스낵
125218,투데이)엄지닭라면스낵불닭맛20입,20250423,15,3,20007,대구센터,190.0,0.0,9.0,51.0,69.0,45.0,24.0,30.0,9.0,3.0,0.0,0.0,0.0,0.0,174.0,67,976.0,5130.0,9900.0,투데이,스낵류,전통스낵
125218,투데이)엄지닭라면스낵불닭맛20입,20250423,15,3,20010,양주센터,250.0,0.0,9.0,30.0,69.0,27.0,33.0,15.0,9.0,12.0,6.0,3.0,0.0,0.0,135.0,57,1019.0,5130.0,9900.0,투데이,스낵류,전통스낵
125218,투데이)엄지닭라면스낵불닭맛20입,20250423,15,3,20017,울산상온센터(K7),130.0,0.0,6.0,39.0,36.0,30.0,6.0,3.0,0.0,6.0,12.0,6.0,0.0,0.0,111.0,40,724.0,5130.0,9900.0,투데이,스낵류,전통스낵
125218,투데이)엄지닭라면스낵불닭맛20입,20250423,15,3,20033,제주상온센터,50.0,0.0,0.0,9.0,21.0,6.0,0.0,6.0,0.0,0.0,3.0,0.0,0.0,0.0,36.0,15,310.0,5130.0,9900.0,투데이,스낵류,전통스낵
125218,투데이)엄지닭라면스낵불닭맛20입,20250423,15,3,20034,구성상온센터,260.0,0.0,0.0,12.0,96.0,21.0,33.0,6.0,3.0,6.0,3.0,3.0,0.0,0.0,129.0,51,934.0,5130.0,9900.0,투데이,스낵류,전통스낵
125218,투데이)엄지닭라면스낵불닭맛20입,20250423,15,3,20050,세종상온센터,180.0,0.0,6.0,48.0,39.0,30.0,21.0,0.0,6.0,3.0,0.0,0.0,0.0,0.0,123.0,43,936.0,5130.0,9900.0,투데이,스낵류,전통스낵
125218,투데이)엄지닭라면스낵불닭맛20입,20250423,15,3,20065,원주상온센터(K7),120.0,0.0,0.0,6.0,69.0,24.0,9.0,12.0,3.0,6.0,0.0,6.0,0.0,0.0,99.0,38,713.0,5130.0,9900.0,투데이,스낵류,전통스낵
125218,투데이)엄지닭라면스낵불닭맛20입,20250423,15,3,20075,인천상온센터,170.0,0.0,0.0,63.0,42.0,30.0,15.0,12.0,12.0,0.0,6.0,0.0,0.0,0.0,135.0,60,860.0,5130.0,9900.0,투데이,스낵류,전통스낵
125218,투데이)엄지닭라면스낵불닭맛20입,20250423,15,3,20079,A광주상온센터,140.0,0.0,9.0,54.0,39.0,15.0,12.0,15.0,9.0,3.0,3.0,3.0,0.0,0.0,117.0,39,741.0,5130.0,9900.0,투데이,스낵류,전통스낵
125218,투데이)엄지닭라면스낵불닭맛20입,20250423,15,3,20080,A의왕상온센터,150.0,0.0,0.0,57.0,48.0,18.0,27.0,6.0,3.0,0.0,0.0,3.0,0.0,0.0,123.0,55,761.0,5130.0,9900.0,투데이,스낵류,전통스낵
125218,투데이)엄지닭라면스낵불닭맛20입,20250423,15,3,20081,A양산상온센터,150.0,0.0,0.0,36.0,51.0,24.0,3.0,18.0,0.0,9.0,0.0,24.0,0.0,0.0,111.0,47,864.0,5130.0,9900.0,투데이,스낵류,전통스낵
125218,투데이)엄지닭라면스낵불닭맛20입,20250423,15,3,20083,김제상온센터,110.0,0.0,0.0,30.0,24.0,21.0,12.0,3.0,3.0,0.0,0.0,0.0,0.0,0.0,75.0,31,647.0,5130.0,9900.0,투데이,스낵류,전통스낵
125218,투데이)엄지닭라면스낵불닭맛20입,20250423,15,3,20084,천안상온센터,90.0,0.0,0.0,3.0,42.0,48.0,27.0,9.0,6.0,0.0,0.0,0.0,3.0,0.0,93.0,36,594.0,5130.0,9900.0,투데이,스낵류,전통스낵
125218,투데이)엄지닭라면스낵불닭맛20입,20250423,15,3,20085,인천B상온센터,200.0,0.0,9.0,30.0,51.0,21.0,9.0,0.0,3.0,3.0,6.0,3.0,0.0,0.0,111.0,44,853.0,5130.0,9900.0,투데이,스낵류,전통스낵
125219,투데이)엄지닭라면스낵20입,20250423,15,3,20006,성남센터,190.0,0.0,0.0,3.0,51.0,39.0,24.0,3.0,15.0,6.0,6.0,6.0,0.0,0.0,93.0,32,733.0,5130.0,9900.0,투데이,스낵류,전통스낵
125219,투데이)엄지닭라면스낵20입,20250423,15,3,20007,대구센터,190.0,0.0,9.0,45.0,63.0,42.0,27.0,27.0,9.0,0.0,3.0,0.0,0.0,0.0,159.0,60,976.0,5130.0,9900.0,투데이,스낵류,전통스낵
125219,투데이)엄지닭라면스낵20입,20250423,15,3,20010,양주센터,250.0,0.0,9.0,30.0,66.0,24.0,33.0,15.0,9.0,9.0,6.0,0.0,0.0,0.0,129.0,47,1019.0,5130.0,9900.0,투데이,스낵류,전통스낵
125219,투데이)엄지닭라면스낵20입,20250423,15,3,20017,울산상온센터(K7),130.0,0.0,3.0,30.0,33.0,24.0,6.0,3.0,0.0,6.0,12.0,6.0,0.0,0.0,90.0,32,724.0,5130.0,9900.0,투데이,스낵류,전통스낵
125219,투데이)엄지닭라면스낵20입,20250423,15,3,20033,제주상온센터,50.0,0.0,0.0,9.0,21.0,6.0,0.0,6.0,3.0,0.0,3.0,0.0,0.0,0.0,36.0,13,310.0,5130.0,9900.0,투데이,스낵류,전통스낵
125219,투데이)엄지닭라면스낵20입,20250423,15,3,20034,구성상온센터,260.0,0.0,0.0,15.0,81.0,27.0,27.0,9.0,3.0,6.0,3.0,3.0,0.0,0.0,123.0,43,934.0,5130.0,9900.0,투데이,스낵류,전통스낵
125219,투데이)엄지닭라면스낵20입,20250423,15,3,20050,세종상온센터,180.0,0.0,6.0,45.0,42.0,33.0,24.0,0.0,3.0,3.0,0.0,0.0,0.0,0.0,126.0,43,936.0,5130.0,9900.0,투데이,스낵류,전통스낵
125219,투데이)엄지닭라면스낵20입,20250423,15,3,20065,원주상온센터(K7),120.0,0.0,0.0,6.0,75.0,21.0,9.0,9.0,3.0,6.0,0.0,6.0,0.0,0.0,102.0,35,713.0,5130.0,9900.0,투데이,스낵류,전통스낵
125219,투데이)엄지닭라면스낵20입,20250423,15,3,20075,인천상온센터,170.0,0.0,0.0,63.0,39.0,30.0,15.0,9.0,12.0,0.0,6.0,0.0,0.0,0.0,132.0,46,860.0,5130.0,9900.0,투데이,스낵류,전통스낵
125219,투데이)엄지닭라면스낵20입,20250423,15,3,20079,A광주상온센터,140.0,0.0,9.0,54.0,45.0,15.0,15.0,21.0,12.0,3.0,3.0,3.0,0.0,0.0,123.0,38,741.0,5130.0,9900.0,투데이,스낵류,전통스낵
125219,투데이)엄지닭라면스낵20입,20250423,15,3,20080,A의왕상온센터,150.0,0.0,3.0,51.0,51.0,21.0,30.0,9.0,3.0,0.0,0.0,6.0,0.0,0.0,126.0,48,761.0,5130.0,9900.0,투데이,스낵류,전통스낵
125219,투데이)엄지닭라면스낵20입,20250423,15,3,20081,A양산상온센터,150.0,0.0,0.0,30.0,45.0,21.0,3.0,15.0,0.0,12.0,0.0,27.0,0.0,0.0,96.0,34,864.0,5130.0,9900.0,투데이,스낵류,전통스낵
125219,투데이)엄지닭라면스낵20입,20250423,15,3,20083,김제상온센터,110.0,0.0,0.0,33.0,24.0,18.0,12.0,3.0,3.0,0.0,0.0,0.0,0.0,0.0,75.0,28,647.0,5130.0,9900.0,투데이,스낵류,전통스낵
125219,투데이)엄지닭라면스낵20입,20250423,15,3,20084,천안상온센터,90.0,0.0,0.0,3.0,42.0,54.0,21.0,9.0,6.0,0.0,3.0,0.0,0.0,0.0,99.0,35,594.0,5130.0,9900.0,투데이,스낵류,전통스낵
125219,투데이)엄지닭라면스낵20입,20250423,15,3,20085,인천B상온센터,200.0,0.0,9.0,30.0,54.0,18.0,9.0,0.0,3.0,3.0,6.0,3.0,0.0,0.0,111.0,41,853.0,5130.0,9900.0,투데이,스낵류,전통스낵
125232,몽뜨)동결건조사우어벨트40g,20250423,15,12,20006,성남센터,864.0,0.0,0.0,12.0,228.0,192.0,48.0,24.0,60.0,12.0,24.0,12.0,0.0,0.0,432.0,36,733.0,1000.0,2000.0,몽뜨,젤리류,국산젤리
125232,몽뜨)동결건조사우어벨트40g,20250423,15,12,20007,대구센터,864.0,0.0,0.0,180.0,228.0,228.0,132.0,108.0,48.0,48.0,36.0,0.0,0.0,0.0,636.0,55,976.0,1000.0,2000.0,몽뜨,젤리류,국산젤리
125232,몽뜨)동결건조사우어벨트40g,20250423,15,12,20010,양주센터,1152.0,0.0,0.0,168.0,336.0,204.0,144.0,72.0,12.0,48.0,12.0,24.0,0.0,0.0,708.0,60,1019.0,1000.0,2000.0,몽뜨,젤리류,국산젤리
125232,몽뜨)동결건조사우어벨트40g,20250423,15,12,20017,울산상온센터(K7),576.0,0.0,0.0,72.0,132.0,192.0,72.0,36.0,24.0,60.0,24.0,24.0,0.0,0.0,396.0,34,724.0,1000.0,2000.0,몽뜨,젤리류,국산젤리
125232,몽뜨)동결건조사우어벨트40g,20250423,15,12,20033,제주상온센터,216.0,0.0,0.0,0.0,168.0,96.0,36.0,0.0,12.0,0.0,12.0,0.0,0.0,0.0,264.0,22,310.0,1000.0,2000.0,몽뜨,젤리류,국산젤리
125232,몽뜨)동결건조사우어벨트40g,20250423,15,12,20034,구성상온센터,1152.0,0.0,0.0,0.0,384.0,276.0,180.0,84.0,24.0,12.0,60.0,0.0,0.0,0.0,660.0,56,934.0,1000.0,2000.0,몽뜨,젤리류,국산젤리
125232,몽뜨)동결건조사우어벨트40g,20250423,15,12,20050,세종상온센터,792.0,0.0,0.0,204.0,204.0,180.0,96.0,48.0,48.0,24.0,12.0,24.0,0.0,0.0,588.0,51,936.0,1000.0,2000.0,몽뜨,젤리류,국산젤리
125232,몽뜨)동결건조사우어벨트40g,20250423,15,12,20065,원주상온센터(K7),576.0,0.0,0.0,0.0,168.0,168.0,84.0,60.0,12.0,24.0,48.0,12.0,0.0,0.0,336.0,28,713.0,1000.0,2000.0,몽뜨,젤리류,국산젤리
125232,몽뜨)동결건조사우어벨트40g,20250423,15,12,20075,인천상온센터,792.0,0.0,0.0,156.0,180.0,120.0,48.0,72.0,48.0,60.0,36.0,12.0,0.0,0.0,456.0,38,860.0,1000.0,2000.0,몽뜨,젤리류,국산젤리
125232,몽뜨)동결건조사우어벨트40g,20250423,15,12,20079,A광주상온센터,648.0,0.0,0.0,108.0,216.0,168.0,48.0,36.0,36.0,0.0,0.0,12.0,0.0,0.0,492.0,43,741.0,1000.0,2000.0,몽뜨,젤리류,국산젤리
125232,몽뜨)동결건조사우어벨트40g,20250423,15,12,20080,A의왕상온센터,720.0,0.0,0.0,228.0,228.0,120.0,48.0,24.0,0.0,12.0,36.0,0.0,0.0,0.0,576.0,51,761.0,1000.0,2000.0,몽뜨,젤리류,국산젤리
125232,몽뜨)동결건조사우어벨트40g,20250423,15,12,20081,A양산상온센터,720.0,0.0,0.0,84.0,240.0,168.0,48.0,60.0,24.0,48.0,12.0,12.0,0.0,0.0,492.0,44,864.0,1000.0,2000.0,몽뜨,젤리류,국산젤리
125232,몽뜨)동결건조사우어벨트40g,20250423,15,12,20083,김제상온센터,504.0,0.0,0.0,48.0,156.0,96.0,72.0,0.0,12.0,0.0,24.0,12.0,0.0,0.0,300.0,26,647.0,1000.0,2000.0,몽뜨,젤리류,국산젤리
125232,몽뜨)동결건조사우어벨트40g,20250423,15,12,20084,천안상온센터,432.0,0.0,0.0,0.0,120.0,192.0,180.0,36.0,60.0,24.0,0.0,0.0,0.0,0.0,312.0,27,594.0,1000.0,2000.0,몽뜨,젤리류,국산젤리
125232,몽뜨)동결건조사우어벨트40g,20250423,15,12,20085,인천B상온센터,936.0,0.0,0.0,96.0,216.0,168.0,96.0,24.0,36.0,12.0,48.0,12.0,0.0,0.0,480.0,41,853.0,1000.0,2000.0,몽뜨,젤리류,국산젤리
125239,매크로)파인아메캔디108.1g,20250423,15,1,20006,성남센터,648.0,0.0,0.0,0.0,102.0,96.0,28.0,10.0,30.0,4.0,8.0,18.0,0.0,0.0,198.0,47,733.0,2145.0,4000.0,매크로,캔디류,봉지캔디
125239,매크로)파인아메캔디108.1g,20250423,15,1,20007,대구센터,576.0,0.0,0.0,36.0,110.0,46.0,22.0,48.0,22.0,10.0,6.0,0.0,0.0,0.0,192.0,58,976.0,2145.0,4000.0,매크로,캔디류,봉지캔디
125239,매크로)파인아메캔디108.1g,20250423,15,1,20010,양주센터,792.0,0.0,0.0,54.0,116.0,34.0,52.0,22.0,0.0,12.0,10.0,8.0,0.0,0.0,204.0,56,1019.0,2145.0,4000.0,매크로,캔디류,봉지캔디
125239,매크로)파인아메캔디108.1g,20250423,15,1,20017,울산상온센터(K7),432.0,0.0,0.0,22.0,38.0,60.0,18.0,10.0,6.0,6.0,10.0,8.0,0.0,0.0,120.0,34,724.0,2145.0,4000.0,매크로,캔디류,봉지캔디
125239,매크로)파인아메캔디108.1g,20250423,15,1,20033,제주상온센터,144.0,0.0,0.0,0.0,54.0,34.0,6.0,4.0,4.0,4.0,4.0,0.0,0.0,0.0,88.0,25,310.0,2145.0,4000.0,매크로,캔디류,봉지캔디
125239,매크로)파인아메캔디108.1g,20250423,15,1,20034,구성상온센터,792.0,0.0,0.0,0.0,150.0,94.0,66.0,24.0,8.0,2.0,24.0,2.0,0.0,0.0,244.0,62,934.0,2145.0,4000.0,매크로,캔디류,봉지캔디
125239,매크로)파인아메캔디108.1g,20250423,15,1,20050,세종상온센터,576.0,0.0,0.0,54.0,82.0,46.0,20.0,18.0,12.0,0.0,10.0,6.0,0.0,0.0,182.0,54,936.0,2145.0,4000.0,매크로,캔디류,봉지캔디
125239,매크로)파인아메캔디108.1g,20250423,15,1,20065,원주상온센터(K7),360.0,0.0,0.0,0.0,94.0,56.0,18.0,20.0,6.0,6.0,4.0,6.0,0.0,0.0,150.0,32,713.0,2145.0,4000.0,매크로,캔디류,봉지캔디
125239,매크로)파인아메캔디108.1g,20250423,15,1,20075,인천상온센터,576.0,0.0,0.0,50.0,78.0,86.0,40.0,28.0,4.0,8.0,14.0,0.0,4.0,0.0,214.0,53,860.0,2145.0,4000.0,매크로,캔디류,봉지캔디
125239,매크로)파인아메캔디108.1g,20250423,15,1,20079,A광주상온센터,504.0,0.0,0.0,38.0,58.0,30.0,6.0,16.0,4.0,4.0,0.0,4.0,0.0,0.0,126.0,36,741.0,2145.0,4000.0,매크로,캔디류,봉지캔디
125239,매크로)파인아메캔디108.1g,20250423,15,1,20080,A의왕상온센터,504.0,0.0,0.0,54.0,86.0,44.0,30.0,4.0,12.0,4.0,4.0,0.0,0.0,0.0,184.0,49,761.0,2145.0,4000.0,매크로,캔디류,봉지캔디
125239,매크로)파인아메캔디108.1g,20250423,15,1,20081,A양산상온센터,504.0,0.0,0.0,26.0,104.0,48.0,20.0,18.0,8.0,6.0,4.0,6.0,0.0,0.0,178.0,50,864.0,2145.0,4000.0,매크로,캔디류,봉지캔디
125239,매크로)파인아메캔디108.1g,20250423,15,1,20083,김제상온센터,360.0,0.0,0.0,14.0,32.0,48.0,12.0,10.0,12.0,2.0,4.0,0.0,0.0,0.0,94.0,25,647.0,2145.0,4000.0,매크로,캔디류,봉지캔디
125239,매크로)파인아메캔디108.1g,20250423,15,1,20084,천안상온센터,288.0,0.0,0.0,0.0,58.0,50.0,36.0,10.0,8.0,4.0,4.0,0.0,4.0,0.0,108.0,30,594.0,2145.0,4000.0,매크로,캔디류,봉지캔디
125239,매크로)파인아메캔디108.1g,20250423,15,1,20085,인천B상온센터,648.0,0.0,0.0,32.0,68.0,66.0,12.0,8.0,8.0,2.0,6.0,6.0,0.0,0.0,166.0,51,853.0,2145.0,4000.0,매크로,캔디류,봉지캔디
125279,MQ)켈로그단백질바K50g,20250430,40,9,20006,성남센터,2430.0,216.0,36.0,36.0,432.0,162.0,135.0,63.0,63.0,9.0,9.0,0.0,0.0,0.0,666.0,96,733.0,1261.0,2500.0,MQ,프로틴/시리얼,영양바류
125279,MQ)켈로그단백질바K50g,20250430,40,9,20007,대구센터,2349.0,198.0,63.0,234.0,261.0,171.0,135.0,144.0,27.0,18.0,18.0,36.0,0.0,0.0,729.0,105,974.0,1261.0,2500.0,MQ,프로틴/시리얼,영양바류
125279,MQ)켈로그단백질바K50g,20250430,40,9,20010,양주센터,3159.0,207.0,54.0,333.0,261.0,162.0,126.0,99.0,36.0,18.0,27.0,27.0,0.0,0.0,810.0,114,1019.0,1261.0,2500.0,MQ,프로틴/시리얼,영양바류
125279,MQ)켈로그단백질바K50g,20250430,40,9,20017,울산상온센터(K7),1620.0,162.0,54.0,144.0,198.0,81.0,108.0,36.0,27.0,0.0,36.0,9.0,0.0,0.0,477.0,71,723.0,1261.0,2500.0,MQ,프로틴/시리얼,영양바류
125279,MQ)켈로그단백질바K50g,20250430,40,9,20033,제주상온센터,567.0,81.0,27.0,18.0,126.0,27.0,27.0,36.0,18.0,9.0,0.0,0.0,0.0,0.0,198.0,32,310.0,1261.0,2500.0,MQ,프로틴/시리얼,영양바류
125279,MQ)켈로그단백질바K50g,20250430,40,9,20034,구성상온센터,3240.0,144.0,63.0,81.0,414.0,288.0,171.0,72.0,63.0,9.0,18.0,18.0,0.0,0.0,846.0,112,932.0,1261.0,2500.0,MQ,프로틴/시리얼,영양바류
125279,MQ)켈로그단백질바K50g,20250430,40,9,20050,세종상온센터,2268.0,207.0,63.0,117.0,252.0,198.0,72.0,18.0,45.0,45.0,27.0,9.0,0.0,0.0,630.0,96,934.0,1261.0,2500.0,MQ,프로틴/시리얼,영양바류
125279,MQ)켈로그단백질바K50g,20250430,40,9,20065,원주상온센터(K7),1458.0,135.0,54.0,90.0,171.0,135.0,45.0,45.0,0.0,0.0,45.0,18.0,0.0,0.0,450.0,67,713.0,1261.0,2500.0,MQ,프로틴/시리얼,영양바류
125279,MQ)켈로그단백질바K50g,20250430,40,9,20075,인천상온센터,2106.0,216.0,27.0,216.0,207.0,108.0,45.0,63.0,45.0,9.0,9.0,0.0,0.0,0.0,558.0,85,860.0,1261.0,2500.0,MQ,프로틴/시리얼,영양바류
125279,MQ)켈로그단백질바K50g,20250430,40,9,20079,A광주상온센터,1863.0,36.0,27.0,153.0,198.0,81.0,27.0,27.0,36.0,18.0,0.0,0.0,0.0,0.0,459.0,56,741.0,1261.0,2500.0,MQ,프로틴/시리얼,영양바류
125279,MQ)켈로그단백질바K50g,20250430,40,9,20080,A의왕상온센터,1863.0,207.0,81.0,252.0,270.0,135.0,63.0,81.0,36.0,0.0,18.0,9.0,0.0,0.0,738.0,106,760.0,1261.0,2500.0,MQ,프로틴/시리얼,영양바류
125279,MQ)켈로그단백질바K50g,20250430,40,9,20081,A양산상온센터,1944.0,162.0,36.0,90.0,189.0,126.0,63.0,81.0,27.0,9.0,18.0,18.0,0.0,0.0,441.0,69,864.0,1261.0,2500.0,MQ,프로틴/시리얼,영양바류
125279,MQ)켈로그단백질바K50g,20250430,40,9,20083,김제상온센터,1377.0,54.0,36.0,135.0,108.0,54.0,36.0,27.0,0.0,9.0,9.0,18.0,0.0,0.0,333.0,45,646.0,1261.0,2500.0,MQ,프로틴/시리얼,영양바류
125279,MQ)켈로그단백질바K50g,20250430,40,9,20084,천안상온센터,1134.0,117.0,27.0,72.0,198.0,144.0,81.0,27.0,36.0,0.0,36.0,0.0,0.0,0.0,441.0,64,594.0,1261.0,2500.0,MQ,프로틴/시리얼,영양바류
125279,MQ)켈로그단백질바K50g,20250430,40,9,20085,인천B상온센터,2592.0,243.0,81.0,180.0,261.0,99.0,72.0,72.0,63.0,0.0,9.0,9.0,0.0,0.0,621.0,95,852.0,1261.0,2500.0,MQ,프로틴/시리얼,영양바류
125309,롯데)조이베지5바질솔트맛50g,20250430,20,12,20006,성남센터,3228.0,0.0,0.0,12.0,336.0,252.0,228.0,48.0,36.0,72.0,12.0,12.0,0.0,0.0,600.0,52,734.0,1186.0,2000.0,롯데,스낵류,일반스낵
125309,롯데)조이베지5바질솔트맛50g,20250430,20,12,20007,대구센터,3120.0,0.0,12.0,192.0,252.0,168.0,72.0,156.0,60.0,36.0,12.0,24.0,0.0,0.0,624.0,57,973.0,1186.0,2000.0,롯데,스낵류,일반스낵
125309,롯데)조이베지5바질솔트맛50g,20250430,20,12,20010,양주센터,4140.0,0.0,12.0,252.0,204.0,120.0,108.0,84.0,36.0,0.0,0.0,24.0,0.0,0.0,588.0,52,1019.0,1186.0,2000.0,롯데,스낵류,일반스낵
125309,롯데)조이베지5바질솔트맛50g,20250430,20,12,20017,울산상온센터(K7),2088.0,0.0,0.0,132.0,120.0,120.0,72.0,24.0,36.0,0.0,0.0,0.0,0.0,0.0,372.0,34,723.0,1186.0,2000.0,롯데,스낵류,일반스낵
125309,롯데)조이베지5바질솔트맛50g,20250430,20,12,20033,제주상온센터,756.0,0.0,0.0,12.0,156.0,36.0,48.0,36.0,24.0,0.0,0.0,0.0,0.0,0.0,204.0,18,310.0,1186.0,2000.0,롯데,스낵류,일반스낵
125309,롯데)조이베지5바질솔트맛50g,20250430,20,12,20034,구성상온센터,4320.0,0.0,0.0,60.0,360.0,204.0,108.0,12.0,48.0,12.0,24.0,12.0,0.0,0.0,624.0,55,931.0,1186.0,2000.0,롯데,스낵류,일반스낵
125309,롯데)조이베지5바질솔트맛50g,20250430,20,12,20050,세종상온센터,2976.0,0.0,36.0,132.0,216.0,180.0,84.0,24.0,24.0,12.0,12.0,0.0,12.0,0.0,564.0,53,934.0,1186.0,2000.0,롯데,스낵류,일반스낵
125309,롯데)조이베지5바질솔트맛50g,20250430,20,12,20065,원주상온센터(K7),1932.0,0.0,0.0,48.0,132.0,108.0,60.0,24.0,12.0,12.0,36.0,0.0,0.0,0.0,288.0,26,713.0,1186.0,2000.0,롯데,스낵류,일반스낵
125309,롯데)조이베지5바질솔트맛50g,20250430,20,12,20075,인천상온센터,2772.0,0.0,0.0,204.0,228.0,144.0,0.0,72.0,24.0,0.0,12.0,0.0,0.0,0.0,576.0,51,860.0,1186.0,2000.0,롯데,스낵류,일반스낵
125309,롯데)조이베지5바질솔트맛50g,20250430,20,12,20079,A광주상온센터,2400.0,0.0,0.0,168.0,132.0,108.0,12.0,12.0,12.0,12.0,0.0,0.0,0.0,0.0,408.0,37,740.0,1186.0,2000.0,롯데,스낵류,일반스낵
125309,롯데)조이베지5바질솔트맛50g,20250430,20,12,20080,A의왕상온센터,2472.0,0.0,36.0,204.0,264.0,192.0,24.0,36.0,48.0,12.0,12.0,12.0,0.0,0.0,696.0,63,761.0,1186.0,2000.0,롯데,스낵류,일반스낵
125309,롯데)조이베지5바질솔트맛50g,20250430,20,12,20081,A양산상온센터,2496.0,0.0,0.0,156.0,168.0,132.0,36.0,12.0,0.0,12.0,24.0,24.0,0.0,0.0,456.0,40,864.0,1186.0,2000.0,롯데,스낵류,일반스낵
125309,롯데)조이베지5바질솔트맛50g,20250430,20,12,20083,김제상온센터,1752.0,0.0,0.0,96.0,108.0,96.0,36.0,12.0,12.0,12.0,0.0,12.0,0.0,0.0,300.0,24,646.0,1186.0,2000.0,롯데,스낵류,일반스낵
125309,롯데)조이베지5바질솔트맛50g,20250430,20,12,20084,천안상온센터,1500.0,0.0,0.0,12.0,180.0,96.0,72.0,48.0,72.0,12.0,12.0,0.0,0.0,0.0,288.0,27,594.0,1186.0,2000.0,롯데,스낵류,일반스낵
125309,롯데)조이베지5바질솔트맛50g,20250430,20,12,20085,인천B상온센터,3408.0,0.0,24.0,288.0,288.0,120.0,60.0,36.0,24.0,12.0,0.0,0.0,0.0,0.0,720.0,65,852.0,1186.0,2000.0,롯데,스낵류,일반스낵
125310,롯데)조이베지5발사믹허브맛50g,20250430,20,12,20006,성남센터,3228.0,0.0,0.0,12.0,276.0,204.0,204.0,60.0,24.0,60.0,0.0,12.0,0.0,0.0,492.0,45,734.0,1186.0,2000.0,롯데,스낵류,일반스낵
125310,롯데)조이베지5발사믹허브맛50g,20250430,20,12,20007,대구센터,3120.0,0.0,12.0,168.0,240.0,156.0,60.0,120.0,36.0,24.0,12.0,24.0,0.0,0.0,576.0,51,973.0,1186.0,2000.0,롯데,스낵류,일반스낵
125310,롯데)조이베지5발사믹허브맛50g,20250430,20,12,20010,양주센터,4140.0,0.0,12.0,228.0,144.0,72.0,84.0,72.0,24.0,0.0,0.0,24.0,0.0,0.0,456.0,41,1019.0,1186.0,2000.0,롯데,스낵류,일반스낵
125310,롯데)조이베지5발사믹허브맛50g,20250430,20,12,20017,울산상온센터(K7),2088.0,0.0,0.0,120.0,108.0,120.0,72.0,24.0,36.0,0.0,0.0,0.0,0.0,0.0,348.0,32,723.0,1186.0,2000.0,롯데,스낵류,일반스낵
125310,롯데)조이베지5발사믹허브맛50g,20250430,20,12,20033,제주상온센터,756.0,0.0,0.0,12.0,144.0,36.0,24.0,36.0,12.0,0.0,0.0,0.0,0.0,0.0,192.0,17,310.0,1186.0,2000.0,롯데,스낵류,일반스낵
125310,롯데)조이베지5발사믹허브맛50g,20250430,20,12,20034,구성상온센터,4320.0,0.0,0.0,60.0,372.0,168.0,60.0,12.0,36.0,0.0,24.0,12.0,0.0,0.0,600.0,51,931.0,1186.0,2000.0,롯데,스낵류,일반스낵
125310,롯데)조이베지5발사믹허브맛50g,20250430,20,12,20050,세종상온센터,2976.0,0.0,12.0,132.0,156.0,132.0,72.0,0.0,12.0,12.0,12.0,0.0,0.0,0.0,432.0,40,934.0,1186.0,2000.0,롯데,스낵류,일반스낵
125310,롯데)조이베지5발사믹허브맛50g,20250430,20,12,20065,원주상온센터(K7),1932.0,0.0,0.0,48.0,120.0,84.0,60.0,24.0,0.0,12.0,24.0,0.0,0.0,0.0,252.0,24,713.0,1186.0,2000.0,롯데,스낵류,일반스낵
125310,롯데)조이베지5발사믹허브맛50g,20250430,20,12,20075,인천상온센터,2772.0,0.0,0.0,168.0,180.0,84.0,12.0,48.0,12.0,0.0,24.0,12.0,0.0,0.0,432.0,39,860.0,1186.0,2000.0,롯데,스낵류,일반스낵
125310,롯데)조이베지5발사믹허브맛50g,20250430,20,12,20079,A광주상온센터,2400.0,0.0,0.0,156.0,108.0,96.0,12.0,12.0,12.0,0.0,0.0,0.0,0.0,0.0,360.0,32,740.0,1186.0,2000.0,롯데,스낵류,일반스낵
125310,롯데)조이베지5발사믹허브맛50g,20250430,20,12,20080,A의왕상온센터,2472.0,0.0,24.0,180.0,216.0,156.0,36.0,0.0,24.0,12.0,24.0,12.0,0.0,0.0,576.0,53,761.0,1186.0,2000.0,롯데,스낵류,일반스낵
125310,롯데)조이베지5발사믹허브맛50g,20250430,20,12,20081,A양산상온센터,2496.0,0.0,0.0,120.0,120.0,108.0,12.0,12.0,0.0,12.0,36.0,12.0,0.0,0.0,348.0,33,864.0,1186.0,2000.0,롯데,스낵류,일반스낵
125310,롯데)조이베지5발사믹허브맛50g,20250430,20,12,20083,김제상온센터,1752.0,0.0,0.0,72.0,96.0,72.0,24.0,0.0,12.0,12.0,12.0,0.0,0.0,0.0,240.0,20,646.0,1186.0,2000.0,롯데,스낵류,일반스낵
125310,롯데)조이베지5발사믹허브맛50g,20250430,20,12,20084,천안상온센터,1500.0,0.0,0.0,12.0,180.0,60.0,60.0,36.0,36.0,0.0,12.0,0.0,0.0,0.0,252.0,23,594.0,1186.0,2000.0,롯데,스낵류,일반스낵
125310,롯데)조이베지5발사믹허브맛50g,20250430,20,12,20085,인천B상온센터,3408.0,0.0,36.0,252.0,264.0,108.0,72.0,24.0,24.0,12.0,0.0,0.0,0.0,0.0,660.0,58,852.0,1186.0,2000.0,롯데,스낵류,일반스낵
125318,마즈)스키틀즈젤리(후르츠믹스),20250430,25,12,20006,성남센터,3840.0,0.0,0.0,60.0,660.0,420.0,408.0,204.0,108.0,60.0,12.0,24.0,0.0,0.0,1140.0,96,733.0,1090.0,2000.0,마즈,젤리류,수입젤리
125318,마즈)스키틀즈젤리(후르츠믹스),20250430,25,12,20007,대구센터,3720.0,0.0,24.0,348.0,432.0,408.0,240.0,300.0,96.0,48.0,60.0,48.0,0.0,0.0,1212.0,105,974.0,1090.0,2000.0,마즈,젤리류,수입젤리
125318,마즈)스키틀즈젤리(후르츠믹스),20250430,25,12,20010,양주센터,4920.0,0.0,48.0,408.0,552.0,180.0,264.0,228.0,96.0,60.0,36.0,24.0,12.0,0.0,1188.0,102,1019.0,1090.0,2000.0,마즈,젤리류,수입젤리
125318,마즈)스키틀즈젤리(후르츠믹스),20250430,25,12,20017,울산상온센터(K7),2520.0,0.0,0.0,264.0,252.0,300.0,144.0,96.0,60.0,12.0,24.0,24.0,0.0,0.0,816.0,68,723.0,1090.0,2000.0,마즈,젤리류,수입젤리
125318,마즈)스키틀즈젤리(후르츠믹스),20250430,25,12,20033,제주상온센터,960.0,0.0,0.0,36.0,192.0,60.0,24.0,24.0,12.0,24.0,12.0,0.0,0.0,0.0,288.0,24,310.0,1090.0,2000.0,마즈,젤리류,수입젤리
125318,마즈)스키틀즈젤리(후르츠믹스),20250430,25,12,20034,구성상온센터,5040.0,0.0,0.0,168.0,672.0,480.0,264.0,120.0,84.0,0.0,96.0,36.0,12.0,0.0,1320.0,114,932.0,1090.0,2000.0,마즈,젤리류,수입젤리
125318,마즈)스키틀즈젤리(후르츠믹스),20250430,25,12,20050,세종상온센터,3480.0,0.0,84.0,240.0,420.0,336.0,204.0,60.0,72.0,48.0,12.0,12.0,0.0,0.0,1080.0,94,934.0,1090.0,2000.0,마즈,젤리류,수입젤리
125318,마즈)스키틀즈젤리(후르츠믹스),20250430,25,12,20065,원주상온센터(K7),2280.0,0.0,0.0,108.0,276.0,228.0,108.0,60.0,24.0,0.0,60.0,48.0,0.0,0.0,612.0,54,713.0,1090.0,2000.0,마즈,젤리류,수입젤리
125318,마즈)스키틀즈젤리(후르츠믹스),20250430,25,12,20075,인천상온센터,3240.0,0.0,48.0,360.0,348.0,276.0,108.0,96.0,36.0,12.0,24.0,0.0,0.0,0.0,1032.0,89,860.0,1090.0,2000.0,마즈,젤리류,수입젤리
125318,마즈)스키틀즈젤리(후르츠믹스),20250430,25,12,20079,A광주상온센터,2880.0,0.0,0.0,288.0,384.0,312.0,144.0,156.0,48.0,36.0,0.0,12.0,0.0,0.0,984.0,83,741.0,1090.0,2000.0,마즈,젤리류,수입젤리
125318,마즈)스키틀즈젤리(후르츠믹스),20250430,25,12,20080,A의왕상온센터,2880.0,0.0,72.0,432.0,480.0,264.0,168.0,72.0,36.0,24.0,48.0,0.0,0.0,0.0,1248.0,103,760.0,1090.0,2000.0,마즈,젤리류,수입젤리
125318,마즈)스키틀즈젤리(후르츠믹스),20250430,25,12,20081,A양산상온센터,3000.0,0.0,0.0,204.0,528.0,288.0,252.0,132.0,24.0,0.0,60.0,36.0,0.0,0.0,1020.0,94,864.0,1090.0,2000.0,마즈,젤리류,수입젤리
125318,마즈)스키틀즈젤리(후르츠믹스),20250430,25,12,20083,김제상온센터,2040.0,0.0,0.0,216.0,228.0,228.0,132.0,60.0,84.0,12.0,12.0,12.0,12.0,0.0,672.0,59,646.0,1090.0,2000.0,마즈,젤리류,수입젤리
125318,마즈)스키틀즈젤리(후르츠믹스),20250430,25,12,20084,천안상온센터,1800.0,0.0,0.0,96.0,288.0,192.0,72.0,48.0,72.0,12.0,48.0,12.0,0.0,0.0,576.0,49,594.0,1090.0,2000.0,마즈,젤리류,수입젤리
125318,마즈)스키틀즈젤리(후르츠믹스),20250430,25,12,20085,인천B상온센터,4080.0,0.0,48.0,360.0,504.0,240.0,180.0,156.0,84.0,12.0,12.0,24.0,0.0,0.0,1152.0,102,852.0,1090.0,2000.0,마즈,젤리류,수입젤리
125319,마즈)스키틀즈젤리(후르츠요거트향),20250430,25,12,20006,성남센터,3600.0,0.0,0.0,60.0,612.0,408.0,408.0,204.0,84.0,48.0,12.0,12.0,0.0,0.0,1080.0,92,733.0,1090.0,2000.0,마즈,젤리류,수입젤리
125319,마즈)스키틀즈젤리(후르츠요거트향),20250430,25,12,20007,대구센터,3480.0,0.0,24.0,336.0,420.0,336.0,216.0,300.0,60.0,48.0,36.0,48.0,0.0,0.0,1116.0,97,974.0,1090.0,2000.0,마즈,젤리류,수입젤리
125319,마즈)스키틀즈젤리(후르츠요거트향),20250430,25,12,20010,양주센터,4560.0,0.0,36.0,372.0,540.0,204.0,264.0,252.0,108.0,48.0,36.0,48.0,12.0,0.0,1152.0,100,1019.0,1090.0,2000.0,마즈,젤리류,수입젤리
125319,마즈)스키틀즈젤리(후르츠요거트향),20250430,25,12,20017,울산상온센터(K7),2400.0,0.0,0.0,228.0,216.0,276.0,168.0,72.0,60.0,0.0,24.0,36.0,0.0,0.0,720.0,60,723.0,1090.0,2000.0,마즈,젤리류,수입젤리
125319,마즈)스키틀즈젤리(후르츠요거트향),20250430,25,12,20033,제주상온센터,840.0,0.0,0.0,36.0,168.0,72.0,24.0,12.0,12.0,24.0,0.0,0.0,0.0,0.0,276.0,23,310.0,1090.0,2000.0,마즈,젤리류,수입젤리
125319,마즈)스키틀즈젤리(후르츠요거트향),20250430,25,12,20034,구성상온센터,4800.0,0.0,0.0,180.0,672.0,468.0,240.0,120.0,60.0,0.0,96.0,36.0,0.0,0.0,1320.0,115,932.0,1090.0,2000.0,마즈,젤리류,수입젤리
125319,마즈)스키틀즈젤리(후르츠요거트향),20250430,25,12,20050,세종상온센터,3360.0,0.0,72.0,264.0,420.0,300.0,156.0,60.0,72.0,36.0,12.0,24.0,0.0,0.0,1056.0,90,934.0,1090.0,2000.0,마즈,젤리류,수입젤리
125319,마즈)스키틀즈젤리(후르츠요거트향),20250430,25,12,20065,원주상온센터(K7),2160.0,0.0,0.0,84.0,276.0,204.0,144.0,60.0,24.0,0.0,60.0,48.0,0.0,0.0,564.0,50,713.0,1090.0,2000.0,마즈,젤리류,수입젤리
125319,마즈)스키틀즈젤리(후르츠요거트향),20250430,25,12,20075,인천상온센터,3120.0,0.0,48.0,372.0,360.0,276.0,108.0,96.0,24.0,0.0,36.0,0.0,0.0,0.0,1056.0,90,860.0,1090.0,2000.0,마즈,젤리류,수입젤리
125319,마즈)스키틀즈젤리(후르츠요거트향),20250430,25,12,20079,A광주상온센터,2640.0,0.0,0.0,288.0,360.0,288.0,132.0,168.0,48.0,12.0,0.0,0.0,0.0,0.0,936.0,81,741.0,1090.0,2000.0,마즈,젤리류,수입젤리
125319,마즈)스키틀즈젤리(후르츠요거트향),20250430,25,12,20080,A의왕상온센터,2760.0,0.0,60.0,384.0,528.0,276.0,168.0,60.0,36.0,12.0,48.0,0.0,0.0,0.0,1248.0,105,760.0,1090.0,2000.0,마즈,젤리류,수입젤리
125319,마즈)스키틀즈젤리(후르츠요거트향),20250430,25,12,20081,A양산상온센터,2760.0,0.0,0.0,204.0,480.0,264.0,228.0,132.0,24.0,0.0,60.0,36.0,0.0,0.0,948.0,89,864.0,1090.0,2000.0,마즈,젤리류,수입젤리
125319,마즈)스키틀즈젤리(후르츠요거트향),20250430,25,12,20083,김제상온센터,1920.0,0.0,0.0,192.0,228.0,216.0,108.0,60.0,84.0,12.0,12.0,12.0,12.0,0.0,636.0,58,646.0,1090.0,2000.0,마즈,젤리류,수입젤리
125319,마즈)스키틀즈젤리(후르츠요거트향),20250430,25,12,20084,천안상온센터,1680.0,0.0,0.0,96.0,276.0,144.0,84.0,48.0,72.0,12.0,36.0,12.0,0.0,0.0,516.0,44,594.0,1090.0,2000.0,마즈,젤리류,수입젤리
125319,마즈)스키틀즈젤리(후르츠요거트향),20250430,25,12,20085,인천B상온센터,3840.0,0.0,48.0,312.0,468.0,252.0,180.0,132.0,84.0,12.0,12.0,24.0,0.0,0.0,1080.0,96,852.0,1090.0,2000.0,마즈,젤리류,수입젤리
125320,오리온)과일꿀꺽왕꿈틀이75g,20250430,25,9,20006,성남센터,3636.0,0.0,0.0,36.0,513.0,234.0,243.0,81.0,99.0,36.0,9.0,9.0,0.0,0.0,783.0,87,733.0,870.0,1500.0,오리온,젤리류,국산젤리
125320,오리온)과일꿀꺽왕꿈틀이75g,20250430,25,9,20007,대구센터,3528.0,0.0,36.0,414.0,477.0,342.0,216.0,207.0,9.0,63.0,54.0,45.0,0.0,0.0,1269.0,144,974.0,870.0,1500.0,오리온,젤리류,국산젤리
125320,오리온)과일꿀꺽왕꿈틀이75g,20250430,25,9,20010,양주센터,4680.0,0.0,54.0,360.0,423.0,162.0,198.0,153.0,72.0,54.0,27.0,36.0,9.0,0.0,999.0,113,1019.0,870.0,1500.0,오리온,젤리류,국산젤리
125320,오리온)과일꿀꺽왕꿈틀이75g,20250430,25,9,20017,울산상온센터(K7),2376.0,0.0,27.0,297.0,288.0,171.0,117.0,99.0,45.0,9.0,9.0,9.0,0.0,0.0,783.0,87,723.0,870.0,1500.0,오리온,젤리류,국산젤리
125320,오리온)과일꿀꺽왕꿈틀이75g,20250430,25,9,20033,제주상온센터,864.0,0.0,0.0,54.0,207.0,54.0,36.0,27.0,9.0,27.0,9.0,0.0,0.0,0.0,315.0,37,310.0,870.0,1500.0,오리온,젤리류,국산젤리
125320,오리온)과일꿀꺽왕꿈틀이75g,20250430,25,9,20034,구성상온센터,4860.0,0.0,0.0,144.0,666.0,414.0,261.0,72.0,72.0,0.0,90.0,18.0,0.0,0.0,1224.0,137,932.0,870.0,1500.0,오리온,젤리류,국산젤리
125320,오리온)과일꿀꺽왕꿈틀이75g,20250430,25,9,20050,세종상온센터,3348.0,0.0,63.0,360.0,549.0,288.0,189.0,45.0,36.0,27.0,45.0,18.0,0.0,0.0,1260.0,139,934.0,870.0,1500.0,오리온,젤리류,국산젤리
125320,오리온)과일꿀꺽왕꿈틀이75g,20250430,25,9,20065,원주상온센터(K7),2196.0,0.0,0.0,108.0,306.0,252.0,99.0,99.0,18.0,0.0,54.0,36.0,0.0,0.0,666.0,78,713.0,870.0,1500.0,오리온,젤리류,국산젤리
125320,오리온)과일꿀꺽왕꿈틀이75g,20250430,25,9,20075,인천상온센터,3132.0,0.0,54.0,297.0,360.0,216.0,81.0,72.0,27.0,18.0,27.0,0.0,0.0,0.0,927.0,105,860.0,870.0,1500.0,오리온,젤리류,국산젤리
125320,오리온)과일꿀꺽왕꿈틀이75g,20250430,25,9,20079,A광주상온센터,2700.0,0.0,18.0,333.0,252.0,144.0,99.0,81.0,36.0,45.0,18.0,9.0,0.0,0.0,747.0,84,741.0,870.0,1500.0,오리온,젤리류,국산젤리
125320,오리온)과일꿀꺽왕꿈틀이75g,20250430,25,9,20080,A의왕상온센터,2772.0,0.0,54.0,324.0,441.0,198.0,153.0,72.0,9.0,36.0,27.0,9.0,0.0,0.0,1017.0,115,760.0,870.0,1500.0,오리온,젤리류,국산젤리
125320,오리온)과일꿀꺽왕꿈틀이75g,20250430,25,9,20081,A양산상온센터,2808.0,0.0,18.0,162.0,423.0,270.0,108.0,108.0,45.0,27.0,36.0,36.0,0.0,0.0,873.0,105,864.0,870.0,1500.0,오리온,젤리류,국산젤리
125320,오리온)과일꿀꺽왕꿈틀이75g,20250430,25,9,20083,김제상온센터,1980.0,0.0,9.0,234.0,216.0,144.0,153.0,36.0,27.0,18.0,9.0,18.0,9.0,0.0,603.0,69,646.0,870.0,1500.0,오리온,젤리류,국산젤리
125320,오리온)과일꿀꺽왕꿈틀이75g,20250430,25,9,20084,천안상온센터,1692.0,0.0,0.0,81.0,333.0,225.0,99.0,54.0,18.0,36.0,72.0,9.0,0.0,0.0,639.0,73,594.0,870.0,1500.0,오리온,젤리류,국산젤리
125320,오리온)과일꿀꺽왕꿈틀이75g,20250430,25,9,20085,인천B상온센터,3852.0,0.0,54.0,297.0,324.0,180.0,99.0,108.0,63.0,9.0,9.0,18.0,0.0,0.0,855.0,98,852.0,870.0,1500.0,오리온,젤리류,국산젤리
125321,시원)터프큐브젤리80g,20250430,10,10,20006,성남센터,1400.0,0.0,0.0,0.0,210.0,60.0,110.0,30.0,40.0,20.0,10.0,0.0,0.0,0.0,270.0,28,733.0,1399.0,2700.0,시원,젤리류,국산젤리
125321,시원)터프큐브젤리80g,20250430,10,10,20007,대구센터,1300.0,0.0,20.0,160.0,160.0,60.0,40.0,40.0,20.0,10.0,0.0,30.0,0.0,0.0,400.0,43,974.0,1399.0,2700.0,시원,젤리류,국산젤리
125321,시원)터프큐브젤리80g,20250430,10,10,20010,양주센터,1800.0,0.0,30.0,140.0,190.0,40.0,90.0,30.0,20.0,40.0,10.0,20.0,0.0,0.0,400.0,42,1019.0,1399.0,2700.0,시원,젤리류,국산젤리
125321,시원)터프큐브젤리80g,20250430,10,10,20017,울산상온센터(K7),900.0,0.0,10.0,70.0,100.0,100.0,60.0,10.0,10.0,0.0,10.0,0.0,0.0,0.0,280.0,31,723.0,1399.0,2700.0,시원,젤리류,국산젤리
125321,시원)터프큐브젤리80g,20250430,10,10,20033,제주상온센터,400.0,0.0,0.0,20.0,80.0,40.0,10.0,10.0,10.0,0.0,0.0,0.0,0.0,0.0,140.0,15,310.0,1399.0,2700.0,시원,젤리류,국산젤리
125321,시원)터프큐브젤리80g,20250430,10,10,20034,구성상온센터,1800.0,0.0,0.0,60.0,220.0,100.0,90.0,0.0,10.0,0.0,30.0,20.0,0.0,0.0,380.0,39,932.0,1399.0,2700.0,시원,젤리류,국산젤리
125321,시원)터프큐브젤리80g,20250430,10,10,20050,세종상온센터,1300.0,0.0,20.0,90.0,150.0,60.0,30.0,10.0,20.0,0.0,20.0,10.0,0.0,0.0,320.0,34,934.0,1399.0,2700.0,시원,젤리류,국산젤리
125321,시원)터프큐브젤리80g,20250430,10,10,20065,원주상온센터(K7),900.0,0.0,0.0,20.0,80.0,90.0,30.0,40.0,0.0,0.0,20.0,30.0,0.0,0.0,190.0,21,713.0,1399.0,2700.0,시원,젤리류,국산젤리
125321,시원)터프큐브젤리80g,20250430,10,10,20075,인천상온센터,1200.0,0.0,20.0,140.0,150.0,60.0,20.0,0.0,0.0,20.0,10.0,0.0,0.0,0.0,370.0,38,860.0,1399.0,2700.0,시원,젤리류,국산젤리
125321,시원)터프큐브젤리80g,20250430,10,10,20079,A광주상온센터,1000.0,0.0,10.0,150.0,100.0,50.0,10.0,0.0,20.0,0.0,10.0,0.0,0.0,0.0,310.0,32,741.0,1399.0,2700.0,시원,젤리류,국산젤리
125321,시원)터프큐브젤리80g,20250430,10,10,20080,A의왕상온센터,1100.0,0.0,10.0,140.0,180.0,70.0,160.0,20.0,30.0,0.0,10.0,0.0,0.0,0.0,400.0,42,760.0,1399.0,2700.0,시원,젤리류,국산젤리
125321,시원)터프큐브젤리80g,20250430,10,10,20081,A양산상온센터,1100.0,0.0,0.0,110.0,120.0,70.0,30.0,20.0,0.0,0.0,10.0,0.0,0.0,0.0,300.0,35,864.0,1399.0,2700.0,시원,젤리류,국산젤리
125321,시원)터프큐브젤리80g,20250430,10,10,20083,김제상온센터,800.0,0.0,10.0,60.0,40.0,50.0,30.0,30.0,20.0,10.0,0.0,0.0,0.0,0.0,160.0,20,646.0,1399.0,2700.0,시원,젤리류,국산젤리
125321,시원)터프큐브젤리80g,20250430,10,10,20084,천안상온센터,700.0,0.0,0.0,50.0,110.0,40.0,40.0,30.0,20.0,0.0,40.0,0.0,0.0,0.0,200.0,21,594.0,1399.0,2700.0,시원,젤리류,국산젤리
125321,시원)터프큐브젤리80g,20250430,10,10,20085,인천B상온센터,1500.0,0.0,30.0,130.0,100.0,90.0,40.0,30.0,30.0,0.0,0.0,0.0,0.0,0.0,350.0,35,852.0,1399.0,2700.0,시원,젤리류,국산젤리
125322,시원)자두야핸드폰캔디12g,20250430,10,18,20006,성남센터,1296.0,0.0,0.0,0.0,144.0,72.0,72.0,18.0,54.0,18.0,18.0,0.0,0.0,0.0,216.0,12,733.0,1750.0,3500.0,시원,캔디류,토이캔디
125322,시원)자두야핸드폰캔디12g,20250430,10,18,20007,대구센터,1296.0,0.0,18.0,162.0,252.0,144.0,36.0,36.0,0.0,18.0,18.0,36.0,0.0,0.0,576.0,35,974.0,1750.0,3500.0,시원,캔디류,토이캔디
125322,시원)자두야핸드폰캔디12g,20250430,10,18,20010,양주센터,1728.0,0.0,54.0,126.0,144.0,72.0,36.0,36.0,36.0,36.0,18.0,0.0,0.0,0.0,396.0,25,1019.0,1750.0,3500.0,시원,캔디류,토이캔디
125322,시원)자두야핸드폰캔디12g,20250430,10,18,20017,울산상온센터(K7),864.0,0.0,18.0,144.0,108.0,90.0,36.0,36.0,18.0,0.0,0.0,18.0,0.0,0.0,360.0,20,723.0,1750.0,3500.0,시원,캔디류,토이캔디
125322,시원)자두야핸드폰캔디12g,20250430,10,18,20033,제주상온센터,432.0,0.0,0.0,18.0,72.0,54.0,36.0,36.0,0.0,0.0,0.0,0.0,0.0,0.0,144.0,10,310.0,1750.0,3500.0,시원,캔디류,토이캔디
125322,시원)자두야핸드폰캔디12g,20250430,10,18,20034,구성상온센터,1728.0,0.0,0.0,54.0,180.0,72.0,90.0,0.0,36.0,0.0,18.0,0.0,0.0,0.0,306.0,20,932.0,1750.0,3500.0,시원,캔디류,토이캔디
125322,시원)자두야핸드폰캔디12g,20250430,10,18,20050,세종상온센터,1296.0,0.0,36.0,108.0,162.0,108.0,0.0,36.0,18.0,18.0,0.0,0.0,0.0,0.0,414.0,24,934.0,1750.0,3500.0,시원,캔디류,토이캔디
125322,시원)자두야핸드폰캔디12g,20250430,10,18,20065,원주상온센터(K7),864.0,0.0,0.0,72.0,180.0,126.0,144.0,54.0,0.0,0.0,18.0,36.0,0.0,0.0,378.0,22,713.0,1750.0,3500.0,시원,캔디류,토이캔디
125322,시원)자두야핸드폰캔디12g,20250430,10,18,20075,인천상온센터,1296.0,0.0,54.0,162.0,108.0,126.0,36.0,126.0,18.0,18.0,18.0,0.0,0.0,0.0,450.0,27,860.0,1750.0,3500.0,시원,캔디류,토이캔디
125322,시원)자두야핸드폰캔디12g,20250430,10,18,20079,A광주상온센터,1080.0,0.0,18.0,180.0,162.0,126.0,36.0,18.0,18.0,0.0,0.0,0.0,0.0,0.0,486.0,30,741.0,1750.0,3500.0,시원,캔디류,토이캔디
125322,시원)자두야핸드폰캔디12g,20250430,10,18,20080,A의왕상온센터,1080.0,0.0,0.0,126.0,252.0,72.0,0.0,36.0,0.0,0.0,0.0,0.0,0.0,0.0,450.0,27,760.0,1750.0,3500.0,시원,캔디류,토이캔디
125322,시원)자두야핸드폰캔디12g,20250430,10,18,20081,A양산상온센터,1080.0,0.0,0.0,72.0,216.0,108.0,36.0,54.0,18.0,18.0,0.0,0.0,0.0,0.0,396.0,23,864.0,1750.0,3500.0,시원,캔디류,토이캔디
125322,시원)자두야핸드폰캔디12g,20250430,10,18,20083,김제상온센터,864.0,0.0,0.0,54.0,108.0,108.0,54.0,18.0,18.0,18.0,0.0,18.0,0.0,0.0,270.0,16,646.0,1750.0,3500.0,시원,캔디류,토이캔디
125322,시원)자두야핸드폰캔디12g,20250430,10,18,20084,천안상온센터,648.0,0.0,0.0,18.0,180.0,90.0,72.0,36.0,18.0,0.0,0.0,0.0,0.0,0.0,288.0,16,594.0,1750.0,3500.0,시원,캔디류,토이캔디
125322,시원)자두야핸드폰캔디12g,20250430,10,18,20085,인천B상온센터,1512.0,0.0,36.0,36.0,216.0,72.0,18.0,0.0,18.0,0.0,0.0,0.0,0.0,0.0,360.0,25,852.0,1750.0,3500.0,시원,캔디류,토이캔디
125323,나무)워헤드사우어딸기솜사탕,20250430,10,9,20006,성남센터,756.0,0.0,0.0,0.0,144.0,81.0,90.0,18.0,36.0,18.0,9.0,0.0,0.0,0.0,225.0,26,733.0,949.0,1800.0,나무,캔디류,소프트캔디
125323,나무)워헤드사우어딸기솜사탕,20250430,10,9,20007,대구센터,756.0,0.0,9.0,108.0,117.0,54.0,45.0,27.0,18.0,18.0,18.0,9.0,0.0,0.0,288.0,37,974.0,949.0,1800.0,나무,캔디류,소프트캔디
125323,나무)워헤드사우어딸기솜사탕,20250430,10,9,20010,양주센터,972.0,0.0,9.0,108.0,108.0,36.0,36.0,36.0,18.0,18.0,0.0,9.0,9.0,0.0,261.0,31,1019.0,949.0,1800.0,나무,캔디류,소프트캔디
125323,나무)워헤드사우어딸기솜사탕,20250430,10,9,20017,울산상온센터(K7),540.0,0.0,9.0,45.0,27.0,81.0,36.0,0.0,9.0,18.0,0.0,9.0,0.0,0.0,162.0,19,723.0,949.0,1800.0,나무,캔디류,소프트캔디
125323,나무)워헤드사우어딸기솜사탕,20250430,10,9,20033,제주상온센터,216.0,0.0,0.0,0.0,45.0,9.0,9.0,9.0,9.0,0.0,0.0,0.0,0.0,0.0,54.0,8,310.0,949.0,1800.0,나무,캔디류,소프트캔디
125323,나무)워헤드사우어딸기솜사탕,20250430,10,9,20034,구성상온센터,972.0,0.0,0.0,54.0,126.0,63.0,54.0,18.0,27.0,0.0,9.0,0.0,0.0,0.0,243.0,28,932.0,949.0,1800.0,나무,캔디류,소프트캔디
125323,나무)워헤드사우어딸기솜사탕,20250430,10,9,20050,세종상온센터,756.0,0.0,9.0,72.0,72.0,81.0,27.0,0.0,0.0,0.0,9.0,0.0,0.0,0.0,234.0,26,934.0,949.0,1800.0,나무,캔디류,소프트캔디
125323,나무)워헤드사우어딸기솜사탕,20250430,10,9,20065,원주상온센터(K7),540.0,0.0,0.0,27.0,108.0,63.0,27.0,45.0,9.0,0.0,27.0,18.0,0.0,0.0,198.0,23,713.0,949.0,1800.0,나무,캔디류,소프트캔디
125323,나무)워헤드사우어딸기솜사탕,20250430,10,9,20075,인천상온센터,648.0,0.0,27.0,108.0,81.0,72.0,9.0,18.0,9.0,0.0,18.0,0.0,0.0,0.0,288.0,32,860.0,949.0,1800.0,나무,캔디류,소프트캔디
125323,나무)워헤드사우어딸기솜사탕,20250430,10,9,20079,A광주상온센터,540.0,0.0,0.0,81.0,81.0,45.0,0.0,9.0,9.0,18.0,9.0,9.0,0.0,0.0,207.0,23,741.0,949.0,1800.0,나무,캔디류,소프트캔디
125323,나무)워헤드사우어딸기솜사탕,20250430,10,9,20080,A의왕상온센터,648.0,0.0,18.0,117.0,90.0,36.0,0.0,0.0,9.0,0.0,9.0,0.0,0.0,0.0,261.0,30,760.0,949.0,1800.0,나무,캔디류,소프트캔디
125323,나무)워헤드사우어딸기솜사탕,20250430,10,9,20081,A양산상온센터,648.0,0.0,9.0,72.0,90.0,36.0,27.0,72.0,0.0,0.0,27.0,0.0,0.0,0.0,207.0,26,864.0,949.0,1800.0,나무,캔디류,소프트캔디
125323,나무)워헤드사우어딸기솜사탕,20250430,10,9,20083,김제상온센터,432.0,0.0,0.0,72.0,27.0,54.0,27.0,27.0,9.0,9.0,0.0,9.0,0.0,0.0,153.0,17,646.0,949.0,1800.0,나무,캔디류,소프트캔디
125323,나무)워헤드사우어딸기솜사탕,20250430,10,9,20084,천안상온센터,432.0,0.0,0.0,9.0,90.0,9.0,63.0,18.0,0.0,0.0,9.0,9.0,0.0,0.0,108.0,14,594.0,949.0,1800.0,나무,캔디류,소프트캔디
125323,나무)워헤드사우어딸기솜사탕,20250430,10,9,20085,인천B상온센터,864.0,0.0,36.0,108.0,81.0,36.0,54.0,18.0,9.0,0.0,0.0,0.0,0.0,0.0,261.0,30,852.0,949.0,1800.0,나무,캔디류,소프트캔디
125339,고운벗)사우어워즈로프구미레몬21g,20250507,15,12,20006,성남센터,3168.0,768.0,36.0,24.0,168.0,72.0,24.0,0.0,0.0,24.0,72.0,0.0,0.0,0.0,300.0,73,734.0,600.0,1200.0,고운벗,젤리류,수입젤리
125339,고운벗)사우어워즈로프구미레몬21g,20250507,15,12,20007,대구센터,3168.0,984.0,36.0,192.0,192.0,120.0,96.0,48.0,0.0,48.0,72.0,0.0,0.0,0.0,540.0,103,972.0,600.0,1200.0,고운벗,젤리류,수입젤리
125339,고운벗)사우어워즈로프구미레몬21g,20250507,15,12,20010,양주센터,4032.0,840.0,12.0,168.0,288.0,120.0,48.0,24.0,24.0,24.0,24.0,0.0,0.0,0.0,588.0,98,1017.0,600.0,1200.0,고운벗,젤리류,수입젤리
125339,고운벗)사우어워즈로프구미레몬21g,20250507,15,12,20017,울산상온센터(K7),2304.0,612.0,0.0,120.0,24.0,48.0,24.0,48.0,24.0,0.0,24.0,0.0,0.0,0.0,192.0,60,723.0,600.0,1200.0,고운벗,젤리류,수입젤리
125339,고운벗)사우어워즈로프구미레몬21g,20250507,15,12,20033,제주상온센터,864.0,204.0,24.0,0.0,24.0,0.0,0.0,0.0,0.0,24.0,0.0,0.0,0.0,0.0,48.0,19,309.0,600.0,1200.0,고운벗,젤리류,수입젤리
125339,고운벗)사우어워즈로프구미레몬21g,20250507,15,12,20034,구성상온센터,4032.0,768.0,0.0,120.0,384.0,168.0,72.0,0.0,24.0,24.0,0.0,48.0,0.0,0.0,672.0,99,928.0,600.0,1200.0,고운벗,젤리류,수입젤리
125339,고운벗)사우어워즈로프구미레몬21g,20250507,15,12,20050,세종상온센터,2880.0,912.0,24.0,120.0,72.0,96.0,24.0,0.0,0.0,0.0,0.0,0.0,0.0,0.0,312.0,88,933.0,600.0,1200.0,고운벗,젤리류,수입젤리
125339,고운벗)사우어워즈로프구미레몬21g,20250507,15,12,20065,원주상온센터(K7),2016.0,396.0,0.0,72.0,144.0,48.0,48.0,48.0,24.0,0.0,48.0,96.0,0.0,0.0,264.0,46,711.0,600.0,1200.0,고운벗,젤리류,수입젤리
125339,고운벗)사우어워즈로프구미레몬21g,20250507,15,12,20075,인천상온센터,2592.0,696.0,24.0,120.0,96.0,24.0,0.0,24.0,0.0,24.0,0.0,0.0,0.0,0.0,264.0,65,858.0,600.0,1200.0,고운벗,젤리류,수입젤리
125339,고운벗)사우어워즈로프구미레몬21g,20250507,15,12,20079,A광주상온센터,288.0,564.0,24.0,168.0,72.0,48.0,72.0,0.0,24.0,0.0,0.0,0.0,0.0,0.0,312.0,59,740.0,600.0,1200.0,고운벗,젤리류,수입젤리
125339,고운벗)사우어워즈로프구미레몬21g,20250507,15,12,20080,A의왕상온센터,2304.0,1920.0,24.0,120.0,144.0,24.0,24.0,0.0,0.0,48.0,0.0,0.0,0.0,0.0,312.0,76,761.0,600.0,1200.0,고운벗,젤리류,수입젤리
125339,고운벗)사우어워즈로프구미레몬21g,20250507,15,12,20081,A양산상온센터,288.0,804.0,0.0,48.0,96.0,24.0,72.0,24.0,24.0,0.0,0.0,0.0,0.0,0.0,168.0,65,863.0,600.0,1200.0,고운벗,젤리류,수입젤리
125339,고운벗)사우어워즈로프구미레몬21g,20250507,15,12,20083,김제상온센터,1728.0,456.0,36.0,0.0,24.0,24.0,24.0,0.0,48.0,0.0,0.0,0.0,0.0,0.0,84.0,45,643.0,600.0,1200.0,고운벗,젤리류,수입젤리
125339,고운벗)사우어워즈로프구미레몬21g,20250507,15,12,20084,천안상온센터,1440.0,480.0,0.0,96.0,120.0,120.0,24.0,0.0,0.0,0.0,0.0,24.0,0.0,0.0,336.0,56,594.0,600.0,1200.0,고운벗,젤리류,수입젤리
125339,고운벗)사우어워즈로프구미레몬21g,20250507,15,12,20085,인천B상온센터,3456.0,708.0,48.0,72.0,168.0,48.0,48.0,0.0,24.0,0.0,0.0,0.0,0.0,0.0,336.0,71,853.0,600.0,1200.0,고운벗,젤리류,수입젤리
125374,PB)자이언츠피카츄냐냐71g,20250501,50,16,20006,성남센터,3584.0,0.0,0.0,32.0,1120.0,704.0,304.0,16.0,224.0,96.0,176.0,0.0,0.0,0.0,1856.0,109,733.0,1160.0,2000.0,PB,스낵류,옥수수스낵
125374,PB)자이언츠피카츄냐냐71g,20250501,50,16,20007,대구센터,3456.0,0.0,0.0,32.0,320.0,608.0,480.0,272.0,208.0,240.0,112.0,48.0,16.0,0.0,960.0,57,974.0,1160.0,2000.0,PB,스낵류,옥수수스낵
125374,PB)자이언츠피카츄냐냐71g,20250501,50,16,20010,양주센터,4592.0,0.0,0.0,16.0,400.0,768.0,464.0,128.0,144.0,304.0,192.0,32.0,0.0,0.0,1184.0,71,1019.0,1160.0,2000.0,PB,스낵류,옥수수스낵
125374,PB)자이언츠피카츄냐냐71g,20250501,50,16,20017,울산상온센터(K7),1040.0,0.0,0.0,0.0,0.0,0.0,0.0,0.0,0.0,0.0,0.0,0.0,0.0,0.0,0.0,0,0.0,1160.0,2000.0,PB,스낵류,옥수수스낵
125374,PB)자이언츠피카츄냐냐71g,20250501,50,16,20033,제주상온센터,832.0,0.0,0.0,16.0,144.0,48.0,32.0,16.0,0.0,48.0,0.0,0.0,0.0,0.0,208.0,14,310.0,1160.0,2000.0,PB,스낵류,옥수수스낵
125374,PB)자이언츠피카츄냐냐71g,20250501,50,16,20034,구성상온센터,4800.0,0.0,0.0,144.0,560.0,592.0,208.0,0.0,224.0,176.0,64.0,160.0,0.0,0.0,1296.0,75,932.0,1160.0,2000.0,PB,스낵류,옥수수스낵
125374,PB)자이언츠피카츄냐냐71g,20250501,50,16,20050,세종상온센터,1280.0,0.0,0.0,16.0,224.0,272.0,128.0,224.0,144.0,400.0,208.0,96.0,0.0,0.0,512.0,34,934.0,1160.0,2000.0,PB,스낵류,옥수수스낵
125374,PB)자이언츠피카츄냐냐71g,20250501,50,16,20065,원주상온센터(K7),2144.0,0.0,0.0,48.0,160.0,80.0,80.0,16.0,144.0,16.0,32.0,0.0,0.0,0.0,288.0,19,713.0,1160.0,2000.0,PB,스낵류,옥수수스낵
125374,PB)자이언츠피카츄냐냐71g,20250501,50,16,20075,인천상온센터,3088.0,0.0,0.0,16.0,160.0,336.0,64.0,144.0,176.0,112.0,224.0,64.0,0.0,0.0,512.0,33,860.0,1160.0,2000.0,PB,스낵류,옥수수스낵
125374,PB)자이언츠피카츄냐냐71g,20250501,50,16,20079,A광주상온센터,800.0,0.0,0.0,0.0,128.0,240.0,144.0,112.0,64.0,96.0,64.0,16.0,0.0,0.0,368.0,26,741.0,1160.0,2000.0,PB,스낵류,옥수수스낵
125374,PB)자이언츠피카츄냐냐71g,20250501,50,16,20080,A의왕상온센터,2736.0,0.0,0.0,48.0,336.0,288.0,256.0,144.0,128.0,96.0,112.0,128.0,0.0,0.0,672.0,43,760.0,1160.0,2000.0,PB,스낵류,옥수수스낵
125374,PB)자이언츠피카츄냐냐71g,20250501,50,16,20081,A양산상온센터,4480.0,0.0,0.0,0.0,0.0,0.0,0.0,0.0,0.0,0.0,0.0,0.0,0.0,0.0,0.0,0,0.0,1160.0,2000.0,PB,스낵류,옥수수스낵
125374,PB)자이언츠피카츄냐냐71g,20250501,50,16,20083,김제상온센터,1952.0,0.0,0.0,16.0,112.0,176.0,96.0,64.0,48.0,32.0,32.0,16.0,0.0,0.0,304.0,21,646.0,1160.0,2000.0,PB,스낵류,옥수수스낵
125374,PB)자이언츠피카츄냐냐71g,20250501,50,16,20084,천안상온센터,1664.0,0.0,0.0,16.0,272.0,144.0,336.0,0.0,160.0,224.0,0.0,0.0,0.0,0.0,432.0,27,594.0,1160.0,2000.0,PB,스낵류,옥수수스낵
125374,PB)자이언츠피카츄냐냐71g,20250501,50,16,20085,인천B상온센터,3776.0,0.0,0.0,80.0,288.0,384.0,176.0,32.0,96.0,176.0,16.0,48.0,0.0,0.0,752.0,47,852.0,1160.0,2000.0,PB,스낵류,옥수수스낵
125385,PB)자이언츠피카츄냐냐71g[양산/울산],20250430,50,16,20017,울산상온센터(K7),16000.0,0.0,0.0,160.0,880.0,2048.0,1152.0,1888.0,672.0,128.0,288.0,64.0,0.0,0.0,3088.0,173,723.0,1160.0,2000.0,PB,스낵류,옥수수스낵
125385,PB)자이언츠피카츄냐냐71g[양산/울산],20250430,50,16,20081,A양산상온센터,16000.0,0.0,0.0,128.0,1040.0,2032.0,1616.0,1840.0,496.0,144.0,112.0,96.0,0.0,0.0,3200.0,193,864.0,1160.0,2000.0,PB,스낵류,옥수수스낵
125439,고운벗)벚꽃머랭20g,20250430,40,9,20006,성남센터,504.0,0.0,0.0,0.0,0.0,36.0,81.0,9.0,27.0,18.0,9.0,9.0,0.0,0.0,36.0,4,733.0,1500.0,3000.0,고운벗,비스킷류,쿠키
125439,고운벗)벚꽃머랭20g,20250430,40,9,20007,대구센터,468.0,0.0,0.0,0.0,45.0,45.0,27.0,9.0,18.0,18.0,0.0,9.0,0.0,0.0,90.0,12,974.0,1500.0,3000.0,고운벗,비스킷류,쿠키
125439,고운벗)벚꽃머랭20g,20250430,40,9,20010,양주센터,648.0,0.0,0.0,0.0,27.0,90.0,63.0,27.0,18.0,18.0,9.0,9.0,0.0,0.0,117.0,14,1019.0,1500.0,3000.0,고운벗,비스킷류,쿠키
125439,고운벗)벚꽃머랭20g,20250430,40,9,20017,울산상온센터(K7),324.0,0.0,0.0,0.0,0.0,45.0,36.0,9.0,36.0,0.0,9.0,0.0,0.0,0.0,45.0,6,723.0,1500.0,3000.0,고운벗,비스킷류,쿠키
125439,고운벗)벚꽃머랭20g,20250430,40,9,20033,제주상온센터,144.0,0.0,0.0,0.0,0.0,45.0,18.0,9.0,0.0,0.0,0.0,0.0,0.0,0.0,45.0,5,310.0,1500.0,3000.0,고운벗,비스킷류,쿠키
125439,고운벗)벚꽃머랭20g,20250430,40,9,20034,구성상온센터,648.0,0.0,0.0,0.0,0.0,81.0,27.0,9.0,27.0,9.0,9.0,18.0,0.0,0.0,81.0,10,932.0,1500.0,3000.0,고운벗,비스킷류,쿠키
125439,고운벗)벚꽃머랭20g,20250430,40,9,20050,세종상온센터,468.0,0.0,0.0,0.0,27.0,126.0,9.0,27.0,9.0,9.0,0.0,9.0,0.0,0.0,153.0,17,934.0,1500.0,3000.0,고운벗,비스킷류,쿠키
125439,고운벗)벚꽃머랭20g,20250430,40,9,20065,원주상온센터(K7),324.0,0.0,0.0,0.0,0.0,72.0,27.0,45.0,18.0,0.0,9.0,9.0,0.0,0.0,72.0,8,713.0,1500.0,3000.0,고운벗,비스킷류,쿠키
125439,고운벗)벚꽃머랭20g,20250430,40,9,20075,인천상온센터,432.0,0.0,0.0,0.0,9.0,63.0,18.0,18.0,9.0,0.0,27.0,0.0,0.0,0.0,72.0,8,860.0,1500.0,3000.0,고운벗,비스킷류,쿠키
125439,고운벗)벚꽃머랭20g,20250430,40,9,20079,A광주상온센터,360.0,0.0,0.0,0.0,27.0,45.0,18.0,9.0,0.0,18.0,0.0,0.0,0.0,0.0,72.0,9,741.0,1500.0,3000.0,고운벗,비스킷류,쿠키
125439,고운벗)벚꽃머랭20g,20250430,40,9,20080,A의왕상온센터,396.0,0.0,0.0,0.0,45.0,63.0,45.0,18.0,9.0,9.0,9.0,0.0,0.0,0.0,108.0,13,760.0,1500.0,3000.0,고운벗,비스킷류,쿠키
125439,고운벗)벚꽃머랭20g,20250430,40,9,20081,A양산상온센터,396.0,0.0,0.0,0.0,9.0,36.0,27.0,27.0,0.0,0.0,27.0,0.0,0.0,0.0,45.0,6,864.0,1500.0,3000.0,고운벗,비스킷류,쿠키
125439,고운벗)벚꽃머랭20g,20250430,40,9,20083,김제상온센터,288.0,0.0,0.0,0.0,0.0,27.0,18.0,27.0,0.0,9.0,9.0,0.0,0.0,0.0,27.0,3,646.0,1500.0,3000.0,고운벗,비스킷류,쿠키
125439,고운벗)벚꽃머랭20g,20250430,40,9,20084,천안상온센터,252.0,0.0,0.0,0.0,0.0,27.0,18.0,18.0,9.0,9.0,9.0,0.0,0.0,0.0,27.0,4,594.0,1500.0,3000.0,고운벗,비스킷류,쿠키
125439,고운벗)벚꽃머랭20g,20250430,40,9,20085,인천B상온센터,540.0,0.0,0.0,0.0,36.0,36.0,36.0,18.0,27.0,0.0,9.0,18.0,0.0,0.0,72.0,8,852.0,1500.0,3000.0,고운벗,비스킷류,쿠키
125453,롯데)씨리얼초코42g,20250430,25,2,20006,성남센터,2688.0,0.0,0.0,0.0,0.0,0.0,0.0,36.0,106.0,52.0,52.0,244.0,28.0,0.0,0.0,0,734.0,889.0,1500.0,롯데,비스킷류,크래커
125453,롯데)씨리얼초코42g,20250430,25,2,20007,대구센터,2592.0,0.0,0.0,0.0,0.0,0.0,34.0,94.0,108.0,70.0,226.0,168.0,0.0,0.0,0.0,0,973.0,889.0,1500.0,롯데,비스킷류,크래커
125453,롯데)씨리얼초코42g,20250430,25,2,20010,양주센터,3456.0,0.0,0.0,0.0,0.0,0.0,26.0,70.0,68.0,84.0,212.0,176.0,24.0,0.0,0.0,0,1019.0,889.0,1500.0,롯데,비스킷류,크래커
125453,롯데)씨리얼초코42g,20250430,25,2,20017,울산상온센터(K7),1760.0,0.0,0.0,0.0,0.0,0.0,28.0,86.0,74.0,38.0,116.0,64.0,22.0,0.0,0.0,0,723.0,889.0,1500.0,롯데,비스킷류,크래커
125453,롯데)씨리얼초코42g,20250430,25,2,20033,제주상온센터,640.0,0.0,0.0,0.0,0.0,0.0,0.0,50.0,36.0,20.0,36.0,114.0,0.0,0.0,0.0,0,310.0,889.0,1500.0,롯데,비스킷류,크래커
125453,롯데)씨리얼초코42g,20250430,25,2,20034,구성상온센터,3616.0,0.0,0.0,0.0,0.0,0.0,0.0,92.0,116.0,74.0,84.0,390.0,16.0,0.0,0.0,0,931.0,889.0,1500.0,롯데,비스킷류,크래커
125453,롯데)씨리얼초코42g,20250430,25,2,20050,세종상온센터,2496.0,0.0,0.0,0.0,0.0,0.0,24.0,62.0,102.0,38.0,242.0,208.0,8.0,0.0,0.0,0,934.0,889.0,1500.0,롯데,비스킷류,크래커
125453,롯데)씨리얼초코42g,20250430,25,2,20065,원주상온센터(K7),1632.0,0.0,0.0,0.0,0.0,0.0,0.0,46.0,114.0,34.0,94.0,130.0,0.0,0.0,0.0,0,713.0,889.0,1500.0,롯데,비스킷류,크래커
125453,롯데)씨리얼초코42g,20250430,25,2,20075,인천상온센터,2336.0,0.0,0.0,0.0,0.0,0.0,38.0,122.0,68.0,88.0,178.0,192.0,24.0,0.0,0.0,0,860.0,889.0,1500.0,롯데,비스킷류,크래커
125453,롯데)씨리얼초코42g,20250430,25,2,20079,A광주상온센터,2016.0,0.0,0.0,0.0,0.0,0.0,4.0,38.0,20.0,38.0,152.0,86.0,4.0,0.0,0.0,0,740.0,889.0,1500.0,롯데,비스킷류,크래커
125453,롯데)씨리얼초코42g,20250430,25,2,20080,A의왕상온센터,2080.0,0.0,0.0,0.0,0.0,0.0,22.0,96.0,122.0,28.0,218.0,152.0,8.0,0.0,0.0,0,761.0,889.0,1500.0,롯데,비스킷류,크래커
125453,롯데)씨리얼초코42g,20250430,25,2,20081,A양산상온센터,2080.0,0.0,0.0,0.0,0.0,0.0,24.0,62.0,84.0,48.0,132.0,176.0,8.0,0.0,0.0,0,864.0,889.0,1500.0,롯데,비스킷류,크래커
125453,롯데)씨리얼초코42g,20250430,25,2,20083,김제상온센터,1472.0,0.0,0.0,0.0,0.0,0.0,4.0,42.0,44.0,40.0,76.0,100.0,8.0,0.0,0.0,0,646.0,889.0,1500.0,롯데,비스킷류,크래커
125453,롯데)씨리얼초코42g,20250430,25,2,20084,천안상온센터,1248.0,0.0,0.0,0.0,0.0,0.0,0.0,76.0,64.0,44.0,52.0,206.0,8.0,0.0,0.0,0,594.0,889.0,1500.0,롯데,비스킷류,크래커
125453,롯데)씨리얼초코42g,20250430,25,2,20085,인천B상온센터,2848.0,0.0,0.0,0.0,0.0,0.0,14.0,94.0,60.0,54.0,178.0,122.0,8.0,0.0,0.0,0,852.0,889.0,1500.0,롯데,비스킷류,크래커
125454,오리온)초코송이딸기45g,20250507,10,2,20006,성남센터,1792.0,238.0,50.0,46.0,396.0,260.0,54.0,40.0,88.0,62.0,28.0,0.0,20.0,0.0,752.0,164,734.0,696.0,1200.0,오리온,비스킷류,크래커
125454,오리온)초코송이딸기45g,20250507,10,2,20007,대구센터,1736.0,398.0,108.0,360.0,398.0,196.0,88.0,72.0,58.0,18.0,28.0,0.0,0.0,0.0,1062.0,225,972.0,696.0,1200.0,오리온,비스킷류,크래커
125454,오리온)초코송이딸기45g,20250507,10,2,20010,양주센터,2296.0,228.0,102.0,290.0,316.0,206.0,60.0,56.0,60.0,18.0,28.0,12.0,0.0,0.0,914.0,194,1017.0,696.0,1200.0,오리온,비스킷류,크래커
125454,오리온)초코송이딸기45g,20250507,10,2,20017,울산상온센터(K7),1176.0,278.0,48.0,146.0,116.0,146.0,64.0,62.0,70.0,18.0,14.0,12.0,6.0,0.0,456.0,112,723.0,696.0,1200.0,오리온,비스킷류,크래커
125454,오리온)초코송이딸기45g,20250507,10,2,20033,제주상온센터,420.0,130.0,36.0,40.0,134.0,34.0,18.0,16.0,10.0,0.0,6.0,0.0,0.0,0.0,244.0,55,309.0,696.0,1200.0,오리온,비스킷류,크래커
125454,오리온)초코송이딸기45g,20250507,10,2,20034,구성상온센터,2408.0,266.0,54.0,92.0,546.0,252.0,64.0,20.0,78.0,30.0,16.0,30.0,0.0,0.0,944.0,194,928.0,696.0,1200.0,오리온,비스킷류,크래커
125454,오리온)초코송이딸기45g,20250507,10,2,20050,세종상온센터,1652.0,192.0,80.0,328.0,386.0,108.0,64.0,52.0,64.0,6.0,6.0,26.0,0.0,0.0,902.0,200,933.0,696.0,1200.0,오리온,비스킷류,크래커
125454,오리온)초코송이딸기45g,20250507,10,2,20065,원주상온센터(K7),1092.0,132.0,36.0,96.0,180.0,108.0,70.0,50.0,40.0,0.0,18.0,74.0,0.0,0.0,420.0,97,711.0,696.0,1200.0,오리온,비스킷류,크래커
125454,오리온)초코송이딸기45g,20250507,10,2,20075,인천상온센터,1540.0,234.0,54.0,240.0,292.0,138.0,42.0,62.0,46.0,20.0,8.0,2.0,0.0,0.0,724.0,162,858.0,696.0,1200.0,오리온,비스킷류,크래커
125454,오리온)초코송이딸기45g,20250507,10,2,20079,A광주상온센터,1344.0,66.0,48.0,192.0,152.0,150.0,50.0,18.0,36.0,0.0,18.0,6.0,0.0,0.0,542.0,117,738.0,696.0,1200.0,오리온,비스킷류,크래커
125454,오리온)초코송이딸기45g,20250507,10,2,20080,A의왕상온센터,1372.0,232.0,46.0,308.0,300.0,128.0,88.0,60.0,38.0,20.0,2.0,12.0,0.0,0.0,782.0,177,761.0,696.0,1200.0,오리온,비스킷류,크래커
125454,오리온)초코송이딸기45g,20250507,10,2,20081,A양산상온센터,1400.0,158.0,54.0,168.0,252.0,122.0,56.0,38.0,34.0,8.0,32.0,0.0,0.0,0.0,596.0,140,863.0,696.0,1200.0,오리온,비스킷류,크래커
125454,오리온)초코송이딸기45g,20250507,10,2,20083,김제상온센터,980.0,98.0,60.0,122.0,170.0,66.0,86.0,22.0,30.0,12.0,18.0,12.0,0.0,0.0,418.0,90,643.0,696.0,1200.0,오리온,비스킷류,크래커
125454,오리온)초코송이딸기45g,20250507,10,2,20084,천안상온센터,840.0,154.0,38.0,56.0,296.0,102.0,30.0,34.0,48.0,6.0,6.0,4.0,0.0,0.0,492.0,109,594.0,696.0,1200.0,오리온,비스킷류,크래커
125454,오리온)초코송이딸기45g,20250507,10,2,20085,인천B상온센터,1904.0,628.0,82.0,290.0,300.0,106.0,84.0,50.0,30.0,0.0,48.0,0.0,0.0,0.0,778.0,165,853.0,696.0,1200.0,오리온,비스킷류,크래커
125455,유앤)크리스피초코봉12g,20250507,15,30,20006,성남센터,5520.0,390.0,180.0,120.0,570.0,180.0,120.0,60.0,30.0,30.0,60.0,0.0,0.0,0.0,1050.0,49,734.0,429.0,800.0,유앤,비스킷류,스틱과자
125455,유앤)크리스피초코봉12g,20250507,15,30,20007,대구센터,5280.0,570.0,210.0,450.0,510.0,210.0,90.0,60.0,60.0,60.0,30.0,0.0,0.0,0.0,1380.0,66,972.0,429.0,800.0,유앤,비스킷류,스틱과자
125455,유앤)크리스피초코봉12g,20250507,15,30,20010,양주센터,6960.0,360.0,90.0,540.0,540.0,210.0,60.0,150.0,60.0,0.0,60.0,0.0,0.0,0.0,1380.0,61,1017.0,429.0,800.0,유앤,비스킷류,스틱과자
125455,유앤)크리스피초코봉12g,20250507,15,30,20017,울산상온센터(K7),3600.0,420.0,30.0,180.0,120.0,210.0,90.0,150.0,30.0,30.0,30.0,30.0,0.0,0.0,540.0,35,723.0,429.0,800.0,유앤,비스킷류,스틱과자
125455,유앤)크리스피초코봉12g,20250507,15,30,20033,제주상온센터,1440.0,90.0,90.0,150.0,150.0,60.0,0.0,0.0,30.0,0.0,0.0,0.0,0.0,0.0,450.0,19,309.0,429.0,800.0,유앤,비스킷류,스틱과자
125455,유앤)크리스피초코봉12g,20250507,15,30,20034,구성상온센터,7200.0,450.0,150.0,210.0,750.0,270.0,90.0,90.0,30.0,30.0,60.0,0.0,0.0,0.0,1380.0,63,928.0,429.0,800.0,유앤,비스킷류,스틱과자
125455,유앤)크리스피초코봉12g,20250507,15,30,20050,세종상온센터,5040.0,300.0,180.0,420.0,450.0,150.0,180.0,60.0,30.0,0.0,30.0,0.0,0.0,0.0,1200.0,50,933.0,429.0,800.0,유앤,비스킷류,스틱과자
125455,유앤)크리스피초코봉12g,20250507,15,30,20065,원주상온센터(K7),3360.0,270.0,60.0,210.0,210.0,180.0,90.0,0.0,90.0,30.0,30.0,90.0,0.0,0.0,660.0,33,711.0,429.0,800.0,유앤,비스킷류,스틱과자
125455,유앤)크리스피초코봉12g,20250507,15,30,20075,인천상온센터,4800.0,390.0,30.0,330.0,390.0,210.0,30.0,30.0,60.0,30.0,0.0,0.0,0.0,0.0,960.0,46,858.0,429.0,800.0,유앤,비스킷류,스틱과자
125455,유앤)크리스피초코봉12g,20250507,15,30,20079,A광주상온센터,4080.0,180.0,120.0,360.0,420.0,30.0,60.0,30.0,60.0,0.0,0.0,0.0,0.0,0.0,930.0,39,738.0,429.0,800.0,유앤,비스킷류,스틱과자
125455,유앤)크리스피초코봉12g,20250507,15,30,20080,A의왕상온센터,4320.0,360.0,120.0,570.0,450.0,30.0,30.0,0.0,120.0,60.0,0.0,0.0,0.0,0.0,1170.0,53,761.0,429.0,800.0,유앤,비스킷류,스틱과자
125455,유앤)크리스피초코봉12g,20250507,15,30,20081,A양산상온센터,4320.0,330.0,60.0,330.0,510.0,120.0,0.0,60.0,0.0,0.0,0.0,30.0,0.0,0.0,1020.0,46,863.0,429.0,800.0,유앤,비스킷류,스틱과자
125455,유앤)크리스피초코봉12g,20250507,15,30,20083,김제상온센터,3120.0,270.0,30.0,30.0,240.0,120.0,120.0,30.0,60.0,0.0,0.0,0.0,0.0,0.0,420.0,25,643.0,429.0,800.0,유앤,비스킷류,스틱과자
125455,유앤)크리스피초코봉12g,20250507,15,30,20084,천안상온센터,2640.0,150.0,150.0,90.0,420.0,180.0,120.0,30.0,60.0,0.0,0.0,0.0,0.0,0.0,840.0,36,594.0,429.0,800.0,유앤,비스킷류,스틱과자
125455,유앤)크리스피초코봉12g,20250507,15,30,20085,인천B상온센터,5760.0,360.0,210.0,300.0,420.0,150.0,150.0,30.0,60.0,0.0,60.0,0.0,0.0,0.0,1080.0,51,853.0,429.0,800.0,유앤,비스킷류,스틱과자
125460,SAMG)하츄핑미니꿀약과90g,20250507,15,2,20006,성남센터,276.0,32.0,20.0,6.0,12.0,12.0,6.0,0.0,0.0,0.0,6.0,0.0,0.0,0.0,50.0,15,734.0,1036.0,2000.0,SAMG,스낵류,전통스낵
125460,SAMG)하츄핑미니꿀약과90g,20250507,15,2,20007,대구센터,264.0,54.0,0.0,14.0,22.0,0.0,6.0,24.0,0.0,0.0,0.0,0.0,0.0,0.0,36.0,19,972.0,1036.0,2000.0,SAMG,스낵류,전통스낵
125460,SAMG)하츄핑미니꿀약과90g,20250507,15,2,20010,양주센터,348.0,48.0,16.0,12.0,0.0,20.0,0.0,6.0,0.0,0.0,0.0,0.0,0.0,0.0,48.0,17,1017.0,1036.0,2000.0,SAMG,스낵류,전통스낵
125460,SAMG)하츄핑미니꿀약과90g,20250507,15,2,20017,울산상온센터(K7),180.0,42.0,0.0,6.0,6.0,16.0,6.0,0.0,0.0,0.0,12.0,0.0,0.0,0.0,28.0,13,723.0,1036.0,2000.0,SAMG,스낵류,전통스낵
125460,SAMG)하츄핑미니꿀약과90g,20250507,15,2,20033,제주상온센터,72.0,12.0,20.0,0.0,6.0,0.0,0.0,0.0,0.0,0.0,0.0,0.0,0.0,0.0,26.0,8,309.0,1036.0,2000.0,SAMG,스낵류,전통스낵
125460,SAMG)하츄핑미니꿀약과90g,20250507,15,2,20034,구성상온센터,360.0,60.0,12.0,16.0,8.0,4.0,2.0,0.0,6.0,6.0,0.0,0.0,0.0,0.0,40.0,21,928.0,1036.0,2000.0,SAMG,스낵류,전통스낵
125460,SAMG)하츄핑미니꿀약과90g,20250507,15,2,20050,세종상온센터,252.0,26.0,6.0,14.0,20.0,4.0,0.0,0.0,0.0,0.0,0.0,0.0,0.0,0.0,44.0,15,933.0,1036.0,2000.0,SAMG,스낵류,전통스낵
125460,SAMG)하츄핑미니꿀약과90g,20250507,15,2,20065,원주상온센터(K7),168.0,10.0,6.0,14.0,14.0,0.0,0.0,0.0,0.0,0.0,0.0,10.0,0.0,0.0,34.0,11,711.0,1036.0,2000.0,SAMG,스낵류,전통스낵
125460,SAMG)하츄핑미니꿀약과90g,20250507,15,2,20075,인천상온센터,240.0,50.0,6.0,6.0,6.0,8.0,0.0,0.0,0.0,0.0,0.0,0.0,0.0,0.0,26.0,17,858.0,1036.0,2000.0,SAMG,스낵류,전통스낵
125460,SAMG)하츄핑미니꿀약과90g,20250507,15,2,20079,A광주상온센터,204.0,26.0,12.0,0.0,12.0,0.0,0.0,0.0,0.0,0.0,0.0,0.0,0.0,0.0,24.0,9,738.0,1036.0,2000.0,SAMG,스낵류,전통스낵
125460,SAMG)하츄핑미니꿀약과90g,20250507,15,2,20080,A의왕상온센터,216.0,50.0,8.0,6.0,16.0,6.0,0.0,0.0,0.0,0.0,0.0,0.0,0.0,0.0,36.0,17,761.0,1036.0,2000.0,SAMG,스낵류,전통스낵
125460,SAMG)하츄핑미니꿀약과90g,20250507,15,2,20081,A양산상온센터,216.0,28.0,24.0,6.0,12.0,6.0,6.0,0.0,0.0,0.0,0.0,0.0,0.0,0.0,48.0,15,863.0,1036.0,2000.0,SAMG,스낵류,전통스낵
125460,SAMG)하츄핑미니꿀약과90g,20250507,15,2,20083,김제상온센터,156.0,36.0,6.0,4.0,16.0,6.0,6.0,2.0,12.0,0.0,0.0,0.0,0.0,0.0,32.0,13,643.0,1036.0,2000.0,SAMG,스낵류,전통스낵
125460,SAMG)하츄핑미니꿀약과90g,20250507,15,2,20084,천안상온센터,132.0,20.0,8.0,32.0,12.0,6.0,0.0,0.0,0.0,0.0,6.0,0.0,0.0,0.0,58.0,15,594.0,1036.0,2000.0,SAMG,스낵류,전통스낵
125460,SAMG)하츄핑미니꿀약과90g,20250507,15,2,20085,인천B상온센터,288.0,30.0,14.0,6.0,8.0,6.0,0.0,0.0,6.0,0.0,0.0,0.0,0.0,0.0,34.0,14,853.0,1036.0,2000.0,SAMG,스낵류,전통스낵
125461,서주)초코멜로젤리36g,20250430,20,8,20006,성남센터,576.0,0.0,0.0,0.0,0.0,0.0,0.0,32.0,48.0,40.0,24.0,96.0,16.0,0.0,0.0,0,734.0,1018.0,2000.0,서주,젤리류,국산젤리
125461,서주)초코멜로젤리36g,20250430,20,8,20007,대구센터,576.0,0.0,0.0,0.0,0.0,0.0,16.0,16.0,48.0,24.0,88.0,80.0,0.0,0.0,0.0,0,973.0,1018.0,2000.0,서주,젤리류,국산젤리
125461,서주)초코멜로젤리36g,20250430,20,8,20010,양주센터,768.0,0.0,0.0,0.0,0.0,0.0,24.0,16.0,64.0,40.0,88.0,88.0,24.0,0.0,0.0,0,1019.0,1018.0,2000.0,서주,젤리류,국산젤리
125461,서주)초코멜로젤리36g,20250430,20,8,20017,울산상온센터(K7),384.0,0.0,0.0,0.0,0.0,0.0,8.0,32.0,16.0,16.0,64.0,32.0,32.0,0.0,0.0,0,723.0,1018.0,2000.0,서주,젤리류,국산젤리
125461,서주)초코멜로젤리36g,20250430,20,8,20033,제주상온센터,144.0,0.0,0.0,0.0,0.0,0.0,0.0,32.0,0.0,16.0,40.0,64.0,0.0,0.0,0.0,0,310.0,1018.0,2000.0,서주,젤리류,국산젤리
125461,서주)초코멜로젤리36g,20250430,20,8,20034,구성상온센터,768.0,0.0,0.0,0.0,0.0,0.0,0.0,16.0,72.0,24.0,72.0,128.0,0.0,0.0,0.0,0,931.0,1018.0,2000.0,서주,젤리류,국산젤리
125461,서주)초코멜로젤리36g,20250430,20,8,20050,세종상온센터,528.0,0.0,0.0,0.0,0.0,0.0,8.0,24.0,40.0,24.0,136.0,88.0,8.0,0.0,0.0,0,934.0,1018.0,2000.0,서주,젤리류,국산젤리
125461,서주)초코멜로젤리36g,20250430,20,8,20065,원주상온센터(K7),384.0,0.0,0.0,0.0,0.0,0.0,0.0,8.0,32.0,8.0,56.0,56.0,0.0,0.0,0.0,0,713.0,1018.0,2000.0,서주,젤리류,국산젤리
125461,서주)초코멜로젤리36g,20250430,20,8,20075,인천상온센터,528.0,0.0,0.0,0.0,0.0,0.0,16.0,40.0,32.0,0.0,88.0,88.0,0.0,0.0,0.0,0,860.0,1018.0,2000.0,서주,젤리류,국산젤리
125461,서주)초코멜로젤리36g,20250430,20,8,20079,A광주상온센터,432.0,0.0,0.0,0.0,0.0,0.0,0.0,24.0,8.0,24.0,64.0,48.0,0.0,0.0,0.0,0,740.0,1018.0,2000.0,서주,젤리류,국산젤리
125461,서주)초코멜로젤리36g,20250430,20,8,20080,A의왕상온센터,480.0,0.0,0.0,0.0,0.0,0.0,0.0,24.0,40.0,32.0,104.0,56.0,0.0,0.0,0.0,0,761.0,1018.0,2000.0,서주,젤리류,국산젤리
125461,서주)초코멜로젤리36g,20250430,20,8,20081,A양산상온센터,480.0,0.0,0.0,0.0,0.0,0.0,16.0,32.0,32.0,40.0,24.0,64.0,0.0,0.0,0.0,0,864.0,1018.0,2000.0,서주,젤리류,국산젤리
125461,서주)초코멜로젤리36g,20250430,20,8,20083,김제상온센터,336.0,0.0,0.0,0.0,0.0,0.0,0.0,16.0,48.0,24.0,24.0,40.0,16.0,0.0,0.0,0,646.0,1018.0,2000.0,서주,젤리류,국산젤리
125461,서주)초코멜로젤리36g,20250430,20,8,20084,천안상온센터,288.0,0.0,0.0,0.0,0.0,0.0,0.0,16.0,32.0,32.0,32.0,48.0,0.0,0.0,0.0,0,594.0,1018.0,2000.0,서주,젤리류,국산젤리
125461,서주)초코멜로젤리36g,20250430,20,8,20085,인천B상온센터,624.0,0.0,0.0,0.0,0.0,0.0,16.0,56.0,24.0,40.0,120.0,80.0,8.0,0.0,0.0,0,852.0,1018.0,2000.0,서주,젤리류,국산젤리
125462,해태)허니버터칩캐슬갈릭브레드맛,20250507,40,12,20006,성남센터,4848.0,300.0,72.0,72.0,504.0,300.0,84.0,72.0,72.0,48.0,48.0,12.0,12.0,0.0,948.0,107,734.0,1164.0,2000.0,해태,스낵류,감자스낵
125462,해태)허니버터칩캐슬갈릭브레드맛,20250507,40,12,20007,대구센터,4668.0,504.0,156.0,432.0,576.0,228.0,96.0,156.0,84.0,48.0,48.0,0.0,0.0,0.0,1392.0,161,972.0,1164.0,2000.0,해태,스낵류,감자스낵
125462,해태)허니버터칩캐슬갈릭브레드맛,20250507,40,12,20010,양주센터,6204.0,348.0,192.0,336.0,384.0,408.0,96.0,72.0,72.0,36.0,36.0,0.0,0.0,0.0,1320.0,141,1017.0,1164.0,2000.0,해태,스낵류,감자스낵
125462,해태)허니버터칩캐슬갈릭브레드맛,20250507,40,12,20017,울산상온센터(K7),3132.0,384.0,108.0,324.0,84.0,168.0,60.0,48.0,72.0,12.0,36.0,36.0,0.0,0.0,684.0,87,723.0,1164.0,2000.0,해태,스낵류,감자스낵
125462,해태)허니버터칩캐슬갈릭브레드맛,20250507,40,12,20033,제주상온센터,1128.0,132.0,108.0,60.0,240.0,60.0,24.0,36.0,12.0,12.0,12.0,0.0,0.0,0.0,468.0,48,309.0,1164.0,2000.0,해태,스낵류,감자스낵
125462,해태)허니버터칩캐슬갈릭브레드맛,20250507,40,12,20034,구성상온센터,6468.0,324.0,108.0,180.0,756.0,324.0,84.0,84.0,84.0,60.0,24.0,60.0,0.0,0.0,1368.0,143,928.0,1164.0,2000.0,해태,스낵류,감자스낵
125462,해태)허니버터칩캐슬갈릭브레드맛,20250507,40,12,20050,세종상온센터,4452.0,300.0,132.0,396.0,456.0,132.0,60.0,60.0,108.0,0.0,12.0,0.0,0.0,0.0,1116.0,118,933.0,1164.0,2000.0,해태,스낵류,감자스낵
125462,해태)허니버터칩캐슬갈릭브레드맛,20250507,40,12,20065,원주상온센터(K7),2892.0,192.0,60.0,156.0,300.0,168.0,60.0,36.0,72.0,12.0,24.0,48.0,0.0,0.0,684.0,73,711.0,1164.0,2000.0,해태,스낵류,감자스낵
125462,해태)허니버터칩캐슬갈릭브레드맛,20250507,40,12,20075,인천상온센터,4152.0,384.0,108.0,396.0,420.0,192.0,48.0,84.0,60.0,60.0,36.0,0.0,0.0,0.0,1116.0,122,858.0,1164.0,2000.0,해태,스낵류,감자스낵
125462,해태)허니버터칩캐슬갈릭브레드맛,20250507,40,12,20079,A광주상온센터,3588.0,108.0,60.0,276.0,252.0,120.0,48.0,12.0,36.0,12.0,24.0,12.0,0.0,0.0,708.0,71,738.0,1164.0,2000.0,해태,스낵류,감자스낵
125462,해태)허니버터칩캐슬갈릭브레드맛,20250507,40,12,20080,A의왕상온센터,3696.0,384.0,60.0,384.0,372.0,192.0,48.0,96.0,60.0,24.0,60.0,12.0,0.0,0.0,1008.0,119,761.0,1164.0,2000.0,해태,스낵류,감자스낵
125462,해태)허니버터칩캐슬갈릭브레드맛,20250507,40,12,20081,A양산상온센터,3744.0,216.0,96.0,192.0,360.0,180.0,60.0,48.0,12.0,24.0,72.0,0.0,0.0,0.0,828.0,88,863.0,1164.0,2000.0,해태,스낵류,감자스낵
125462,해태)허니버터칩캐슬갈릭브레드맛,20250507,40,12,20083,김제상온센터,2628.0,156.0,60.0,84.0,156.0,60.0,96.0,48.0,24.0,12.0,12.0,0.0,0.0,0.0,360.0,44,643.0,1164.0,2000.0,해태,스낵류,감자스낵
125462,해태)허니버터칩캐슬갈릭브레드맛,20250507,40,12,20084,천안상온센터,2244.0,156.0,72.0,156.0,324.0,168.0,60.0,36.0,72.0,12.0,24.0,12.0,0.0,0.0,720.0,73,594.0,1164.0,2000.0,해태,스낵류,감자스낵
125462,해태)허니버터칩캐슬갈릭브레드맛,20250507,40,12,20085,인천B상온센터,5100.0,312.0,144.0,348.0,516.0,132.0,108.0,72.0,24.0,0.0,48.0,0.0,0.0,0.0,1140.0,122,853.0,1164.0,2000.0,해태,스낵류,감자스낵
125463,훼밀리)BBQ롤젤리15g,20250507,10,20,20006,성남센터,2160.0,160.0,60.0,60.0,160.0,100.0,60.0,20.0,0.0,0.0,0.0,0.0,0.0,0.0,380.0,28,734.0,500.0,1000.0,훼밀리,젤리류,수입젤리
125463,훼밀리)BBQ롤젤리15g,20250507,10,20,20007,대구센터,1920.0,300.0,120.0,440.0,380.0,160.0,80.0,80.0,60.0,80.0,20.0,0.0,0.0,0.0,1100.0,73,972.0,500.0,1000.0,훼밀리,젤리류,수입젤리
125463,훼밀리)BBQ롤젤리15g,20250507,10,20,20010,양주센터,2640.0,100.0,80.0,300.0,200.0,160.0,20.0,20.0,20.0,20.0,40.0,20.0,0.0,0.0,740.0,43,1017.0,500.0,1000.0,훼밀리,젤리류,수입젤리
125463,훼밀리)BBQ롤젤리15g,20250507,10,20,20017,울산상온센터(K7),1440.0,280.0,40.0,160.0,80.0,120.0,40.0,40.0,40.0,20.0,20.0,0.0,0.0,0.0,400.0,35,723.0,500.0,1000.0,훼밀리,젤리류,수입젤리
125463,훼밀리)BBQ롤젤리15g,20250507,10,20,20033,제주상온센터,480.0,40.0,40.0,40.0,140.0,0.0,0.0,20.0,0.0,0.0,0.0,0.0,0.0,0.0,220.0,13,309.0,500.0,1000.0,훼밀리,젤리류,수입젤리
125463,훼밀리)BBQ롤젤리15g,20250507,10,20,20034,구성상온센터,2640.0,300.0,40.0,120.0,300.0,260.0,80.0,100.0,20.0,0.0,20.0,20.0,0.0,0.0,720.0,55,928.0,500.0,1000.0,훼밀리,젤리류,수입젤리
125463,훼밀리)BBQ롤젤리15g,20250507,10,20,20050,세종상온센터,1920.0,280.0,100.0,420.0,280.0,80.0,80.0,40.0,20.0,0.0,20.0,0.0,0.0,0.0,880.0,60,933.0,500.0,1000.0,훼밀리,젤리류,수입젤리
125463,훼밀리)BBQ롤젤리15g,20250507,10,20,20065,원주상온센터(K7),1200.0,160.0,60.0,220.0,200.0,120.0,120.0,40.0,60.0,20.0,0.0,120.0,0.0,0.0,600.0,39,711.0,500.0,1000.0,훼밀리,젤리류,수입젤리
125463,훼밀리)BBQ롤젤리15g,20250507,10,20,20075,인천상온센터,1920.0,280.0,20.0,180.0,220.0,140.0,0.0,40.0,20.0,60.0,20.0,0.0,0.0,0.0,560.0,42,858.0,500.0,1000.0,훼밀리,젤리류,수입젤리
125463,훼밀리)BBQ롤젤리15g,20250507,10,20,20079,A광주상온센터,1680.0,100.0,100.0,180.0,200.0,120.0,40.0,20.0,40.0,0.0,0.0,0.0,0.0,0.0,600.0,36,738.0,500.0,1000.0,훼밀리,젤리류,수입젤리
125463,훼밀리)BBQ롤젤리15g,20250507,10,20,20080,A의왕상온센터,1680.0,240.0,80.0,160.0,280.0,100.0,20.0,40.0,40.0,40.0,20.0,0.0,0.0,0.0,620.0,47,761.0,500.0,1000.0,훼밀리,젤리류,수입젤리
125463,훼밀리)BBQ롤젤리15g,20250507,10,20,20081,A양산상온센터,1680.0,260.0,40.0,220.0,320.0,60.0,20.0,20.0,0.0,20.0,60.0,0.0,0.0,0.0,640.0,48,863.0,500.0,1000.0,훼밀리,젤리류,수입젤리
125463,훼밀리)BBQ롤젤리15g,20250507,10,20,20083,김제상온센터,1200.0,300.0,40.0,60.0,200.0,120.0,100.0,20.0,80.0,20.0,0.0,0.0,0.0,0.0,420.0,37,643.0,500.0,1000.0,훼밀리,젤리류,수입젤리
125463,훼밀리)BBQ롤젤리15g,20250507,10,20,20084,천안상온센터,960.0,140.0,80.0,80.0,260.0,20.0,40.0,20.0,20.0,0.0,20.0,20.0,0.0,0.0,440.0,30,594.0,500.0,1000.0,훼밀리,젤리류,수입젤리
125463,훼밀리)BBQ롤젤리15g,20250507,10,20,20085,인천B상온센터,2160.0,220.0,40.0,200.0,220.0,80.0,60.0,0.0,20.0,20.0,20.0,0.0,0.0,0.0,540.0,43,853.0,500.0,1000.0,훼밀리,젤리류,수입젤리
125464,에이스)마하차녹망고젤리64g,20250507,10,10,20006,성남센터,1600.0,160.0,50.0,30.0,180.0,120.0,20.0,20.0,30.0,30.0,20.0,0.0,0.0,0.0,380.0,55,734.0,1055.0,2000.0,에이스,젤리류,수입젤리
125464,에이스)마하차녹망고젤리64g,20250507,10,10,20007,대구센터,1500.0,160.0,50.0,160.0,160.0,50.0,40.0,30.0,20.0,40.0,0.0,10.0,0.0,0.0,420.0,64,972.0,1055.0,2000.0,에이스,젤리류,수입젤리
125464,에이스)마하차녹망고젤리64g,20250507,10,10,20010,양주센터,2000.0,120.0,40.0,120.0,180.0,160.0,30.0,20.0,20.0,20.0,10.0,20.0,0.0,0.0,500.0,65,1017.0,1055.0,2000.0,에이스,젤리류,수입젤리
125464,에이스)마하차녹망고젤리64g,20250507,10,10,20017,울산상온센터(K7),1000.0,120.0,0.0,40.0,40.0,50.0,30.0,40.0,20.0,0.0,20.0,20.0,0.0,0.0,130.0,26,723.0,1055.0,2000.0,에이스,젤리류,수입젤리
125464,에이스)마하차녹망고젤리64g,20250507,10,10,20033,제주상온센터,400.0,10.0,30.0,30.0,90.0,20.0,30.0,0.0,20.0,0.0,0.0,0.0,0.0,0.0,170.0,19,309.0,1055.0,2000.0,에이스,젤리류,수입젤리
125464,에이스)마하차녹망고젤리64g,20250507,10,10,20034,구성상온센터,2100.0,130.0,10.0,70.0,310.0,80.0,30.0,30.0,10.0,20.0,10.0,20.0,0.0,0.0,470.0,67,928.0,1055.0,2000.0,에이스,젤리류,수입젤리
125464,에이스)마하차녹망고젤리64g,20250507,10,10,20050,세종상온센터,1400.0,80.0,30.0,130.0,180.0,60.0,30.0,60.0,20.0,0.0,10.0,10.0,0.0,0.0,400.0,49,933.0,1055.0,2000.0,에이스,젤리류,수입젤리
125464,에이스)마하차녹망고젤리64g,20250507,10,10,20065,원주상온센터(K7),1000.0,50.0,20.0,100.0,110.0,50.0,30.0,30.0,10.0,10.0,10.0,40.0,0.0,0.0,280.0,34,711.0,1055.0,2000.0,에이스,젤리류,수입젤리
125464,에이스)마하차녹망고젤리64g,20250507,10,10,20075,인천상온센터,1400.0,110.0,0.0,130.0,140.0,30.0,20.0,20.0,0.0,0.0,0.0,0.0,0.0,0.0,300.0,44,858.0,1055.0,2000.0,에이스,젤리류,수입젤리
125464,에이스)마하차녹망고젤리64g,20250507,10,10,20079,A광주상온센터,1200.0,50.0,30.0,110.0,100.0,60.0,10.0,70.0,40.0,0.0,0.0,0.0,0.0,0.0,300.0,38,738.0,1055.0,2000.0,에이스,젤리류,수입젤리
125464,에이스)마하차녹망고젤리64g,20250507,10,10,20080,A의왕상온센터,1200.0,100.0,40.0,120.0,130.0,50.0,20.0,40.0,40.0,10.0,0.0,0.0,0.0,0.0,340.0,49,761.0,1055.0,2000.0,에이스,젤리류,수입젤리
125464,에이스)마하차녹망고젤리64g,20250507,10,10,20081,A양산상온센터,1200.0,90.0,10.0,80.0,100.0,30.0,20.0,0.0,20.0,0.0,10.0,0.0,0.0,0.0,220.0,39,863.0,1055.0,2000.0,에이스,젤리류,수입젤리
125464,에이스)마하차녹망고젤리64g,20250507,10,10,20083,김제상온센터,900.0,90.0,30.0,30.0,60.0,20.0,50.0,20.0,30.0,10.0,10.0,0.0,0.0,0.0,140.0,24,643.0,1055.0,2000.0,에이스,젤리류,수입젤리
125464,에이스)마하차녹망고젤리64g,20250507,10,10,20084,천안상온센터,800.0,40.0,20.0,30.0,140.0,50.0,20.0,0.0,30.0,0.0,20.0,10.0,0.0,0.0,240.0,28,594.0,1055.0,2000.0,에이스,젤리류,수입젤리
125464,에이스)마하차녹망고젤리64g,20250507,10,10,20085,인천B상온센터,1700.0,120.0,70.0,200.0,160.0,30.0,40.0,20.0,20.0,0.0,20.0,0.0,0.0,0.0,460.0,62,853.0,1055.0,2000.0,에이스,젤리류,수입젤리
125465,에이스)시트러스레몬젤리64g,20250507,10,10,20006,성남센터,1300.0,150.0,40.0,30.0,130.0,80.0,10.0,20.0,30.0,20.0,20.0,0.0,0.0,0.0,280.0,46,734.0,1055.0,2000.0,에이스,젤리류,수입젤리
125465,에이스)시트러스레몬젤리64g,20250507,10,10,20007,대구센터,1300.0,150.0,50.0,100.0,160.0,70.0,20.0,10.0,20.0,20.0,30.0,0.0,0.0,0.0,380.0,56,972.0,1055.0,2000.0,에이스,젤리류,수입젤리
125465,에이스)시트러스레몬젤리64g,20250507,10,10,20010,양주센터,1700.0,100.0,40.0,100.0,130.0,130.0,30.0,20.0,20.0,20.0,10.0,10.0,0.0,0.0,400.0,55,1017.0,1055.0,2000.0,에이스,젤리류,수입젤리
125465,에이스)시트러스레몬젤리64g,20250507,10,10,20017,울산상온센터(K7),900.0,90.0,10.0,50.0,60.0,30.0,20.0,30.0,0.0,0.0,20.0,20.0,0.0,0.0,150.0,24,723.0,1055.0,2000.0,에이스,젤리류,수입젤리
125465,에이스)시트러스레몬젤리64g,20250507,10,10,20033,제주상온센터,300.0,20.0,10.0,40.0,50.0,0.0,20.0,0.0,20.0,0.0,0.0,10.0,0.0,0.0,100.0,13,309.0,1055.0,2000.0,에이스,젤리류,수입젤리
125465,에이스)시트러스레몬젤리64g,20250507,10,10,20034,구성상온센터,1700.0,110.0,0.0,30.0,220.0,60.0,20.0,10.0,20.0,10.0,10.0,20.0,0.0,0.0,310.0,50,928.0,1055.0,2000.0,에이스,젤리류,수입젤리
125465,에이스)시트러스레몬젤리64g,20250507,10,10,20050,세종상온센터,1200.0,70.0,10.0,120.0,180.0,80.0,30.0,50.0,20.0,0.0,10.0,10.0,0.0,0.0,390.0,48,933.0,1055.0,2000.0,에이스,젤리류,수입젤리
125465,에이스)시트러스레몬젤리64g,20250507,10,10,20065,원주상온센터(K7),800.0,70.0,20.0,70.0,80.0,60.0,20.0,10.0,10.0,10.0,10.0,40.0,0.0,0.0,230.0,30,711.0,1055.0,2000.0,에이스,젤리류,수입젤리
125465,에이스)시트러스레몬젤리64g,20250507,10,10,20075,인천상온센터,1100.0,110.0,0.0,120.0,100.0,20.0,20.0,20.0,0.0,10.0,10.0,0.0,0.0,0.0,240.0,40,858.0,1055.0,2000.0,에이스,젤리류,수입젤리
125465,에이스)시트러스레몬젤리64g,20250507,10,10,20079,A광주상온센터,1000.0,40.0,30.0,90.0,110.0,80.0,10.0,60.0,50.0,0.0,0.0,0.0,0.0,0.0,310.0,35,738.0,1055.0,2000.0,에이스,젤리류,수입젤리
125465,에이스)시트러스레몬젤리64g,20250507,10,10,20080,A의왕상온센터,1000.0,60.0,20.0,120.0,130.0,40.0,0.0,30.0,40.0,10.0,10.0,0.0,0.0,0.0,310.0,44,761.0,1055.0,2000.0,에이스,젤리류,수입젤리
125465,에이스)시트러스레몬젤리64g,20250507,10,10,20081,A양산상온센터,1000.0,80.0,20.0,80.0,110.0,30.0,20.0,0.0,20.0,10.0,10.0,0.0,0.0,0.0,240.0,34,863.0,1055.0,2000.0,에이스,젤리류,수입젤리
125465,에이스)시트러스레몬젤리64g,20250507,10,10,20083,김제상온센터,700.0,60.0,40.0,20.0,80.0,20.0,40.0,20.0,30.0,10.0,0.0,0.0,0.0,0.0,160.0,23,643.0,1055.0,2000.0,에이스,젤리류,수입젤리
125465,에이스)시트러스레몬젤리64g,20250507,10,10,20084,천안상온센터,600.0,40.0,20.0,30.0,100.0,30.0,10.0,0.0,10.0,0.0,10.0,10.0,0.0,0.0,180.0,26,594.0,1055.0,2000.0,에이스,젤리류,수입젤리
125465,에이스)시트러스레몬젤리64g,20250507,10,10,20085,인천B상온센터,1400.0,100.0,50.0,140.0,140.0,30.0,30.0,10.0,20.0,0.0,20.0,0.0,0.0,0.0,360.0,52,853.0,1055.0,2000.0,에이스,젤리류,수입젤리
125466,에이스)샤인머스켓젤리64g,20250507,10,10,20006,성남센터,1500.0,150.0,40.0,30.0,160.0,120.0,10.0,10.0,30.0,10.0,20.0,0.0,0.0,0.0,350.0,52,734.0,1055.0,2000.0,에이스,젤리류,수입젤리
125466,에이스)샤인머스켓젤리64g,20250507,10,10,20007,대구센터,1400.0,160.0,70.0,80.0,190.0,50.0,30.0,20.0,20.0,20.0,0.0,0.0,0.0,0.0,390.0,60,972.0,1055.0,2000.0,에이스,젤리류,수입젤리
125466,에이스)샤인머스켓젤리64g,20250507,10,10,20010,양주센터,1900.0,120.0,60.0,90.0,170.0,150.0,20.0,10.0,20.0,10.0,10.0,10.0,0.0,0.0,470.0,61,1017.0,1055.0,2000.0,에이스,젤리류,수입젤리
125466,에이스)샤인머스켓젤리64g,20250507,10,10,20017,울산상온센터(K7),1000.0,110.0,0.0,50.0,40.0,40.0,10.0,30.0,0.0,0.0,20.0,20.0,0.0,0.0,130.0,25,723.0,1055.0,2000.0,에이스,젤리류,수입젤리
125466,에이스)샤인머스켓젤리64g,20250507,10,10,20033,제주상온센터,400.0,20.0,10.0,20.0,80.0,20.0,0.0,0.0,20.0,0.0,0.0,10.0,0.0,0.0,130.0,15,309.0,1055.0,2000.0,에이스,젤리류,수입젤리
125466,에이스)샤인머스켓젤리64g,20250507,10,10,20034,구성상온센터,2000.0,120.0,20.0,40.0,260.0,70.0,10.0,20.0,20.0,20.0,20.0,10.0,0.0,0.0,390.0,57,928.0,1055.0,2000.0,에이스,젤리류,수입젤리
125466,에이스)샤인머스켓젤리64g,20250507,10,10,20050,세종상온센터,1400.0,70.0,10.0,100.0,160.0,70.0,30.0,30.0,20.0,0.0,10.0,10.0,0.0,0.0,340.0,44,933.0,1055.0,2000.0,에이스,젤리류,수입젤리
125466,에이스)샤인머스켓젤리64g,20250507,10,10,20065,원주상온센터(K7),900.0,50.0,30.0,90.0,90.0,60.0,30.0,10.0,0.0,10.0,10.0,40.0,0.0,0.0,270.0,33,711.0,1055.0,2000.0,에이스,젤리류,수입젤리
125466,에이스)샤인머스켓젤리64g,20250507,10,10,20075,인천상온센터,1300.0,130.0,10.0,110.0,90.0,40.0,20.0,30.0,0.0,10.0,0.0,0.0,0.0,0.0,250.0,39,858.0,1055.0,2000.0,에이스,젤리류,수입젤리
125466,에이스)샤인머스켓젤리64g,20250507,10,10,20079,A광주상온센터,1100.0,30.0,30.0,110.0,130.0,90.0,20.0,70.0,50.0,0.0,0.0,0.0,0.0,0.0,360.0,39,738.0,1055.0,2000.0,에이스,젤리류,수입젤리
125466,에이스)샤인머스켓젤리64g,20250507,10,10,20080,A의왕상온센터,1100.0,100.0,20.0,160.0,140.0,60.0,10.0,50.0,40.0,10.0,0.0,0.0,0.0,0.0,380.0,53,761.0,1055.0,2000.0,에이스,젤리류,수입젤리
125466,에이스)샤인머스켓젤리64g,20250507,10,10,20081,A양산상온센터,1200.0,60.0,20.0,90.0,110.0,50.0,0.0,0.0,20.0,20.0,10.0,0.0,0.0,0.0,270.0,37,863.0,1055.0,2000.0,에이스,젤리류,수입젤리
125466,에이스)샤인머스켓젤리64g,20250507,10,10,20083,김제상온센터,800.0,80.0,30.0,30.0,90.0,20.0,50.0,10.0,30.0,10.0,10.0,0.0,0.0,0.0,170.0,26,643.0,1055.0,2000.0,에이스,젤리류,수입젤리
125466,에이스)샤인머스켓젤리64g,20250507,10,10,20084,천안상온센터,700.0,40.0,20.0,20.0,100.0,40.0,10.0,0.0,30.0,0.0,10.0,10.0,0.0,0.0,180.0,23,594.0,1055.0,2000.0,에이스,젤리류,수입젤리
125466,에이스)샤인머스켓젤리64g,20250507,10,10,20085,인천B상온센터,1600.0,110.0,40.0,150.0,170.0,30.0,40.0,10.0,10.0,0.0,20.0,0.0,0.0,0.0,390.0,56,853.0,1055.0,2000.0,에이스,젤리류,수입젤리
125489,크라운)디샤미니마스코바도34g,20250514,40,6,20006,성남센터,984.0,12.0,48.0,24.0,132.0,66.0,48.0,6.0,6.0,0.0,6.0,0.0,6.0,0.0,270.0,48,732.0,1169.0,2000.0,크라운,초콜릿,봉지초콜릿
125489,크라운)디샤미니마스코바도34g,20250514,40,6,20007,대구센터,936.0,30.0,6.0,90.0,84.0,54.0,42.0,42.0,12.0,18.0,6.0,0.0,6.0,0.0,234.0,46,968.0,1169.0,2000.0,크라운,초콜릿,봉지초콜릿
125489,크라운)디샤미니마스코바도34g,20250514,40,6,20010,양주센터,1248.0,66.0,42.0,78.0,96.0,72.0,84.0,6.0,24.0,6.0,6.0,12.0,6.0,0.0,288.0,59,1013.0,1169.0,2000.0,크라운,초콜릿,봉지초콜릿
125489,크라운)디샤미니마스코바도34g,20250514,40,6,20017,울산상온센터(K7),648.0,60.0,66.0,36.0,72.0,18.0,6.0,0.0,6.0,6.0,6.0,0.0,0.0,0.0,192.0,44,717.0,1169.0,2000.0,크라운,초콜릿,봉지초콜릿
125489,크라운)디샤미니마스코바도34g,20250514,40,6,20033,제주상온센터,240.0,12.0,12.0,18.0,24.0,30.0,0.0,6.0,0.0,0.0,0.0,0.0,0.0,0.0,84.0,15,308.0,1169.0,2000.0,크라운,초콜릿,봉지초콜릿
125489,크라운)디샤미니마스코바도34g,20250514,40,6,20034,구성상온센터,1296.0,18.0,54.0,24.0,156.0,90.0,66.0,18.0,24.0,0.0,12.0,18.0,0.0,0.0,324.0,59,925.0,1169.0,2000.0,크라운,초콜릿,봉지초콜릿
125489,크라운)디샤미니마스코바도34g,20250514,40,6,20050,세종상온센터,912.0,42.0,18.0,78.0,60.0,72.0,18.0,24.0,12.0,0.0,18.0,0.0,0.0,0.0,228.0,49,929.0,1169.0,2000.0,크라운,초콜릿,봉지초콜릿
125489,크라운)디샤미니마스코바도34g,20250514,40,6,20065,원주상온센터(K7),600.0,24.0,12.0,24.0,66.0,42.0,60.0,12.0,12.0,6.0,18.0,0.0,0.0,0.0,144.0,28,710.0,1169.0,2000.0,크라운,초콜릿,봉지초콜릿
125489,크라운)디샤미니마스코바도34g,20250514,40,6,20075,인천상온센터,840.0,66.0,42.0,78.0,78.0,90.0,30.0,30.0,18.0,0.0,12.0,0.0,0.0,0.0,288.0,61,857.0,1169.0,2000.0,크라운,초콜릿,봉지초콜릿
125489,크라운)디샤미니마스코바도34g,20250514,40,6,20079,A광주상온센터,720.0,18.0,24.0,30.0,66.0,42.0,30.0,6.0,18.0,0.0,12.0,0.0,0.0,0.0,162.0,33,734.0,1169.0,2000.0,크라운,초콜릿,봉지초콜릿
125489,크라운)디샤미니마스코바도34g,20250514,40,6,20080,A의왕상온센터,744.0,30.0,48.0,78.0,84.0,60.0,60.0,24.0,24.0,0.0,6.0,0.0,0.0,0.0,270.0,51,756.0,1169.0,2000.0,크라운,초콜릿,봉지초콜릿
125489,크라운)디샤미니마스코바도34g,20250514,40,6,20081,A양산상온센터,768.0,30.0,60.0,60.0,60.0,30.0,12.0,24.0,0.0,6.0,6.0,12.0,0.0,0.0,210.0,44,860.0,1169.0,2000.0,크라운,초콜릿,봉지초콜릿
125489,크라운)디샤미니마스코바도34g,20250514,40,6,20083,김제상온센터,528.0,6.0,24.0,36.0,36.0,72.0,18.0,12.0,12.0,6.0,6.0,0.0,0.0,0.0,168.0,29,637.0,1169.0,2000.0,크라운,초콜릿,봉지초콜릿
125489,크라운)디샤미니마스코바도34g,20250514,40,6,20084,천안상온센터,456.0,12.0,18.0,42.0,66.0,54.0,30.0,42.0,24.0,6.0,12.0,6.0,0.0,0.0,180.0,32,590.0,1169.0,2000.0,크라운,초콜릿,봉지초콜릿
125489,크라운)디샤미니마스코바도34g,20250514,40,6,20085,인천B상온센터,1032.0,66.0,30.0,72.0,60.0,24.0,42.0,48.0,12.0,12.0,6.0,12.0,6.0,0.0,186.0,44,846.0,1169.0,2000.0,크라운,초콜릿,봉지초콜릿
125631,나무)아삭귤젤리35g,20250514,30,8,20006,성남센터,1344.0,0.0,0.0,0.0,96.0,120.0,144.0,200.0,32.0,16.0,8.0,8.0,0.0,0.0,216.0,27,732.0,1000.0,2000.0,나무,젤리류,수입젤리
125631,나무)아삭귤젤리35g,20250514,30,8,20007,대구센터,1248.0,0.0,0.0,96.0,184.0,112.0,160.0,88.0,8.0,32.0,0.0,0.0,8.0,0.0,392.0,50,968.0,1000.0,2000.0,나무,젤리류,수입젤리
125631,나무)아삭귤젤리35g,20250514,30,8,20010,양주센터,1728.0,0.0,0.0,80.0,136.0,104.0,80.0,40.0,56.0,0.0,32.0,48.0,0.0,0.0,320.0,41,1013.0,1000.0,2000.0,나무,젤리류,수입젤리
125631,나무)아삭귤젤리35g,20250514,30,8,20017,울산상온센터(K7),864.0,0.0,0.0,72.0,96.0,88.0,48.0,16.0,32.0,32.0,8.0,24.0,0.0,0.0,256.0,32,717.0,1000.0,2000.0,나무,젤리류,수입젤리
125631,나무)아삭귤젤리35g,20250514,30,8,20033,제주상온센터,384.0,0.0,0.0,0.0,80.0,24.0,56.0,24.0,8.0,0.0,0.0,16.0,0.0,0.0,104.0,12,308.0,1000.0,2000.0,나무,젤리류,수입젤리
125631,나무)아삭귤젤리35g,20250514,30,8,20034,구성상온센터,1728.0,0.0,0.0,0.0,184.0,184.0,128.0,24.0,32.0,8.0,0.0,16.0,8.0,0.0,368.0,46,925.0,1000.0,2000.0,나무,젤리류,수입젤리
125631,나무)아삭귤젤리35g,20250514,30,8,20050,세종상온센터,1248.0,0.0,0.0,64.0,112.0,184.0,72.0,56.0,32.0,16.0,24.0,8.0,0.0,0.0,360.0,46,929.0,1000.0,2000.0,나무,젤리류,수입젤리
125631,나무)아삭귤젤리35g,20250514,30,8,20065,원주상온센터(K7),864.0,0.0,0.0,0.0,96.0,144.0,80.0,80.0,24.0,16.0,24.0,8.0,0.0,0.0,240.0,31,710.0,1000.0,2000.0,나무,젤리류,수입젤리
125631,나무)아삭귤젤리35g,20250514,30,8,20075,인천상온센터,1152.0,0.0,0.0,88.0,120.0,144.0,112.0,16.0,24.0,16.0,16.0,0.0,0.0,0.0,352.0,45,857.0,1000.0,2000.0,나무,젤리류,수입젤리
125631,나무)아삭귤젤리35g,20250514,30,8,20079,A광주상온센터,960.0,0.0,0.0,104.0,72.0,80.0,48.0,64.0,32.0,8.0,8.0,0.0,0.0,0.0,256.0,35,734.0,1000.0,2000.0,나무,젤리류,수입젤리
125631,나무)아삭귤젤리35g,20250514,30,8,20080,A의왕상온센터,1056.0,0.0,0.0,56.0,96.0,104.0,152.0,40.0,40.0,0.0,0.0,24.0,0.0,0.0,256.0,32,756.0,1000.0,2000.0,나무,젤리류,수입젤리
125631,나무)아삭귤젤리35g,20250514,30,8,20081,A양산상온센터,1056.0,0.0,0.0,56.0,136.0,112.0,72.0,40.0,8.0,16.0,32.0,8.0,0.0,0.0,304.0,38,860.0,1000.0,2000.0,나무,젤리류,수입젤리
125631,나무)아삭귤젤리35g,20250514,30,8,20083,김제상온센터,768.0,0.0,0.0,32.0,72.0,120.0,72.0,40.0,24.0,8.0,0.0,8.0,0.0,0.0,224.0,28,637.0,1000.0,2000.0,나무,젤리류,수입젤리
125631,나무)아삭귤젤리35g,20250514,30,8,20084,천안상온센터,672.0,0.0,0.0,0.0,56.0,96.0,64.0,72.0,32.0,0.0,16.0,24.0,0.0,0.0,152.0,19,590.0,1000.0,2000.0,나무,젤리류,수입젤리
125631,나무)아삭귤젤리35g,20250514,30,8,20085,인천B상온센터,1440.0,0.0,0.0,80.0,144.0,160.0,88.0,64.0,32.0,0.0,16.0,16.0,16.0,0.0,384.0,45,846.0,1000.0,2000.0,나무,젤리류,수입젤리
125633,크라운)쌔콤달콤울트라레몬29g,20250521,30,15,20006,성남센터,9360.0,285.0,390.0,300.0,1110.0,525.0,270.0,150.0,120.0,30.0,45.0,60.0,0.0,0.0,2325.0,157,732.0,409.0,700.0,크라운,캔디류,소프트캔디
125633,크라운)쌔콤달콤울트라레몬29g,20250521,30,15,20007,대구센터,8820.0,765.0,270.0,960.0,945.0,600.0,255.0,285.0,135.0,45.0,30.0,15.0,0.0,0.0,2775.0,229,967.0,409.0,700.0,크라운,캔디류,소프트캔디
125633,크라운)쌔콤달콤울트라레몬29g,20250521,30,15,20010,양주센터,11790.0,495.0,195.0,825.0,1260.0,600.0,300.0,165.0,150.0,75.0,0.0,30.0,0.0,0.0,2880.0,223,1011.0,409.0,700.0,크라운,캔디류,소프트캔디
125633,크라운)쌔콤달콤울트라레몬29g,20250521,30,15,20017,울산상온센터(K7),5940.0,435.0,210.0,495.0,600.0,345.0,165.0,120.0,60.0,15.0,45.0,75.0,0.0,0.0,1650.0,133,715.0,409.0,700.0,크라운,캔디류,소프트캔디
125633,크라운)쌔콤달콤울트라레몬29g,20250521,30,15,20033,제주상온센터,2160.0,75.0,45.0,60.0,240.0,105.0,75.0,15.0,45.0,15.0,15.0,15.0,0.0,0.0,450.0,36,307.0,409.0,700.0,크라운,캔디류,소프트캔디
125633,크라운)쌔콤달콤울트라레몬29g,20250521,30,15,20034,구성상온센터,12510.0,480.0,375.0,240.0,1575.0,570.0,435.0,285.0,195.0,75.0,90.0,45.0,0.0,0.0,2760.0,197,925.0,409.0,700.0,크라운,캔디류,소프트캔디
125633,크라운)쌔콤달콤울트라레몬29g,20250521,30,15,20050,세종상온센터,8460.0,405.0,285.0,1065.0,1125.0,450.0,390.0,135.0,120.0,30.0,45.0,15.0,15.0,0.0,2925.0,218,926.0,409.0,700.0,크라운,캔디류,소프트캔디
125633,크라운)쌔콤달콤울트라레몬29g,20250521,30,15,20065,원주상온센터(K7),5490.0,210.0,180.0,225.0,690.0,375.0,300.0,135.0,60.0,15.0,30.0,45.0,0.0,0.0,1470.0,110,711.0,409.0,700.0,크라운,캔디류,소프트캔디
125633,크라운)쌔콤달콤울트라레몬29g,20250521,30,15,20075,인천상온센터,7920.0,615.0,195.0,750.0,735.0,345.0,210.0,120.0,150.0,15.0,15.0,30.0,0.0,0.0,2025.0,166,855.0,409.0,700.0,크라운,캔디류,소프트캔디
125633,크라운)쌔콤달콤울트라레몬29g,20250521,30,15,20079,A광주상온센터,6840.0,300.0,105.0,600.0,675.0,375.0,300.0,165.0,45.0,45.0,45.0,0.0,0.0,0.0,1755.0,134,734.0,409.0,700.0,크라운,캔디류,소프트캔디
125633,크라운)쌔콤달콤울트라레몬29g,20250521,30,15,20080,A의왕상온센터,7020.0,555.0,165.0,735.0,930.0,375.0,240.0,105.0,75.0,45.0,45.0,15.0,15.0,0.0,2205.0,178,757.0,409.0,700.0,크라운,캔디류,소프트캔디
125633,크라운)쌔콤달콤울트라레몬29g,20250521,30,15,20081,A양산상온센터,7110.0,330.0,210.0,465.0,630.0,450.0,165.0,150.0,90.0,105.0,45.0,0.0,0.0,0.0,1755.0,143,860.0,409.0,700.0,크라운,캔디류,소프트캔디
125633,크라운)쌔콤달콤울트라레몬29g,20250521,30,15,20083,김제상온센터,4950.0,270.0,105.0,465.0,465.0,300.0,150.0,135.0,45.0,45.0,30.0,15.0,0.0,0.0,1335.0,108,634.0,409.0,700.0,크라운,캔디류,소프트캔디
125633,크라운)쌔콤달콤울트라레몬29g,20250521,30,15,20084,천안상온센터,4320.0,360.0,135.0,180.0,735.0,240.0,195.0,225.0,45.0,30.0,15.0,30.0,0.0,0.0,1290.0,109,590.0,409.0,700.0,크라운,캔디류,소프트캔디
125633,크라운)쌔콤달콤울트라레몬29g,20250521,30,15,20085,인천B상온센터,9720.0,645.0,225.0,915.0,735.0,420.0,330.0,180.0,105.0,75.0,30.0,15.0,0.0,0.0,2295.0,181,845.0,409.0,700.0,크라운,캔디류,소프트캔디
125636,해태)에이스플랫화이트맛121g,20250514,20,2,20006,성남센터,2700.0,0.0,0.0,72.0,296.0,136.0,104.0,68.0,34.0,8.0,12.0,14.0,6.0,0.0,504.0,96,732.0,927.0,1700.0,해태,비스킷류,크래커
125636,해태)에이스플랫화이트맛121g,20250514,20,2,20007,대구센터,2610.0,0.0,18.0,210.0,268.0,206.0,144.0,130.0,40.0,44.0,12.0,12.0,6.0,0.0,702.0,134,968.0,927.0,1700.0,해태,비스킷류,크래커
125636,해태)에이스플랫화이트맛121g,20250514,20,2,20010,양주센터,3450.0,0.0,66.0,172.0,286.0,160.0,194.0,68.0,42.0,6.0,26.0,34.0,6.0,0.0,684.0,122,1013.0,927.0,1700.0,해태,비스킷류,크래커
125636,해태)에이스플랫화이트맛121g,20250514,20,2,20017,울산상온센터(K7),1740.0,0.0,30.0,194.0,144.0,88.0,44.0,50.0,34.0,20.0,6.0,14.0,0.0,0.0,456.0,85,717.0,927.0,1700.0,해태,비스킷류,크래커
125636,해태)에이스플랫화이트맛121g,20250514,20,2,20033,제주상온센터,750.0,0.0,0.0,68.0,94.0,36.0,64.0,40.0,6.0,6.0,6.0,6.0,0.0,0.0,198.0,35,308.0,927.0,1700.0,해태,비스킷류,크래커
125636,해태)에이스플랫화이트맛121g,20250514,20,2,20034,구성상온센터,3600.0,0.0,0.0,108.0,350.0,252.0,214.0,122.0,22.0,6.0,24.0,22.0,0.0,0.0,710.0,133,925.0,927.0,1700.0,해태,비스킷류,크래커
125636,해태)에이스플랫화이트맛121g,20250514,20,2,20050,세종상온센터,2490.0,0.0,58.0,172.0,246.0,220.0,144.0,90.0,68.0,30.0,6.0,4.0,0.0,0.0,696.0,131,929.0,927.0,1700.0,해태,비스킷류,크래커
125636,해태)에이스플랫화이트맛121g,20250514,20,2,20065,원주상온센터(K7),1620.0,0.0,0.0,68.0,158.0,152.0,76.0,86.0,46.0,12.0,24.0,6.0,0.0,0.0,378.0,72,710.0,927.0,1700.0,해태,비스킷류,크래커
125636,해태)에이스플랫화이트맛121g,20250514,20,2,20075,인천상온센터,2310.0,0.0,74.0,176.0,254.0,172.0,100.0,84.0,18.0,12.0,12.0,0.0,0.0,0.0,676.0,128,857.0,927.0,1700.0,해태,비스킷류,크래커
125636,해태)에이스플랫화이트맛121g,20250514,20,2,20079,A광주상온센터,2010.0,0.0,40.0,114.0,120.0,144.0,106.0,88.0,30.0,8.0,6.0,6.0,0.0,0.0,418.0,79,734.0,927.0,1700.0,해태,비스킷류,크래커
125636,해태)에이스플랫화이트맛121g,20250514,20,2,20080,A의왕상온센터,2700.0,0.0,66.0,234.0,214.0,152.0,154.0,82.0,54.0,10.0,16.0,0.0,0.0,0.0,666.0,126,756.0,927.0,1700.0,해태,비스킷류,크래커
125636,해태)에이스플랫화이트맛121g,20250514,20,2,20081,A양산상온센터,2100.0,0.0,48.0,164.0,218.0,166.0,68.0,74.0,8.0,18.0,24.0,6.0,0.0,0.0,596.0,110,860.0,927.0,1700.0,해태,비스킷류,크래커
125636,해태)에이스플랫화이트맛121g,20250514,20,2,20083,김제상온센터,1470.0,0.0,2.0,82.0,84.0,102.0,62.0,48.0,24.0,18.0,12.0,6.0,12.0,0.0,270.0,56,637.0,927.0,1700.0,해태,비스킷류,크래커
125636,해태)에이스플랫화이트맛121g,20250514,20,2,20084,천안상온센터,1260.0,0.0,0.0,78.0,170.0,112.0,84.0,82.0,44.0,30.0,12.0,2.0,0.0,0.0,360.0,69,590.0,927.0,1700.0,해태,비스킷류,크래커
125636,해태)에이스플랫화이트맛121g,20250514,20,2,20085,인천B상온센터,2850.0,0.0,34.0,206.0,170.0,168.0,120.0,72.0,38.0,4.0,26.0,14.0,6.0,0.0,578.0,106,846.0,927.0,1700.0,해태,비스킷류,크래커
125638,크라운)츄러스애플시나몬84g,20250514,35,16,20006,성남센터,4304.0,0.0,0.0,240.0,704.0,448.0,192.0,144.0,80.0,32.0,48.0,32.0,32.0,0.0,1392.0,82,732.0,877.0,1500.0,크라운,스낵류,일반스낵
125638,크라운)츄러스애플시나몬84g,20250514,35,16,20007,대구센터,4160.0,0.0,32.0,512.0,608.0,528.0,512.0,336.0,32.0,112.0,16.0,16.0,16.0,0.0,1680.0,108,968.0,877.0,1500.0,크라운,스낵류,일반스낵
125638,크라운)츄러스애플시나몬84g,20250514,35,16,20010,양주센터,5520.0,0.0,80.0,496.0,672.0,400.0,384.0,160.0,192.0,32.0,16.0,80.0,16.0,0.0,1648.0,105,1013.0,877.0,1500.0,크라운,스낵류,일반스낵
125638,크라운)츄러스애플시나몬84g,20250514,35,16,20017,울산상온센터(K7),2784.0,0.0,64.0,464.0,352.0,192.0,80.0,144.0,64.0,16.0,16.0,48.0,0.0,0.0,1072.0,70,717.0,877.0,1500.0,크라운,스낵류,일반스낵
125638,크라운)츄러스애플시나몬84g,20250514,35,16,20033,제주상온센터,1008.0,0.0,0.0,144.0,160.0,96.0,80.0,80.0,16.0,16.0,0.0,0.0,0.0,0.0,400.0,24,308.0,877.0,1500.0,크라운,스낵류,일반스낵
125638,크라운)츄러스애플시나몬84g,20250514,35,16,20034,구성상온센터,5760.0,0.0,0.0,240.0,784.0,608.0,544.0,272.0,64.0,0.0,48.0,48.0,0.0,0.0,1632.0,102,925.0,877.0,1500.0,크라운,스낵류,일반스낵
125638,크라운)츄러스애플시나몬84g,20250514,35,16,20050,세종상온센터,3968.0,0.0,112.0,384.0,544.0,448.0,192.0,176.0,96.0,16.0,16.0,32.0,16.0,0.0,1488.0,96,929.0,877.0,1500.0,크라운,스낵류,일반스낵
125638,크라운)츄러스애플시나몬84g,20250514,35,16,20065,원주상온센터(K7),2576.0,0.0,0.0,128.0,368.0,304.0,192.0,112.0,48.0,48.0,80.0,32.0,0.0,0.0,800.0,54,710.0,877.0,1500.0,크라운,스낵류,일반스낵
125638,크라운)츄러스애플시나몬84g,20250514,35,16,20075,인천상온센터,3696.0,0.0,176.0,384.0,560.0,448.0,272.0,240.0,48.0,48.0,32.0,0.0,0.0,0.0,1568.0,99,857.0,877.0,1500.0,크라운,스낵류,일반스낵
125638,크라운)츄러스애플시나몬84g,20250514,35,16,20079,A광주상온센터,3200.0,0.0,80.0,272.0,240.0,240.0,128.0,208.0,48.0,32.0,48.0,0.0,0.0,0.0,832.0,55,734.0,877.0,1500.0,크라운,스낵류,일반스낵
125638,크라운)츄러스애플시나몬84g,20250514,35,16,20080,A의왕상온센터,3296.0,0.0,144.0,672.0,544.0,416.0,336.0,144.0,64.0,32.0,16.0,16.0,0.0,0.0,1776.0,107,756.0,877.0,1500.0,크라운,스낵류,일반스낵
125638,크라운)츄러스애플시나몬84g,20250514,35,16,20081,A양산상온센터,3328.0,0.0,80.0,368.0,400.0,304.0,192.0,128.0,80.0,16.0,48.0,32.0,0.0,0.0,1152.0,74,860.0,877.0,1500.0,크라운,스낵류,일반스낵
125638,크라운)츄러스애플시나몬84g,20250514,35,16,20083,김제상온센터,2336.0,0.0,32.0,256.0,128.0,192.0,224.0,64.0,64.0,32.0,32.0,0.0,0.0,0.0,608.0,40,637.0,877.0,1500.0,크라운,스낵류,일반스낵
125638,크라운)츄러스애플시나몬84g,20250514,35,16,20084,천안상온센터,2000.0,0.0,0.0,176.0,304.0,224.0,128.0,112.0,80.0,16.0,48.0,32.0,16.0,0.0,704.0,46,590.0,877.0,1500.0,크라운,스낵류,일반스낵
125638,크라운)츄러스애플시나몬84g,20250514,35,16,20085,인천B상온센터,4544.0,0.0,96.0,496.0,432.0,416.0,336.0,160.0,112.0,32.0,64.0,32.0,16.0,0.0,1440.0,94,846.0,877.0,1500.0,크라운,스낵류,일반스낵
125644,미스티)사브레버터쿠키80g,20250514,15,2,20006,성남센터,1620.0,0.0,0.0,68.0,228.0,94.0,88.0,54.0,36.0,8.0,18.0,8.0,12.0,0.0,390.0,78,732.0,1000.0,2000.0,미스티,비스킷류,쿠키
125644,미스티)사브레버터쿠키80g,20250514,15,2,20007,대구센터,1584.0,0.0,12.0,154.0,282.0,180.0,130.0,78.0,40.0,28.0,14.0,6.0,6.0,0.0,628.0,121,968.0,1000.0,2000.0,미스티,비스킷류,쿠키
125644,미스티)사브레버터쿠키80g,20250514,15,2,20010,양주센터,2088.0,0.0,42.0,140.0,250.0,116.0,138.0,46.0,46.0,18.0,18.0,34.0,6.0,0.0,548.0,102,1013.0,1000.0,2000.0,미스티,비스킷류,쿠키
125644,미스티)사브레버터쿠키80g,20250514,15,2,20017,울산상온센터(K7),1044.0,0.0,38.0,146.0,120.0,68.0,32.0,44.0,36.0,18.0,2.0,8.0,0.0,0.0,372.0,73,717.0,1000.0,2000.0,미스티,비스킷류,쿠키
125644,미스티)사브레버터쿠키80g,20250514,15,2,20033,제주상온센터,396.0,0.0,0.0,70.0,58.0,30.0,38.0,36.0,0.0,6.0,6.0,0.0,0.0,0.0,158.0,28,308.0,1000.0,2000.0,미스티,비스킷류,쿠키
125644,미스티)사브레버터쿠키80g,20250514,15,2,20034,구성상온센터,2160.0,0.0,0.0,70.0,270.0,196.0,160.0,82.0,40.0,0.0,18.0,6.0,2.0,0.0,536.0,105,925.0,1000.0,2000.0,미스티,비스킷류,쿠키
125644,미스티)사브레버터쿠키80g,20250514,15,2,20050,세종상온센터,1512.0,0.0,58.0,128.0,180.0,176.0,108.0,54.0,56.0,6.0,8.0,8.0,0.0,0.0,542.0,108,929.0,1000.0,2000.0,미스티,비스킷류,쿠키
125644,미스티)사브레버터쿠키80g,20250514,15,2,20065,원주상온센터(K7),972.0,0.0,0.0,78.0,96.0,98.0,64.0,60.0,20.0,10.0,6.0,6.0,0.0,0.0,272.0,59,710.0,1000.0,2000.0,미스티,비스킷류,쿠키
125644,미스티)사브레버터쿠키80g,20250514,15,2,20075,인천상온센터,1404.0,0.0,52.0,148.0,174.0,140.0,90.0,56.0,20.0,26.0,18.0,0.0,0.0,0.0,514.0,98,857.0,1000.0,2000.0,미스티,비스킷류,쿠키
125644,미스티)사브레버터쿠키80g,20250514,15,2,20079,A광주상온센터,1224.0,0.0,24.0,88.0,98.0,142.0,56.0,70.0,34.0,12.0,8.0,0.0,0.0,0.0,352.0,67,734.0,1000.0,2000.0,미스티,비스킷류,쿠키
125644,미스티)사브레버터쿠키80g,20250514,15,2,20080,A의왕상온센터,1260.0,0.0,30.0,168.0,156.0,112.0,94.0,68.0,30.0,0.0,12.0,10.0,0.0,0.0,466.0,89,756.0,1000.0,2000.0,미스티,비스킷류,쿠키
125644,미스티)사브레버터쿠키80g,20250514,15,2,20081,A양산상온센터,1260.0,0.0,44.0,164.0,176.0,144.0,44.0,50.0,16.0,6.0,14.0,12.0,0.0,0.0,528.0,97,860.0,1000.0,2000.0,미스티,비스킷류,쿠키
125644,미스티)사브레버터쿠키80g,20250514,15,2,20083,김제상온센터,900.0,0.0,6.0,56.0,66.0,70.0,42.0,34.0,12.0,22.0,6.0,0.0,0.0,0.0,198.0,44,637.0,1000.0,2000.0,미스티,비스킷류,쿠키
125644,미스티)사브레버터쿠키80g,20250514,15,2,20084,천안상온센터,756.0,0.0,0.0,64.0,122.0,74.0,70.0,50.0,36.0,12.0,6.0,2.0,0.0,0.0,260.0,53,590.0,1000.0,2000.0,미스티,비스킷류,쿠키
125644,미스티)사브레버터쿠키80g,20250514,15,2,20085,인천B상온센터,1728.0,0.0,42.0,154.0,134.0,112.0,94.0,44.0,34.0,16.0,18.0,12.0,6.0,0.0,442.0,83,846.0,1000.0,2000.0,미스티,비스킷류,쿠키
125645,미스티)사브레초코버터쿠키80g,20250514,15,2,20006,성남센터,1440.0,0.0,0.0,62.0,216.0,100.0,82.0,54.0,36.0,8.0,18.0,14.0,6.0,0.0,378.0,73,732.0,1000.0,2000.0,미스티,비스킷류,쿠키
125645,미스티)사브레초코버터쿠키80g,20250514,15,2,20007,대구센터,1404.0,0.0,12.0,128.0,260.0,178.0,132.0,76.0,34.0,28.0,14.0,6.0,6.0,0.0,578.0,114,968.0,1000.0,2000.0,미스티,비스킷류,쿠키
125645,미스티)사브레초코버터쿠키80g,20250514,15,2,20010,양주센터,1836.0,0.0,42.0,128.0,248.0,120.0,158.0,52.0,44.0,18.0,18.0,34.0,6.0,0.0,538.0,100,1013.0,1000.0,2000.0,미스티,비스킷류,쿠키
125645,미스티)사브레초코버터쿠키80g,20250514,15,2,20017,울산상온센터(K7),936.0,0.0,40.0,134.0,126.0,68.0,40.0,44.0,38.0,18.0,2.0,2.0,0.0,0.0,368.0,71,717.0,1000.0,2000.0,미스티,비스킷류,쿠키
125645,미스티)사브레초코버터쿠키80g,20250514,15,2,20033,제주상온센터,360.0,0.0,0.0,58.0,54.0,30.0,36.0,26.0,0.0,6.0,6.0,2.0,0.0,0.0,142.0,26,308.0,1000.0,2000.0,미스티,비스킷류,쿠키
125645,미스티)사브레초코버터쿠키80g,20250514,15,2,20034,구성상온센터,1944.0,0.0,0.0,64.0,246.0,192.0,150.0,84.0,42.0,0.0,18.0,6.0,0.0,0.0,502.0,101,925.0,1000.0,2000.0,미스티,비스킷류,쿠키
125645,미스티)사브레초코버터쿠키80g,20250514,15,2,20050,세종상온센터,1332.0,0.0,58.0,112.0,164.0,164.0,102.0,60.0,36.0,6.0,8.0,8.0,0.0,0.0,498.0,101,929.0,1000.0,2000.0,미스티,비스킷류,쿠키
125645,미스티)사브레초코버터쿠키80g,20250514,15,2,20065,원주상온센터(K7),864.0,0.0,0.0,78.0,106.0,94.0,58.0,60.0,20.0,22.0,6.0,6.0,0.0,0.0,278.0,58,710.0,1000.0,2000.0,미스티,비스킷류,쿠키
125645,미스티)사브레초코버터쿠키80g,20250514,15,2,20075,인천상온센터,1260.0,0.0,58.0,144.0,168.0,120.0,100.0,50.0,20.0,26.0,18.0,0.0,0.0,0.0,490.0,96,857.0,1000.0,2000.0,미스티,비스킷류,쿠키
125645,미스티)사브레초코버터쿠키80g,20250514,15,2,20079,A광주상온센터,1080.0,0.0,30.0,82.0,108.0,148.0,48.0,58.0,28.0,12.0,6.0,0.0,0.0,0.0,368.0,70,734.0,1000.0,2000.0,미스티,비스킷류,쿠키
125645,미스티)사브레초코버터쿠키80g,20250514,15,2,20080,A의왕상온센터,1116.0,0.0,30.0,174.0,168.0,106.0,92.0,68.0,18.0,0.0,12.0,10.0,0.0,0.0,478.0,91,756.0,1000.0,2000.0,미스티,비스킷류,쿠키
125645,미스티)사브레초코버터쿠키80g,20250514,15,2,20081,A양산상온센터,1116.0,0.0,44.0,148.0,152.0,136.0,42.0,44.0,12.0,6.0,8.0,6.0,0.0,0.0,480.0,88,860.0,1000.0,2000.0,미스티,비스킷류,쿠키
125645,미스티)사브레초코버터쿠키80g,20250514,15,2,20083,김제상온센터,792.0,0.0,0.0,60.0,66.0,62.0,48.0,34.0,12.0,18.0,6.0,0.0,0.0,0.0,188.0,43,637.0,1000.0,2000.0,미스티,비스킷류,쿠키
125645,미스티)사브레초코버터쿠키80g,20250514,15,2,20084,천안상온센터,684.0,0.0,0.0,64.0,106.0,82.0,70.0,50.0,36.0,12.0,6.0,2.0,0.0,0.0,252.0,51,590.0,1000.0,2000.0,미스티,비스킷류,쿠키
125645,미스티)사브레초코버터쿠키80g,20250514,15,2,20085,인천B상온센터,1512.0,0.0,42.0,154.0,122.0,114.0,94.0,60.0,36.0,16.0,18.0,12.0,6.0,0.0,432.0,81,846.0,1000.0,2000.0,미스티,비스킷류,쿠키
125646,유앤)스웨디시스타일젤리(올믹스드업)120g,20250528,30,12,20006,성남센터,6984.0,1812.0,12.0,12.0,168.0,84.0,48.0,132.0,12.0,24.0,60.0,12.0,0.0,0.0,276.0,154,732.0,1580.0,3000.0,유앤,젤리류,수입젤리
125646,유앤)스웨디시스타일젤리(올믹스드업)120g,20250528,30,12,20007,대구센터,7272.0,2364.0,36.0,156.0,228.0,48.0,132.0,144.0,24.0,12.0,48.0,0.0,0.0,0.0,468.0,241,966.0,1580.0,3000.0,유앤,젤리류,수입젤리
125646,유앤)스웨디시스타일젤리(올믹스드업)120g,20250528,30,12,20010,양주센터,8712.0,3228.0,0.0,156.0,180.0,120.0,108.0,108.0,48.0,12.0,24.0,36.0,0.0,0.0,456.0,318,1010.0,1580.0,3000.0,유앤,젤리류,수입젤리
125646,유앤)스웨디시스타일젤리(올믹스드업)120g,20250528,30,12,20017,울산상온센터(K7),4392.0,1212.0,36.0,48.0,72.0,36.0,60.0,168.0,36.0,0.0,0.0,0.0,0.0,0.0,192.0,122,714.0,1580.0,3000.0,유앤,젤리류,수입젤리
125646,유앤)스웨디시스타일젤리(올믹스드업)120g,20250528,30,12,20033,제주상온센터,1584.0,420.0,12.0,24.0,108.0,12.0,24.0,24.0,12.0,0.0,0.0,0.0,0.0,0.0,156.0,46,306.0,1580.0,3000.0,유앤,젤리류,수입젤리
125646,유앤)스웨디시스타일젤리(올믹스드업)120g,20250528,30,12,20034,구성상온센터,9288.0,2568.0,36.0,72.0,360.0,84.0,120.0,252.0,72.0,12.0,24.0,72.0,0.0,0.0,552.0,223,923.0,1580.0,3000.0,유앤,젤리류,수입젤리
125646,유앤)스웨디시스타일젤리(올믹스드업)120g,20250528,30,12,20050,세종상온센터,6264.0,1992.0,12.0,72.0,192.0,48.0,48.0,48.0,24.0,12.0,36.0,0.0,0.0,0.0,324.0,192,920.0,1580.0,3000.0,유앤,젤리류,수입젤리
125646,유앤)스웨디시스타일젤리(올믹스드업)120g,20250528,30,12,20065,원주상온센터(K7),4104.0,1428.0,24.0,24.0,120.0,84.0,48.0,48.0,60.0,36.0,12.0,12.0,0.0,0.0,252.0,141,710.0,1580.0,3000.0,유앤,젤리류,수입젤리
125646,유앤)스웨디시스타일젤리(올믹스드업)120g,20250528,30,12,20075,인천상온센터,5904.0,1800.0,24.0,96.0,84.0,108.0,48.0,36.0,36.0,24.0,0.0,12.0,0.0,0.0,312.0,172,852.0,1580.0,3000.0,유앤,젤리류,수입젤리
125646,유앤)스웨디시스타일젤리(올믹스드업)120g,20250528,30,12,20079,A광주상온센터,5040.0,1308.0,36.0,36.0,120.0,72.0,60.0,96.0,36.0,0.0,0.0,12.0,0.0,0.0,264.0,135,732.0,1580.0,3000.0,유앤,젤리류,수입젤리
125646,유앤)스웨디시스타일젤리(올믹스드업)120g,20250528,30,12,20080,A의왕상온센터,5256.0,1812.0,0.0,120.0,84.0,120.0,60.0,96.0,48.0,12.0,12.0,12.0,0.0,0.0,324.0,176,756.0,1580.0,3000.0,유앤,젤리류,수입젤리
125646,유앤)스웨디시스타일젤리(올믹스드업)120g,20250528,30,12,20081,A양산상온센터,5256.0,1392.0,24.0,72.0,168.0,132.0,96.0,96.0,24.0,0.0,0.0,24.0,0.0,0.0,396.0,146,857.0,1580.0,3000.0,유앤,젤리류,수입젤리
125646,유앤)스웨디시스타일젤리(올믹스드업)120g,20250528,30,12,20083,김제상온센터,3672.0,972.0,12.0,84.0,168.0,84.0,36.0,72.0,48.0,24.0,48.0,24.0,0.0,0.0,348.0,120,633.0,1580.0,3000.0,유앤,젤리류,수입젤리
125646,유앤)스웨디시스타일젤리(올믹스드업)120g,20250528,30,12,20084,천안상온센터,3240.0,1056.0,0.0,12.0,156.0,60.0,60.0,72.0,48.0,0.0,12.0,36.0,12.0,0.0,228.0,110,589.0,1580.0,3000.0,유앤,젤리류,수입젤리
125646,유앤)스웨디시스타일젤리(올믹스드업)120g,20250528,30,12,20085,인천B상온센터,7272.0,1704.0,0.0,72.0,120.0,72.0,72.0,48.0,48.0,24.0,0.0,0.0,0.0,0.0,264.0,174,847.0,1580.0,3000.0,유앤,젤리류,수입젤리
125649,훼밀리)케어베어슈가팝핑솜사탕9g,20250521,15,10,20006,성남센터,1440.0,40.0,50.0,80.0,90.0,60.0,50.0,30.0,0.0,20.0,0.0,20.0,0.0,0.0,280.0,32,732.0,1055.0,2000.0,훼밀리,캔디류,봉지캔디
125649,훼밀리)케어베어슈가팝핑솜사탕9g,20250521,15,10,20007,대구센터,1440.0,120.0,40.0,100.0,100.0,50.0,30.0,40.0,20.0,10.0,0.0,0.0,0.0,0.0,290.0,46,967.0,1055.0,2000.0,훼밀리,캔디류,봉지캔디
125649,훼밀리)케어베어슈가팝핑솜사탕9g,20250521,15,10,20010,양주센터,1920.0,100.0,20.0,150.0,160.0,60.0,50.0,20.0,30.0,20.0,0.0,0.0,0.0,0.0,390.0,53,1011.0,1055.0,2000.0,훼밀리,캔디류,봉지캔디
125649,훼밀리)케어베어슈가팝핑솜사탕9g,20250521,15,10,20017,울산상온센터(K7),960.0,70.0,40.0,70.0,90.0,60.0,30.0,40.0,10.0,0.0,0.0,10.0,0.0,0.0,260.0,34,715.0,1055.0,2000.0,훼밀리,캔디류,봉지캔디
125649,훼밀리)케어베어슈가팝핑솜사탕9g,20250521,15,10,20033,제주상온센터,480.0,0.0,30.0,10.0,40.0,10.0,20.0,0.0,0.0,0.0,0.0,10.0,0.0,0.0,90.0,10,307.0,1055.0,2000.0,훼밀리,캔디류,봉지캔디
125649,훼밀리)케어베어슈가팝핑솜사탕9g,20250521,15,10,20034,구성상온센터,1920.0,70.0,30.0,30.0,200.0,100.0,60.0,30.0,20.0,10.0,20.0,0.0,0.0,0.0,360.0,45,925.0,1055.0,2000.0,훼밀리,캔디류,봉지캔디
125649,훼밀리)케어베어슈가팝핑솜사탕9g,20250521,15,10,20050,세종상온센터,1440.0,70.0,20.0,170.0,200.0,110.0,30.0,0.0,30.0,10.0,10.0,0.0,0.0,0.0,500.0,57,926.0,1055.0,2000.0,훼밀리,캔디류,봉지캔디
125649,훼밀리)케어베어슈가팝핑솜사탕9g,20250521,15,10,20065,원주상온센터(K7),960.0,30.0,30.0,70.0,120.0,100.0,60.0,30.0,20.0,0.0,10.0,10.0,0.0,0.0,320.0,35,711.0,1055.0,2000.0,훼밀리,캔디류,봉지캔디
125649,훼밀리)케어베어슈가팝핑솜사탕9g,20250521,15,10,20075,인천상온센터,1200.0,50.0,20.0,140.0,110.0,70.0,10.0,10.0,0.0,20.0,0.0,0.0,0.0,0.0,340.0,41,855.0,1055.0,2000.0,훼밀리,캔디류,봉지캔디
125649,훼밀리)케어베어슈가팝핑솜사탕9g,20250521,15,10,20079,A광주상온센터,1200.0,50.0,20.0,130.0,160.0,40.0,50.0,0.0,0.0,0.0,10.0,10.0,0.0,0.0,350.0,42,734.0,1055.0,2000.0,훼밀리,캔디류,봉지캔디
125649,훼밀리)케어베어슈가팝핑솜사탕9g,20250521,15,10,20080,A의왕상온센터,1200.0,130.0,40.0,130.0,110.0,70.0,20.0,0.0,0.0,10.0,20.0,0.0,0.0,0.0,350.0,53,757.0,1055.0,2000.0,훼밀리,캔디류,봉지캔디
125649,훼밀리)케어베어슈가팝핑솜사탕9g,20250521,15,10,20081,A양산상온센터,1200.0,70.0,50.0,70.0,30.0,30.0,30.0,20.0,10.0,0.0,0.0,10.0,0.0,0.0,180.0,26,860.0,1055.0,2000.0,훼밀리,캔디류,봉지캔디
125649,훼밀리)케어베어슈가팝핑솜사탕9g,20250521,15,10,20083,김제상온센터,960.0,60.0,20.0,60.0,70.0,40.0,20.0,20.0,30.0,10.0,0.0,0.0,0.0,0.0,190.0,28,634.0,1055.0,2000.0,훼밀리,캔디류,봉지캔디
125649,훼밀리)케어베어슈가팝핑솜사탕9g,20250521,15,10,20084,천안상온센터,720.0,40.0,20.0,30.0,90.0,20.0,10.0,30.0,10.0,0.0,10.0,10.0,0.0,0.0,160.0,20,590.0,1055.0,2000.0,훼밀리,캔디류,봉지캔디
125649,훼밀리)케어베어슈가팝핑솜사탕9g,20250521,15,10,20085,인천B상온센터,1680.0,70.0,30.0,130.0,110.0,50.0,70.0,30.0,0.0,10.0,10.0,0.0,0.0,0.0,320.0,42,845.0,1055.0,2000.0,훼밀리,캔디류,봉지캔디
125650,나무)토마토캔디30.4g,20250521,15,12,20006,성남센터,2208.0,48.0,84.0,96.0,300.0,96.0,48.0,48.0,0.0,36.0,12.0,12.0,0.0,0.0,576.0,53,732.0,633.0,1200.0,나무,캔디류,봉지캔디
125650,나무)토마토캔디30.4g,20250521,15,12,20007,대구센터,2016.0,144.0,60.0,216.0,168.0,108.0,60.0,72.0,0.0,36.0,0.0,0.0,0.0,0.0,552.0,61,967.0,633.0,1200.0,나무,캔디류,봉지캔디
125650,나무)토마토캔디30.4g,20250521,15,12,20010,양주센터,2688.0,132.0,48.0,336.0,192.0,108.0,60.0,60.0,36.0,12.0,24.0,0.0,0.0,0.0,684.0,61,1011.0,633.0,1200.0,나무,캔디류,봉지캔디
125650,나무)토마토캔디30.4g,20250521,15,12,20017,울산상온센터(K7),1440.0,108.0,72.0,144.0,108.0,84.0,48.0,24.0,12.0,0.0,12.0,12.0,0.0,0.0,408.0,44,715.0,633.0,1200.0,나무,캔디류,봉지캔디
125650,나무)토마토캔디30.4g,20250521,15,12,20033,제주상온센터,576.0,24.0,48.0,12.0,72.0,24.0,12.0,12.0,12.0,0.0,0.0,0.0,0.0,0.0,156.0,16,307.0,633.0,1200.0,나무,캔디류,봉지캔디
125650,나무)토마토캔디30.4g,20250521,15,12,20034,구성상온센터,2880.0,96.0,48.0,120.0,288.0,144.0,96.0,48.0,24.0,24.0,48.0,0.0,0.0,0.0,600.0,60,925.0,633.0,1200.0,나무,캔디류,봉지캔디
125650,나무)토마토캔디30.4g,20250521,15,12,20050,세종상온센터,1920.0,108.0,72.0,120.0,264.0,84.0,120.0,24.0,36.0,24.0,0.0,0.0,0.0,0.0,540.0,58,926.0,633.0,1200.0,나무,캔디류,봉지캔디
125650,나무)토마토캔디30.4g,20250521,15,12,20065,원주상온센터(K7),1344.0,108.0,24.0,48.0,168.0,96.0,72.0,24.0,0.0,12.0,36.0,24.0,0.0,0.0,336.0,38,711.0,633.0,1200.0,나무,캔디류,봉지캔디
125650,나무)토마토캔디30.4g,20250521,15,12,20075,인천상온센터,1824.0,144.0,48.0,180.0,168.0,60.0,24.0,0.0,0.0,12.0,12.0,12.0,0.0,0.0,456.0,55,855.0,633.0,1200.0,나무,캔디류,봉지캔디
125650,나무)토마토캔디30.4g,20250521,15,12,20079,A광주상온센터,1632.0,96.0,24.0,240.0,144.0,60.0,24.0,48.0,12.0,12.0,0.0,0.0,0.0,0.0,468.0,49,734.0,633.0,1200.0,나무,캔디류,봉지캔디
125650,나무)토마토캔디30.4g,20250521,15,12,20080,A의왕상온센터,1632.0,48.0,84.0,192.0,180.0,84.0,84.0,60.0,60.0,0.0,36.0,12.0,0.0,0.0,540.0,54,757.0,633.0,1200.0,나무,캔디류,봉지캔디
125650,나무)토마토캔디30.4g,20250521,15,12,20081,A양산상온센터,1632.0,84.0,120.0,96.0,156.0,120.0,48.0,48.0,48.0,0.0,12.0,0.0,0.0,0.0,492.0,50,860.0,633.0,1200.0,나무,캔디류,봉지캔디
125650,나무)토마토캔디30.4g,20250521,15,12,20083,김제상온센터,1152.0,72.0,36.0,84.0,132.0,48.0,48.0,60.0,12.0,0.0,24.0,0.0,0.0,0.0,300.0,36,634.0,633.0,1200.0,나무,캔디류,봉지캔디
125650,나무)토마토캔디30.4g,20250521,15,12,20084,천안상온센터,1056.0,84.0,24.0,60.0,180.0,60.0,84.0,108.0,24.0,0.0,12.0,12.0,0.0,0.0,324.0,35,590.0,633.0,1200.0,나무,캔디류,봉지캔디
125650,나무)토마토캔디30.4g,20250521,15,12,20085,인천B상온센터,2304.0,144.0,48.0,120.0,168.0,108.0,24.0,24.0,36.0,12.0,12.0,0.0,0.0,0.0,444.0,54,845.0,633.0,1200.0,나무,캔디류,봉지캔디
125677,고운벗)꽃새우쌀과자100g,20250521,40,4,20006,성남센터,816.0,0.0,0.0,12.0,120.0,76.0,36.0,8.0,8.0,8.0,0.0,4.0,0.0,0.0,208.0,52,732.0,2000.0,4000.0,고운벗,스낵류,전통스낵
125677,고운벗)꽃새우쌀과자100g,20250521,40,4,20007,대구센터,792.0,0.0,4.0,76.0,104.0,64.0,48.0,28.0,20.0,4.0,0.0,4.0,0.0,0.0,248.0,66,967.0,2000.0,4000.0,고운벗,스낵류,전통스낵
125677,고운벗)꽃새우쌀과자100g,20250521,40,4,20010,양주센터,1032.0,0.0,16.0,104.0,148.0,52.0,36.0,16.0,20.0,8.0,4.0,4.0,0.0,0.0,320.0,80,1011.0,2000.0,4000.0,고운벗,스낵류,전통스낵
125677,고운벗)꽃새우쌀과자100g,20250521,40,4,20017,울산상온센터(K7),528.0,0.0,16.0,64.0,72.0,48.0,24.0,4.0,8.0,0.0,4.0,8.0,0.0,0.0,200.0,53,715.0,2000.0,4000.0,고운벗,스낵류,전통스낵
125677,고운벗)꽃새우쌀과자100g,20250521,40,4,20033,제주상온센터,192.0,0.0,0.0,12.0,92.0,12.0,16.0,8.0,0.0,0.0,0.0,4.0,0.0,0.0,116.0,30,307.0,2000.0,4000.0,고운벗,스낵류,전통스낵
125677,고운벗)꽃새우쌀과자100g,20250521,40,4,20034,구성상온센터,1104.0,0.0,0.0,8.0,204.0,80.0,44.0,28.0,16.0,8.0,20.0,12.0,0.0,0.0,292.0,75,925.0,2000.0,4000.0,고운벗,스낵류,전통스낵
125677,고운벗)꽃새우쌀과자100g,20250521,40,4,20050,세종상온센터,744.0,0.0,12.0,108.0,128.0,64.0,48.0,8.0,4.0,4.0,8.0,4.0,0.0,0.0,312.0,79,926.0,2000.0,4000.0,고운벗,스낵류,전통스낵
125677,고운벗)꽃새우쌀과자100g,20250521,40,4,20065,원주상온센터(K7),480.0,0.0,0.0,16.0,124.0,64.0,28.0,36.0,12.0,4.0,4.0,4.0,0.0,0.0,204.0,51,711.0,2000.0,4000.0,고운벗,스낵류,전통스낵
125677,고운벗)꽃새우쌀과자100g,20250521,40,4,20075,인천상온센터,696.0,0.0,12.0,64.0,124.0,44.0,20.0,16.0,8.0,8.0,4.0,0.0,0.0,0.0,244.0,63,855.0,2000.0,4000.0,고운벗,스낵류,전통스낵
125677,고운벗)꽃새우쌀과자100g,20250521,40,4,20079,A광주상온센터,600.0,0.0,8.0,60.0,104.0,20.0,36.0,12.0,4.0,8.0,4.0,4.0,0.0,0.0,192.0,47,734.0,2000.0,4000.0,고운벗,스낵류,전통스낵
125677,고운벗)꽃새우쌀과자100g,20250521,40,4,20080,A의왕상온센터,624.0,0.0,16.0,92.0,104.0,56.0,32.0,36.0,12.0,8.0,16.0,4.0,0.0,0.0,268.0,70,757.0,2000.0,4000.0,고운벗,스낵류,전통스낵
125677,고운벗)꽃새우쌀과자100g,20250521,40,4,20081,A양산상온센터,624.0,0.0,8.0,72.0,116.0,40.0,16.0,16.0,4.0,0.0,0.0,4.0,0.0,0.0,236.0,54,860.0,2000.0,4000.0,고운벗,스낵류,전통스낵
125677,고운벗)꽃새우쌀과자100g,20250521,40,4,20083,김제상온센터,432.0,0.0,4.0,44.0,44.0,28.0,16.0,8.0,8.0,4.0,4.0,0.0,0.0,0.0,120.0,31,634.0,2000.0,4000.0,고운벗,스낵류,전통스낵
125677,고운벗)꽃새우쌀과자100g,20250521,40,4,20084,천안상온센터,384.0,0.0,0.0,28.0,112.0,52.0,16.0,8.0,16.0,0.0,0.0,4.0,0.0,0.0,192.0,48,590.0,2000.0,4000.0,고운벗,스낵류,전통스낵
125677,고운벗)꽃새우쌀과자100g,20250521,40,4,20085,인천B상온센터,864.0,0.0,8.0,112.0,84.0,76.0,32.0,8.0,20.0,8.0,4.0,0.0,0.0,0.0,280.0,69,845.0,2000.0,4000.0,고운벗,스낵류,전통스낵
125678,롯데)치토스돌아온체스터쿵딸기55g,20250521,20,12,20006,성남센터,3732.0,0.0,0.0,96.0,576.0,240.0,180.0,48.0,48.0,24.0,24.0,36.0,0.0,0.0,912.0,75,732.0,911.0,1700.0,롯데,스낵류,일반스낵
125678,롯데)치토스돌아온체스터쿵딸기55g,20250521,20,12,20007,대구센터,3528.0,0.0,12.0,420.0,480.0,252.0,240.0,192.0,84.0,48.0,24.0,12.0,0.0,0.0,1164.0,99,967.0,911.0,1700.0,롯데,스낵류,일반스낵
125678,롯데)치토스돌아온체스터쿵딸기55g,20250521,20,12,20010,양주센터,4692.0,0.0,48.0,696.0,888.0,588.0,288.0,216.0,96.0,12.0,36.0,0.0,0.0,0.0,2220.0,191,1011.0,911.0,1700.0,롯데,스낵류,일반스낵
125678,롯데)치토스돌아온체스터쿵딸기55g,20250521,20,12,20017,울산상온센터(K7),2364.0,0.0,24.0,264.0,300.0,216.0,132.0,48.0,240.0,24.0,0.0,36.0,0.0,0.0,804.0,64,715.0,911.0,1700.0,롯데,스낵류,일반스낵
125678,롯데)치토스돌아온체스터쿵딸기55g,20250521,20,12,20033,제주상온센터,852.0,0.0,0.0,36.0,240.0,12.0,60.0,12.0,24.0,0.0,0.0,12.0,0.0,0.0,288.0,25,307.0,911.0,1700.0,롯데,스낵류,일반스낵
125678,롯데)치토스돌아온체스터쿵딸기55g,20250521,20,12,20034,구성상온센터,4980.0,0.0,0.0,84.0,720.0,276.0,156.0,120.0,120.0,84.0,24.0,36.0,0.0,0.0,1080.0,93,925.0,911.0,1700.0,롯데,스낵류,일반스낵
125678,롯데)치토스돌아온체스터쿵딸기55g,20250521,20,12,20050,세종상온센터,3360.0,0.0,24.0,432.0,432.0,156.0,180.0,60.0,48.0,24.0,60.0,12.0,0.0,0.0,1044.0,89,926.0,911.0,1700.0,롯데,스낵류,일반스낵
125678,롯데)치토스돌아온체스터쿵딸기55g,20250521,20,12,20065,원주상온센터(K7),2196.0,0.0,0.0,36.0,396.0,324.0,156.0,120.0,144.0,24.0,48.0,0.0,0.0,0.0,756.0,64,711.0,911.0,1700.0,롯데,스낵류,일반스낵
125678,롯데)치토스돌아온체스터쿵딸기55g,20250521,20,12,20075,인천상온센터,3156.0,0.0,48.0,228.0,408.0,204.0,108.0,84.0,72.0,36.0,36.0,0.0,0.0,0.0,888.0,78,855.0,911.0,1700.0,롯데,스낵류,일반스낵
125678,롯데)치토스돌아온체스터쿵딸기55g,20250521,20,12,20079,A광주상온센터,2712.0,0.0,12.0,276.0,312.0,108.0,96.0,48.0,24.0,12.0,36.0,0.0,0.0,0.0,708.0,61,734.0,911.0,1700.0,롯데,스낵류,일반스낵
125678,롯데)치토스돌아온체스터쿵딸기55g,20250521,20,12,20080,A의왕상온센터,2808.0,0.0,60.0,1632.0,408.0,216.0,192.0,84.0,60.0,12.0,72.0,0.0,0.0,0.0,2316.0,90,757.0,911.0,1700.0,롯데,스낵류,일반스낵
125678,롯데)치토스돌아온체스터쿵딸기55g,20250521,20,12,20081,A양산상온센터,2832.0,0.0,0.0,228.0,300.0,156.0,72.0,84.0,48.0,24.0,36.0,24.0,0.0,0.0,684.0,57,860.0,911.0,1700.0,롯데,스낵류,일반스낵
125678,롯데)치토스돌아온체스터쿵딸기55g,20250521,20,12,20083,김제상온센터,1956.0,0.0,24.0,168.0,144.0,84.0,36.0,60.0,36.0,12.0,24.0,0.0,0.0,0.0,420.0,34,634.0,911.0,1700.0,롯데,스낵류,일반스낵
125678,롯데)치토스돌아온체스터쿵딸기55g,20250521,20,12,20084,천안상온센터,1716.0,0.0,0.0,72.0,432.0,156.0,12.0,84.0,36.0,24.0,24.0,24.0,0.0,0.0,660.0,56,590.0,911.0,1700.0,롯데,스낵류,일반스낵
125678,롯데)치토스돌아온체스터쿵딸기55g,20250521,20,12,20085,인천B상온센터,3888.0,0.0,48.0,384.0,336.0,192.0,264.0,108.0,108.0,36.0,12.0,0.0,0.0,0.0,960.0,82,845.0,911.0,1700.0,롯데,스낵류,일반스낵
125707,오리온)초코파이하우스망고12P,20250521,30,1,20006,성남센터,376.0,0.0,0.0,4.0,71.0,39.0,22.0,13.0,4.0,5.0,6.0,6.0,0.0,0.0,114.0,60,732.0,3273.0,6000.0,오리온,비스킷류,파이
125707,오리온)초코파이하우스망고12P,20250521,30,1,20007,대구센터,360.0,0.0,0.0,26.0,52.0,17.0,12.0,20.0,4.0,6.0,0.0,1.0,0.0,0.0,95.0,63,967.0,3273.0,6000.0,오리온,비스킷류,파이
125707,오리온)초코파이하우스망고12P,20250521,30,1,20010,양주센터,472.0,0.0,9.0,41.0,83.0,26.0,18.0,9.0,9.0,5.0,0.0,5.0,0.0,0.0,159.0,80,1011.0,3273.0,6000.0,오리온,비스킷류,파이
125707,오리온)초코파이하우스망고12P,20250521,30,1,20017,울산상온센터(K7),240.0,0.0,6.0,21.0,36.0,13.0,9.0,9.0,0.0,4.0,2.0,4.0,0.0,0.0,76.0,40,715.0,3273.0,6000.0,오리온,비스킷류,파이
125707,오리온)초코파이하우스망고12P,20250521,30,1,20033,제주상온센터,88.0,0.0,0.0,2.0,25.0,8.0,3.0,9.0,0.0,0.0,1.0,0.0,0.0,0.0,35.0,22,307.0,3273.0,6000.0,오리온,비스킷류,파이
125707,오리온)초코파이하우스망고12P,20250521,30,1,20034,구성상온센터,504.0,0.0,0.0,14.0,89.0,33.0,29.0,10.0,12.0,7.0,4.0,2.0,0.0,0.0,136.0,76,925.0,3273.0,6000.0,오리온,비스킷류,파이
125707,오리온)초코파이하우스망고12P,20250521,30,1,20050,세종상온센터,336.0,0.0,4.0,79.0,44.0,25.0,34.0,7.0,3.0,2.0,5.0,2.0,2.0,0.0,152.0,82,926.0,3273.0,6000.0,오리온,비스킷류,파이
125707,오리온)초코파이하우스망고12P,20250521,30,1,20065,원주상온센터(K7),224.0,0.0,0.0,8.0,38.0,22.0,15.0,7.0,6.0,1.0,0.0,7.0,0.0,0.0,68.0,42,711.0,3273.0,6000.0,오리온,비스킷류,파이
125707,오리온)초코파이하우스망고12P,20250521,30,1,20075,인천상온센터,320.0,0.0,13.0,42.0,54.0,15.0,8.0,5.0,8.0,2.0,5.0,5.0,0.0,0.0,124.0,71,855.0,3273.0,6000.0,오리온,비스킷류,파이
125707,오리온)초코파이하우스망고12P,20250521,30,1,20079,A광주상온센터,272.0,0.0,2.0,29.0,42.0,7.0,7.0,5.0,1.0,0.0,5.0,0.0,0.0,0.0,80.0,47,734.0,3273.0,6000.0,오리온,비스킷류,파이
125707,오리온)초코파이하우스망고12P,20250521,30,1,20080,A의왕상온센터,288.0,0.0,11.0,41.0,67.0,29.0,29.0,17.0,5.0,0.0,8.0,0.0,0.0,0.0,148.0,83,757.0,3273.0,6000.0,오리온,비스킷류,파이
125707,오리온)초코파이하우스망고12P,20250521,30,1,20081,A양산상온센터,288.0,0.0,6.0,38.0,29.0,14.0,3.0,9.0,2.0,4.0,3.0,0.0,0.0,0.0,87.0,53,860.0,3273.0,6000.0,오리온,비스킷류,파이
125707,오리온)초코파이하우스망고12P,20250521,30,1,20083,김제상온센터,200.0,0.0,6.0,10.0,11.0,19.0,3.0,6.0,1.0,1.0,2.0,1.0,0.0,0.0,46.0,29,634.0,3273.0,6000.0,오리온,비스킷류,파이
125707,오리온)초코파이하우스망고12P,20250521,30,1,20084,천안상온센터,176.0,0.0,0.0,17.0,60.0,16.0,12.0,13.0,6.0,0.0,2.0,0.0,0.0,0.0,93.0,51,590.0,3273.0,6000.0,오리온,비스킷류,파이
125707,오리온)초코파이하우스망고12P,20250521,30,1,20085,인천B상온센터,392.0,0.0,6.0,48.0,52.0,44.0,25.0,9.0,13.0,5.0,2.0,0.0,0.0,0.0,150.0,75,845.0,3273.0,6000.0,오리온,비스킷류,파이
125708,오리온)촉촉한초코칩멜론8P,20250521,30,2,20006,성남센터,900.0,0.0,0.0,14.0,174.0,82.0,60.0,40.0,10.0,12.0,8.0,12.0,2.0,0.0,270.0,85,732.0,1527.0,2800.0,오리온,비스킷류,쿠키
125708,오리온)촉촉한초코칩멜론8P,20250521,30,2,20007,대구센터,840.0,0.0,6.0,82.0,128.0,84.0,62.0,42.0,32.0,10.0,0.0,4.0,0.0,0.0,300.0,115,967.0,1527.0,2800.0,오리온,비스킷류,쿠키
125708,오리온)촉촉한초코칩멜론8P,20250521,30,2,20010,양주센터,1120.0,0.0,18.0,94.0,184.0,56.0,32.0,26.0,24.0,20.0,6.0,6.0,0.0,0.0,352.0,114,1011.0,1527.0,2800.0,오리온,비스킷류,쿠키
125708,오리온)촉촉한초코칩멜론8P,20250521,30,2,20017,울산상온센터(K7),580.0,0.0,8.0,60.0,78.0,34.0,14.0,18.0,2.0,12.0,2.0,6.0,0.0,0.0,180.0,62,715.0,1527.0,2800.0,오리온,비스킷류,쿠키
125708,오리온)촉촉한초코칩멜론8P,20250521,30,2,20033,제주상온센터,220.0,0.0,0.0,8.0,56.0,22.0,18.0,12.0,0.0,0.0,2.0,0.0,0.0,0.0,86.0,31,307.0,1527.0,2800.0,오리온,비스킷류,쿠키
125708,오리온)촉촉한초코칩멜론8P,20250521,30,2,20034,구성상온센터,1200.0,0.0,0.0,18.0,190.0,94.0,58.0,24.0,46.0,14.0,48.0,4.0,0.0,0.0,302.0,113,925.0,1527.0,2800.0,오리온,비스킷류,쿠키
125708,오리온)촉촉한초코칩멜론8P,20250521,30,2,20050,세종상온센터,800.0,0.0,6.0,124.0,122.0,46.0,56.0,18.0,10.0,4.0,8.0,0.0,2.0,0.0,298.0,119,926.0,1527.0,2800.0,오리온,비스킷류,쿠키
125708,오리온)촉촉한초코칩멜론8P,20250521,30,2,20065,원주상온센터(K7),540.0,0.0,0.0,12.0,80.0,56.0,42.0,18.0,8.0,0.0,6.0,8.0,0.0,0.0,148.0,53,711.0,1527.0,2800.0,오리온,비스킷류,쿠키
125708,오리온)촉촉한초코칩멜론8P,20250521,30,2,20075,인천상온센터,760.0,0.0,16.0,86.0,126.0,44.0,24.0,14.0,24.0,8.0,16.0,2.0,0.0,0.0,272.0,96,855.0,1527.0,2800.0,오리온,비스킷류,쿠키
125708,오리온)촉촉한초코칩멜론8P,20250521,30,2,20079,A광주상온센터,660.0,0.0,4.0,60.0,86.0,30.0,40.0,12.0,2.0,2.0,8.0,0.0,0.0,0.0,180.0,68,734.0,1527.0,2800.0,오리온,비스킷류,쿠키
125708,오리온)촉촉한초코칩멜론8P,20250521,30,2,20080,A의왕상온센터,680.0,0.0,24.0,108.0,130.0,104.0,48.0,34.0,10.0,4.0,12.0,0.0,4.0,0.0,366.0,112,757.0,1527.0,2800.0,오리온,비스킷류,쿠키
125708,오리온)촉촉한초코칩멜론8P,20250521,30,2,20081,A양산상온센터,680.0,0.0,8.0,74.0,88.0,42.0,18.0,10.0,6.0,14.0,6.0,2.0,0.0,0.0,212.0,84,860.0,1527.0,2800.0,오리온,비스킷류,쿠키
125708,오리온)촉촉한초코칩멜론8P,20250521,30,2,20083,김제상온센터,480.0,0.0,12.0,48.0,44.0,40.0,16.0,16.0,6.0,6.0,4.0,0.0,0.0,0.0,144.0,54,634.0,1527.0,2800.0,오리온,비스킷류,쿠키
125708,오리온)촉촉한초코칩멜론8P,20250521,30,2,20084,천안상온센터,420.0,0.0,0.0,22.0,110.0,34.0,30.0,30.0,14.0,2.0,8.0,4.0,0.0,0.0,166.0,65,590.0,1527.0,2800.0,오리온,비스킷류,쿠키
125708,오리온)촉촉한초코칩멜론8P,20250521,30,2,20085,인천B상온센터,940.0,0.0,24.0,94.0,134.0,96.0,60.0,48.0,24.0,12.0,4.0,0.0,0.0,0.0,348.0,112,845.0,1527.0,2800.0,오리온,비스킷류,쿠키
125711,농심)클레오파트라솔트앤김50g,20250521,40,16,20006,성남센터,4256.0,0.0,0.0,48.0,720.0,336.0,160.0,80.0,32.0,80.0,48.0,64.0,0.0,0.0,1104.0,69,732.0,945.0,1700.0,농심,스낵류,감자스낵
125711,농심)클레오파트라솔트앤김50g,20250521,40,16,20007,대구센터,4032.0,0.0,32.0,336.0,528.0,352.0,256.0,208.0,48.0,16.0,32.0,32.0,0.0,0.0,1248.0,81,967.0,945.0,1700.0,농심,스낵류,감자스낵
125711,농심)클레오파트라솔트앤김50g,20250521,40,16,20010,양주센터,5360.0,0.0,64.0,512.0,704.0,240.0,176.0,128.0,96.0,32.0,48.0,32.0,0.0,0.0,1520.0,95,1011.0,945.0,1700.0,농심,스낵류,감자스낵
125711,농심)클레오파트라솔트앤김50g,20250521,40,16,20017,울산상온센터(K7),2704.0,0.0,64.0,272.0,224.0,272.0,144.0,64.0,32.0,32.0,0.0,32.0,0.0,0.0,832.0,53,715.0,945.0,1700.0,농심,스낵류,감자스낵
125711,농심)클레오파트라솔트앤김50g,20250521,40,16,20033,제주상온센터,976.0,0.0,0.0,32.0,368.0,80.0,64.0,64.0,0.0,0.0,48.0,16.0,0.0,0.0,480.0,32,307.0,945.0,1700.0,농심,스낵류,감자스낵
125711,농심)클레오파트라솔트앤김50g,20250521,40,16,20034,구성상온센터,5680.0,0.0,0.0,64.0,784.0,320.0,224.0,80.0,96.0,32.0,64.0,48.0,0.0,0.0,1168.0,76,925.0,945.0,1700.0,농심,스낵류,감자스낵
125711,농심)클레오파트라솔트앤김50g,20250521,40,16,20050,세종상온센터,3840.0,0.0,16.0,528.0,384.0,272.0,192.0,112.0,48.0,16.0,0.0,0.0,0.0,0.0,1200.0,78,926.0,945.0,1700.0,농심,스낵류,감자스낵
125711,농심)클레오파트라솔트앤김50g,20250521,40,16,20065,원주상온센터(K7),2512.0,0.0,0.0,32.0,352.0,224.0,112.0,80.0,80.0,32.0,32.0,16.0,0.0,0.0,608.0,38,711.0,945.0,1700.0,농심,스낵류,감자스낵
125711,농심)클레오파트라솔트앤김50g,20250521,40,16,20075,인천상온센터,3600.0,0.0,48.0,352.0,576.0,208.0,80.0,128.0,48.0,64.0,48.0,32.0,0.0,0.0,1184.0,76,855.0,945.0,1700.0,농심,스낵류,감자스낵
125711,농심)클레오파트라솔트앤김50g,20250521,40,16,20079,A광주상온센터,3104.0,0.0,16.0,224.0,384.0,128.0,64.0,32.0,32.0,48.0,48.0,0.0,0.0,0.0,752.0,49,734.0,945.0,1700.0,농심,스낵류,감자스낵
125711,농심)클레오파트라솔트앤김50g,20250521,40,16,20080,A의왕상온센터,3216.0,0.0,32.0,368.0,400.0,336.0,192.0,144.0,64.0,32.0,64.0,16.0,0.0,0.0,1136.0,73,757.0,945.0,1700.0,농심,스낵류,감자스낵
125711,농심)클레오파트라솔트앤김50g,20250521,40,16,20081,A양산상온센터,3232.0,0.0,48.0,272.0,496.0,192.0,80.0,64.0,64.0,48.0,16.0,16.0,0.0,0.0,1008.0,63,860.0,945.0,1700.0,농심,스낵류,감자스낵
125711,농심)클레오파트라솔트앤김50g,20250521,40,16,20083,김제상온센터,2240.0,0.0,16.0,208.0,160.0,128.0,80.0,48.0,48.0,16.0,0.0,0.0,0.0,0.0,512.0,32,634.0,945.0,1700.0,농심,스낵류,감자스낵
125711,농심)클레오파트라솔트앤김50g,20250521,40,16,20084,천안상온센터,1968.0,0.0,0.0,96.0,368.0,256.0,48.0,80.0,80.0,48.0,32.0,32.0,0.0,0.0,720.0,46,590.0,945.0,1700.0,농심,스낵류,감자스낵
125711,농심)클레오파트라솔트앤김50g,20250521,40,16,20085,인천B상온센터,4448.0,0.0,48.0,480.0,512.0,368.0,192.0,64.0,112.0,0.0,32.0,16.0,0.0,0.0,1408.0,90,845.0,945.0,1700.0,농심,스낵류,감자스낵
125712,PB)버터쿠키230g,20250528,30,12,20006,성남센터,3300.0,744.0,12.0,24.0,24.0,48.0,84.0,84.0,12.0,0.0,12.0,12.0,0.0,0.0,108.0,88,732.0,1286.0,2900.0,PB,스낵류,일반스낵
125712,PB)버터쿠키230g,20250528,30,12,20007,대구센터,3468.0,660.0,12.0,24.0,48.0,48.0,84.0,48.0,24.0,0.0,36.0,0.0,0.0,0.0,132.0,77,966.0,1286.0,2900.0,PB,스낵류,일반스낵
125712,PB)버터쿠키230g,20250528,30,12,20010,양주센터,4164.0,768.0,24.0,24.0,48.0,60.0,120.0,36.0,36.0,0.0,24.0,24.0,0.0,0.0,156.0,87,1010.0,1286.0,2900.0,PB,스낵류,일반스낵
125712,PB)버터쿠키230g,20250528,30,12,20017,울산상온센터(K7),2100.0,552.0,0.0,12.0,24.0,48.0,24.0,36.0,12.0,0.0,0.0,24.0,0.0,0.0,84.0,61,714.0,1286.0,2900.0,PB,스낵류,일반스낵
125712,PB)버터쿠키230g,20250528,30,12,20033,제주상온센터,756.0,312.0,0.0,0.0,0.0,24.0,24.0,0.0,0.0,12.0,12.0,0.0,0.0,0.0,24.0,31,306.0,1286.0,2900.0,PB,스낵류,일반스낵
125712,PB)버터쿠키230g,20250528,30,12,20034,구성상온센터,4404.0,744.0,24.0,36.0,12.0,48.0,60.0,72.0,12.0,24.0,12.0,12.0,0.0,0.0,120.0,87,923.0,1286.0,2900.0,PB,스낵류,일반스낵
125712,PB)버터쿠키230g,20250528,30,12,20050,세종상온센터,2976.0,552.0,0.0,0.0,60.0,72.0,72.0,36.0,12.0,0.0,24.0,24.0,0.0,0.0,132.0,69,920.0,1286.0,2900.0,PB,스낵류,일반스낵
125712,PB)버터쿠키230g,20250528,30,12,20065,원주상온센터(K7),1944.0,372.0,0.0,12.0,36.0,24.0,12.0,60.0,24.0,0.0,0.0,0.0,0.0,0.0,72.0,37,710.0,1286.0,2900.0,PB,스낵류,일반스낵
125712,PB)버터쿠키230g,20250528,30,12,20075,인천상온센터,2796.0,540.0,36.0,36.0,24.0,60.0,48.0,36.0,0.0,24.0,12.0,0.0,0.0,0.0,156.0,64,852.0,1286.0,2900.0,PB,스낵류,일반스낵
125712,PB)버터쿠키230g,20250528,30,12,20079,A광주상온센터,2400.0,804.0,0.0,12.0,12.0,48.0,24.0,12.0,24.0,0.0,12.0,0.0,0.0,0.0,72.0,84,732.0,1286.0,2900.0,PB,스낵류,일반스낵
125712,PB)버터쿠키230g,20250528,30,12,20080,A의왕상온센터,2496.0,660.0,0.0,12.0,36.0,84.0,48.0,48.0,36.0,12.0,12.0,0.0,0.0,0.0,132.0,78,756.0,1286.0,2900.0,PB,스낵류,일반스낵
125712,PB)버터쿠키230g,20250528,30,12,20081,A양산상온센터,168.0,480.0,12.0,24.0,36.0,24.0,72.0,0.0,24.0,0.0,12.0,36.0,0.0,0.0,96.0,54,858.0,1286.0,2900.0,PB,스낵류,일반스낵
125712,PB)버터쿠키230g,20250528,30,12,20083,김제상온센터,1728.0,216.0,12.0,12.0,48.0,60.0,36.0,24.0,48.0,24.0,12.0,12.0,0.0,0.0,132.0,33,633.0,1286.0,2900.0,PB,스낵류,일반스낵
125712,PB)버터쿠키230g,20250528,30,12,20084,천안상온센터,1524.0,348.0,0.0,24.0,36.0,48.0,36.0,24.0,24.0,0.0,0.0,0.0,0.0,0.0,108.0,44,589.0,1286.0,2900.0,PB,스낵류,일반스낵
125712,PB)버터쿠키230g,20250528,30,12,20085,인천B상온센터,3444.0,564.0,12.0,0.0,48.0,12.0,36.0,12.0,36.0,24.0,12.0,0.0,0.0,0.0,72.0,65,847.0,1286.0,2900.0,PB,스낵류,일반스낵
125715,PB)촉촉한초코칩쿠키230g,20250528,30,12,20006,성남센터,3192.0,792.0,12.0,24.0,12.0,48.0,84.0,96.0,12.0,0.0,12.0,12.0,0.0,0.0,96.0,89,732.0,1286.0,2900.0,PB,스낵류,일반스낵
125715,PB)촉촉한초코칩쿠키230g,20250528,30,12,20007,대구센터,3360.0,744.0,12.0,24.0,48.0,48.0,96.0,96.0,36.0,0.0,48.0,0.0,0.0,0.0,132.0,80,966.0,1286.0,2900.0,PB,스낵류,일반스낵
125715,PB)촉촉한초코칩쿠키230g,20250528,30,12,20010,양주센터,4020.0,768.0,24.0,36.0,48.0,60.0,108.0,36.0,24.0,0.0,24.0,12.0,0.0,0.0,168.0,83,1010.0,1286.0,2900.0,PB,스낵류,일반스낵
125715,PB)촉촉한초코칩쿠키230g,20250528,30,12,20017,울산상온센터(K7),2028.0,564.0,0.0,12.0,24.0,60.0,24.0,72.0,24.0,12.0,12.0,12.0,0.0,0.0,96.0,60,714.0,1286.0,2900.0,PB,스낵류,일반스낵
125715,PB)촉촉한초코칩쿠키230g,20250528,30,12,20033,제주상온센터,732.0,288.0,0.0,0.0,0.0,24.0,24.0,0.0,0.0,12.0,12.0,12.0,0.0,0.0,24.0,29,306.0,1286.0,2900.0,PB,스낵류,일반스낵
125715,PB)촉촉한초코칩쿠키230g,20250528,30,12,20034,구성상온센터,24.0,708.0,48.0,48.0,12.0,36.0,72.0,96.0,36.0,24.0,12.0,12.0,0.0,0.0,144.0,79,923.0,1286.0,2900.0,PB,스낵류,일반스낵
125715,PB)촉촉한초코칩쿠키230g,20250528,30,12,20050,세종상온센터,2880.0,588.0,0.0,0.0,48.0,48.0,84.0,36.0,12.0,12.0,24.0,12.0,0.0,0.0,96.0,64,920.0,1286.0,2900.0,PB,스낵류,일반스낵
125715,PB)촉촉한초코칩쿠키230g,20250528,30,12,20065,원주상온센터(K7),1884.0,360.0,0.0,12.0,12.0,24.0,36.0,36.0,24.0,12.0,0.0,0.0,0.0,0.0,48.0,34,710.0,1286.0,2900.0,PB,스낵류,일반스낵
125715,PB)촉촉한초코칩쿠키230g,20250528,30,12,20075,인천상온센터,2700.0,540.0,24.0,36.0,12.0,48.0,72.0,36.0,0.0,24.0,0.0,0.0,0.0,0.0,120.0,57,852.0,1286.0,2900.0,PB,스낵류,일반스낵
125715,PB)촉촉한초코칩쿠키230g,20250528,30,12,20079,A광주상온센터,2328.0,744.0,0.0,12.0,12.0,36.0,24.0,24.0,36.0,0.0,24.0,0.0,0.0,0.0,60.0,79,732.0,1286.0,2900.0,PB,스낵류,일반스낵
125715,PB)촉촉한초코칩쿠키230g,20250528,30,12,20080,A의왕상온센터,2412.0,696.0,12.0,12.0,36.0,60.0,72.0,60.0,36.0,0.0,24.0,0.0,0.0,0.0,120.0,77,756.0,1286.0,2900.0,PB,스낵류,일반스낵
125715,PB)촉촉한초코칩쿠키230g,20250528,30,12,20081,A양산상온센터,144.0,444.0,0.0,24.0,48.0,24.0,84.0,0.0,0.0,0.0,12.0,24.0,0.0,0.0,96.0,50,858.0,1286.0,2900.0,PB,스낵류,일반스낵
125715,PB)촉촉한초코칩쿠키230g,20250528,30,12,20083,김제상온센터,1680.0,228.0,12.0,12.0,24.0,48.0,12.0,36.0,36.0,24.0,12.0,12.0,0.0,0.0,96.0,31,633.0,1286.0,2900.0,PB,스낵류,일반스낵
125715,PB)촉촉한초코칩쿠키230g,20250528,30,12,20084,천안상온센터,1476.0,324.0,0.0,24.0,24.0,48.0,48.0,24.0,24.0,0.0,0.0,0.0,0.0,0.0,96.0,38,589.0,1286.0,2900.0,PB,스낵류,일반스낵
125715,PB)촉촉한초코칩쿠키230g,20250528,30,12,20085,인천B상온센터,3336.0,540.0,12.0,0.0,24.0,24.0,48.0,36.0,24.0,24.0,0.0,0.0,0.0,0.0,60.0,62,847.0,1286.0,2900.0,PB,스낵류,일반스낵
125718,PB)티처스누네띠네딥초코55g,20250606,30,20,20006,성남센터,7820.0,2640.0,80.0,60.0,0.0,0.0,20.0,40.0,40.0,60.0,20.0,0.0,0.0,0.0,140.0,147,732.0,1020.0,2000.0,PB,비스킷류,파이
125718,PB)티처스누네띠네딥초코55g,20250606,30,20,20007,대구센터,8220.0,2480.0,100.0,80.0,20.0,60.0,20.0,140.0,20.0,20.0,0.0,0.0,0.0,0.0,260.0,145,964.0,1020.0,2000.0,PB,비스킷류,파이
125718,PB)티처스누네띠네딥초코55g,20250606,30,20,20010,양주센터,9840.0,2560.0,20.0,60.0,0.0,160.0,20.0,80.0,60.0,0.0,0.0,0.0,0.0,0.0,240.0,142,1008.0,1020.0,2000.0,PB,비스킷류,파이
125718,PB)티처스누네띠네딥초코55g,20250606,30,20,20017,울산상온센터(K7),4960.0,1760.0,40.0,20.0,0.0,20.0,20.0,80.0,40.0,80.0,0.0,0.0,0.0,0.0,80.0,96,706.0,1020.0,2000.0,PB,비스킷류,파이
125718,PB)티처스누네띠네딥초코55g,20250606,30,20,20033,제주상온센터,1800.0,580.0,0.0,40.0,0.0,0.0,0.0,20.0,0.0,20.0,0.0,0.0,0.0,0.0,40.0,33,306.0,1020.0,2000.0,PB,비스킷류,파이
125718,PB)티처스누네띠네딥초코55g,20250606,30,20,20034,구성상온센터,10420.0,2100.0,100.0,20.0,0.0,0.0,60.0,40.0,80.0,80.0,0.0,0.0,0.0,0.0,120.0,119,919.0,1020.0,2000.0,PB,비스킷류,파이
125718,PB)티처스누네띠네딥초코55g,20250606,30,20,20050,세종상온센터,7040.0,2160.0,40.0,0.0,0.0,80.0,80.0,20.0,120.0,60.0,40.0,0.0,0.0,0.0,120.0,113,921.0,1020.0,2000.0,PB,비스킷류,파이
125718,PB)티처스누네띠네딥초코55g,20250606,30,20,20065,원주상온센터(K7),4600.0,1260.0,100.0,20.0,0.0,0.0,0.0,0.0,120.0,0.0,20.0,0.0,0.0,0.0,120.0,72,704.0,1020.0,2000.0,PB,비스킷류,파이
125718,PB)티처스누네띠네딥초코55g,20250606,30,20,20075,인천상온센터,6600.0,1660.0,60.0,40.0,0.0,80.0,20.0,20.0,40.0,0.0,0.0,0.0,0.0,0.0,180.0,97,851.0,1020.0,2000.0,PB,비스킷류,파이
125718,PB)티처스누네띠네딥초코55g,20250606,30,20,20079,A광주상온센터,5680.0,1980.0,120.0,20.0,20.0,100.0,20.0,20.0,40.0,0.0,40.0,0.0,0.0,0.0,260.0,114,729.0,1020.0,2000.0,PB,비스킷류,파이
125718,PB)티처스누네띠네딥초코55g,20250606,30,20,20080,A의왕상온센터,5880.0,2160.0,60.0,20.0,0.0,60.0,60.0,60.0,60.0,60.0,20.0,0.0,0.0,0.0,140.0,121,752.0,1020.0,2000.0,PB,비스킷류,파이
125718,PB)티처스누네띠네딥초코55g,20250606,30,20,20081,A양산상온센터,5940.0,1740.0,40.0,0.0,0.0,40.0,40.0,100.0,0.0,20.0,40.0,0.0,0.0,0.0,80.0,97,847.0,1020.0,2000.0,PB,비스킷류,파이
125718,PB)티처스누네띠네딥초코55g,20250606,30,20,20083,김제상온센터,4100.0,940.0,20.0,20.0,0.0,40.0,40.0,20.0,40.0,0.0,0.0,20.0,0.0,0.0,80.0,53,630.0,1020.0,2000.0,PB,비스킷류,파이
125718,PB)티처스누네띠네딥초코55g,20250606,30,20,20084,천안상온센터,3580.0,1360.0,80.0,20.0,0.0,0.0,20.0,60.0,20.0,0.0,20.0,0.0,0.0,0.0,100.0,75,586.0,1020.0,2000.0,PB,비스킷류,파이
125718,PB)티처스누네띠네딥초코55g,20250606,30,20,20085,인천B상온센터,8140.0,1780.0,20.0,0.0,0.0,80.0,60.0,40.0,0.0,0.0,0.0,40.0,0.0,0.0,100.0,98,844.0,1020.0,2000.0,PB,비스킷류,파이
125722,일신)푸시팝플립앤딥25g,20250521,15,12,20006,성남센터,432.0,0.0,0.0,0.0,0.0,0.0,0.0,0.0,36.0,48.0,36.0,120.0,60.0,0.0,0.0,0,732.0,2000.0,4000.0,일신,캔디류,토이캔디
125722,일신)푸시팝플립앤딥25g,20250521,15,12,20007,대구센터,432.0,0.0,0.0,0.0,0.0,0.0,0.0,24.0,60.0,48.0,168.0,228.0,24.0,0.0,0.0,0,966.0,2000.0,4000.0,일신,캔디류,토이캔디
125722,일신)푸시팝플립앤딥25g,20250521,15,12,20010,양주센터,432.0,0.0,0.0,0.0,0.0,0.0,0.0,60.0,84.0,36.0,180.0,204.0,0.0,0.0,0.0,0,1010.0,2000.0,4000.0,일신,캔디류,토이캔디
125722,일신)푸시팝플립앤딥25g,20250521,15,12,20017,울산상온센터(K7),288.0,0.0,0.0,0.0,0.0,0.0,0.0,12.0,60.0,48.0,144.0,60.0,24.0,0.0,0.0,0,714.0,2000.0,4000.0,일신,캔디류,토이캔디
125722,일신)푸시팝플립앤딥25g,20250521,15,12,20033,제주상온센터,144.0,0.0,0.0,0.0,0.0,0.0,0.0,0.0,48.0,36.0,36.0,48.0,0.0,0.0,0.0,0,306.0,2000.0,4000.0,일신,캔디류,토이캔디
125722,일신)푸시팝플립앤딥25g,20250521,15,12,20034,구성상온센터,432.0,0.0,0.0,0.0,0.0,0.0,0.0,0.0,72.0,36.0,132.0,276.0,0.0,0.0,0.0,0,924.0,2000.0,4000.0,일신,캔디류,토이캔디
125722,일신)푸시팝플립앤딥25g,20250521,15,12,20050,세종상온센터,288.0,0.0,0.0,0.0,0.0,0.0,0.0,36.0,72.0,108.0,168.0,84.0,0.0,0.0,0.0,0,926.0,2000.0,4000.0,일신,캔디류,토이캔디
125722,일신)푸시팝플립앤딥25g,20250521,15,12,20065,원주상온센터(K7),288.0,0.0,0.0,0.0,0.0,0.0,0.0,0.0,72.0,24.0,120.0,300.0,24.0,0.0,0.0,0,711.0,2000.0,4000.0,일신,캔디류,토이캔디
125722,일신)푸시팝플립앤딥25g,20250521,15,12,20075,인천상온센터,288.0,0.0,0.0,0.0,0.0,0.0,0.0,60.0,84.0,60.0,156.0,192.0,0.0,0.0,0.0,0,853.0,2000.0,4000.0,일신,캔디류,토이캔디
125722,일신)푸시팝플립앤딥25g,20250521,15,12,20079,A광주상온센터,288.0,0.0,0.0,0.0,0.0,0.0,0.0,36.0,48.0,12.0,180.0,156.0,0.0,0.0,0.0,0,732.0,2000.0,4000.0,일신,캔디류,토이캔디
125722,일신)푸시팝플립앤딥25g,20250521,15,12,20080,A의왕상온센터,288.0,0.0,0.0,0.0,0.0,0.0,0.0,48.0,84.0,72.0,132.0,120.0,12.0,0.0,0.0,0,757.0,2000.0,4000.0,일신,캔디류,토이캔디
125722,일신)푸시팝플립앤딥25g,20250521,15,12,20081,A양산상온센터,288.0,0.0,0.0,0.0,0.0,0.0,0.0,12.0,48.0,132.0,72.0,168.0,0.0,0.0,0.0,0,859.0,2000.0,4000.0,일신,캔디류,토이캔디
125722,일신)푸시팝플립앤딥25g,20250521,15,12,20083,김제상온센터,288.0,0.0,0.0,0.0,0.0,0.0,0.0,36.0,24.0,36.0,36.0,96.0,24.0,0.0,0.0,0,633.0,2000.0,4000.0,일신,캔디류,토이캔디
125722,일신)푸시팝플립앤딥25g,20250521,15,12,20084,천안상온센터,288.0,0.0,0.0,0.0,0.0,0.0,0.0,0.0,48.0,24.0,72.0,132.0,0.0,0.0,0.0,0,590.0,2000.0,4000.0,일신,캔디류,토이캔디
125722,일신)푸시팝플립앤딥25g,20250521,15,12,20085,인천B상온센터,432.0,0.0,0.0,0.0,0.0,0.0,0.0,24.0,60.0,48.0,84.0,108.0,0.0,0.0,0.0,0,847.0,2000.0,4000.0,일신,캔디류,토이캔디
125771,오리온)아이셔야쿠르트맛42g,20250528,15,6,20006,성남센터,2400.0,66.0,60.0,42.0,258.0,144.0,42.0,78.0,72.0,12.0,30.0,24.0,6.0,0.0,504.0,91,732.0,545.0,1000.0,오리온,캔디류,소프트캔디
125771,오리온)아이셔야쿠르트맛42g,20250528,15,6,20007,대구센터,2520.0,102.0,60.0,240.0,342.0,126.0,96.0,150.0,60.0,0.0,36.0,6.0,0.0,0.0,768.0,140,966.0,545.0,1000.0,오리온,캔디류,소프트캔디
125771,오리온)아이셔야쿠르트맛42g,20250528,15,6,20010,양주센터,3024.0,90.0,84.0,222.0,252.0,102.0,108.0,66.0,36.0,6.0,0.0,36.0,0.0,0.0,660.0,125,1010.0,545.0,1000.0,오리온,캔디류,소프트캔디
125771,오리온)아이셔야쿠르트맛42g,20250528,15,6,20017,울산상온센터(K7),1536.0,126.0,48.0,150.0,162.0,84.0,60.0,36.0,36.0,0.0,12.0,0.0,0.0,0.0,444.0,88,714.0,545.0,1000.0,오리온,캔디류,소프트캔디
125771,오리온)아이셔야쿠르트맛42g,20250528,15,6,20033,제주상온센터,1104.0,24.0,42.0,24.0,90.0,42.0,18.0,18.0,6.0,0.0,0.0,0.0,0.0,0.0,198.0,36,306.0,545.0,1000.0,오리온,캔디류,소프트캔디
125771,오리온)아이셔야쿠르트맛42g,20250528,15,6,20034,구성상온센터,3216.0,168.0,72.0,96.0,408.0,174.0,156.0,102.0,60.0,24.0,54.0,36.0,0.0,0.0,750.0,140,923.0,545.0,1000.0,오리온,캔디류,소프트캔디
125771,오리온)아이셔야쿠르트맛42g,20250528,15,6,20050,세종상온센터,2160.0,48.0,60.0,162.0,222.0,120.0,72.0,102.0,48.0,18.0,60.0,6.0,0.0,0.0,564.0,97,920.0,545.0,1000.0,오리온,캔디류,소프트캔디
125771,오리온)아이셔야쿠르트맛42g,20250528,15,6,20065,원주상온센터(K7),1416.0,66.0,24.0,102.0,246.0,90.0,24.0,90.0,30.0,6.0,6.0,6.0,0.0,0.0,462.0,86,710.0,545.0,1000.0,오리온,캔디류,소프트캔디
125771,오리온)아이셔야쿠르트맛42g,20250528,15,6,20075,인천상온센터,2040.0,126.0,60.0,168.0,210.0,84.0,96.0,42.0,6.0,12.0,0.0,6.0,6.0,0.0,522.0,107,852.0,545.0,1000.0,오리온,캔디류,소프트캔디
125771,오리온)아이셔야쿠르트맛42g,20250528,15,6,20079,A광주상온센터,1752.0,60.0,54.0,120.0,186.0,126.0,42.0,36.0,30.0,18.0,6.0,12.0,0.0,0.0,486.0,89,732.0,545.0,1000.0,오리온,캔디류,소프트캔디
125771,오리온)아이셔야쿠르트맛42g,20250528,15,6,20080,A의왕상온센터,1824.0,120.0,54.0,210.0,216.0,150.0,54.0,30.0,24.0,24.0,6.0,0.0,0.0,0.0,630.0,110,756.0,545.0,1000.0,오리온,캔디류,소프트캔디
125771,오리온)아이셔야쿠르트맛42g,20250528,15,6,20081,A양산상온센터,1824.0,78.0,66.0,144.0,240.0,150.0,96.0,42.0,42.0,12.0,6.0,18.0,0.0,0.0,600.0,108,857.0,545.0,1000.0,오리온,캔디류,소프트캔디
125771,오리온)아이셔야쿠르트맛42g,20250528,15,6,20083,김제상온센터,1272.0,66.0,42.0,96.0,150.0,60.0,30.0,54.0,6.0,12.0,24.0,18.0,0.0,0.0,348.0,70,633.0,545.0,1000.0,오리온,캔디류,소프트캔디
125771,오리온)아이셔야쿠르트맛42g,20250528,15,6,20084,천안상온센터,1104.0,36.0,30.0,54.0,198.0,84.0,42.0,36.0,72.0,12.0,12.0,36.0,6.0,0.0,366.0,68,589.0,545.0,1000.0,오리온,캔디류,소프트캔디
125771,오리온)아이셔야쿠르트맛42g,20250528,15,6,20085,인천B상온센터,2496.0,96.0,90.0,162.0,168.0,96.0,96.0,84.0,12.0,18.0,12.0,0.0,0.0,0.0,516.0,100,847.0,545.0,1000.0,오리온,캔디류,소프트캔디
125781,G)밀키카라멜크림소다40g,20250528,40,1,20006,성남센터,3840.0,114.0,45.0,44.0,410.0,164.0,73.0,534.0,355.0,10.0,8.0,170.0,2.0,0.0,663.0,157,733.0,1450.0,2800.0,G,캔디류,소프트캔디
125781,G)밀키카라멜크림소다40g,20250528,40,1,20007,대구센터,4200.0,52.0,20.0,270.0,312.0,81.0,335.0,643.0,272.0,0.0,59.0,59.0,0.0,0.0,683.0,171,966.0,1450.0,2800.0,G,캔디류,소프트캔디
125781,G)밀키카라멜크림소다40g,20250528,40,1,20010,양주센터,4200.0,86.0,20.0,605.0,442.0,113.0,331.0,381.0,205.0,10.0,62.0,116.0,5.0,0.0,1180.0,264,1012.0,1450.0,2800.0,G,캔디류,소프트캔디
125781,G)밀키카라멜크림소다40g,20250528,40,1,20017,울산상온센터(K7),4680.0,85.0,27.0,150.0,201.0,157.0,185.0,396.0,194.0,23.0,24.0,72.0,0.0,0.0,535.0,136,713.0,1450.0,2800.0,G,캔디류,소프트캔디
125781,G)밀키카라멜크림소다40g,20250528,40,1,20033,제주상온센터,960.0,22.0,20.0,25.0,213.0,65.0,5.0,191.0,92.0,0.0,5.0,197.0,0.0,0.0,323.0,83,307.0,1450.0,2800.0,G,캔디류,소프트캔디
125781,G)밀키카라멜크림소다40g,20250528,40,1,20034,구성상온센터,4800.0,77.0,25.0,70.0,490.0,264.0,66.0,1060.0,243.0,10.0,10.0,99.0,0.0,0.0,849.0,201,922.0,1450.0,2800.0,G,캔디류,소프트캔디
125781,G)밀키카라멜크림소다40g,20250528,40,1,20050,세종상온센터,3840.0,82.0,30.0,198.0,143.0,92.0,254.0,351.0,175.0,25.0,63.0,85.0,0.0,0.0,463.0,126,920.0,1450.0,2800.0,G,캔디류,소프트캔디
125781,G)밀키카라멜크림소다40g,20250528,40,1,20065,원주상온센터(K7),2400.0,82.0,21.0,38.0,328.0,82.0,20.0,295.0,249.0,7.0,5.0,145.0,13.0,0.0,469.0,110,710.0,1450.0,2800.0,G,캔디류,소프트캔디
125781,G)밀키카라멜크림소다40g,20250528,40,1,20075,인천상온센터,3900.0,89.0,37.0,154.0,277.0,129.0,161.0,251.0,114.0,5.0,100.0,89.0,0.0,0.0,597.0,167,853.0,1450.0,2800.0,G,캔디류,소프트캔디
125781,G)밀키카라멜크림소다40g,20250528,40,1,20079,A광주상온센터,2400.0,40.0,10.0,174.0,230.0,75.0,289.0,428.0,221.0,14.0,119.0,196.0,0.0,0.0,489.0,139,731.0,1450.0,2800.0,G,캔디류,소프트캔디
125781,G)밀키카라멜크림소다40g,20250528,40,1,20080,A의왕상온센터,3540.0,96.0,54.0,129.0,341.0,144.0,172.0,425.0,156.0,34.0,144.0,61.0,0.0,0.0,668.0,169,756.0,1450.0,2800.0,G,캔디류,소프트캔디
125781,G)밀키카라멜크림소다40g,20250528,40,1,20081,A양산상온센터,3240.0,55.0,43.0,185.0,280.0,107.0,206.0,472.0,290.0,12.0,55.0,57.0,0.0,0.0,615.0,191,856.0,1450.0,2800.0,G,캔디류,소프트캔디
125781,G)밀키카라멜크림소다40g,20250528,40,1,20083,김제상온센터,2400.0,31.0,13.0,145.0,138.0,122.0,148.0,320.0,194.0,0.0,69.0,63.0,0.0,0.0,418.0,124,632.0,1450.0,2800.0,G,캔디류,소프트캔디
125781,G)밀키카라멜크림소다40g,20250528,40,1,20084,천안상온센터,2400.0,30.0,10.0,39.0,230.0,108.0,48.0,164.0,216.0,0.0,10.0,115.0,5.0,0.0,387.0,91,590.0,1450.0,2800.0,G,캔디류,소프트캔디
125781,G)밀키카라멜크림소다40g,20250528,40,1,20085,인천B상온센터,4260.0,90.0,59.0,173.0,485.0,124.0,243.0,295.0,144.0,8.0,119.0,225.0,0.0,0.0,841.0,174,848.0,1450.0,2800.0,G,캔디류,소프트캔디
125824,초코텍)메론페스츄리파이70g,20250528,30,6,20006,성남센터,960.0,0.0,6.0,48.0,162.0,84.0,36.0,222.0,42.0,6.0,12.0,12.0,0.0,0.0,300.0,53,732.0,1581.0,2900.0,초코텍,초콜릿,봉지초콜릿
125824,초코텍)메론페스츄리파이70g,20250528,30,6,20007,대구센터,1008.0,0.0,36.0,132.0,132.0,54.0,72.0,78.0,36.0,12.0,48.0,12.0,0.0,0.0,354.0,59,966.0,1581.0,2900.0,초코텍,초콜릿,봉지초콜릿
125824,초코텍)메론페스츄리파이70g,20250528,30,6,20010,양주센터,1248.0,6.0,30.0,156.0,108.0,54.0,36.0,12.0,12.0,6.0,12.0,18.0,0.0,0.0,348.0,60,1010.0,1581.0,2900.0,초코텍,초콜릿,봉지초콜릿
125824,초코텍)메론페스츄리파이70g,20250528,30,6,20017,울산상온센터(K7),624.0,12.0,30.0,42.0,66.0,54.0,24.0,30.0,12.0,6.0,6.0,0.0,0.0,0.0,192.0,37,714.0,1581.0,2900.0,초코텍,초콜릿,봉지초콜릿
125824,초코텍)메론페스츄리파이70g,20250528,30,6,20033,제주상온센터,240.0,0.0,0.0,18.0,54.0,24.0,24.0,6.0,6.0,6.0,0.0,12.0,0.0,0.0,96.0,17,306.0,1581.0,2900.0,초코텍,초콜릿,봉지초콜릿
125824,초코텍)메론페스츄리파이70g,20250528,30,6,20034,구성상온센터,1296.0,0.0,6.0,60.0,228.0,84.0,48.0,30.0,30.0,12.0,0.0,18.0,0.0,0.0,378.0,58,923.0,1581.0,2900.0,초코텍,초콜릿,봉지초콜릿
125824,초코텍)메론페스츄리파이70g,20250528,30,6,20050,세종상온센터,864.0,6.0,18.0,78.0,108.0,30.0,48.0,42.0,18.0,18.0,24.0,0.0,0.0,0.0,234.0,42,920.0,1581.0,2900.0,초코텍,초콜릿,봉지초콜릿
125824,초코텍)메론페스츄리파이70g,20250528,30,6,20065,원주상온센터(K7),576.0,0.0,6.0,54.0,120.0,36.0,6.0,36.0,6.0,18.0,12.0,18.0,0.0,0.0,216.0,36,710.0,1581.0,2900.0,초코텍,초콜릿,봉지초콜릿
125824,초코텍)메론페스츄리파이70g,20250528,30,6,20075,인천상온센터,816.0,24.0,24.0,108.0,120.0,48.0,30.0,18.0,0.0,0.0,6.0,12.0,0.0,0.0,300.0,54,852.0,1581.0,2900.0,초코텍,초콜릿,봉지초콜릿
125824,초코텍)메론페스츄리파이70g,20250528,30,6,20079,A광주상온센터,720.0,6.0,18.0,48.0,60.0,24.0,6.0,18.0,0.0,6.0,0.0,12.0,0.0,0.0,150.0,28,732.0,1581.0,2900.0,초코텍,초콜릿,봉지초콜릿
125824,초코텍)메론페스츄리파이70g,20250528,30,6,20080,A의왕상온센터,768.0,0.0,12.0,156.0,132.0,54.0,36.0,42.0,12.0,0.0,12.0,6.0,0.0,0.0,354.0,62,756.0,1581.0,2900.0,초코텍,초콜릿,봉지초콜릿
125824,초코텍)메론페스츄리파이70g,20250528,30,6,20081,A양산상온센터,768.0,18.0,42.0,78.0,66.0,66.0,30.0,42.0,18.0,0.0,6.0,12.0,0.0,0.0,252.0,46,857.0,1581.0,2900.0,초코텍,초콜릿,봉지초콜릿
125824,초코텍)메론페스츄리파이70g,20250528,30,6,20083,김제상온센터,528.0,6.0,6.0,60.0,54.0,30.0,18.0,24.0,12.0,12.0,6.0,12.0,0.0,0.0,150.0,28,633.0,1581.0,2900.0,초코텍,초콜릿,봉지초콜릿
125824,초코텍)메론페스츄리파이70g,20250528,30,6,20084,천안상온센터,480.0,0.0,6.0,30.0,108.0,42.0,6.0,42.0,24.0,0.0,6.0,30.0,0.0,0.0,186.0,32,589.0,1581.0,2900.0,초코텍,초콜릿,봉지초콜릿
125824,초코텍)메론페스츄리파이70g,20250528,30,6,20085,인천B상온센터,1008.0,6.0,48.0,96.0,102.0,66.0,36.0,18.0,24.0,12.0,30.0,0.0,0.0,0.0,312.0,54,847.0,1581.0,2900.0,초코텍,초콜릿,봉지초콜릿
125825,초코텍)메론멜로볼50g,20250604,30,6,20006,성남센터,1104.0,0.0,30.0,72.0,252.0,108.0,126.0,18.0,0.0,0.0,0.0,0.0,0.0,0.0,462.0,80,732.0,1636.0,3000.0,초코텍,초콜릿,볼초콜릿
125825,초코텍)메론멜로볼50g,20250604,30,6,20007,대구센터,1152.0,66.0,48.0,156.0,150.0,96.0,72.0,18.0,0.0,0.0,0.0,0.0,0.0,0.0,450.0,88,964.0,1636.0,3000.0,초코텍,초콜릿,볼초콜릿
125825,초코텍)메론멜로볼50g,20250604,30,6,20010,양주센터,1344.0,18.0,84.0,102.0,192.0,78.0,30.0,18.0,0.0,0.0,6.0,0.0,0.0,0.0,456.0,79,1008.0,1636.0,3000.0,초코텍,초콜릿,볼초콜릿
125825,초코텍)메론멜로볼50g,20250604,30,6,20017,울산상온센터(K7),720.0,48.0,30.0,90.0,108.0,60.0,12.0,6.0,0.0,6.0,0.0,12.0,0.0,0.0,288.0,56,706.0,1636.0,3000.0,초코텍,초콜릿,볼초콜릿
125825,초코텍)메론멜로볼50g,20250604,30,6,20033,제주상온센터,288.0,0.0,24.0,18.0,84.0,12.0,0.0,0.0,6.0,0.0,0.0,6.0,0.0,0.0,138.0,21,306.0,1636.0,3000.0,초코텍,초콜릿,볼초콜릿
125825,초코텍)메론멜로볼50g,20250604,30,6,20034,구성상온센터,1440.0,24.0,30.0,54.0,366.0,84.0,42.0,18.0,0.0,6.0,0.0,0.0,0.0,0.0,534.0,84,919.0,1636.0,3000.0,초코텍,초콜릿,볼초콜릿
125825,초코텍)메론멜로볼50g,20250604,30,6,20050,세종상온센터,960.0,30.0,36.0,168.0,168.0,84.0,24.0,12.0,0.0,0.0,6.0,0.0,6.0,0.0,456.0,83,921.0,1636.0,3000.0,초코텍,초콜릿,볼초콜릿
125825,초코텍)메론멜로볼50g,20250604,30,6,20065,원주상온센터(K7),672.0,6.0,42.0,66.0,126.0,60.0,42.0,18.0,0.0,0.0,6.0,0.0,0.0,0.0,294.0,49,704.0,1636.0,3000.0,초코텍,초콜릿,볼초콜릿
125825,초코텍)메론멜로볼50g,20250604,30,6,20075,인천상온센터,912.0,18.0,48.0,132.0,162.0,96.0,30.0,36.0,0.0,0.0,0.0,0.0,0.0,0.0,438.0,72,851.0,1636.0,3000.0,초코텍,초콜릿,볼초콜릿
125825,초코텍)메론멜로볼50g,20250604,30,6,20079,A광주상온센터,816.0,24.0,12.0,102.0,132.0,54.0,36.0,0.0,0.0,0.0,0.0,0.0,0.0,0.0,300.0,58,729.0,1636.0,3000.0,초코텍,초콜릿,볼초콜릿
125825,초코텍)메론멜로볼50g,20250604,30,6,20080,A의왕상온센터,816.0,18.0,48.0,210.0,222.0,114.0,36.0,18.0,0.0,0.0,0.0,0.0,0.0,0.0,594.0,99,752.0,1636.0,3000.0,초코텍,초콜릿,볼초콜릿
125825,초코텍)메론멜로볼50g,20250604,30,6,20081,A양산상온센터,816.0,18.0,30.0,120.0,126.0,54.0,42.0,0.0,0.0,6.0,0.0,0.0,0.0,0.0,330.0,58,847.0,1636.0,3000.0,초코텍,초콜릿,볼초콜릿
125825,초코텍)메론멜로볼50g,20250604,30,6,20083,김제상온센터,576.0,18.0,6.0,30.0,54.0,54.0,42.0,6.0,0.0,0.0,6.0,6.0,0.0,0.0,144.0,29,630.0,1636.0,3000.0,초코텍,초콜릿,볼초콜릿
125825,초코텍)메론멜로볼50g,20250604,30,6,20084,천안상온센터,528.0,12.0,6.0,48.0,114.0,60.0,48.0,24.0,0.0,6.0,0.0,0.0,0.0,0.0,228.0,42,586.0,1636.0,3000.0,초코텍,초콜릿,볼초콜릿
125825,초코텍)메론멜로볼50g,20250604,30,6,20085,인천B상온센터,1152.0,12.0,78.0,138.0,138.0,78.0,24.0,12.0,0.0,0.0,0.0,0.0,0.0,0.0,432.0,72,844.0,1636.0,3000.0,초코텍,초콜릿,볼초콜릿
125844,해태)생생감자칩바질페스토피자맛55g,20250528,70,16,20006,성남센터,12496.0,0.0,0.0,0.0,1376.0,848.0,336.0,2368.0,1232.0,48.0,80.0,576.0,0.0,0.0,2224.0,138,732.0,1127.0,2000.0,해태,스낵류,감자스낵
125844,해태)생생감자칩바질페스토피자맛55g,20250528,70,16,20007,대구센터,13136.0,0.0,0.0,752.0,1168.0,320.0,832.0,1968.0,912.0,32.0,240.0,272.0,0.0,0.0,2240.0,141,966.0,1127.0,2000.0,해태,스낵류,감자스낵
125844,해태)생생감자칩바질페스토피자맛55g,20250528,70,16,20010,양주센터,15728.0,0.0,0.0,1376.0,1872.0,480.0,1488.0,1792.0,1088.0,48.0,192.0,288.0,0.0,0.0,3728.0,236,1010.0,1127.0,2000.0,해태,스낵류,감자스낵
125844,해태)생생감자칩바질페스토피자맛55g,20250528,70,16,20017,울산상온센터(K7),7920.0,0.0,0.0,704.0,608.0,400.0,544.0,1216.0,528.0,64.0,80.0,320.0,0.0,0.0,1712.0,109,714.0,1127.0,2000.0,해태,스낵류,감자스낵
125844,해태)생생감자칩바질페스토피자맛55g,20250528,70,16,20033,제주상온센터,2864.0,0.0,0.0,0.0,1008.0,272.0,48.0,896.0,464.0,0.0,32.0,384.0,0.0,0.0,1280.0,80,306.0,1127.0,2000.0,해태,스낵류,감자스낵
125844,해태)생생감자칩바질페스토피자맛55g,20250528,70,16,20034,구성상온센터,16672.0,0.0,0.0,0.0,1968.0,1072.0,320.0,2640.0,1136.0,32.0,16.0,544.0,16.0,0.0,3040.0,192,923.0,1127.0,2000.0,해태,스낵류,감자스낵
125844,해태)생생감자칩바질페스토피자맛55g,20250528,70,16,20050,세종상온센터,11248.0,0.0,0.0,816.0,496.0,368.0,1040.0,1376.0,720.0,96.0,240.0,336.0,0.0,0.0,1680.0,108,920.0,1127.0,2000.0,해태,스낵류,감자스낵
125844,해태)생생감자칩바질페스토피자맛55g,20250528,70,16,20065,원주상온센터(K7),7344.0,0.0,0.0,0.0,1184.0,144.0,144.0,928.0,912.0,16.0,32.0,640.0,32.0,0.0,1328.0,85,710.0,1127.0,2000.0,해태,스낵류,감자스낵
125844,해태)생생감자칩바질페스토피자맛55g,20250528,70,16,20075,인천상온센터,10560.0,0.0,0.0,688.0,1312.0,416.0,944.0,1360.0,464.0,16.0,528.0,416.0,16.0,0.0,2416.0,155,852.0,1127.0,2000.0,해태,스낵류,감자스낵
125844,해태)생생감자칩바질페스토피자맛55g,20250528,70,16,20079,A광주상온센터,9088.0,0.0,0.0,912.0,1120.0,400.0,992.0,1632.0,1088.0,80.0,640.0,640.0,0.0,0.0,2432.0,147,732.0,1127.0,2000.0,해태,스낵류,감자스낵
125844,해태)생생감자칩바질페스토피자맛55g,20250528,70,16,20080,A의왕상온센터,9408.0,0.0,0.0,736.0,1296.0,736.0,848.0,1936.0,704.0,80.0,544.0,96.0,0.0,0.0,2768.0,177,756.0,1127.0,2000.0,해태,스낵류,감자스낵
125844,해태)생생감자칩바질페스토피자맛55g,20250528,70,16,20081,A양산상온센터,9488.0,0.0,0.0,992.0,1280.0,432.0,944.0,2096.0,864.0,112.0,208.0,176.0,0.0,0.0,2704.0,171,857.0,1127.0,2000.0,해태,스낵류,감자스낵
125844,해태)생생감자칩바질페스토피자맛55g,20250528,70,16,20083,김제상온센터,6544.0,0.0,0.0,688.0,688.0,512.0,608.0,1200.0,944.0,48.0,336.0,272.0,0.0,0.0,1888.0,120,633.0,1127.0,2000.0,해태,스낵류,감자스낵
125844,해태)생생감자칩바질페스토피자맛55g,20250528,70,16,20084,천안상온센터,5728.0,0.0,0.0,0.0,736.0,496.0,208.0,704.0,864.0,48.0,48.0,368.0,16.0,0.0,1232.0,81,589.0,1127.0,2000.0,해태,스낵류,감자스낵
125844,해태)생생감자칩바질페스토피자맛55g,20250528,70,16,20085,인천B상온센터,13024.0,0.0,0.0,736.0,1312.0,672.0,1360.0,1200.0,512.0,48.0,368.0,416.0,0.0,0.0,2720.0,171,847.0,1127.0,2000.0,해태,스낵류,감자스낵
125845,담터)피카츄콤부차젤리믹스50g,20250521,20,8,20006,성남센터,1440.0,0.0,0.0,0.0,0.0,0.0,0.0,0.0,40.0,40.0,40.0,128.0,32.0,0.0,0.0,0,732.0,1000.0,2000.0,담터,젤리류,국산젤리
125845,담터)피카츄콤부차젤리믹스50g,20250521,20,8,20007,대구센터,1360.0,0.0,0.0,0.0,0.0,0.0,0.0,16.0,24.0,24.0,80.0,72.0,8.0,0.0,0.0,0,966.0,1000.0,2000.0,담터,젤리류,국산젤리
125845,담터)피카츄콤부차젤리믹스50g,20250521,20,8,20010,양주센터,1800.0,0.0,0.0,0.0,0.0,0.0,0.0,56.0,64.0,48.0,104.0,80.0,8.0,0.0,0.0,0,1010.0,1000.0,2000.0,담터,젤리류,국산젤리
125845,담터)피카츄콤부차젤리믹스50g,20250521,20,8,20017,울산상온센터(K7),920.0,0.0,0.0,0.0,0.0,0.0,0.0,24.0,48.0,24.0,56.0,64.0,16.0,0.0,0.0,0,714.0,1000.0,2000.0,담터,젤리류,국산젤리
125845,담터)피카츄콤부차젤리믹스50g,20250521,20,8,20033,제주상온센터,360.0,0.0,0.0,0.0,0.0,0.0,0.0,0.0,24.0,24.0,24.0,24.0,0.0,0.0,0.0,0,306.0,1000.0,2000.0,담터,젤리류,국산젤리
125845,담터)피카츄콤부차젤리믹스50g,20250521,20,8,20034,구성상온센터,1920.0,0.0,0.0,0.0,0.0,0.0,0.0,0.0,32.0,32.0,64.0,232.0,8.0,0.0,0.0,0,924.0,1000.0,2000.0,담터,젤리류,국산젤리
125845,담터)피카츄콤부차젤리믹스50g,20250521,20,8,20050,세종상온센터,1280.0,0.0,0.0,0.0,0.0,0.0,0.0,16.0,72.0,24.0,128.0,56.0,0.0,0.0,0.0,0,926.0,1000.0,2000.0,담터,젤리류,국산젤리
125845,담터)피카츄콤부차젤리믹스50g,20250521,20,8,20065,원주상온센터(K7),840.0,0.0,0.0,0.0,0.0,0.0,0.0,0.0,0.0,0.0,32.0,88.0,0.0,0.0,0.0,0,711.0,1000.0,2000.0,담터,젤리류,국산젤리
125845,담터)피카츄콤부차젤리믹스50g,20250521,20,8,20075,인천상온센터,1200.0,0.0,0.0,0.0,0.0,0.0,0.0,24.0,24.0,32.0,72.0,112.0,16.0,0.0,0.0,0,853.0,1000.0,2000.0,담터,젤리류,국산젤리
125845,담터)피카츄콤부차젤리믹스50g,20250521,20,8,20079,A광주상온센터,1040.0,0.0,0.0,0.0,0.0,0.0,0.0,8.0,16.0,8.0,96.0,32.0,0.0,0.0,0.0,0,732.0,1000.0,2000.0,담터,젤리류,국산젤리
125845,담터)피카츄콤부차젤리믹스50g,20250521,20,8,20080,A의왕상온센터,1080.0,0.0,0.0,0.0,0.0,0.0,0.0,16.0,48.0,24.0,112.0,88.0,0.0,0.0,0.0,0,757.0,1000.0,2000.0,담터,젤리류,국산젤리
125845,담터)피카츄콤부차젤리믹스50g,20250521,20,8,20081,A양산상온센터,1080.0,0.0,0.0,0.0,0.0,0.0,0.0,24.0,32.0,8.0,40.0,88.0,8.0,0.0,0.0,0,859.0,1000.0,2000.0,담터,젤리류,국산젤리
125845,담터)피카츄콤부차젤리믹스50g,20250521,20,8,20083,김제상온센터,760.0,0.0,0.0,0.0,0.0,0.0,0.0,16.0,32.0,0.0,32.0,48.0,0.0,0.0,0.0,0,633.0,1000.0,2000.0,담터,젤리류,국산젤리
125845,담터)피카츄콤부차젤리믹스50g,20250521,20,8,20084,천안상온센터,680.0,0.0,0.0,0.0,0.0,0.0,0.0,0.0,32.0,16.0,16.0,88.0,0.0,0.0,0.0,0,590.0,1000.0,2000.0,담터,젤리류,국산젤리
125845,담터)피카츄콤부차젤리믹스50g,20250521,20,8,20085,인천B상온센터,1480.0,0.0,0.0,0.0,0.0,0.0,0.0,40.0,40.0,24.0,88.0,104.0,0.0,0.0,0.0,0,847.0,1000.0,2000.0,담터,젤리류,국산젤리
125855,PB)인절미스낵56g,20250528,30,16,20006,성남센터,4256.0,0.0,0.0,0.0,80.0,368.0,288.0,224.0,96.0,80.0,32.0,48.0,0.0,0.0,448.0,31,732.0,668.0,1500.0,PB,스낵류,일반스낵
125855,PB)인절미스낵56g,20250528,30,16,20007,대구센터,4480.0,0.0,0.0,96.0,160.0,256.0,128.0,144.0,64.0,32.0,80.0,0.0,0.0,0.0,512.0,33,966.0,668.0,1500.0,PB,스낵류,일반스낵
125855,PB)인절미스낵56g,20250528,30,16,20010,양주센터,5360.0,0.0,0.0,96.0,192.0,288.0,368.0,112.0,64.0,0.0,64.0,48.0,0.0,0.0,576.0,39,1010.0,668.0,1500.0,PB,스낵류,일반스낵
125855,PB)인절미스낵56g,20250528,30,16,20017,울산상온센터(K7),2704.0,0.0,0.0,32.0,144.0,304.0,112.0,144.0,96.0,16.0,0.0,64.0,0.0,0.0,480.0,32,714.0,668.0,1500.0,PB,스낵류,일반스낵
125855,PB)인절미스낵56g,20250528,30,16,20033,제주상온센터,976.0,0.0,0.0,0.0,80.0,48.0,48.0,48.0,16.0,0.0,0.0,0.0,0.0,0.0,128.0,9,306.0,668.0,1500.0,PB,스낵류,일반스낵
125855,PB)인절미스낵56g,20250528,30,16,20034,구성상온센터,5680.0,0.0,0.0,0.0,48.0,304.0,240.0,208.0,128.0,48.0,32.0,32.0,32.0,0.0,352.0,23,923.0,668.0,1500.0,PB,스낵류,일반스낵
125855,PB)인절미스낵56g,20250528,30,16,20050,세종상온센터,3840.0,0.0,0.0,64.0,192.0,176.0,224.0,112.0,48.0,32.0,96.0,16.0,0.0,0.0,432.0,29,920.0,668.0,1500.0,PB,스낵류,일반스낵
125855,PB)인절미스낵56g,20250528,30,16,20065,원주상온센터(K7),2512.0,0.0,0.0,0.0,80.0,208.0,96.0,144.0,96.0,0.0,64.0,16.0,0.0,0.0,288.0,19,710.0,668.0,1500.0,PB,스낵류,일반스낵
125855,PB)인절미스낵56g,20250528,30,16,20075,인천상온센터,3600.0,0.0,0.0,96.0,224.0,304.0,128.0,160.0,16.0,32.0,64.0,16.0,0.0,0.0,624.0,39,852.0,668.0,1500.0,PB,스낵류,일반스낵
125855,PB)인절미스낵56g,20250528,30,16,20079,A광주상온센터,3104.0,0.0,0.0,80.0,112.0,208.0,96.0,176.0,64.0,48.0,0.0,16.0,0.0,0.0,400.0,26,732.0,668.0,1500.0,PB,스낵류,일반스낵
125855,PB)인절미스낵56g,20250528,30,16,20080,A의왕상온센터,3216.0,0.0,0.0,48.0,208.0,272.0,208.0,160.0,112.0,32.0,32.0,16.0,0.0,0.0,528.0,35,756.0,668.0,1500.0,PB,스낵류,일반스낵
125855,PB)인절미스낵56g,20250528,30,16,20081,A양산상온센터,3232.0,0.0,0.0,16.0,192.0,304.0,208.0,32.0,48.0,16.0,16.0,16.0,0.0,0.0,512.0,34,857.0,668.0,1500.0,PB,스낵류,일반스낵
125855,PB)인절미스낵56g,20250528,30,16,20083,김제상온센터,2240.0,0.0,0.0,0.0,64.0,144.0,32.0,80.0,48.0,16.0,0.0,16.0,0.0,0.0,208.0,15,633.0,668.0,1500.0,PB,스낵류,일반스낵
125855,PB)인절미스낵56g,20250528,30,16,20084,천안상온센터,1968.0,0.0,0.0,0.0,48.0,240.0,112.0,96.0,48.0,16.0,32.0,64.0,0.0,0.0,288.0,20,589.0,668.0,1500.0,PB,스낵류,일반스낵
125855,PB)인절미스낵56g,20250528,30,16,20085,인천B상온센터,4448.0,0.0,0.0,64.0,160.0,288.0,96.0,16.0,64.0,32.0,32.0,32.0,0.0,0.0,512.0,34,847.0,668.0,1500.0,PB,스낵류,일반스낵
125856,PB)땅콩품은오징어볼200g,20250528,30,12,20006,성남센터,1812.0,0.0,0.0,0.0,36.0,216.0,156.0,60.0,48.0,0.0,24.0,36.0,0.0,0.0,252.0,23,732.0,1325.0,2900.0,PB,스낵류,일반스낵
125856,PB)땅콩품은오징어볼200g,20250528,30,12,20007,대구센터,1908.0,0.0,0.0,48.0,84.0,84.0,72.0,48.0,36.0,12.0,48.0,0.0,0.0,0.0,216.0,20,966.0,1325.0,2900.0,PB,스낵류,일반스낵
125856,PB)땅콩품은오징어볼200g,20250528,30,12,20010,양주센터,2280.0,0.0,0.0,48.0,60.0,156.0,144.0,48.0,36.0,12.0,48.0,36.0,0.0,0.0,264.0,22,1010.0,1325.0,2900.0,PB,스낵류,일반스낵
125856,PB)땅콩품은오징어볼200g,20250528,30,12,20017,울산상온센터(K7),1152.0,0.0,0.0,12.0,60.0,144.0,36.0,60.0,24.0,0.0,0.0,12.0,0.0,0.0,216.0,18,714.0,1325.0,2900.0,PB,스낵류,일반스낵
125856,PB)땅콩품은오징어볼200g,20250528,30,12,20033,제주상온센터,420.0,0.0,0.0,0.0,48.0,24.0,36.0,36.0,24.0,0.0,12.0,0.0,0.0,0.0,72.0,7,306.0,1325.0,2900.0,PB,스낵류,일반스낵
125856,PB)땅콩품은오징어볼200g,20250528,30,12,20034,구성상온센터,2424.0,0.0,0.0,0.0,12.0,120.0,144.0,60.0,48.0,36.0,0.0,12.0,0.0,0.0,132.0,11,923.0,1325.0,2900.0,PB,스낵류,일반스낵
125856,PB)땅콩품은오징어볼200g,20250528,30,12,20050,세종상온센터,1632.0,0.0,0.0,24.0,108.0,96.0,84.0,24.0,12.0,0.0,24.0,0.0,0.0,0.0,228.0,21,920.0,1325.0,2900.0,PB,스낵류,일반스낵
125856,PB)땅콩품은오징어볼200g,20250528,30,12,20065,원주상온센터(K7),1068.0,0.0,0.0,0.0,0.0,60.0,48.0,48.0,48.0,12.0,36.0,12.0,0.0,0.0,60.0,5,710.0,1325.0,2900.0,PB,스낵류,일반스낵
125856,PB)땅콩품은오징어볼200g,20250528,30,12,20075,인천상온센터,1536.0,0.0,0.0,60.0,120.0,120.0,84.0,48.0,0.0,12.0,48.0,0.0,0.0,0.0,300.0,26,852.0,1325.0,2900.0,PB,스낵류,일반스낵
125856,PB)땅콩품은오징어볼200g,20250528,30,12,20079,A광주상온센터,1320.0,0.0,0.0,48.0,60.0,84.0,48.0,96.0,48.0,0.0,0.0,12.0,0.0,0.0,192.0,17,732.0,1325.0,2900.0,PB,스낵류,일반스낵
125856,PB)땅콩품은오징어볼200g,20250528,30,12,20080,A의왕상온센터,1368.0,0.0,0.0,24.0,96.0,108.0,96.0,132.0,24.0,0.0,12.0,12.0,0.0,0.0,228.0,20,756.0,1325.0,2900.0,PB,스낵류,일반스낵
125856,PB)땅콩품은오징어볼200g,20250528,30,12,20081,A양산상온센터,1380.0,0.0,0.0,12.0,60.0,84.0,60.0,36.0,24.0,12.0,0.0,0.0,0.0,0.0,156.0,17,857.0,1325.0,2900.0,PB,스낵류,일반스낵
125856,PB)땅콩품은오징어볼200g,20250528,30,12,20083,김제상온센터,948.0,0.0,0.0,0.0,48.0,48.0,36.0,48.0,0.0,12.0,12.0,0.0,0.0,0.0,96.0,10,633.0,1325.0,2900.0,PB,스낵류,일반스낵
125856,PB)땅콩품은오징어볼200g,20250528,30,12,20084,천안상온센터,840.0,0.0,0.0,0.0,48.0,132.0,48.0,36.0,60.0,12.0,24.0,12.0,0.0,0.0,180.0,15,589.0,1325.0,2900.0,PB,스낵류,일반스낵
125856,PB)땅콩품은오징어볼200g,20250528,30,12,20085,인천B상온센터,1896.0,0.0,0.0,36.0,84.0,132.0,48.0,12.0,36.0,24.0,12.0,0.0,0.0,0.0,252.0,23,847.0,1325.0,2900.0,PB,스낵류,일반스낵
125897,PB)허니버터&솔티카라멜팝콘75g,20250530,40,12,20006,성남센터,4788.0,0.0,36.0,252.0,180.0,120.0,84.0,24.0,12.0,12.0,12.0,0.0,0.0,0.0,588.0,54,732.0,949.0,1800.0,PB,스낵류,옥수수스낵
125897,PB)허니버터&솔티카라멜팝콘75g,20250530,40,12,20007,대구센터,5040.0,24.0,180.0,240.0,216.0,144.0,60.0,36.0,60.0,0.0,0.0,0.0,0.0,0.0,780.0,73,966.0,949.0,1800.0,PB,스낵류,옥수수스낵
125897,PB)허니버터&솔티카라멜팝콘75g,20250530,40,12,20010,양주센터,6036.0,60.0,144.0,240.0,216.0,48.0,60.0,12.0,36.0,36.0,0.0,36.0,0.0,0.0,648.0,61,1010.0,949.0,1800.0,PB,스낵류,옥수수스낵
125897,PB)허니버터&솔티카라멜팝콘75g,20250530,40,12,20017,울산상온센터(K7),3036.0,24.0,132.0,180.0,60.0,180.0,72.0,12.0,0.0,24.0,0.0,0.0,12.0,0.0,552.0,48,714.0,949.0,1800.0,PB,스낵류,옥수수스낵
125897,PB)허니버터&솔티카라멜팝콘75g,20250530,40,12,20033,제주상온센터,1104.0,0.0,60.0,36.0,36.0,48.0,24.0,24.0,12.0,0.0,0.0,0.0,0.0,0.0,180.0,16,306.0,949.0,1800.0,PB,스낵류,옥수수스낵
125897,PB)허니버터&솔티카라멜팝콘75g,20250530,40,12,20034,구성상온센터,6396.0,0.0,36.0,204.0,108.0,168.0,36.0,24.0,36.0,12.0,24.0,0.0,0.0,0.0,516.0,47,923.0,949.0,1800.0,PB,스낵류,옥수수스낵
125897,PB)허니버터&솔티카라멜팝콘75g,20250530,40,12,20050,세종상온센터,4320.0,48.0,144.0,144.0,180.0,84.0,60.0,12.0,24.0,12.0,12.0,0.0,0.0,0.0,552.0,51,920.0,949.0,1800.0,PB,스낵류,옥수수스낵
125897,PB)허니버터&솔티카라멜팝콘75g,20250530,40,12,20065,원주상온센터(K7),2820.0,0.0,36.0,156.0,60.0,48.0,72.0,0.0,48.0,12.0,0.0,12.0,0.0,0.0,300.0,26,710.0,949.0,1800.0,PB,스낵류,옥수수스낵
125897,PB)허니버터&솔티카라멜팝콘75g,20250530,40,12,20075,인천상온센터,4056.0,84.0,132.0,264.0,108.0,36.0,12.0,12.0,36.0,12.0,0.0,0.0,0.0,0.0,540.0,57,852.0,949.0,1800.0,PB,스낵류,옥수수스낵
125897,PB)허니버터&솔티카라멜팝콘75g,20250530,40,12,20079,A광주상온센터,3480.0,60.0,24.0,192.0,72.0,192.0,84.0,12.0,12.0,24.0,12.0,12.0,0.0,0.0,480.0,46,732.0,949.0,1800.0,PB,스낵류,옥수수스낵
125897,PB)허니버터&솔티카라멜팝콘75g,20250530,40,12,20080,A의왕상온센터,3612.0,60.0,132.0,168.0,168.0,132.0,60.0,24.0,12.0,12.0,0.0,0.0,0.0,0.0,600.0,58,756.0,949.0,1800.0,PB,스낵류,옥수수스낵
125897,PB)허니버터&솔티카라멜팝콘75g,20250530,40,12,20081,A양산상온센터,3636.0,24.0,72.0,204.0,132.0,60.0,72.0,0.0,24.0,0.0,0.0,12.0,0.0,0.0,468.0,42,857.0,949.0,1800.0,PB,스낵류,옥수수스낵
125897,PB)허니버터&솔티카라멜팝콘75g,20250530,40,12,20083,김제상온센터,2508.0,0.0,36.0,96.0,36.0,84.0,36.0,12.0,0.0,0.0,0.0,0.0,0.0,0.0,252.0,21,633.0,949.0,1800.0,PB,스낵류,옥수수스낵
125897,PB)허니버터&솔티카라멜팝콘75g,20250530,40,12,20084,천안상온센터,2208.0,0.0,60.0,168.0,84.0,48.0,72.0,0.0,24.0,12.0,0.0,0.0,0.0,0.0,360.0,32,589.0,949.0,1800.0,PB,스낵류,옥수수스낵
125897,PB)허니버터&솔티카라멜팝콘75g,20250530,40,12,20085,인천B상온센터,4992.0,36.0,120.0,216.0,48.0,48.0,48.0,24.0,36.0,12.0,12.0,0.0,0.0,0.0,432.0,42,847.0,949.0,1800.0,PB,스낵류,옥수수스낵
125911,동서)리츠바삭김73g,20250604,30,2,20006,성남센터,2136.0,0.0,0.0,0.0,318.0,194.0,176.0,80.0,66.0,18.0,12.0,6.0,6.0,0.0,512.0,94,733.0,1068.0,2000.0,동서,비스킷류,크래커
125911,동서)리츠바삭김73g,20250604,30,2,20007,대구센터,2256.0,0.0,0.0,158.0,296.0,272.0,130.0,82.0,44.0,24.0,18.0,8.0,0.0,0.0,726.0,138,965.0,1068.0,2000.0,동서,비스킷류,크래커
125911,동서)리츠바삭김73g,20250604,30,2,20010,양주센터,2688.0,0.0,0.0,208.0,338.0,190.0,98.0,158.0,26.0,12.0,14.0,2.0,0.0,0.0,736.0,137,1013.0,1068.0,2000.0,동서,비스킷류,크래커
125911,동서)리츠바삭김73g,20250604,30,2,20017,울산상온센터(K7),1368.0,0.0,0.0,128.0,250.0,198.0,60.0,36.0,18.0,6.0,12.0,28.0,0.0,0.0,576.0,101,713.0,1068.0,2000.0,동서,비스킷류,크래커
125911,동서)리츠바삭김73g,20250604,30,2,20033,제주상온센터,504.0,0.0,0.0,0.0,132.0,92.0,42.0,12.0,36.0,6.0,0.0,24.0,0.0,0.0,224.0,40,307.0,1068.0,2000.0,동서,비스킷류,크래커
125911,동서)리츠바삭김73g,20250604,30,2,20034,구성상온센터,2856.0,0.0,0.0,0.0,518.0,254.0,110.0,162.0,38.0,20.0,28.0,18.0,0.0,0.0,772.0,141,920.0,1068.0,2000.0,동서,비스킷류,크래커
125911,동서)리츠바삭김73g,20250604,30,2,20050,세종상온센터,1920.0,0.0,0.0,168.0,272.0,138.0,118.0,102.0,30.0,10.0,32.0,12.0,0.0,0.0,578.0,106,920.0,1068.0,2000.0,동서,비스킷류,크래커
125911,동서)리츠바삭김73g,20250604,30,2,20065,원주상온센터(K7),1272.0,0.0,0.0,0.0,234.0,120.0,92.0,48.0,30.0,6.0,40.0,14.0,0.0,0.0,354.0,65,710.0,1068.0,2000.0,동서,비스킷류,크래커
125911,동서)리츠바삭김73g,20250604,30,2,20075,인천상온센터,1800.0,0.0,0.0,180.0,352.0,198.0,98.0,38.0,12.0,0.0,0.0,0.0,0.0,0.0,730.0,134,851.0,1068.0,2000.0,동서,비스킷류,크래커
125911,동서)리츠바삭김73g,20250604,30,2,20079,A광주상온센터,1560.0,0.0,0.0,152.0,150.0,106.0,74.0,60.0,10.0,0.0,6.0,0.0,0.0,0.0,408.0,77,731.0,1068.0,2000.0,동서,비스킷류,크래커
125911,동서)리츠바삭김73g,20250604,30,2,20080,A의왕상온센터,1608.0,0.0,0.0,296.0,316.0,160.0,84.0,56.0,34.0,14.0,24.0,16.0,0.0,0.0,772.0,144,755.0,1068.0,2000.0,동서,비스킷류,크래커
125911,동서)리츠바삭김73g,20250604,30,2,20081,A양산상온센터,1632.0,0.0,0.0,106.0,266.0,194.0,86.0,60.0,18.0,0.0,10.0,10.0,4.0,0.0,566.0,108,856.0,1068.0,2000.0,동서,비스킷류,크래커
125911,동서)리츠바삭김73g,20250604,30,2,20083,김제상온센터,1128.0,0.0,0.0,46.0,94.0,98.0,52.0,44.0,22.0,6.0,20.0,6.0,0.0,0.0,238.0,44,632.0,1068.0,2000.0,동서,비스킷류,크래커
125911,동서)리츠바삭김73g,20250604,30,2,20084,천안상온센터,984.0,0.0,0.0,0.0,206.0,140.0,120.0,86.0,30.0,10.0,6.0,6.0,0.0,0.0,346.0,66,589.0,1068.0,2000.0,동서,비스킷류,크래커
125911,동서)리츠바삭김73g,20250604,30,2,20085,인천B상온센터,2232.0,0.0,0.0,182.0,308.0,158.0,108.0,88.0,24.0,10.0,16.0,6.0,0.0,0.0,648.0,120,844.0,1068.0,2000.0,동서,비스킷류,크래커
125916,매크로)레이즈트러플50g,20250611,30,12,20006,성남센터,3732.0,0.0,0.0,36.0,576.0,216.0,264.0,168.0,48.0,12.0,60.0,24.0,24.0,0.0,828.0,70,732.0,1091.0,2000.0,매크로,스낵류,감자스낵
125916,매크로)레이즈트러플50g,20250611,30,12,20007,대구센터,3924.0,0.0,48.0,348.0,300.0,300.0,132.0,108.0,48.0,72.0,36.0,12.0,12.0,0.0,996.0,88,960.0,1091.0,2000.0,매크로,스낵류,감자스낵
125916,매크로)레이즈트러플50g,20250611,30,12,20010,양주센터,4692.0,0.0,24.0,300.0,360.0,216.0,168.0,108.0,12.0,48.0,48.0,36.0,0.0,0.0,900.0,77,1005.0,1091.0,2000.0,매크로,스낵류,감자스낵
125916,매크로)레이즈트러플50g,20250611,30,12,20017,울산상온센터(K7),2364.0,0.0,12.0,180.0,216.0,168.0,156.0,36.0,36.0,12.0,0.0,12.0,0.0,0.0,576.0,50,706.0,1091.0,2000.0,매크로,스낵류,감자스낵
125916,매크로)레이즈트러플50g,20250611,30,12,20033,제주상온센터,852.0,0.0,0.0,48.0,216.0,60.0,24.0,48.0,12.0,0.0,0.0,0.0,0.0,0.0,324.0,28,304.0,1091.0,2000.0,매크로,스낵류,감자스낵
125916,매크로)레이즈트러플50g,20250611,30,12,20034,구성상온센터,4980.0,0.0,0.0,108.0,624.0,252.0,144.0,120.0,24.0,48.0,36.0,48.0,12.0,0.0,984.0,83,916.0,1091.0,2000.0,매크로,스낵류,감자스낵
125916,매크로)레이즈트러플50g,20250611,30,12,20050,세종상온센터,3360.0,0.0,24.0,180.0,408.0,132.0,72.0,96.0,48.0,36.0,12.0,12.0,0.0,0.0,744.0,69,918.0,1091.0,2000.0,매크로,스낵류,감자스낵
125916,매크로)레이즈트러플50g,20250611,30,12,20065,원주상온센터(K7),2196.0,0.0,0.0,36.0,240.0,180.0,60.0,84.0,0.0,12.0,60.0,12.0,12.0,0.0,456.0,39,704.0,1091.0,2000.0,매크로,스낵류,감자스낵
125916,매크로)레이즈트러플50g,20250611,30,12,20075,인천상온센터,3156.0,0.0,60.0,240.0,396.0,252.0,156.0,108.0,12.0,0.0,12.0,0.0,0.0,0.0,948.0,80,848.0,1091.0,2000.0,매크로,스낵류,감자스낵
125916,매크로)레이즈트러플50g,20250611,30,12,20079,A광주상온센터,2712.0,0.0,0.0,180.0,180.0,84.0,60.0,24.0,48.0,36.0,12.0,0.0,0.0,0.0,444.0,40,727.0,1091.0,2000.0,매크로,스낵류,감자스낵
125916,매크로)레이즈트러플50g,20250611,30,12,20080,A의왕상온센터,2808.0,0.0,60.0,348.0,300.0,156.0,132.0,60.0,60.0,36.0,48.0,12.0,0.0,0.0,864.0,75,750.0,1091.0,2000.0,매크로,스낵류,감자스낵
125916,매크로)레이즈트러플50g,20250611,30,12,20081,A양산상온센터,2832.0,0.0,12.0,192.0,204.0,216.0,72.0,84.0,24.0,36.0,12.0,12.0,0.0,0.0,624.0,53,847.0,1091.0,2000.0,매크로,스낵류,감자스낵
125916,매크로)레이즈트러플50g,20250611,30,12,20083,김제상온센터,1956.0,0.0,0.0,120.0,120.0,84.0,12.0,36.0,12.0,12.0,12.0,12.0,0.0,0.0,324.0,29,629.0,1091.0,2000.0,매크로,스낵류,감자스낵
125916,매크로)레이즈트러플50g,20250611,30,12,20084,천안상온센터,1716.0,0.0,0.0,48.0,216.0,36.0,24.0,60.0,36.0,24.0,12.0,12.0,12.0,0.0,300.0,28,585.0,1091.0,2000.0,매크로,스낵류,감자스낵
125916,매크로)레이즈트러플50g,20250611,30,12,20085,인천B상온센터,3888.0,0.0,24.0,300.0,372.0,144.0,180.0,84.0,12.0,0.0,60.0,12.0,0.0,0.0,840.0,71,843.0,1091.0,2000.0,매크로,스낵류,감자스낵
125918,매크로)레이즈씨위드(김맛)50g,20250611,30,12,20006,성남센터,3732.0,72.0,72.0,96.0,468.0,168.0,228.0,120.0,36.0,12.0,48.0,24.0,12.0,0.0,804.0,76,732.0,1091.0,2000.0,매크로,스낵류,감자스낵
125918,매크로)레이즈씨위드(김맛)50g,20250611,30,12,20007,대구센터,3924.0,132.0,108.0,348.0,192.0,252.0,132.0,120.0,48.0,12.0,12.0,12.0,12.0,0.0,900.0,89,960.0,1091.0,2000.0,매크로,스낵류,감자스낵
125918,매크로)레이즈씨위드(김맛)50g,20250611,30,12,20010,양주센터,4692.0,60.0,84.0,348.0,228.0,168.0,156.0,96.0,24.0,48.0,24.0,24.0,0.0,0.0,828.0,82,1005.0,1091.0,2000.0,매크로,스낵류,감자스낵
125918,매크로)레이즈씨위드(김맛)50g,20250611,30,12,20017,울산상온센터(K7),2364.0,96.0,108.0,144.0,108.0,156.0,96.0,36.0,24.0,12.0,0.0,12.0,0.0,0.0,516.0,53,706.0,1091.0,2000.0,매크로,스낵류,감자스낵
125918,매크로)레이즈씨위드(김맛)50g,20250611,30,12,20033,제주상온센터,852.0,48.0,84.0,24.0,144.0,36.0,12.0,48.0,12.0,0.0,0.0,0.0,0.0,0.0,288.0,27,304.0,1091.0,2000.0,매크로,스낵류,감자스낵
125918,매크로)레이즈씨위드(김맛)50g,20250611,30,12,20034,구성상온센터,4980.0,24.0,132.0,96.0,528.0,168.0,144.0,108.0,24.0,48.0,36.0,36.0,12.0,0.0,924.0,85,916.0,1091.0,2000.0,매크로,스낵류,감자스낵
125918,매크로)레이즈씨위드(김맛)50g,20250611,30,12,20050,세종상온센터,3360.0,36.0,72.0,180.0,420.0,132.0,84.0,72.0,48.0,36.0,12.0,12.0,0.0,0.0,804.0,72,918.0,1091.0,2000.0,매크로,스낵류,감자스낵
125918,매크로)레이즈씨위드(김맛)50g,20250611,30,12,20065,원주상온센터(K7),2196.0,12.0,72.0,144.0,204.0,156.0,48.0,48.0,12.0,12.0,24.0,12.0,12.0,0.0,576.0,50,704.0,1091.0,2000.0,매크로,스낵류,감자스낵
125918,매크로)레이즈씨위드(김맛)50g,20250611,30,12,20075,인천상온센터,3156.0,84.0,72.0,252.0,312.0,216.0,144.0,120.0,12.0,0.0,12.0,0.0,0.0,0.0,852.0,80,848.0,1091.0,2000.0,매크로,스낵류,감자스낵
125918,매크로)레이즈씨위드(김맛)50g,20250611,30,12,20079,A광주상온센터,2712.0,72.0,24.0,120.0,156.0,60.0,48.0,24.0,36.0,24.0,0.0,0.0,0.0,0.0,360.0,39,727.0,1091.0,2000.0,매크로,스낵류,감자스낵
125918,매크로)레이즈씨위드(김맛)50g,20250611,30,12,20080,A의왕상온센터,2808.0,84.0,108.0,264.0,300.0,120.0,120.0,60.0,48.0,36.0,48.0,12.0,0.0,0.0,792.0,77,750.0,1091.0,2000.0,매크로,스낵류,감자스낵
125918,매크로)레이즈씨위드(김맛)50g,20250611,30,12,20081,A양산상온센터,2832.0,72.0,168.0,168.0,204.0,168.0,84.0,48.0,12.0,12.0,0.0,12.0,0.0,0.0,708.0,65,847.0,1091.0,2000.0,매크로,스낵류,감자스낵
125918,매크로)레이즈씨위드(김맛)50g,20250611,30,12,20083,김제상온센터,1956.0,48.0,36.0,36.0,132.0,72.0,24.0,48.0,12.0,24.0,24.0,12.0,0.0,0.0,276.0,29,629.0,1091.0,2000.0,매크로,스낵류,감자스낵
125918,매크로)레이즈씨위드(김맛)50g,20250611,30,12,20084,천안상온센터,1716.0,48.0,60.0,108.0,228.0,60.0,84.0,48.0,48.0,12.0,12.0,0.0,0.0,0.0,456.0,45,585.0,1091.0,2000.0,매크로,스낵류,감자스낵
125918,매크로)레이즈씨위드(김맛)50g,20250611,30,12,20085,인천B상온센터,3888.0,108.0,84.0,264.0,324.0,132.0,108.0,84.0,0.0,12.0,36.0,0.0,0.0,0.0,804.0,79,843.0,1091.0,2000.0,매크로,스낵류,감자스낵
125988,엔제이)쥬시믹스구미(딸기맛)96g,20250611,15,8,20006,성남센터,1632.0,32.0,8.0,32.0,192.0,64.0,128.0,152.0,24.0,0.0,16.0,96.0,8.0,0.0,296.0,46,732.0,1591.0,3500.0,엔제이,캔디류,토이캔디
125988,엔제이)쥬시믹스구미(딸기맛)96g,20250611,15,8,20007,대구센터,1728.0,40.0,48.0,176.0,160.0,136.0,152.0,72.0,40.0,0.0,0.0,8.0,16.0,0.0,520.0,70,960.0,1591.0,3500.0,엔제이,캔디류,토이캔디
125988,엔제이)쥬시믹스구미(딸기맛)96g,20250611,15,8,20010,양주센터,2016.0,16.0,88.0,208.0,144.0,128.0,56.0,48.0,16.0,8.0,8.0,8.0,0.0,0.0,568.0,76,1005.0,1591.0,3500.0,엔제이,캔디류,토이캔디
125988,엔제이)쥬시믹스구미(딸기맛)96g,20250611,15,8,20017,울산상온센터(K7),1056.0,56.0,64.0,96.0,88.0,88.0,72.0,16.0,8.0,16.0,0.0,24.0,0.0,0.0,336.0,50,706.0,1591.0,3500.0,엔제이,캔디류,토이캔디
125988,엔제이)쥬시믹스구미(딸기맛)96g,20250611,15,8,20033,제주상온센터,384.0,32.0,24.0,0.0,96.0,16.0,24.0,16.0,0.0,0.0,0.0,0.0,0.0,0.0,136.0,23,304.0,1591.0,3500.0,엔제이,캔디류,토이캔디
125988,엔제이)쥬시믹스구미(딸기맛)96g,20250611,15,8,20034,구성상온센터,2112.0,40.0,40.0,56.0,224.0,88.0,72.0,104.0,8.0,8.0,40.0,32.0,0.0,0.0,408.0,66,916.0,1591.0,3500.0,엔제이,캔디류,토이캔디
125988,엔제이)쥬시믹스구미(딸기맛)96g,20250611,15,8,20050,세종상온센터,1440.0,40.0,48.0,152.0,152.0,96.0,32.0,32.0,40.0,24.0,32.0,0.0,0.0,0.0,448.0,68,918.0,1591.0,3500.0,엔제이,캔디류,토이캔디
125988,엔제이)쥬시믹스구미(딸기맛)96g,20250611,15,8,20065,원주상온센터(K7),960.0,24.0,32.0,112.0,168.0,88.0,16.0,88.0,32.0,8.0,32.0,8.0,8.0,0.0,400.0,53,704.0,1591.0,3500.0,엔제이,캔디류,토이캔디
125988,엔제이)쥬시믹스구미(딸기맛)96g,20250611,15,8,20075,인천상온센터,1344.0,64.0,24.0,112.0,136.0,72.0,48.0,40.0,8.0,8.0,8.0,8.0,0.0,0.0,344.0,55,848.0,1591.0,3500.0,엔제이,캔디류,토이캔디
125988,엔제이)쥬시믹스구미(딸기맛)96g,20250611,15,8,20079,A광주상온센터,1152.0,56.0,32.0,144.0,120.0,88.0,144.0,40.0,24.0,0.0,0.0,0.0,0.0,0.0,384.0,57,727.0,1591.0,3500.0,엔제이,캔디류,토이캔디
125988,엔제이)쥬시믹스구미(딸기맛)96g,20250611,15,8,20080,A의왕상온센터,1248.0,48.0,48.0,160.0,192.0,56.0,72.0,8.0,32.0,0.0,32.0,32.0,0.0,0.0,456.0,67,750.0,1591.0,3500.0,엔제이,캔디류,토이캔디
125988,엔제이)쥬시믹스구미(딸기맛)96g,20250611,15,8,20081,A양산상온센터,1248.0,40.0,56.0,144.0,192.0,136.0,176.0,56.0,0.0,8.0,16.0,0.0,0.0,0.0,528.0,75,847.0,1591.0,3500.0,엔제이,캔디류,토이캔디
125988,엔제이)쥬시믹스구미(딸기맛)96g,20250611,15,8,20083,김제상온센터,864.0,32.0,24.0,80.0,128.0,96.0,56.0,40.0,8.0,0.0,8.0,16.0,0.0,0.0,328.0,48,629.0,1591.0,3500.0,엔제이,캔디류,토이캔디
125988,엔제이)쥬시믹스구미(딸기맛)96g,20250611,15,8,20084,천안상온센터,768.0,16.0,48.0,72.0,256.0,8.0,16.0,24.0,0.0,16.0,8.0,40.0,8.0,0.0,384.0,53,585.0,1591.0,3500.0,엔제이,캔디류,토이캔디
125988,엔제이)쥬시믹스구미(딸기맛)96g,20250611,15,8,20085,인천B상온센터,1632.0,32.0,40.0,200.0,240.0,112.0,80.0,56.0,16.0,32.0,64.0,8.0,0.0,0.0,592.0,82,843.0,1591.0,3500.0,엔제이,캔디류,토이캔디
125989,롯데)아몬드초코볼말차46g(청수당),20250611,30,10,20006,성남센터,3120.0,150.0,90.0,110.0,720.0,200.0,770.0,520.0,60.0,40.0,50.0,290.0,10.0,0.0,1120.0,121,732.0,1541.0,2600.0,롯데,초콜릿,볼초콜릿
125989,롯데)아몬드초코볼말차46g(청수당),20250611,30,10,20007,대구센터,3280.0,170.0,110.0,360.0,280.0,400.0,420.0,280.0,80.0,40.0,40.0,30.0,0.0,0.0,1150.0,137,960.0,1541.0,2600.0,롯데,초콜릿,볼초콜릿
125989,롯데)아몬드초코볼말차46g(청수당),20250611,30,10,20010,양주센터,3920.0,90.0,140.0,490.0,460.0,400.0,300.0,170.0,30.0,30.0,10.0,40.0,0.0,0.0,1490.0,154,1005.0,1541.0,2600.0,롯데,초콜릿,볼초콜릿
125989,롯데)아몬드초코볼말차46g(청수당),20250611,30,10,20017,울산상온센터(K7),2000.0,130.0,170.0,280.0,240.0,240.0,160.0,80.0,40.0,20.0,30.0,40.0,0.0,0.0,930.0,94,706.0,1541.0,2600.0,롯데,초콜릿,볼초콜릿
125989,롯데)아몬드초코볼말차46g(청수당),20250611,30,10,20033,제주상온센터,720.0,40.0,40.0,40.0,240.0,120.0,300.0,60.0,10.0,0.0,0.0,20.0,0.0,0.0,440.0,49,304.0,1541.0,2600.0,롯데,초콜릿,볼초콜릿
125989,롯데)아몬드초코볼말차46g(청수당),20250611,30,10,20034,구성상온센터,4160.0,100.0,150.0,110.0,780.0,130.0,310.0,220.0,20.0,30.0,50.0,50.0,0.0,0.0,1170.0,126,916.0,1541.0,2600.0,롯데,초콜릿,볼초콜릿
125989,롯데)아몬드초코볼말차46g(청수당),20250611,30,10,20050,세종상온센터,2800.0,60.0,60.0,330.0,520.0,240.0,100.0,80.0,30.0,20.0,30.0,20.0,0.0,0.0,1150.0,118,918.0,1541.0,2600.0,롯데,초콜릿,볼초콜릿
125989,롯데)아몬드초코볼말차46g(청수당),20250611,30,10,20065,원주상온센터(K7),1840.0,30.0,60.0,120.0,260.0,130.0,50.0,150.0,20.0,20.0,20.0,10.0,10.0,0.0,570.0,61,704.0,1541.0,2600.0,롯데,초콜릿,볼초콜릿
125989,롯데)아몬드초코볼말차46g(청수당),20250611,30,10,20075,인천상온센터,2640.0,180.0,60.0,360.0,330.0,110.0,200.0,100.0,20.0,10.0,20.0,20.0,10.0,0.0,860.0,98,848.0,1541.0,2600.0,롯데,초콜릿,볼초콜릿
125989,롯데)아몬드초코볼말차46g(청수당),20250611,30,10,20079,A광주상온센터,2280.0,70.0,20.0,260.0,200.0,230.0,250.0,80.0,30.0,0.0,20.0,0.0,0.0,0.0,710.0,82,727.0,1541.0,2600.0,롯데,초콜릿,볼초콜릿
125989,롯데)아몬드초코볼말차46g(청수당),20250611,30,10,20080,A의왕상온센터,2360.0,190.0,90.0,380.0,290.0,150.0,270.0,150.0,80.0,20.0,80.0,130.0,0.0,0.0,910.0,111,750.0,1541.0,2600.0,롯데,초콜릿,볼초콜릿
125989,롯데)아몬드초코볼말차46g(청수당),20250611,30,10,20081,A양산상온센터,2360.0,130.0,110.0,340.0,350.0,300.0,410.0,160.0,30.0,10.0,0.0,10.0,0.0,0.0,1100.0,124,847.0,1541.0,2600.0,롯데,초콜릿,볼초콜릿
125989,롯데)아몬드초코볼말차46g(청수당),20250611,30,10,20083,김제상온센터,1640.0,50.0,50.0,90.0,200.0,160.0,130.0,40.0,10.0,0.0,30.0,30.0,0.0,0.0,500.0,62,629.0,1541.0,2600.0,롯데,초콜릿,볼초콜릿
125989,롯데)아몬드초코볼말차46g(청수당),20250611,30,10,20084,천안상온센터,1440.0,60.0,40.0,70.0,360.0,60.0,120.0,170.0,10.0,10.0,0.0,60.0,10.0,0.0,530.0,65,585.0,1541.0,2600.0,롯데,초콜릿,볼초콜릿
125989,롯데)아몬드초코볼말차46g(청수당),20250611,30,10,20085,인천B상온센터,3240.0,190.0,120.0,350.0,400.0,210.0,270.0,130.0,30.0,40.0,90.0,30.0,0.0,0.0,1080.0,125,843.0,1541.0,2600.0,롯데,초콜릿,볼초콜릿
125990,엔제이)쥬시믹스구미(포도맛)96g,20250611,10,8,20006,성남센터,1632.0,32.0,16.0,56.0,216.0,64.0,128.0,152.0,24.0,0.0,0.0,96.0,8.0,0.0,352.0,52,732.0,1591.0,3500.0,엔제이,캔디류,토이캔디
125990,엔제이)쥬시믹스구미(포도맛)96g,20250611,10,8,20007,대구센터,1728.0,32.0,40.0,152.0,112.0,136.0,160.0,56.0,40.0,8.0,0.0,8.0,8.0,0.0,440.0,61,960.0,1591.0,3500.0,엔제이,캔디류,토이캔디
125990,엔제이)쥬시믹스구미(포도맛)96g,20250611,10,8,20010,양주센터,2016.0,16.0,96.0,192.0,136.0,136.0,56.0,40.0,16.0,8.0,8.0,8.0,0.0,0.0,560.0,74,1005.0,1591.0,3500.0,엔제이,캔디류,토이캔디
125990,엔제이)쥬시믹스구미(포도맛)96g,20250611,10,8,20017,울산상온센터(K7),1056.0,72.0,40.0,88.0,80.0,64.0,88.0,24.0,0.0,24.0,8.0,16.0,8.0,0.0,272.0,44,706.0,1591.0,3500.0,엔제이,캔디류,토이캔디
125990,엔제이)쥬시믹스구미(포도맛)96g,20250611,10,8,20033,제주상온센터,384.0,24.0,32.0,8.0,88.0,16.0,16.0,24.0,8.0,0.0,0.0,0.0,0.0,0.0,144.0,21,304.0,1591.0,3500.0,엔제이,캔디류,토이캔디
125990,엔제이)쥬시믹스구미(포도맛)96g,20250611,10,8,20034,구성상온센터,2112.0,40.0,48.0,56.0,232.0,112.0,64.0,112.0,8.0,8.0,40.0,32.0,0.0,0.0,448.0,63,916.0,1591.0,3500.0,엔제이,캔디류,토이캔디
125990,엔제이)쥬시믹스구미(포도맛)96g,20250611,10,8,20050,세종상온센터,1440.0,40.0,48.0,168.0,184.0,80.0,24.0,32.0,40.0,16.0,40.0,0.0,0.0,0.0,480.0,69,918.0,1591.0,3500.0,엔제이,캔디류,토이캔디
125990,엔제이)쥬시믹스구미(포도맛)96g,20250611,10,8,20065,원주상온센터(K7),960.0,16.0,32.0,112.0,168.0,64.0,24.0,72.0,32.0,8.0,24.0,8.0,8.0,0.0,376.0,49,704.0,1591.0,3500.0,엔제이,캔디류,토이캔디
125990,엔제이)쥬시믹스구미(포도맛)96g,20250611,10,8,20075,인천상온센터,1344.0,56.0,32.0,104.0,144.0,72.0,56.0,32.0,16.0,0.0,16.0,16.0,0.0,0.0,352.0,53,848.0,1591.0,3500.0,엔제이,캔디류,토이캔디
125990,엔제이)쥬시믹스구미(포도맛)96g,20250611,10,8,20079,A광주상온센터,1152.0,56.0,24.0,128.0,120.0,88.0,136.0,24.0,8.0,0.0,0.0,0.0,0.0,0.0,360.0,55,727.0,1591.0,3500.0,엔제이,캔디류,토이캔디
125990,엔제이)쥬시믹스구미(포도맛)96g,20250611,10,8,20080,A의왕상온센터,1248.0,56.0,40.0,136.0,192.0,80.0,88.0,8.0,32.0,16.0,40.0,32.0,0.0,0.0,448.0,64,750.0,1591.0,3500.0,엔제이,캔디류,토이캔디
125990,엔제이)쥬시믹스구미(포도맛)96g,20250611,10,8,20081,A양산상온센터,1248.0,40.0,56.0,144.0,200.0,144.0,184.0,56.0,0.0,8.0,16.0,0.0,0.0,0.0,544.0,75,847.0,1591.0,3500.0,엔제이,캔디류,토이캔디
125990,엔제이)쥬시믹스구미(포도맛)96g,20250611,10,8,20083,김제상온센터,864.0,24.0,24.0,80.0,136.0,104.0,80.0,40.0,8.0,0.0,8.0,16.0,0.0,0.0,344.0,48,629.0,1591.0,3500.0,엔제이,캔디류,토이캔디
125990,엔제이)쥬시믹스구미(포도맛)96g,20250611,10,8,20084,천안상온센터,768.0,16.0,32.0,56.0,248.0,16.0,8.0,24.0,0.0,8.0,8.0,32.0,8.0,0.0,352.0,47,585.0,1591.0,3500.0,엔제이,캔디류,토이캔디
125990,엔제이)쥬시믹스구미(포도맛)96g,20250611,10,8,20085,인천B상온센터,1632.0,32.0,56.0,144.0,240.0,104.0,72.0,48.0,24.0,32.0,72.0,40.0,0.0,0.0,544.0,74,843.0,1591.0,3500.0,엔제이,캔디류,토이캔디
126008,PB)자이언츠새로온팅클메론맛60g,20250611,50,16,20006,성남센터,9600.0,304.0,240.0,352.0,2544.0,384.0,2256.0,1632.0,224.0,48.0,64.0,784.0,32.0,0.0,3520.0,197,732.0,1100.0,1900.0,PB,스낵류,옥수수스낵
126008,PB)자이언츠새로온팅클메론맛60g,20250611,50,16,20007,대구센터,9600.0,560.0,320.0,1392.0,1520.0,1472.0,1792.0,1264.0,176.0,48.0,208.0,320.0,32.0,0.0,4704.0,296,960.0,1100.0,1900.0,PB,스낵류,옥수수스낵
126008,PB)자이언츠새로온팅클메론맛60g,20250611,50,16,20010,양주센터,11200.0,400.0,240.0,1488.0,2096.0,1776.0,1696.0,1024.0,112.0,64.0,128.0,208.0,0.0,0.0,5600.0,342,1005.0,1100.0,1900.0,PB,스낵류,옥수수스낵
126008,PB)자이언츠새로온팅클메론맛60g,20250611,50,16,20017,울산상온센터(K7),23200.0,944.0,592.0,1744.0,1840.0,1136.0,2240.0,1552.0,64.0,160.0,192.0,256.0,0.0,0.0,5312.0,264,706.0,1100.0,1900.0,PB,스낵류,옥수수스낵
126008,PB)자이언츠새로온팅클메론맛60g,20250611,50,16,20033,제주상온센터,3200.0,80.0,128.0,32.0,576.0,240.0,624.0,544.0,16.0,16.0,16.0,48.0,0.0,0.0,976.0,68,304.0,1100.0,1900.0,PB,스낵류,옥수수스낵
126008,PB)자이언츠새로온팅클메론맛60g,20250611,50,16,20034,구성상온센터,11200.0,368.0,448.0,400.0,2448.0,496.0,1856.0,1856.0,80.0,64.0,48.0,624.0,0.0,0.0,3792.0,227,916.0,1100.0,1900.0,PB,스낵류,옥수수스낵
126008,PB)자이언츠새로온팅클메론맛60g,20250611,50,16,20050,세종상온센터,6400.0,176.0,176.0,880.0,1088.0,608.0,512.0,544.0,128.0,96.0,416.0,80.0,0.0,0.0,2752.0,173,918.0,1100.0,1900.0,PB,스낵류,옥수수스낵
126008,PB)자이언츠새로온팅클메론맛60g,20250611,50,16,20065,원주상온센터(K7),3200.0,80.0,144.0,352.0,816.0,320.0,432.0,832.0,112.0,16.0,32.0,96.0,16.0,0.0,1632.0,106,704.0,1100.0,1900.0,PB,스낵류,옥수수스낵
126008,PB)자이언츠새로온팅클메론맛60g,20250611,50,16,20075,인천상온센터,6400.0,544.0,128.0,832.0,1040.0,848.0,960.0,544.0,64.0,16.0,304.0,240.0,0.0,0.0,2848.0,188,848.0,1100.0,1900.0,PB,스낵류,옥수수스낵
126008,PB)자이언츠새로온팅클메론맛60g,20250611,50,16,20079,A광주상온센터,4000.0,160.0,96.0,624.0,528.0,832.0,1072.0,512.0,64.0,96.0,96.0,48.0,0.0,0.0,2080.0,145,727.0,1100.0,1900.0,PB,스낵류,옥수수스낵
126008,PB)자이언츠새로온팅클메론맛60g,20250611,50,16,20080,A의왕상온센터,9600.0,640.0,416.0,1088.0,1328.0,896.0,1552.0,864.0,112.0,128.0,176.0,208.0,0.0,0.0,3728.0,229,750.0,1100.0,1900.0,PB,스낵류,옥수수스낵
126008,PB)자이언츠새로온팅클메론맛60g,20250611,50,16,20081,A양산상온센터,19200.0,816.0,656.0,2384.0,2768.0,2432.0,3072.0,1968.0,160.0,96.0,112.0,96.0,16.0,0.0,8240.0,379,847.0,1100.0,1900.0,PB,스낵류,옥수수스낵
126008,PB)자이언츠새로온팅클메론맛60g,20250611,50,16,20083,김제상온센터,3200.0,96.0,80.0,464.0,512.0,672.0,352.0,224.0,32.0,16.0,32.0,48.0,0.0,0.0,1728.0,118,629.0,1100.0,1900.0,PB,스낵류,옥수수스낵
126008,PB)자이언츠새로온팅클메론맛60g,20250611,50,16,20084,천안상온센터,3200.0,96.0,112.0,160.0,912.0,144.0,528.0,320.0,80.0,64.0,0.0,320.0,16.0,0.0,1328.0,94,585.0,1100.0,1900.0,PB,스낵류,옥수수스낵
126008,PB)자이언츠새로온팅클메론맛60g,20250611,50,16,20085,인천B상온센터,6400.0,400.0,448.0,912.0,1200.0,784.0,1680.0,624.0,160.0,96.0,176.0,224.0,0.0,0.0,3344.0,210,843.0,1100.0,1900.0,PB,스낵류,옥수수스낵
126010,롯데)빼빼로말차37g(청수당),20250611,40,4,20006,성남센터,6280.0,136.0,320.0,100.0,1220.0,172.0,760.0,420.0,44.0,8.0,20.0,176.0,12.0,0.0,1812.0,167,732.0,1186.0,2000.0,롯데,비스킷류,스틱과자
126010,롯데)빼빼로말차37g(청수당),20250611,40,4,20007,대구센터,6600.0,144.0,364.0,616.0,564.0,472.0,648.0,384.0,60.0,36.0,68.0,36.0,8.0,0.0,2016.0,238,960.0,1186.0,2000.0,롯데,비스킷류,스틱과자
126010,롯데)빼빼로말차37g(청수당),20250611,40,4,20010,양주센터,7880.0,100.0,128.0,788.0,724.0,336.0,372.0,260.0,28.0,16.0,4.0,48.0,0.0,0.0,1976.0,228,1005.0,1186.0,2000.0,롯데,비스킷류,스틱과자
126010,롯데)빼빼로말차37g(청수당),20250611,40,4,20017,울산상온센터(K7),3960.0,160.0,160.0,424.0,312.0,208.0,220.0,152.0,64.0,24.0,32.0,124.0,0.0,0.0,1104.0,154,706.0,1186.0,2000.0,롯데,비스킷류,스틱과자
126010,롯데)빼빼로말차37g(청수당),20250611,40,4,20033,제주상온센터,2880.0,112.0,124.0,44.0,372.0,60.0,768.0,216.0,12.0,0.0,0.0,24.0,0.0,0.0,600.0,85,304.0,1186.0,2000.0,롯데,비스킷류,스틱과자
126010,롯데)빼빼로말차37g(청수당),20250611,40,4,20034,구성상온센터,8360.0,128.0,244.0,140.0,888.0,164.0,260.0,212.0,32.0,12.0,24.0,68.0,0.0,0.0,1436.0,183,916.0,1186.0,2000.0,롯데,비스킷류,스틱과자
126010,롯데)빼빼로말차37g(청수당),20250611,40,4,20050,세종상온센터,5640.0,60.0,60.0,428.0,500.0,280.0,148.0,168.0,56.0,8.0,92.0,12.0,0.0,0.0,1268.0,189,918.0,1186.0,2000.0,롯데,비스킷류,스틱과자
126010,롯데)빼빼로말차37g(청수당),20250611,40,4,20065,원주상온센터(K7),3680.0,40.0,60.0,124.0,400.0,132.0,96.0,176.0,28.0,12.0,36.0,16.0,8.0,0.0,716.0,105,704.0,1186.0,2000.0,롯데,비스킷류,스틱과자
126010,롯데)빼빼로말차37g(청수당),20250611,40,4,20075,인천상온센터,5280.0,236.0,52.0,336.0,552.0,272.0,244.0,88.0,28.0,8.0,64.0,76.0,0.0,0.0,1212.0,154,848.0,1186.0,2000.0,롯데,비스킷류,스틱과자
126010,롯데)빼빼로말차37g(청수당),20250611,40,4,20079,A광주상온센터,4560.0,48.0,16.0,212.0,180.0,188.0,364.0,104.0,16.0,20.0,12.0,8.0,0.0,0.0,596.0,121,727.0,1186.0,2000.0,롯데,비스킷류,스틱과자
126010,롯데)빼빼로말차37g(청수당),20250611,40,4,20080,A의왕상온센터,4720.0,292.0,136.0,428.0,356.0,276.0,432.0,172.0,52.0,40.0,56.0,96.0,0.0,0.0,1196.0,164,750.0,1186.0,2000.0,롯데,비스킷류,스틱과자
126010,롯데)빼빼로말차37g(청수당),20250611,40,4,20081,A양산상온센터,4760.0,180.0,84.0,488.0,480.0,204.0,308.0,104.0,28.0,20.0,8.0,8.0,0.0,0.0,1256.0,186,847.0,1186.0,2000.0,롯데,비스킷류,스틱과자
126010,롯데)빼빼로말차37g(청수당),20250611,40,4,20083,김제상온센터,3280.0,48.0,44.0,172.0,180.0,124.0,128.0,80.0,8.0,0.0,16.0,20.0,0.0,0.0,520.0,93,629.0,1186.0,2000.0,롯데,비스킷류,스틱과자
126010,롯데)빼빼로말차37g(청수당),20250611,40,4,20084,천안상온센터,2880.0,68.0,44.0,68.0,304.0,60.0,112.0,172.0,20.0,8.0,8.0,56.0,8.0,0.0,476.0,87,585.0,1186.0,2000.0,롯데,비스킷류,스틱과자
126010,롯데)빼빼로말차37g(청수당),20250611,40,4,20085,인천B상온센터,6520.0,240.0,100.0,352.0,740.0,312.0,708.0,260.0,40.0,32.0,60.0,100.0,0.0,0.0,1504.0,180,843.0,1186.0,2000.0,롯데,비스킷류,스틱과자
126011,롯데)빈츠말차102g(청수당),20250611,30,4,20006,성남센터,2360.0,88.0,64.0,92.0,452.0,100.0,388.0,248.0,44.0,4.0,20.0,120.0,4.0,0.0,708.0,140,732.0,2075.0,3500.0,롯데,비스킷류,크래커
126011,롯데)빈츠말차102g(청수당),20250611,30,4,20007,대구센터,2480.0,100.0,92.0,224.0,224.0,248.0,228.0,160.0,44.0,20.0,36.0,24.0,8.0,0.0,788.0,189,960.0,2075.0,3500.0,롯데,비스킷류,크래커
126011,롯데)빈츠말차102g(청수당),20250611,30,4,20010,양주센터,2960.0,76.0,68.0,348.0,276.0,184.0,212.0,116.0,12.0,8.0,4.0,24.0,0.0,0.0,876.0,191,1005.0,2075.0,3500.0,롯데,비스킷류,크래커
126011,롯데)빈츠말차102g(청수당),20250611,30,4,20017,울산상온센터(K7),1500.0,64.0,108.0,184.0,164.0,120.0,84.0,88.0,16.0,12.0,12.0,40.0,0.0,0.0,576.0,125,706.0,2075.0,3500.0,롯데,비스킷류,크래커
126011,롯데)빈츠말차102g(청수당),20250611,30,4,20033,제주상온센터,1080.0,36.0,44.0,20.0,132.0,56.0,248.0,32.0,8.0,0.0,0.0,8.0,0.0,0.0,252.0,66,304.0,2075.0,3500.0,롯데,비스킷류,크래커
126011,롯데)빈츠말차102g(청수당),20250611,30,4,20034,구성상온센터,3140.0,76.0,156.0,80.0,656.0,116.0,244.0,160.0,28.0,16.0,12.0,24.0,0.0,0.0,1008.0,175,916.0,2075.0,3500.0,롯데,비스킷류,크래커
126011,롯데)빈츠말차102g(청수당),20250611,30,4,20050,세종상온센터,2120.0,44.0,36.0,220.0,280.0,116.0,72.0,80.0,28.0,8.0,64.0,4.0,0.0,0.0,652.0,144,918.0,2075.0,3500.0,롯데,비스킷류,크래커
126011,롯데)빈츠말차102g(청수당),20250611,30,4,20065,원주상온센터(K7),1380.0,28.0,36.0,72.0,188.0,76.0,60.0,76.0,20.0,8.0,16.0,8.0,4.0,0.0,372.0,86,704.0,2075.0,3500.0,롯데,비스킷류,크래커
126011,롯데)빈츠말차102g(청수당),20250611,30,4,20075,인천상온센터,1980.0,108.0,40.0,176.0,260.0,92.0,112.0,32.0,20.0,4.0,16.0,24.0,0.0,0.0,568.0,128,848.0,2075.0,3500.0,롯데,비스킷류,크래커
126011,롯데)빈츠말차102g(청수당),20250611,30,4,20079,A광주상온센터,1720.0,32.0,12.0,120.0,92.0,112.0,168.0,36.0,12.0,24.0,12.0,4.0,0.0,0.0,336.0,94,727.0,2075.0,3500.0,롯데,비스킷류,크래커
126011,롯데)빈츠말차102g(청수당),20250611,30,4,20080,A의왕상온센터,1780.0,100.0,60.0,220.0,152.0,120.0,184.0,108.0,32.0,28.0,32.0,48.0,0.0,0.0,552.0,145,750.0,2075.0,3500.0,롯데,비스킷류,크래커
126011,롯데)빈츠말차102g(청수당),20250611,30,4,20081,A양산상온센터,1780.0,64.0,64.0,280.0,260.0,124.0,212.0,80.0,16.0,8.0,8.0,4.0,4.0,0.0,728.0,161,847.0,2075.0,3500.0,롯데,비스킷류,크래커
126011,롯데)빈츠말차102g(청수당),20250611,30,4,20083,김제상온센터,1240.0,24.0,32.0,84.0,116.0,84.0,96.0,48.0,12.0,0.0,8.0,12.0,0.0,0.0,316.0,80,629.0,2075.0,3500.0,롯데,비스킷류,크래커
126011,롯데)빈츠말차102g(청수당),20250611,30,4,20084,천안상온센터,1080.0,24.0,24.0,40.0,196.0,28.0,72.0,116.0,12.0,0.0,8.0,56.0,4.0,0.0,288.0,72,585.0,2075.0,3500.0,롯데,비스킷류,크래커
126011,롯데)빈츠말차102g(청수당),20250611,30,4,20085,인천B상온센터,2440.0,148.0,68.0,164.0,356.0,116.0,280.0,112.0,16.0,24.0,52.0,28.0,0.0,0.0,704.0,148,843.0,2075.0,3500.0,롯데,비스킷류,크래커
126012,해태)홈런볼메론우유맛49g,20250618,40,4,20006,성남센터,9360.0,0.0,0.0,112.0,828.0,568.0,336.0,324.0,164.0,4.0,12.0,52.0,0.0,0.0,1508.0,267,731.0,1091.0,2000.0,해태,비스킷류,쿠키
126012,해태)홈런볼메론우유맛49g,20250618,40,4,20007,대구센터,9840.0,0.0,60.0,360.0,608.0,760.0,220.0,188.0,48.0,24.0,40.0,12.0,0.0,0.0,1788.0,294,958.0,1091.0,2000.0,해태,비스킷류,쿠키
126012,해태)홈런볼메론우유맛49g,20250618,40,4,20010,양주센터,11760.0,0.0,60.0,420.0,908.0,456.0,376.0,188.0,88.0,28.0,40.0,16.0,0.0,0.0,1844.0,353,1003.0,1091.0,2000.0,해태,비스킷류,쿠키
126012,해태)홈런볼메론우유맛49g,20250618,40,4,20017,울산상온센터(K7),5940.0,0.0,32.0,316.0,268.0,156.0,80.0,84.0,112.0,20.0,44.0,8.0,0.0,0.0,772.0,160,705.0,1091.0,2000.0,해태,비스킷류,쿠키
126012,해태)홈런볼메론우유맛49g,20250618,40,4,20033,제주상온센터,2160.0,0.0,0.0,56.0,184.0,68.0,40.0,40.0,4.0,0.0,4.0,0.0,0.0,0.0,308.0,54,304.0,1091.0,2000.0,해태,비스킷류,쿠키
126012,해태)홈런볼메론우유맛49g,20250618,40,4,20034,구성상온센터,12480.0,0.0,0.0,116.0,728.0,340.0,284.0,164.0,68.0,20.0,4.0,8.0,0.0,0.0,1184.0,238,918.0,1091.0,2000.0,해태,비스킷류,쿠키
126012,해태)홈런볼메론우유맛49g,20250618,40,4,20050,세종상온센터,8430.0,0.0,44.0,360.0,408.0,188.0,204.0,100.0,64.0,32.0,32.0,0.0,0.0,0.0,1000.0,226,915.0,1091.0,2000.0,해태,비스킷류,쿠키
126012,해태)홈런볼메론우유맛49g,20250618,40,4,20065,원주상온센터(K7),5490.0,0.0,0.0,124.0,444.0,312.0,160.0,96.0,116.0,12.0,16.0,8.0,8.0,0.0,880.0,146,703.0,1091.0,2000.0,해태,비스킷류,쿠키
126012,해태)홈런볼메론우유맛49g,20250618,40,4,20075,인천상온센터,7890.0,0.0,56.0,400.0,416.0,200.0,296.0,132.0,24.0,12.0,12.0,12.0,0.0,0.0,1072.0,191,844.0,1091.0,2000.0,해태,비스킷류,쿠키
126012,해태)홈런볼메론우유맛49g,20250618,40,4,20079,A광주상온센터,6810.0,0.0,32.0,216.0,300.0,208.0,104.0,84.0,20.0,24.0,4.0,4.0,8.0,0.0,756.0,172,727.0,1091.0,2000.0,해태,비스킷류,쿠키
126012,해태)홈런볼메론우유맛49g,20250618,40,4,20080,A의왕상온센터,7050.0,0.0,60.0,416.0,492.0,416.0,148.0,112.0,64.0,4.0,24.0,0.0,0.0,0.0,1384.0,268,749.0,1091.0,2000.0,해태,비스킷류,쿠키
126012,해태)홈런볼메론우유맛49g,20250618,40,4,20081,A양산상온센터,7110.0,0.0,32.0,352.0,404.0,424.0,212.0,156.0,36.0,12.0,8.0,16.0,0.0,0.0,1212.0,256,847.0,1091.0,2000.0,해태,비스킷류,쿠키
126012,해태)홈런볼메론우유맛49g,20250618,40,4,20083,김제상온센터,4920.0,0.0,36.0,144.0,276.0,116.0,68.0,68.0,24.0,16.0,12.0,16.0,0.0,0.0,572.0,122,628.0,1091.0,2000.0,해태,비스킷류,쿠키
126012,해태)홈런볼메론우유맛49g,20250618,40,4,20084,천안상온센터,4320.0,0.0,0.0,80.0,368.0,156.0,124.0,60.0,36.0,8.0,24.0,16.0,0.0,0.0,604.0,134,579.0,1091.0,2000.0,해태,비스킷류,쿠키
126012,해태)홈런볼메론우유맛49g,20250618,40,4,20085,인천B상온센터,9750.0,0.0,76.0,516.0,584.0,584.0,304.0,84.0,48.0,28.0,52.0,12.0,0.0,0.0,1760.0,237,841.0,1091.0,2000.0,해태,비스킷류,쿠키
126014,MQ)프링글스양파맛70g,20250618,40,1,20006,성남센터,2664.0,0.0,0.0,36.0,266.0,229.0,145.0,73.0,150.0,5.0,8.0,8.0,0.0,0.0,531.0,175,731.0,1548.0,2600.0,MQ,스낵류,감자스낵
126014,MQ)프링글스양파맛70g,20250618,40,1,20007,대구센터,2796.0,0.0,15.0,147.0,252.0,228.0,131.0,107.0,21.0,9.0,21.0,6.0,0.0,0.0,642.0,193,958.0,1548.0,2600.0,MQ,스낵류,감자스낵
126014,MQ)프링글스양파맛70g,20250618,40,1,20010,양주센터,3360.0,0.0,27.0,170.0,256.0,156.0,59.0,36.0,19.0,19.0,0.0,15.0,0.0,0.0,609.0,198,1003.0,1548.0,2600.0,MQ,스낵류,감자스낵
126014,MQ)프링글스양파맛70g,20250618,40,1,20017,울산상온센터(K7),1692.0,0.0,13.0,117.0,140.0,146.0,32.0,46.0,26.0,15.0,6.0,6.0,2.0,0.0,416.0,112,705.0,1548.0,2600.0,MQ,스낵류,감자스낵
126014,MQ)프링글스양파맛70g,20250618,40,1,20033,제주상온센터,612.0,0.0,0.0,18.0,61.0,48.0,22.0,10.0,3.0,0.0,0.0,0.0,0.0,0.0,127.0,35,304.0,1548.0,2600.0,MQ,스낵류,감자스낵
126014,MQ)프링글스양파맛70g,20250618,40,1,20034,구성상온센터,3552.0,0.0,0.0,50.0,280.0,191.0,140.0,75.0,34.0,7.0,9.0,6.0,0.0,0.0,521.0,160,918.0,1548.0,2600.0,MQ,스낵류,감자스낵
126014,MQ)프링글스양파맛70g,20250618,40,1,20050,세종상온센터,2400.0,0.0,23.0,180.0,200.0,76.0,78.0,70.0,24.0,3.0,13.0,0.0,0.0,0.0,479.0,150,915.0,1548.0,2600.0,MQ,스낵류,감자스낵
126014,MQ)프링글스양파맛70g,20250618,40,1,20065,원주상온센터(K7),1572.0,0.0,0.0,32.0,120.0,123.0,64.0,24.0,45.0,14.0,6.0,6.0,3.0,0.0,275.0,90,703.0,1548.0,2600.0,MQ,스낵류,감자스낵
126014,MQ)프링글스양파맛70g,20250618,40,1,20075,인천상온센터,2256.0,0.0,18.0,140.0,147.0,60.0,70.0,30.0,6.0,9.0,3.0,0.0,0.0,0.0,365.0,122,844.0,1548.0,2600.0,MQ,스낵류,감자스낵
126014,MQ)프링글스양파맛70g,20250618,40,1,20079,A광주상온센터,1944.0,0.0,18.0,105.0,152.0,125.0,87.0,63.0,9.0,12.0,3.0,0.0,3.0,0.0,400.0,139,727.0,1548.0,2600.0,MQ,스낵류,감자스낵
126014,MQ)프링글스양파맛70g,20250618,40,1,20080,A의왕상온센터,2004.0,0.0,28.0,165.0,169.0,125.0,85.0,54.0,26.0,6.0,17.0,0.0,0.0,0.0,487.0,156,749.0,1548.0,2600.0,MQ,스낵류,감자스낵
126014,MQ)프링글스양파맛70g,20250618,40,1,20081,A양산상온센터,2028.0,0.0,22.0,144.0,195.0,154.0,66.0,77.0,12.0,12.0,6.0,6.0,0.0,0.0,515.0,160,847.0,1548.0,2600.0,MQ,스낵류,감자스낵
126014,MQ)프링글스양파맛70g,20250618,40,1,20083,김제상온센터,1404.0,0.0,12.0,62.0,129.0,70.0,32.0,28.0,7.0,21.0,9.0,10.0,0.0,0.0,273.0,85,628.0,1548.0,2600.0,MQ,스낵류,감자스낵
126014,MQ)프링글스양파맛70g,20250618,40,1,20084,천안상온센터,1224.0,0.0,0.0,35.0,181.0,87.0,48.0,24.0,15.0,3.0,21.0,11.0,0.0,0.0,303.0,101,579.0,1548.0,2600.0,MQ,스낵류,감자스낵
126014,MQ)프링글스양파맛70g,20250618,40,1,20085,인천B상온센터,2772.0,0.0,12.0,153.0,195.0,104.0,66.0,34.0,15.0,12.0,13.0,0.0,0.0,0.0,464.0,151,841.0,1548.0,2600.0,MQ,스낵류,감자스낵
126016,SAMG)오로라핑비밀캔디포도맛14g,20250611,20,12,20006,성남센터,2160.0,24.0,48.0,72.0,144.0,108.0,60.0,72.0,24.0,0.0,24.0,0.0,0.0,0.0,372.0,33,732.0,1527.0,2800.0,SAMG,캔디류,토이캔디
126016,SAMG)오로라핑비밀캔디포도맛14g,20250611,20,12,20007,대구센터,2268.0,84.0,84.0,288.0,120.0,156.0,192.0,60.0,12.0,24.0,12.0,12.0,0.0,0.0,648.0,63,960.0,1527.0,2800.0,SAMG,캔디류,토이캔디
126016,SAMG)오로라핑비밀캔디포도맛14g,20250611,20,12,20010,양주센터,2700.0,24.0,60.0,240.0,252.0,180.0,120.0,48.0,36.0,24.0,0.0,12.0,0.0,0.0,732.0,66,1005.0,1527.0,2800.0,SAMG,캔디류,토이캔디
126016,SAMG)오로라핑비밀캔디포도맛14g,20250611,20,12,20017,울산상온센터(K7),1404.0,108.0,108.0,144.0,36.0,96.0,108.0,24.0,24.0,12.0,0.0,36.0,0.0,0.0,384.0,43,706.0,1527.0,2800.0,SAMG,캔디류,토이캔디
126016,SAMG)오로라핑비밀캔디포도맛14g,20250611,20,12,20033,제주상온센터,540.0,36.0,96.0,0.0,84.0,12.0,0.0,24.0,0.0,0.0,0.0,0.0,0.0,0.0,192.0,18,304.0,1527.0,2800.0,SAMG,캔디류,토이캔디
126016,SAMG)오로라핑비밀캔디포도맛14g,20250611,20,12,20034,구성상온센터,2916.0,48.0,96.0,108.0,240.0,72.0,96.0,36.0,24.0,12.0,24.0,24.0,0.0,0.0,516.0,47,916.0,1527.0,2800.0,SAMG,캔디류,토이캔디
126016,SAMG)오로라핑비밀캔디포도맛14g,20250611,20,12,20050,세종상온센터,1944.0,48.0,60.0,180.0,264.0,108.0,36.0,84.0,48.0,48.0,12.0,12.0,0.0,0.0,612.0,56,918.0,1527.0,2800.0,SAMG,캔디류,토이캔디
126016,SAMG)오로라핑비밀캔디포도맛14g,20250611,20,12,20065,원주상온센터(K7),1296.0,72.0,96.0,216.0,72.0,12.0,84.0,36.0,12.0,36.0,0.0,12.0,0.0,0.0,396.0,41,704.0,1527.0,2800.0,SAMG,캔디류,토이캔디
126016,SAMG)오로라핑비밀캔디포도맛14g,20250611,20,12,20075,인천상온센터,1836.0,84.0,48.0,144.0,192.0,96.0,36.0,12.0,24.0,0.0,12.0,0.0,0.0,0.0,480.0,46,848.0,1527.0,2800.0,SAMG,캔디류,토이캔디
126016,SAMG)오로라핑비밀캔디포도맛14g,20250611,20,12,20079,A광주상온센터,1620.0,60.0,24.0,144.0,156.0,36.0,84.0,24.0,48.0,12.0,0.0,0.0,0.0,0.0,360.0,36,727.0,1527.0,2800.0,SAMG,캔디류,토이캔디
126016,SAMG)오로라핑비밀캔디포도맛14g,20250611,20,12,20080,A의왕상온센터,1620.0,36.0,72.0,108.0,156.0,84.0,36.0,12.0,12.0,24.0,24.0,0.0,0.0,0.0,420.0,40,750.0,1527.0,2800.0,SAMG,캔디류,토이캔디
126016,SAMG)오로라핑비밀캔디포도맛14g,20250611,20,12,20081,A양산상온센터,1620.0,72.0,60.0,84.0,240.0,60.0,120.0,36.0,12.0,0.0,12.0,0.0,0.0,0.0,444.0,44,847.0,1527.0,2800.0,SAMG,캔디류,토이캔디
126016,SAMG)오로라핑비밀캔디포도맛14g,20250611,20,12,20083,김제상온센터,1188.0,36.0,24.0,48.0,144.0,84.0,12.0,36.0,0.0,0.0,0.0,36.0,0.0,0.0,300.0,29,629.0,1527.0,2800.0,SAMG,캔디류,토이캔디
126016,SAMG)오로라핑비밀캔디포도맛14g,20250611,20,12,20084,천안상온센터,1080.0,12.0,72.0,72.0,120.0,12.0,12.0,48.0,0.0,0.0,12.0,12.0,0.0,0.0,276.0,25,585.0,1527.0,2800.0,SAMG,캔디류,토이캔디
126016,SAMG)오로라핑비밀캔디포도맛14g,20250611,20,12,20085,인천B상온센터,2268.0,48.0,96.0,144.0,204.0,60.0,24.0,60.0,12.0,24.0,48.0,0.0,0.0,0.0,504.0,47,843.0,1527.0,2800.0,SAMG,캔디류,토이캔디
126052,G)치로루초코커피젤리42g,20250618,40,4,20006,성남센터,3360.0,126.0,25.0,52.0,254.0,180.0,100.0,60.0,40.0,10.0,4.0,62.0,8.0,0.0,511.0,140,732.0,1300.0,2500.0,G,초콜릿,봉지초콜릿
126052,G)치로루초코커피젤리42g,20250618,40,4,20007,대구센터,2280.0,121.0,24.0,100.0,140.0,110.0,49.0,17.0,12.0,12.0,36.0,36.0,0.0,0.0,374.0,123,958.0,1300.0,2500.0,G,초콜릿,봉지초콜릿
126052,G)치로루초코커피젤리42g,20250618,40,4,20010,양주센터,3120.0,116.0,41.0,144.0,213.0,105.0,44.0,56.0,24.0,4.0,32.0,32.0,0.0,0.0,503.0,146,1002.0,1300.0,2500.0,G,초콜릿,봉지초콜릿
126052,G)치로루초코커피젤리42g,20250618,40,4,20017,울산상온센터(K7),2040.0,84.0,33.0,55.0,80.0,44.0,12.0,24.0,16.0,8.0,5.0,8.0,0.0,0.0,212.0,73,705.0,1300.0,2500.0,G,초콜릿,봉지초콜릿
126052,G)치로루초코커피젤리42g,20250618,40,4,20033,제주상온센터,720.0,36.0,9.0,28.0,72.0,24.0,0.0,8.0,4.0,0.0,4.0,0.0,0.0,0.0,133.0,39,304.0,1300.0,2500.0,G,초콜릿,봉지초콜릿
126052,G)치로루초코커피젤리42g,20250618,40,4,20034,구성상온센터,3240.0,136.0,44.0,16.0,379.0,224.0,121.0,50.0,44.0,8.0,8.0,8.0,0.0,0.0,663.0,177,916.0,1300.0,2500.0,G,초콜릿,봉지초콜릿
126052,G)치로루초코커피젤리42g,20250618,40,4,20050,세종상온센터,2520.0,70.0,24.0,148.0,141.0,52.0,72.0,50.0,12.0,4.0,49.0,60.0,0.0,0.0,365.0,109,916.0,1300.0,2500.0,G,초콜릿,봉지초콜릿
126052,G)치로루초코커피젤리42g,20250618,40,4,20065,원주상온센터(K7),1680.0,69.0,49.0,32.0,128.0,70.0,28.0,24.0,48.0,8.0,4.0,8.0,0.0,0.0,279.0,79,703.0,1300.0,2500.0,G,초콜릿,봉지초콜릿
126052,G)치로루초코커피젤리42g,20250618,40,4,20075,인천상온센터,2640.0,130.0,20.0,113.0,100.0,52.0,64.0,32.0,4.0,0.0,0.0,4.0,0.0,0.0,285.0,94,844.0,1300.0,2500.0,G,초콜릿,봉지초콜릿
126052,G)치로루초코커피젤리42g,20250618,40,4,20079,A광주상온센터,2040.0,53.0,5.0,84.0,166.0,93.0,48.0,20.0,32.0,32.0,12.0,48.0,0.0,0.0,348.0,101,727.0,1300.0,2500.0,G,초콜릿,봉지초콜릿
126052,G)치로루초코커피젤리42g,20250618,40,4,20080,A의왕상온센터,2280.0,97.0,22.0,134.0,152.0,84.0,44.0,30.0,20.0,8.0,4.0,0.0,0.0,0.0,392.0,116,748.0,1300.0,2500.0,G,초콜릿,봉지초콜릿
126052,G)치로루초코커피젤리42g,20250618,40,4,20081,A양산상온센터,2040.0,82.0,16.0,93.0,119.0,125.0,32.0,44.0,0.0,8.0,4.0,4.0,0.0,0.0,353.0,109,847.0,1300.0,2500.0,G,초콜릿,봉지초콜릿
126052,G)치로루초코커피젤리42g,20250618,40,4,20083,김제상온센터,1440.0,36.0,8.0,36.0,61.0,28.0,28.0,20.0,4.0,4.0,4.0,0.0,0.0,0.0,133.0,44,629.0,1300.0,2500.0,G,초콜릿,봉지초콜릿
126052,G)치로루초코커피젤리42g,20250618,40,4,20084,천안상온센터,1560.0,91.0,12.0,35.0,102.0,68.0,48.0,8.0,4.0,0.0,4.0,12.0,0.0,0.0,217.0,69,582.0,1300.0,2500.0,G,초콜릿,봉지초콜릿
126052,G)치로루초코커피젤리42g,20250618,40,4,20085,인천B상온센터,2520.0,113.0,32.0,115.0,167.0,96.0,60.0,26.0,8.0,12.0,36.0,8.0,0.0,0.0,410.0,125,841.0,1300.0,2500.0,G,초콜릿,봉지초콜릿
126054,G)치로루초코솔티바닐라33g,20250618,40,4,20006,성남센터,3360.0,130.0,26.0,52.0,286.0,214.0,120.0,60.0,40.0,10.0,4.0,62.0,8.0,0.0,578.0,148,732.0,1300.0,2500.0,G,초콜릿,봉지초콜릿
126054,G)치로루초코솔티바닐라33g,20250618,40,4,20007,대구센터,2160.0,101.0,33.0,118.0,188.0,122.0,53.0,9.0,16.0,24.0,36.0,40.0,0.0,0.0,461.0,133,958.0,1300.0,2500.0,G,초콜릿,봉지초콜릿
126054,G)치로루초코솔티바닐라33g,20250618,40,4,20010,양주센터,3000.0,124.0,41.0,125.0,205.0,117.0,44.0,56.0,12.0,8.0,32.0,36.0,0.0,0.0,488.0,143,1002.0,1300.0,2500.0,G,초콜릿,봉지초콜릿
126054,G)치로루초코솔티바닐라33g,20250618,40,4,20017,울산상온센터(K7),2040.0,92.0,37.0,67.0,88.0,48.0,12.0,20.0,20.0,8.0,5.0,8.0,0.0,0.0,240.0,79,705.0,1300.0,2500.0,G,초콜릿,봉지초콜릿
126054,G)치로루초코솔티바닐라33g,20250618,40,4,20033,제주상온센터,720.0,32.0,9.0,24.0,68.0,24.0,12.0,4.0,0.0,0.0,4.0,0.0,0.0,0.0,125.0,37,304.0,1300.0,2500.0,G,초콜릿,봉지초콜릿
126054,G)치로루초코솔티바닐라33g,20250618,40,4,20034,구성상온센터,3120.0,141.0,35.0,20.0,367.0,236.0,124.0,46.0,44.0,8.0,4.0,12.0,0.0,0.0,658.0,177,916.0,1300.0,2500.0,G,초콜릿,봉지초콜릿
126054,G)치로루초코솔티바닐라33g,20250618,40,4,20050,세종상온센터,2520.0,78.0,20.0,144.0,142.0,52.0,84.0,44.0,8.0,4.0,40.0,60.0,0.0,0.0,358.0,112,916.0,1300.0,2500.0,G,초콜릿,봉지초콜릿
126054,G)치로루초코솔티바닐라33g,20250618,40,4,20065,원주상온센터(K7),1680.0,77.0,60.0,32.0,124.0,74.0,32.0,28.0,56.0,8.0,4.0,8.0,4.0,0.0,290.0,76,703.0,1300.0,2500.0,G,초콜릿,봉지초콜릿
126054,G)치로루초코솔티바닐라33g,20250618,40,4,20075,인천상온센터,2640.0,143.0,28.0,109.0,103.0,40.0,66.0,28.0,4.0,0.0,1.0,4.0,0.0,0.0,280.0,93,844.0,1300.0,2500.0,G,초콜릿,봉지초콜릿
126054,G)치로루초코솔티바닐라33g,20250618,40,4,20079,A광주상온센터,1920.0,48.0,5.0,80.0,166.0,93.0,48.0,24.0,28.0,36.0,16.0,48.0,0.0,0.0,344.0,95,727.0,1300.0,2500.0,G,초콜릿,봉지초콜릿
126054,G)치로루초코솔티바닐라33g,20250618,40,4,20080,A의왕상온센터,2280.0,97.0,26.0,114.0,148.0,88.0,44.0,36.0,24.0,4.0,4.0,0.0,0.0,0.0,376.0,115,748.0,1300.0,2500.0,G,초콜릿,봉지초콜릿
126054,G)치로루초코솔티바닐라33g,20250618,40,4,20081,A양산상온센터,1920.0,98.0,16.0,93.0,127.0,111.0,36.0,34.0,4.0,8.0,4.0,4.0,0.0,0.0,347.0,110,847.0,1300.0,2500.0,G,초콜릿,봉지초콜릿
126054,G)치로루초코솔티바닐라33g,20250618,40,4,20083,김제상온센터,1440.0,36.0,8.0,34.0,66.0,20.0,20.0,20.0,4.0,4.0,16.0,0.0,0.0,0.0,128.0,39,629.0,1300.0,2500.0,G,초콜릿,봉지초콜릿
126054,G)치로루초코솔티바닐라33g,20250618,40,4,20084,천안상온센터,1560.0,85.0,8.0,36.0,98.0,76.0,48.0,12.0,8.0,0.0,4.0,12.0,0.0,0.0,218.0,69,582.0,1300.0,2500.0,G,초콜릿,봉지초콜릿
126054,G)치로루초코솔티바닐라33g,20250618,40,4,20085,인천B상온센터,2520.0,115.0,28.0,130.0,158.0,105.0,60.0,41.0,8.0,12.0,36.0,8.0,0.0,0.0,421.0,126,841.0,1300.0,2500.0,G,초콜릿,봉지초콜릿
126072,유앤)쫀득레인보우마시멜로우150g,20250618,15,6,20006,성남센터,864.0,0.0,0.0,0.0,96.0,144.0,30.0,30.0,12.0,6.0,6.0,12.0,0.0,0.0,240.0,39,731.0,1950.0,3900.0,유앤,캔디류,봉지캔디
126072,유앤)쫀득레인보우마시멜로우150g,20250618,15,6,20007,대구센터,900.0,0.0,0.0,48.0,150.0,156.0,42.0,30.0,30.0,24.0,18.0,6.0,0.0,0.0,354.0,59,958.0,1950.0,3900.0,유앤,캔디류,봉지캔디
126072,유앤)쫀득레인보우마시멜로우150g,20250618,15,6,20010,양주센터,1080.0,0.0,0.0,66.0,114.0,84.0,18.0,30.0,24.0,24.0,0.0,18.0,0.0,0.0,264.0,44,1003.0,1950.0,3900.0,유앤,캔디류,봉지캔디
126072,유앤)쫀득레인보우마시멜로우150g,20250618,15,6,20017,울산상온센터(K7),540.0,0.0,0.0,24.0,72.0,54.0,24.0,18.0,18.0,18.0,0.0,6.0,0.0,0.0,150.0,26,705.0,1950.0,3900.0,유앤,캔디류,봉지캔디
126072,유앤)쫀득레인보우마시멜로우150g,20250618,15,6,20033,제주상온센터,216.0,0.0,0.0,0.0,54.0,18.0,0.0,24.0,6.0,6.0,0.0,0.0,0.0,0.0,72.0,14,304.0,1950.0,3900.0,유앤,캔디류,봉지캔디
126072,유앤)쫀득레인보우마시멜로우150g,20250618,15,6,20034,구성상온센터,1152.0,0.0,0.0,0.0,120.0,108.0,66.0,54.0,6.0,6.0,12.0,0.0,0.0,0.0,228.0,38,918.0,1950.0,3900.0,유앤,캔디류,봉지캔디
126072,유앤)쫀득레인보우마시멜로우150g,20250618,15,6,20050,세종상온센터,792.0,0.0,0.0,72.0,108.0,36.0,48.0,30.0,6.0,6.0,6.0,0.0,0.0,0.0,216.0,37,915.0,1950.0,3900.0,유앤,캔디류,봉지캔디
126072,유앤)쫀득레인보우마시멜로우150g,20250618,15,6,20065,원주상온센터(K7),504.0,0.0,0.0,0.0,126.0,114.0,54.0,24.0,6.0,12.0,12.0,6.0,0.0,0.0,240.0,40,703.0,1950.0,3900.0,유앤,캔디류,봉지캔디
126072,유앤)쫀득레인보우마시멜로우150g,20250618,15,6,20075,인천상온센터,720.0,0.0,0.0,84.0,66.0,48.0,72.0,36.0,0.0,6.0,0.0,0.0,0.0,0.0,198.0,36,844.0,1950.0,3900.0,유앤,캔디류,봉지캔디
126072,유앤)쫀득레인보우마시멜로우150g,20250618,15,6,20079,A광주상온센터,648.0,0.0,0.0,72.0,90.0,36.0,24.0,12.0,12.0,6.0,6.0,0.0,0.0,0.0,198.0,36,727.0,1950.0,3900.0,유앤,캔디류,봉지캔디
126072,유앤)쫀득레인보우마시멜로우150g,20250618,15,6,20080,A의왕상온센터,648.0,0.0,0.0,60.0,72.0,90.0,42.0,36.0,18.0,12.0,12.0,0.0,0.0,0.0,222.0,38,749.0,1950.0,3900.0,유앤,캔디류,봉지캔디
126072,유앤)쫀득레인보우마시멜로우150g,20250618,15,6,20081,A양산상온센터,648.0,0.0,0.0,42.0,84.0,66.0,12.0,18.0,6.0,18.0,24.0,18.0,0.0,0.0,192.0,33,847.0,1950.0,3900.0,유앤,캔디류,봉지캔디
126072,유앤)쫀득레인보우마시멜로우150g,20250618,15,6,20083,김제상온센터,468.0,0.0,0.0,36.0,78.0,54.0,12.0,18.0,0.0,12.0,12.0,0.0,0.0,0.0,168.0,27,628.0,1950.0,3900.0,유앤,캔디류,봉지캔디
126072,유앤)쫀득레인보우마시멜로우150g,20250618,15,6,20084,천안상온센터,396.0,0.0,0.0,0.0,84.0,54.0,42.0,12.0,0.0,0.0,12.0,12.0,0.0,0.0,138.0,24,579.0,1950.0,3900.0,유앤,캔디류,봉지캔디
126072,유앤)쫀득레인보우마시멜로우150g,20250618,15,6,20085,인천B상온센터,900.0,0.0,0.0,66.0,72.0,24.0,12.0,12.0,6.0,6.0,6.0,12.0,0.0,0.0,162.0,31,841.0,1950.0,3900.0,유앤,캔디류,봉지캔디
126074,투데이)탑프룻츠푸딩망고맛115g,20250618,15,8,20006,성남센터,1024.0,0.0,0.0,0.0,176.0,136.0,72.0,56.0,32.0,24.0,8.0,24.0,8.0,0.0,312.0,39,731.0,777.0,1500.0,투데이,젤리류,국산젤리
126074,투데이)탑프룻츠푸딩망고맛115g,20250618,15,8,20007,대구센터,1088.0,0.0,0.0,72.0,176.0,184.0,72.0,48.0,24.0,8.0,32.0,0.0,0.0,0.0,432.0,53,958.0,777.0,1500.0,투데이,젤리류,국산젤리
126074,투데이)탑프룻츠푸딩망고맛115g,20250618,15,8,20010,양주센터,1280.0,0.0,0.0,88.0,200.0,88.0,56.0,72.0,16.0,16.0,0.0,24.0,0.0,0.0,376.0,49,1003.0,777.0,1500.0,투데이,젤리류,국산젤리
126074,투데이)탑프룻츠푸딩망고맛115g,20250618,15,8,20017,울산상온센터(K7),640.0,0.0,0.0,72.0,88.0,80.0,16.0,8.0,24.0,0.0,0.0,0.0,0.0,0.0,240.0,30,705.0,777.0,1500.0,투데이,젤리류,국산젤리
126074,투데이)탑프룻츠푸딩망고맛115g,20250618,15,8,20033,제주상온센터,512.0,0.0,0.0,0.0,80.0,40.0,8.0,24.0,8.0,8.0,0.0,0.0,0.0,0.0,120.0,16,304.0,777.0,1500.0,투데이,젤리류,국산젤리
126074,투데이)탑프룻츠푸딩망고맛115g,20250618,15,8,20034,구성상온센터,1344.0,0.0,0.0,0.0,248.0,120.0,72.0,32.0,32.0,8.0,32.0,16.0,0.0,0.0,368.0,46,918.0,777.0,1500.0,투데이,젤리류,국산젤리
126074,투데이)탑프룻츠푸딩망고맛115g,20250618,15,8,20050,세종상온센터,896.0,0.0,0.0,80.0,160.0,88.0,72.0,64.0,24.0,0.0,0.0,0.0,0.0,0.0,328.0,43,915.0,777.0,1500.0,투데이,젤리류,국산젤리
126074,투데이)탑프룻츠푸딩망고맛115g,20250618,15,8,20065,원주상온센터(K7),640.0,0.0,0.0,0.0,136.0,64.0,40.0,48.0,8.0,0.0,8.0,0.0,0.0,0.0,200.0,25,703.0,777.0,1500.0,투데이,젤리류,국산젤리
126074,투데이)탑프룻츠푸딩망고맛115g,20250618,15,8,20075,인천상온센터,896.0,0.0,0.0,88.0,96.0,80.0,72.0,40.0,8.0,16.0,0.0,0.0,0.0,0.0,264.0,33,844.0,777.0,1500.0,투데이,젤리류,국산젤리
126074,투데이)탑프룻츠푸딩망고맛115g,20250618,15,8,20079,A광주상온센터,768.0,0.0,0.0,72.0,96.0,72.0,32.0,32.0,24.0,24.0,0.0,0.0,0.0,0.0,240.0,30,727.0,777.0,1500.0,투데이,젤리류,국산젤리
126074,투데이)탑프룻츠푸딩망고맛115g,20250618,15,8,20080,A의왕상온센터,768.0,0.0,0.0,112.0,88.0,136.0,24.0,40.0,8.0,8.0,8.0,0.0,0.0,0.0,336.0,43,749.0,777.0,1500.0,투데이,젤리류,국산젤리
126074,투데이)탑프룻츠푸딩망고맛115g,20250618,15,8,20081,A양산상온센터,768.0,0.0,0.0,56.0,120.0,72.0,16.0,24.0,8.0,8.0,24.0,24.0,0.0,0.0,248.0,32,847.0,777.0,1500.0,투데이,젤리류,국산젤리
126074,투데이)탑프룻츠푸딩망고맛115g,20250618,15,8,20083,김제상온센터,576.0,0.0,0.0,24.0,40.0,88.0,16.0,32.0,0.0,32.0,8.0,0.0,0.0,0.0,152.0,20,628.0,777.0,1500.0,투데이,젤리류,국산젤리
126074,투데이)탑프룻츠푸딩망고맛115g,20250618,15,8,20084,천안상온센터,512.0,0.0,0.0,0.0,72.0,32.0,40.0,8.0,24.0,0.0,8.0,8.0,0.0,0.0,104.0,13,579.0,777.0,1500.0,투데이,젤리류,국산젤리
126074,투데이)탑프룻츠푸딩망고맛115g,20250618,15,8,20085,인천B상온센터,1088.0,0.0,0.0,80.0,136.0,48.0,48.0,48.0,8.0,32.0,0.0,8.0,0.0,0.0,264.0,34,841.0,777.0,1500.0,투데이,젤리류,국산젤리
126183,G)슈가버터샌드트리10입,20250625,70,1,20006,성남센터,1296.0,0.0,0.0,0.0,0.0,0.0,0.0,0.0,0.0,0.0,0.0,0.0,0.0,0.0,0.0,0,0.0,7280.0,13000.0,G,비스킷류,쿠키
126183,G)슈가버터샌드트리10입,20250625,70,1,20007,대구센터,792.0,0.0,0.0,0.0,0.0,0.0,0.0,0.0,0.0,0.0,0.0,0.0,0.0,0.0,0.0,0,0.0,7280.0,13000.0,G,비스킷류,쿠키
126183,G)슈가버터샌드트리10입,20250625,70,1,20010,양주센터,1224.0,0.0,0.0,0.0,0.0,0.0,0.0,0.0,0.0,0.0,0.0,0.0,0.0,0.0,0.0,0,0.0,7280.0,13000.0,G,비스킷류,쿠키
126183,G)슈가버터샌드트리10입,20250625,70,1,20017,울산상온센터(K7),840.0,0.0,0.0,0.0,0.0,0.0,0.0,0.0,0.0,0.0,0.0,0.0,0.0,0.0,0.0,0,0.0,7280.0,13000.0,G,비스킷류,쿠키
126183,G)슈가버터샌드트리10입,20250625,70,1,20033,제주상온센터,1224.0,0.0,0.0,0.0,0.0,0.0,0.0,0.0,0.0,0.0,0.0,0.0,0.0,0.0,0.0,0,0.0,7280.0,13000.0,G,비스킷류,쿠키
126183,G)슈가버터샌드트리10입,20250625,70,1,20034,구성상온센터,672.0,0.0,0.0,0.0,0.0,0.0,0.0,0.0,0.0,0.0,0.0,0.0,0.0,0.0,0.0,0,0.0,7280.0,13000.0,G,비스킷류,쿠키
126183,G)슈가버터샌드트리10입,20250625,70,1,20050,세종상온센터,1776.0,0.0,0.0,0.0,0.0,0.0,0.0,0.0,0.0,0.0,0.0,0.0,0.0,0.0,0.0,0,0.0,7280.0,13000.0,G,비스킷류,쿠키
126183,G)슈가버터샌드트리10입,20250625,70,1,20065,원주상온센터(K7),2232.0,0.0,0.0,0.0,0.0,0.0,0.0,0.0,0.0,0.0,0.0,0.0,0.0,0.0,0.0,0,0.0,7280.0,13000.0,G,비스킷류,쿠키
126183,G)슈가버터샌드트리10입,20250625,70,1,20075,인천상온센터,768.0,0.0,0.0,0.0,0.0,0.0,0.0,0.0,0.0,0.0,0.0,0.0,0.0,0.0,0.0,0,0.0,7280.0,13000.0,G,비스킷류,쿠키
126183,G)슈가버터샌드트리10입,20250625,70,1,20079,A광주상온센터,192.0,0.0,0.0,0.0,0.0,0.0,0.0,0.0,0.0,0.0,0.0,0.0,0.0,0.0,0.0,0,0.0,7280.0,13000.0,G,비스킷류,쿠키
126183,G)슈가버터샌드트리10입,20250625,70,1,20080,A의왕상온센터,840.0,0.0,0.0,0.0,0.0,0.0,0.0,0.0,0.0,0.0,0.0,0.0,0.0,0.0,0.0,0,0.0,7280.0,13000.0,G,비스킷류,쿠키
126183,G)슈가버터샌드트리10입,20250625,70,1,20081,A양산상온센터,576.0,0.0,0.0,0.0,0.0,0.0,0.0,0.0,0.0,0.0,0.0,0.0,0.0,0.0,0.0,0,0.0,7280.0,13000.0,G,비스킷류,쿠키
126183,G)슈가버터샌드트리10입,20250625,70,1,20083,김제상온센터,504.0,0.0,0.0,0.0,0.0,0.0,0.0,0.0,0.0,0.0,0.0,0.0,0.0,0.0,0.0,0,0.0,7280.0,13000.0,G,비스킷류,쿠키
126183,G)슈가버터샌드트리10입,20250625,70,1,20084,천안상온센터,480.0,0.0,0.0,0.0,0.0,0.0,0.0,0.0,0.0,0.0,0.0,0.0,0.0,0.0,0.0,0,0.0,7280.0,13000.0,G,비스킷류,쿠키
126183,G)슈가버터샌드트리10입,20250625,70,1,20085,인천B상온센터,3024.0,0.0,0.0,0.0,0.0,0.0,0.0,0.0,0.0,0.0,0.0,0.0,0.0,0.0,0.0,0,0.0,7280.0,13000.0,G,비스킷류,쿠키
126247,서주)불닭볶구미 40g,20250625,10,12,20006,성남센터,3216.0,0.0,0.0,0.0,336.0,228.0,192.0,36.0,72.0,0.0,24.0,24.0,0.0,0.0,564.0,50,730.0,1018.0,2000.0,서주,젤리류,국산젤리
126247,서주)불닭볶구미 40g,20250625,10,12,20007,대구센터,3360.0,0.0,0.0,132.0,324.0,384.0,156.0,108.0,60.0,12.0,12.0,0.0,0.0,0.0,840.0,68,958.0,1018.0,2000.0,서주,젤리류,국산젤리
126247,서주)불닭볶구미 40g,20250625,10,12,20010,양주센터,4032.0,0.0,0.0,300.0,492.0,204.0,108.0,96.0,36.0,12.0,60.0,12.0,0.0,0.0,996.0,85,1003.0,1018.0,2000.0,서주,젤리류,국산젤리
126247,서주)불닭볶구미 40g,20250625,10,12,20017,울산상온센터(K7),2064.0,0.0,0.0,144.0,144.0,252.0,84.0,24.0,12.0,0.0,48.0,24.0,0.0,0.0,540.0,44,704.0,1018.0,2000.0,서주,젤리류,국산젤리
126247,서주)불닭볶구미 40g,20250625,10,12,20033,제주상온센터,768.0,0.0,0.0,0.0,144.0,24.0,12.0,36.0,24.0,12.0,12.0,0.0,0.0,0.0,168.0,12,304.0,1018.0,2000.0,서주,젤리류,국산젤리
126247,서주)불닭볶구미 40g,20250625,10,12,20034,구성상온센터,4272.0,0.0,0.0,0.0,396.0,180.0,156.0,72.0,108.0,24.0,72.0,24.0,0.0,0.0,576.0,49,918.0,1018.0,2000.0,서주,젤리류,국산젤리
126247,서주)불닭볶구미 40g,20250625,10,12,20050,세종상온센터,2880.0,0.0,0.0,204.0,240.0,216.0,72.0,96.0,36.0,24.0,24.0,24.0,0.0,0.0,660.0,55,911.0,1018.0,2000.0,서주,젤리류,국산젤리
126247,서주)불닭볶구미 40g,20250625,10,12,20065,원주상온센터(K7),1920.0,0.0,0.0,0.0,132.0,132.0,120.0,48.0,24.0,24.0,36.0,0.0,0.0,0.0,264.0,24,702.0,1018.0,2000.0,서주,젤리류,국산젤리
126247,서주)불닭볶구미 40g,20250625,10,12,20075,인천상온센터,2736.0,0.0,0.0,216.0,204.0,216.0,120.0,108.0,24.0,24.0,0.0,12.0,0.0,0.0,636.0,57,841.0,1018.0,2000.0,서주,젤리류,국산젤리
126247,서주)불닭볶구미 40g,20250625,10,12,20079,A광주상온센터,2352.0,0.0,0.0,204.0,96.0,120.0,108.0,84.0,12.0,12.0,0.0,0.0,0.0,0.0,420.0,32,723.0,1018.0,2000.0,서주,젤리류,국산젤리
126247,서주)불닭볶구미 40g,20250625,10,12,20080,A의왕상온센터,2448.0,0.0,0.0,216.0,168.0,192.0,132.0,132.0,24.0,24.0,24.0,0.0,0.0,0.0,576.0,53,748.0,1018.0,2000.0,서주,젤리류,국산젤리
126247,서주)불닭볶구미 40g,20250625,10,12,20081,A양산상온센터,2448.0,0.0,0.0,132.0,192.0,192.0,108.0,72.0,48.0,24.0,24.0,12.0,0.0,0.0,516.0,48,848.0,1018.0,2000.0,서주,젤리류,국산젤리
126247,서주)불닭볶구미 40g,20250625,10,12,20083,김제상온센터,1680.0,0.0,0.0,60.0,96.0,144.0,36.0,144.0,24.0,12.0,0.0,0.0,12.0,0.0,300.0,26,628.0,1018.0,2000.0,서주,젤리류,국산젤리
126247,서주)불닭볶구미 40g,20250625,10,12,20084,천안상온센터,1488.0,0.0,0.0,0.0,180.0,180.0,204.0,60.0,36.0,12.0,12.0,36.0,0.0,0.0,360.0,31,580.0,1018.0,2000.0,서주,젤리류,국산젤리
126247,서주)불닭볶구미 40g,20250625,10,12,20085,인천B상온센터,3360.0,0.0,0.0,180.0,204.0,132.0,108.0,0.0,12.0,0.0,12.0,0.0,0.0,0.0,516.0,44,841.0,1018.0,2000.0,서주,젤리류,국산젤리
126248,에이블)골든버블캔디,20250625,15,20,20006,성남센터,2880.0,0.0,0.0,0.0,200.0,200.0,220.0,60.0,80.0,0.0,20.0,40.0,0.0,0.0,400.0,21,730.0,316.0,600.0,에이블,캔디류,토이캔디
126248,에이블)골든버블캔디,20250625,15,20,20007,대구센터,2880.0,0.0,0.0,180.0,480.0,340.0,220.0,100.0,40.0,0.0,40.0,0.0,0.0,0.0,1000.0,51,958.0,316.0,600.0,에이블,캔디류,토이캔디
126248,에이블)골든버블캔디,20250625,15,20,20010,양주센터,3360.0,0.0,0.0,240.0,580.0,200.0,140.0,40.0,40.0,20.0,60.0,20.0,0.0,0.0,1020.0,51,1004.0,316.0,600.0,에이블,캔디류,토이캔디
126248,에이블)골든버블캔디,20250625,15,20,20017,울산상온센터(K7),1920.0,0.0,0.0,240.0,160.0,200.0,80.0,180.0,0.0,20.0,40.0,40.0,0.0,0.0,600.0,32,704.0,316.0,600.0,에이블,캔디류,토이캔디
126248,에이블)골든버블캔디,20250625,15,20,20033,제주상온센터,720.0,0.0,0.0,0.0,160.0,20.0,100.0,60.0,20.0,0.0,0.0,20.0,0.0,0.0,180.0,9,304.0,316.0,600.0,에이블,캔디류,토이캔디
126248,에이블)골든버블캔디,20250625,15,20,20034,구성상온센터,3600.0,0.0,0.0,0.0,340.0,240.0,280.0,140.0,120.0,20.0,0.0,40.0,0.0,0.0,580.0,29,917.0,316.0,600.0,에이블,캔디류,토이캔디
126248,에이블)골든버블캔디,20250625,15,20,20050,세종상온센터,2400.0,0.0,0.0,280.0,340.0,280.0,140.0,40.0,20.0,20.0,20.0,20.0,0.0,0.0,900.0,45,909.0,316.0,600.0,에이블,캔디류,토이캔디
126248,에이블)골든버블캔디,20250625,15,20,20065,원주상온센터(K7),1680.0,0.0,0.0,0.0,340.0,240.0,160.0,80.0,80.0,60.0,60.0,0.0,0.0,0.0,580.0,29,702.0,316.0,600.0,에이블,캔디류,토이캔디
126248,에이블)골든버블캔디,20250625,15,20,20075,인천상온센터,2400.0,0.0,0.0,160.0,280.0,300.0,100.0,60.0,20.0,0.0,40.0,0.0,0.0,0.0,740.0,37,841.0,316.0,600.0,에이블,캔디류,토이캔디
126248,에이블)골든버블캔디,20250625,15,20,20079,A광주상온센터,2160.0,0.0,0.0,340.0,180.0,220.0,220.0,60.0,20.0,0.0,0.0,0.0,0.0,0.0,740.0,33,722.0,316.0,600.0,에이블,캔디류,토이캔디
126248,에이블)골든버블캔디,20250625,15,20,20080,A의왕상온센터,2160.0,0.0,0.0,240.0,280.0,240.0,160.0,140.0,40.0,20.0,40.0,20.0,0.0,0.0,760.0,40,747.0,316.0,600.0,에이블,캔디류,토이캔디
126248,에이블)골든버블캔디,20250625,15,20,20081,A양산상온센터,2160.0,0.0,0.0,140.0,320.0,260.0,180.0,40.0,40.0,40.0,20.0,20.0,0.0,0.0,720.0,36,847.0,316.0,600.0,에이블,캔디류,토이캔디
126248,에이블)골든버블캔디,20250625,15,20,20083,김제상온센터,1440.0,0.0,0.0,180.0,180.0,260.0,80.0,200.0,40.0,20.0,20.0,20.0,0.0,0.0,620.0,32,628.0,316.0,600.0,에이블,캔디류,토이캔디
126248,에이블)골든버블캔디,20250625,15,20,20084,천안상온센터,1440.0,0.0,0.0,0.0,320.0,140.0,260.0,60.0,80.0,0.0,0.0,20.0,0.0,0.0,460.0,23,580.0,316.0,600.0,에이블,캔디류,토이캔디
126248,에이블)골든버블캔디,20250625,15,20,20085,인천B상온센터,2880.0,0.0,0.0,240.0,320.0,140.0,120.0,20.0,0.0,20.0,0.0,0.0,0.0,0.0,700.0,37,838.0,316.0,600.0,에이블,캔디류,토이캔디
126266,크라운)화이트하임49g,20250625,35,2,20006,성남센터,2142.0,0.0,0.0,0.0,186.0,181.0,133.0,51.0,31.0,5.0,16.0,5.0,0.0,0.0,367.0,74,730.0,818.0,1400.0,크라운,비스킷류,쿠키
126266,크라운)화이트하임49g,20250625,35,2,20007,대구센터,2247.0,0.0,0.0,142.0,226.0,178.0,88.0,84.0,39.0,7.0,20.0,2.0,0.0,0.0,546.0,119,958.0,818.0,1400.0,크라운,비스킷류,쿠키
126266,크라운)화이트하임49g,20250625,35,2,20010,양주센터,2688.0,0.0,0.0,152.0,285.0,95.0,103.0,50.0,5.0,12.0,5.0,0.0,0.0,0.0,532.0,118,1003.0,818.0,1400.0,크라운,비스킷류,쿠키
126266,크라운)화이트하임49g,20250625,35,2,20017,울산상온센터(K7),1365.0,0.0,0.0,98.0,119.0,119.0,51.0,25.0,13.0,10.0,5.0,10.0,0.0,0.0,336.0,70,704.0,818.0,1400.0,크라운,비스킷류,쿠키
126266,크라운)화이트하임49g,20250625,35,2,20033,제주상온센터,504.0,0.0,0.0,0.0,72.0,37.0,30.0,19.0,13.0,5.0,0.0,0.0,0.0,0.0,109.0,22,304.0,818.0,1400.0,크라운,비스킷류,쿠키
126266,크라운)화이트하임49g,20250625,35,2,20034,구성상온센터,2856.0,0.0,0.0,0.0,216.0,161.0,118.0,64.0,37.0,33.0,11.0,0.0,0.0,0.0,377.0,83,918.0,818.0,1400.0,크라운,비스킷류,쿠키
126266,크라운)화이트하임49g,20250625,35,2,20050,세종상온센터,1932.0,0.0,0.0,122.0,168.0,147.0,88.0,45.0,16.0,10.0,10.0,4.0,0.0,0.0,437.0,102,911.0,818.0,1400.0,크라운,비스킷류,쿠키
126266,크라운)화이트하임49g,20250625,35,2,20065,원주상온센터(K7),1260.0,0.0,0.0,0.0,101.0,66.0,80.0,29.0,18.0,18.0,12.0,0.0,0.0,0.0,167.0,40,702.0,818.0,1400.0,크라운,비스킷류,쿠키
126266,크라운)화이트하임49g,20250625,35,2,20075,인천상온센터,1806.0,0.0,0.0,97.0,110.0,150.0,76.0,41.0,11.0,15.0,5.0,5.0,0.0,0.0,357.0,76,841.0,818.0,1400.0,크라운,비스킷류,쿠키
126266,크라운)화이트하임49g,20250625,35,2,20079,A광주상온센터,1554.0,0.0,0.0,109.0,94.0,113.0,82.0,36.0,1.0,5.0,2.0,0.0,0.0,0.0,316.0,67,723.0,818.0,1400.0,크라운,비스킷류,쿠키
126266,크라운)화이트하임49g,20250625,35,2,20080,A의왕상온센터,1617.0,0.0,0.0,100.0,181.0,121.0,57.0,50.0,19.0,20.0,0.0,0.0,0.0,0.0,402.0,93,748.0,818.0,1400.0,크라운,비스킷류,쿠키
126266,크라운)화이트하임49g,20250625,35,2,20081,A양산상온센터,1617.0,0.0,0.0,69.0,156.0,107.0,47.0,15.0,13.0,15.0,0.0,0.0,0.0,0.0,332.0,74,848.0,818.0,1400.0,크라운,비스킷류,쿠키
126266,크라운)화이트하임49g,20250625,35,2,20083,김제상온센터,1134.0,0.0,0.0,48.0,60.0,88.0,24.0,33.0,13.0,5.0,5.0,0.0,5.0,0.0,196.0,42,628.0,818.0,1400.0,크라운,비스킷류,쿠키
126266,크라운)화이트하임49g,20250625,35,2,20084,천안상온센터,987.0,0.0,0.0,0.0,133.0,95.0,71.0,22.0,15.0,10.0,7.0,0.0,0.0,0.0,228.0,49,580.0,818.0,1400.0,크라운,비스킷류,쿠키
126266,크라운)화이트하임49g,20250625,35,2,20085,인천B상온센터,2226.0,0.0,0.0,119.0,195.0,110.0,74.0,43.0,6.0,5.0,5.0,0.0,0.0,0.0,424.0,87,841.0,818.0,1400.0,크라운,비스킷류,쿠키
126268,PKJ)양파에빠진메밀칩100g,20250625,20,4,20006,성남센터,720.0,0.0,0.0,0.0,108.0,72.0,40.0,16.0,16.0,0.0,8.0,4.0,0.0,0.0,180.0,46,730.0,1400.0,2800.0,PKJ,스낵류,전통스낵
126268,PKJ)양파에빠진메밀칩100g,20250625,20,4,20007,대구센터,756.0,0.0,0.0,60.0,84.0,76.0,12.0,28.0,16.0,0.0,8.0,0.0,0.0,0.0,220.0,54,958.0,1400.0,2800.0,PKJ,스낵류,전통스낵
126268,PKJ)양파에빠진메밀칩100g,20250625,20,4,20010,양주센터,900.0,0.0,0.0,84.0,120.0,48.0,40.0,28.0,12.0,16.0,16.0,0.0,0.0,0.0,252.0,67,1003.0,1400.0,2800.0,PKJ,스낵류,전통스낵
126268,PKJ)양파에빠진메밀칩100g,20250625,20,4,20017,울산상온센터(K7),456.0,0.0,0.0,32.0,32.0,52.0,28.0,12.0,0.0,4.0,8.0,4.0,0.0,0.0,116.0,31,704.0,1400.0,2800.0,PKJ,스낵류,전통스낵
126268,PKJ)양파에빠진메밀칩100g,20250625,20,4,20033,제주상온센터,168.0,0.0,0.0,0.0,40.0,12.0,16.0,4.0,8.0,0.0,4.0,4.0,0.0,0.0,52.0,13,304.0,1400.0,2800.0,PKJ,스낵류,전통스낵
126268,PKJ)양파에빠진메밀칩100g,20250625,20,4,20034,구성상온센터,948.0,0.0,0.0,0.0,112.0,60.0,40.0,12.0,12.0,8.0,24.0,8.0,0.0,0.0,172.0,44,918.0,1400.0,2800.0,PKJ,스낵류,전통스낵
126268,PKJ)양파에빠진메밀칩100g,20250625,20,4,20050,세종상온센터,648.0,0.0,0.0,56.0,68.0,80.0,16.0,12.0,12.0,8.0,0.0,4.0,0.0,0.0,204.0,49,911.0,1400.0,2800.0,PKJ,스낵류,전통스낵
126268,PKJ)양파에빠진메밀칩100g,20250625,20,4,20065,원주상온센터(K7),420.0,0.0,0.0,0.0,60.0,32.0,44.0,28.0,4.0,4.0,16.0,0.0,0.0,0.0,92.0,23,702.0,1400.0,2800.0,PKJ,스낵류,전통스낵
126268,PKJ)양파에빠진메밀칩100g,20250625,20,4,20075,인천상온센터,600.0,0.0,0.0,52.0,44.0,84.0,24.0,24.0,4.0,8.0,8.0,4.0,0.0,0.0,180.0,46,841.0,1400.0,2800.0,PKJ,스낵류,전통스낵
126268,PKJ)양파에빠진메밀칩100g,20250625,20,4,20079,A광주상온센터,516.0,0.0,0.0,56.0,44.0,40.0,28.0,24.0,0.0,0.0,8.0,0.0,0.0,0.0,140.0,35,723.0,1400.0,2800.0,PKJ,스낵류,전통스낵
126268,PKJ)양파에빠진메밀칩100g,20250625,20,4,20080,A의왕상온센터,540.0,0.0,0.0,68.0,64.0,72.0,36.0,32.0,12.0,8.0,8.0,0.0,4.0,0.0,204.0,51,748.0,1400.0,2800.0,PKJ,스낵류,전통스낵
126268,PKJ)양파에빠진메밀칩100g,20250625,20,4,20081,A양산상온센터,540.0,0.0,0.0,32.0,72.0,64.0,20.0,4.0,8.0,4.0,0.0,0.0,0.0,0.0,168.0,42,848.0,1400.0,2800.0,PKJ,스낵류,전통스낵
126268,PKJ)양파에빠진메밀칩100g,20250625,20,4,20083,김제상온센터,372.0,0.0,0.0,24.0,20.0,32.0,20.0,24.0,0.0,0.0,8.0,0.0,0.0,0.0,76.0,21,628.0,1400.0,2800.0,PKJ,스낵류,전통스낵
126268,PKJ)양파에빠진메밀칩100g,20250625,20,4,20084,천안상온센터,336.0,0.0,0.0,0.0,52.0,52.0,24.0,16.0,4.0,4.0,0.0,4.0,0.0,0.0,104.0,26,580.0,1400.0,2800.0,PKJ,스낵류,전통스낵
126268,PKJ)양파에빠진메밀칩100g,20250625,20,4,20085,인천B상온센터,744.0,0.0,0.0,32.0,64.0,40.0,40.0,20.0,0.0,4.0,12.0,0.0,0.0,0.0,136.0,34,841.0,1400.0,2800.0,PKJ,스낵류,전통스낵
126269,농심)누룽지팝4입,20250625,40,1,20006,성남센터,496.0,0.0,0.0,0.0,80.0,69.0,81.0,11.0,7.0,0.0,12.0,7.0,0.0,0.0,149.0,51,730.0,1868.0,3600.0,농심,비스킷류,크래커
126269,농심)누룽지팝4입,20250625,40,1,20007,대구센터,528.0,0.0,0.0,47.0,59.0,85.0,22.0,10.0,16.0,3.0,5.0,3.0,0.0,0.0,191.0,67,958.0,1868.0,3600.0,농심,비스킷류,크래커
126269,농심)누룽지팝4입,20250625,40,1,20010,양주센터,624.0,0.0,0.0,68.0,115.0,48.0,15.0,17.0,6.0,4.0,17.0,0.0,0.0,0.0,231.0,76,1003.0,1868.0,3600.0,농심,비스킷류,크래커
126269,농심)누룽지팝4입,20250625,40,1,20017,울산상온센터(K7),320.0,0.0,0.0,34.0,41.0,42.0,13.0,15.0,7.0,3.0,3.0,6.0,0.0,0.0,117.0,41,704.0,1868.0,3600.0,농심,비스킷류,크래커
126269,농심)누룽지팝4입,20250625,40,1,20033,제주상온센터,112.0,0.0,0.0,0.0,35.0,8.0,9.0,9.0,6.0,4.0,3.0,0.0,0.0,0.0,43.0,15,304.0,1868.0,3600.0,농심,비스킷류,크래커
126269,농심)누룽지팝4입,20250625,40,1,20034,구성상온센터,656.0,0.0,0.0,0.0,99.0,51.0,47.0,17.0,28.0,3.0,18.0,6.0,0.0,0.0,150.0,54,918.0,1868.0,3600.0,농심,비스킷류,크래커
126269,농심)누룽지팝4입,20250625,40,1,20050,세종상온센터,448.0,0.0,0.0,58.0,65.0,57.0,42.0,21.0,3.0,3.0,0.0,4.0,0.0,0.0,180.0,61,911.0,1868.0,3600.0,농심,비스킷류,크래커
126269,농심)누룽지팝4입,20250625,40,1,20065,원주상온센터(K7),288.0,0.0,0.0,0.0,36.0,34.0,26.0,21.0,3.0,9.0,12.0,0.0,0.0,0.0,70.0,27,702.0,1868.0,3600.0,농심,비스킷류,크래커
126269,농심)누룽지팝4입,20250625,40,1,20075,인천상온센터,416.0,0.0,0.0,40.0,43.0,64.0,24.0,8.0,8.0,6.0,4.0,3.0,0.0,0.0,147.0,52,841.0,1868.0,3600.0,농심,비스킷류,크래커
126269,농심)누룽지팝4입,20250625,40,1,20079,A광주상온센터,368.0,0.0,0.0,44.0,33.0,31.0,17.0,7.0,1.0,0.0,1.0,0.0,0.0,0.0,108.0,42,723.0,1868.0,3600.0,농심,비스킷류,크래커
126269,농심)누룽지팝4입,20250625,40,1,20080,A의왕상온센터,368.0,0.0,0.0,49.0,56.0,52.0,20.0,18.0,10.0,7.0,6.0,1.0,3.0,0.0,157.0,53,748.0,1868.0,3600.0,농심,비스킷류,크래커
126269,농심)누룽지팝4입,20250625,40,1,20081,A양산상온센터,384.0,0.0,0.0,32.0,81.0,39.0,28.0,12.0,9.0,3.0,3.0,6.0,0.0,0.0,152.0,51,848.0,1868.0,3600.0,농심,비스킷류,크래커
126269,농심)누룽지팝4입,20250625,40,1,20083,김제상온센터,256.0,0.0,0.0,15.0,21.0,30.0,18.0,12.0,0.0,0.0,10.0,0.0,0.0,0.0,66.0,23,628.0,1868.0,3600.0,농심,비스킷류,크래커
126269,농심)누룽지팝4입,20250625,40,1,20084,천안상온센터,224.0,0.0,0.0,0.0,56.0,69.0,18.0,7.0,6.0,7.0,3.0,11.0,0.0,0.0,125.0,36,580.0,1868.0,3600.0,농심,비스킷류,크래커
126269,농심)누룽지팝4입,20250625,40,1,20085,인천B상온센터,512.0,0.0,0.0,26.0,50.0,40.0,40.0,18.0,3.0,4.0,3.0,0.0,0.0,0.0,116.0,45,841.0,1868.0,3600.0,농심,비스킷류,크래커
126271,크라운)산도밀크팝161g,20250709,35,2,20006,성남센터,2316.0,582.0,12.0,16.0,42.0,8.0,24.0,24.0,22.0,8.0,14.0,4.0,0.0,0.0,78.0,178,719.0,1636.0,2800.0,크라운,비스킷류,크래커
126271,크라운)산도밀크팝161g,20250709,35,2,20007,대구센터,2424.0,652.0,8.0,40.0,38.0,24.0,48.0,54.0,24.0,8.0,4.0,8.0,0.0,0.0,110.0,219,941.0,1636.0,2800.0,크라운,비스킷류,크래커
126271,크라운)산도밀크팝161g,20250709,35,2,20010,양주센터,2904.0,644.0,6.0,40.0,48.0,56.0,42.0,48.0,14.0,0.0,20.0,0.0,0.0,0.0,150.0,217,986.0,1636.0,2800.0,크라운,비스킷류,크래커
126271,크라운)산도밀크팝161g,20250709,35,2,20017,울산상온센터(K7),1464.0,400.0,10.0,20.0,22.0,36.0,24.0,12.0,8.0,4.0,10.0,0.0,0.0,0.0,88.0,128,686.0,1636.0,2800.0,크라운,비스킷류,크래커
126271,크라운)산도밀크팝161g,20250709,35,2,20033,제주상온센터,528.0,150.0,0.0,0.0,14.0,12.0,18.0,8.0,4.0,2.0,8.0,4.0,0.0,0.0,26.0,46,300.0,1636.0,2800.0,크라운,비스킷류,크래커
126271,크라운)산도밀크팝161g,20250709,35,2,20034,구성상온센터,3084.0,794.0,4.0,0.0,68.0,20.0,66.0,28.0,18.0,16.0,28.0,0.0,0.0,0.0,92.0,216,902.0,1636.0,2800.0,크라운,비스킷류,크래커
126271,크라운)산도밀크팝161g,20250709,35,2,20050,세종상온센터,2076.0,628.0,4.0,40.0,44.0,30.0,20.0,40.0,8.0,4.0,4.0,2.0,0.0,0.0,118.0,195,901.0,1636.0,2800.0,크라운,비스킷류,크래커
126271,크라운)산도밀크팝161g,20250709,35,2,20065,원주상온센터(K7),1356.0,376.0,4.0,12.0,22.0,18.0,22.0,30.0,14.0,12.0,4.0,8.0,0.0,0.0,56.0,120,693.0,1636.0,2800.0,크라운,비스킷류,크래커
126271,크라운)산도밀크팝161g,20250709,35,2,20075,인천상온센터,1956.0,656.0,4.0,28.0,46.0,12.0,26.0,18.0,6.0,0.0,12.0,0.0,0.0,0.0,90.0,171,815.0,1636.0,2800.0,크라운,비스킷류,크래커
126271,크라운)산도밀크팝161g,20250709,35,2,20079,A광주상온센터,1680.0,386.0,12.0,10.0,22.0,40.0,28.0,16.0,2.0,0.0,6.0,4.0,0.0,0.0,84.0,127,714.0,1636.0,2800.0,크라운,비스킷류,크래커
126271,크라운)산도밀크팝161g,20250709,35,2,20080,A의왕상온센터,1740.0,620.0,8.0,26.0,38.0,28.0,40.0,20.0,8.0,12.0,6.0,0.0,0.0,0.0,100.0,202,735.0,1636.0,2800.0,크라운,비스킷류,크래커
126271,크라운)산도밀크팝161g,20250709,35,2,20081,A양산상온센터,1752.0,406.0,8.0,30.0,32.0,48.0,20.0,18.0,4.0,0.0,12.0,4.0,0.0,0.0,118.0,143,823.0,1636.0,2800.0,크라운,비스킷류,크래커
126271,크라운)산도밀크팝161g,20250709,35,2,20083,김제상온센터,1212.0,282.0,0.0,12.0,28.0,24.0,14.0,10.0,16.0,2.0,10.0,0.0,0.0,0.0,64.0,99,621.0,1636.0,2800.0,크라운,비스킷류,크래커
126271,크라운)산도밀크팝161g,20250709,35,2,20084,천안상온센터,1068.0,438.0,10.0,4.0,22.0,14.0,12.0,24.0,6.0,4.0,0.0,12.0,0.0,0.0,50.0,135,571.0,1636.0,2800.0,크라운,비스킷류,크래커
126271,크라운)산도밀크팝161g,20250709,35,2,20085,인천B상온센터,2412.0,620.0,12.0,42.0,36.0,32.0,28.0,16.0,0.0,8.0,0.0,0.0,0.0,0.0,122.0,196,818.0,1636.0,2800.0,크라운,비스킷류,크래커
126272,청우)그랑쉘딸기97g,20250702,20,1,20006,성남센터,1692.0,133.0,22.0,50.0,212.0,112.0,78.0,60.0,17.0,6.0,9.0,0.0,0.0,0.0,396.0,105,731.0,1091.0,2000.0,청우,비스킷류,쿠키
126272,청우)그랑쉘딸기97g,20250702,20,1,20007,대구센터,1782.0,133.0,46.0,136.0,156.0,124.0,90.0,49.0,18.0,2.0,3.0,14.0,0.0,0.0,462.0,119,959.0,1091.0,2000.0,청우,비스킷류,쿠키
126272,청우)그랑쉘딸기97g,20250702,20,1,20010,양주센터,2124.0,167.0,21.0,167.0,285.0,86.0,74.0,22.0,19.0,8.0,0.0,16.0,0.0,0.0,559.0,137,1004.0,1091.0,2000.0,청우,비스킷류,쿠키
126272,청우)그랑쉘딸기97g,20250702,20,1,20017,울산상온센터(K7),1080.0,109.0,12.0,108.0,85.0,47.0,22.0,26.0,8.0,6.0,6.0,0.0,0.0,0.0,252.0,71,704.0,1091.0,2000.0,청우,비스킷류,쿠키
126272,청우)그랑쉘딸기97g,20250702,20,1,20033,제주상온센터,396.0,65.0,12.0,14.0,62.0,20.0,1.0,10.0,0.0,24.0,6.0,0.0,0.0,0.0,108.0,36,305.0,1091.0,2000.0,청우,비스킷류,쿠키
126272,청우)그랑쉘딸기97g,20250702,20,1,20034,구성상온센터,2250.0,151.0,50.0,78.0,255.0,116.0,101.0,74.0,14.0,15.0,6.0,8.0,1.0,0.0,499.0,127,918.0,1091.0,2000.0,청우,비스킷류,쿠키
126272,청우)그랑쉘딸기97g,20250702,20,1,20050,세종상온센터,1530.0,126.0,33.0,151.0,208.0,83.0,86.0,102.0,13.0,0.0,2.0,0.0,0.0,0.0,475.0,129,908.0,1091.0,2000.0,청우,비스킷류,쿠키
126272,청우)그랑쉘딸기97g,20250702,20,1,20065,원주상온센터(K7),990.0,73.0,22.0,24.0,111.0,57.0,59.0,38.0,8.0,8.0,5.0,6.0,0.0,0.0,214.0,63,703.0,1091.0,2000.0,청우,비스킷류,쿠키
126272,청우)그랑쉘딸기97g,20250702,20,1,20075,인천상온센터,1440.0,141.0,73.0,128.0,127.0,77.0,71.0,20.0,15.0,6.0,12.0,9.0,0.0,0.0,405.0,103,839.0,1091.0,2000.0,청우,비스킷류,쿠키
126272,청우)그랑쉘딸기97g,20250702,20,1,20079,A광주상온센터,1242.0,56.0,21.0,109.0,127.0,80.0,32.0,12.0,9.0,11.0,0.0,1.0,0.0,0.0,337.0,75,722.0,1091.0,2000.0,청우,비스킷류,쿠키
126272,청우)그랑쉘딸기97g,20250702,20,1,20080,A의왕상온센터,1278.0,153.0,53.0,183.0,148.0,80.0,50.0,50.0,14.0,12.0,16.0,0.0,0.0,0.0,464.0,123,748.0,1091.0,2000.0,청우,비스킷류,쿠키
126272,청우)그랑쉘딸기97g,20250702,20,1,20081,A양산상온센터,1296.0,176.0,51.0,75.0,127.0,56.0,6.0,20.0,28.0,8.0,12.0,6.0,0.0,0.0,309.0,96,847.0,1091.0,2000.0,청우,비스킷류,쿠키
126272,청우)그랑쉘딸기97g,20250702,20,1,20083,김제상온센터,900.0,45.0,11.0,30.0,99.0,36.0,37.0,24.0,18.0,3.0,0.0,6.0,3.0,0.0,176.0,51,628.0,1091.0,2000.0,청우,비스킷류,쿠키
126272,청우)그랑쉘딸기97g,20250702,20,1,20084,천안상온센터,774.0,137.0,24.0,28.0,167.0,74.0,36.0,32.0,12.0,12.0,7.0,2.0,0.0,0.0,293.0,86,580.0,1091.0,2000.0,청우,비스킷류,쿠키
126272,청우)그랑쉘딸기97g,20250702,20,1,20085,인천B상온센터,1764.0,111.0,53.0,120.0,134.0,86.0,60.0,31.0,12.0,12.0,18.0,0.0,0.0,0.0,393.0,106,838.0,1091.0,2000.0,청우,비스킷류,쿠키
126273,청우)팬케이크65g,20250702,15,1,20006,성남센터,1024.0,90.0,22.0,37.0,147.0,51.0,27.0,27.0,7.0,0.0,24.0,0.0,0.0,0.0,257.0,72,731.0,1036.0,1900.0,청우,스낵류,전통스낵
126273,청우)팬케이크65g,20250702,15,1,20007,대구센터,1072.0,89.0,26.0,84.0,112.0,42.0,71.0,21.0,12.0,0.0,0.0,12.0,0.0,0.0,264.0,78,959.0,1036.0,1900.0,청우,스낵류,전통스낵
126273,청우)팬케이크65g,20250702,15,1,20010,양주센터,1296.0,85.0,15.0,110.0,193.0,75.0,31.0,24.0,19.0,6.0,0.0,12.0,0.0,0.0,393.0,100,1004.0,1036.0,1900.0,청우,스낵류,전통스낵
126273,청우)팬케이크65g,20250702,15,1,20017,울산상온센터(K7),656.0,86.0,2.0,81.0,42.0,49.0,8.0,25.0,6.0,0.0,0.0,0.0,0.0,0.0,174.0,50,704.0,1036.0,1900.0,청우,스낵류,전통스낵
126273,청우)팬케이크65g,20250702,15,1,20033,제주상온센터,240.0,38.0,6.0,24.0,47.0,7.0,6.0,20.0,6.0,18.0,12.0,0.0,0.0,0.0,84.0,25,305.0,1036.0,1900.0,청우,스낵류,전통스낵
126273,청우)팬케이크65g,20250702,15,1,20034,구성상온센터,1376.0,103.0,38.0,58.0,141.0,67.0,42.0,34.0,12.0,0.0,0.0,12.0,1.0,0.0,304.0,84,918.0,1036.0,1900.0,청우,스낵류,전통스낵
126273,청우)팬케이크65g,20250702,15,1,20050,세종상온센터,928.0,95.0,10.0,100.0,106.0,74.0,31.0,30.0,12.0,0.0,1.0,0.0,0.0,0.0,290.0,86,908.0,1036.0,1900.0,청우,스낵류,전통스낵
126273,청우)팬케이크65g,20250702,15,1,20065,원주상온센터(K7),608.0,35.0,26.0,15.0,76.0,34.0,60.0,9.0,16.0,12.0,1.0,0.0,0.0,0.0,151.0,39,703.0,1036.0,1900.0,청우,스낵류,전통스낵
126273,청우)팬케이크65g,20250702,15,1,20075,인천상온센터,864.0,76.0,30.0,73.0,74.0,48.0,45.0,24.0,17.0,6.0,12.0,0.0,0.0,0.0,225.0,68,839.0,1036.0,1900.0,청우,스낵류,전통스낵
126273,청우)팬케이크65g,20250702,15,1,20079,A광주상온센터,752.0,40.0,0.0,59.0,59.0,47.0,13.0,0.0,6.0,6.0,0.0,1.0,0.0,0.0,165.0,43,722.0,1036.0,1900.0,청우,스낵류,전통스낵
126273,청우)팬케이크65g,20250702,15,1,20080,A의왕상온센터,768.0,78.0,33.0,77.0,89.0,55.0,13.0,35.0,30.0,12.0,12.0,0.0,0.0,0.0,254.0,70,748.0,1036.0,1900.0,청우,스낵류,전통스낵
126273,청우)팬케이크65g,20250702,15,1,20081,A양산상온센터,784.0,121.0,37.0,52.0,79.0,45.0,9.0,1.0,6.0,7.0,0.0,0.0,0.0,0.0,213.0,72,847.0,1036.0,1900.0,청우,스낵류,전통스낵
126273,청우)팬케이크65g,20250702,15,1,20083,김제상온센터,544.0,33.0,26.0,20.0,63.0,30.0,24.0,42.0,19.0,3.0,1.0,0.0,3.0,0.0,139.0,39,628.0,1036.0,1900.0,청우,스낵류,전통스낵
126273,청우)팬케이크65g,20250702,15,1,20084,천안상온센터,480.0,70.0,0.0,20.0,96.0,37.0,21.0,15.0,6.0,0.0,4.0,0.0,0.0,0.0,153.0,51,580.0,1036.0,1900.0,청우,스낵류,전통스낵
126273,청우)팬케이크65g,20250702,15,1,20085,인천B상온센터,1072.0,76.0,33.0,86.0,93.0,59.0,31.0,16.0,18.0,6.0,12.0,0.0,0.0,0.0,271.0,83,838.0,1036.0,1900.0,청우,스낵류,전통스낵
126332,비달)스트로베리위드크림젤리 75g,20250702,15,2,20006,성남센터,1778.0,0.0,0.0,0.0,268.0,256.0,136.0,132.0,32.0,28.0,60.0,14.0,0.0,0.0,524.0,48,730.0,1250.0,2500.0,비달,젤리류,수입젤리
126332,비달)스트로베리위드크림젤리 75g,20250702,15,2,20007,대구센터,1876.0,0.0,0.0,162.0,276.0,242.0,134.0,90.0,54.0,28.0,0.0,28.0,0.0,0.0,680.0,73,958.0,1250.0,2500.0,비달,젤리류,수입젤리
126332,비달)스트로베리위드크림젤리 75g,20250702,15,2,20010,양주센터,2240.0,0.0,0.0,148.0,346.0,222.0,86.0,40.0,90.0,6.0,18.0,0.0,0.0,0.0,716.0,65,1005.0,1250.0,2500.0,비달,젤리류,수입젤리
126332,비달)스트로베리위드크림젤리 75g,20250702,15,2,20017,울산상온센터(K7),1134.0,0.0,0.0,98.0,142.0,98.0,50.0,16.0,32.0,14.0,26.0,44.0,0.0,0.0,338.0,34,704.0,1250.0,2500.0,비달,젤리류,수입젤리
126332,비달)스트로베리위드크림젤리 75g,20250702,15,2,20033,제주상온센터,406.0,0.0,0.0,0.0,114.0,74.0,14.0,20.0,28.0,0.0,14.0,0.0,0.0,0.0,188.0,19,305.0,1250.0,2500.0,비달,젤리류,수입젤리
126332,비달)스트로베리위드크림젤리 75g,20250702,15,2,20034,구성상온센터,2366.0,0.0,0.0,0.0,300.0,250.0,174.0,78.0,34.0,28.0,34.0,14.0,4.0,0.0,550.0,58,917.0,1250.0,2500.0,비달,젤리류,수입젤리
126332,비달)스트로베리위드크림젤리 75g,20250702,15,2,20050,세종상온센터,1610.0,0.0,0.0,202.0,210.0,190.0,114.0,50.0,30.0,28.0,2.0,14.0,14.0,0.0,602.0,58,908.0,1250.0,2500.0,비달,젤리류,수입젤리
126332,비달)스트로베리위드크림젤리 75g,20250702,15,2,20065,원주상온센터(K7),1050.0,0.0,0.0,0.0,206.0,124.0,100.0,32.0,44.0,22.0,28.0,14.0,8.0,0.0,330.0,32,703.0,1250.0,2500.0,비달,젤리류,수입젤리
126332,비달)스트로베리위드크림젤리 75g,20250702,15,2,20075,인천상온센터,1512.0,0.0,0.0,188.0,216.0,100.0,134.0,18.0,18.0,0.0,32.0,0.0,0.0,0.0,504.0,49,841.0,1250.0,2500.0,비달,젤리류,수입젤리
126332,비달)스트로베리위드크림젤리 75g,20250702,15,2,20079,A광주상온센터,1302.0,0.0,0.0,140.0,140.0,134.0,60.0,44.0,32.0,4.0,14.0,16.0,0.0,0.0,414.0,41,722.0,1250.0,2500.0,비달,젤리류,수입젤리
126332,비달)스트로베리위드크림젤리 75g,20250702,15,2,20080,A의왕상온센터,1344.0,0.0,0.0,222.0,202.0,170.0,38.0,44.0,28.0,16.0,28.0,14.0,0.0,0.0,594.0,60,747.0,1250.0,2500.0,비달,젤리류,수입젤리
126332,비달)스트로베리위드크림젤리 75g,20250702,15,2,20081,A양산상온센터,1358.0,0.0,0.0,102.0,182.0,120.0,42.0,46.0,34.0,26.0,16.0,0.0,0.0,0.0,404.0,44,847.0,1250.0,2500.0,비달,젤리류,수입젤리
126332,비달)스트로베리위드크림젤리 75g,20250702,15,2,20083,김제상온센터,938.0,0.0,0.0,50.0,98.0,70.0,108.0,36.0,38.0,6.0,14.0,4.0,6.0,0.0,218.0,26,628.0,1250.0,2500.0,비달,젤리류,수입젤리
126332,비달)스트로베리위드크림젤리 75g,20250702,15,2,20084,천안상온센터,826.0,0.0,0.0,0.0,192.0,60.0,76.0,80.0,4.0,28.0,2.0,4.0,0.0,0.0,252.0,26,580.0,1250.0,2500.0,비달,젤리류,수입젤리
126332,비달)스트로베리위드크림젤리 75g,20250702,15,2,20085,인천B상온센터,1848.0,0.0,0.0,138.0,230.0,154.0,52.0,40.0,46.0,14.0,14.0,0.0,0.0,0.0,522.0,57,838.0,1250.0,2500.0,비달,젤리류,수입젤리
126347,비달)스위트케이크모양 젤리66g,20250702,15,2,20006,성남센터,1778.0,0.0,0.0,0.0,198.0,258.0,136.0,134.0,46.0,28.0,60.0,14.0,0.0,0.0,456.0,43,730.0,1250.0,2500.0,비달,젤리류,수입젤리
126347,비달)스위트케이크모양 젤리66g,20250702,15,2,20007,대구센터,1876.0,0.0,0.0,142.0,300.0,220.0,92.0,76.0,54.0,0.0,0.0,28.0,0.0,0.0,662.0,70,958.0,1250.0,2500.0,비달,젤리류,수입젤리
126347,비달)스위트케이크모양 젤리66g,20250702,15,2,20010,양주센터,2240.0,0.0,0.0,142.0,330.0,196.0,86.0,26.0,76.0,6.0,18.0,0.0,0.0,0.0,668.0,59,1005.0,1250.0,2500.0,비달,젤리류,수입젤리
126347,비달)스위트케이크모양 젤리66g,20250702,15,2,20017,울산상온센터(K7),1134.0,0.0,0.0,98.0,128.0,98.0,50.0,16.0,32.0,14.0,26.0,16.0,0.0,0.0,324.0,33,704.0,1250.0,2500.0,비달,젤리류,수입젤리
126347,비달)스위트케이크모양 젤리66g,20250702,15,2,20033,제주상온센터,406.0,0.0,0.0,0.0,128.0,78.0,0.0,18.0,14.0,0.0,14.0,0.0,0.0,0.0,206.0,19,305.0,1250.0,2500.0,비달,젤리류,수입젤리
126347,비달)스위트케이크모양 젤리66g,20250702,15,2,20034,구성상온센터,2366.0,0.0,0.0,0.0,300.0,236.0,170.0,78.0,20.0,28.0,28.0,14.0,4.0,0.0,536.0,56,917.0,1250.0,2500.0,비달,젤리류,수입젤리
126347,비달)스위트케이크모양 젤리66g,20250702,15,2,20050,세종상온센터,1610.0,0.0,0.0,188.0,192.0,176.0,90.0,34.0,30.0,28.0,4.0,0.0,10.0,0.0,556.0,52,908.0,1250.0,2500.0,비달,젤리류,수입젤리
126347,비달)스위트케이크모양 젤리66g,20250702,15,2,20065,원주상온센터(K7),1050.0,0.0,0.0,0.0,184.0,106.0,82.0,18.0,44.0,22.0,14.0,14.0,0.0,0.0,290.0,26,703.0,1250.0,2500.0,비달,젤리류,수입젤리
126347,비달)스위트케이크모양 젤리66g,20250702,15,2,20075,인천상온센터,1512.0,0.0,0.0,188.0,188.0,110.0,128.0,32.0,22.0,0.0,18.0,0.0,0.0,0.0,486.0,46,841.0,1250.0,2500.0,비달,젤리류,수입젤리
126347,비달)스위트케이크모양 젤리66g,20250702,15,2,20079,A광주상온센터,1302.0,0.0,0.0,140.0,120.0,118.0,46.0,46.0,28.0,4.0,0.0,16.0,0.0,0.0,378.0,34,722.0,1250.0,2500.0,비달,젤리류,수입젤리
126347,비달)스위트케이크모양 젤리66g,20250702,15,2,20080,A의왕상온센터,1344.0,0.0,0.0,194.0,200.0,158.0,38.0,44.0,28.0,2.0,28.0,14.0,0.0,0.0,552.0,55,747.0,1250.0,2500.0,비달,젤리류,수입젤리
126347,비달)스위트케이크모양 젤리66g,20250702,15,2,20081,A양산상온센터,1358.0,0.0,0.0,100.0,186.0,118.0,36.0,46.0,34.0,28.0,16.0,0.0,0.0,0.0,404.0,43,847.0,1250.0,2500.0,비달,젤리류,수입젤리
126347,비달)스위트케이크모양 젤리66g,20250702,15,2,20083,김제상온센터,938.0,0.0,0.0,42.0,110.0,66.0,94.0,36.0,28.0,6.0,14.0,4.0,6.0,0.0,218.0,22,628.0,1250.0,2500.0,비달,젤리류,수입젤리
126347,비달)스위트케이크모양 젤리66g,20250702,15,2,20084,천안상온센터,826.0,0.0,0.0,0.0,180.0,46.0,62.0,80.0,0.0,28.0,2.0,4.0,0.0,0.0,226.0,22,580.0,1250.0,2500.0,비달,젤리류,수입젤리
126347,비달)스위트케이크모양 젤리66g,20250702,15,2,20085,인천B상온센터,1848.0,0.0,0.0,104.0,230.0,152.0,48.0,40.0,46.0,14.0,14.0,0.0,0.0,0.0,486.0,52,838.0,1250.0,2500.0,비달,젤리류,수입젤리
126354,스위트)부르봉 페투치니(프루티맛)47g,20250702,15,10,20006,성남센터,2280.0,0.0,0.0,0.0,310.0,320.0,290.0,200.0,60.0,10.0,40.0,10.0,0.0,0.0,630.0,59,730.0,1582.0,3000.0,스위트,젤리류,수입젤리
126354,스위트)부르봉 페투치니(프루티맛)47g,20250702,15,10,20007,대구센터,2400.0,0.0,0.0,110.0,310.0,260.0,150.0,80.0,70.0,10.0,20.0,20.0,0.0,0.0,680.0,70,958.0,1582.0,3000.0,스위트,젤리류,수입젤리
126354,스위트)부르봉 페투치니(프루티맛)47g,20250702,15,10,20010,양주센터,2880.0,0.0,0.0,160.0,370.0,210.0,100.0,60.0,80.0,30.0,20.0,30.0,0.0,0.0,740.0,74,1005.0,1582.0,3000.0,스위트,젤리류,수입젤리
126354,스위트)부르봉 페투치니(프루티맛)47g,20250702,15,10,20017,울산상온센터(K7),1440.0,0.0,0.0,70.0,130.0,130.0,40.0,40.0,20.0,0.0,10.0,10.0,0.0,0.0,330.0,35,704.0,1582.0,3000.0,스위트,젤리류,수입젤리
126354,스위트)부르봉 페투치니(프루티맛)47g,20250702,15,10,20033,제주상온센터,600.0,0.0,0.0,0.0,140.0,60.0,10.0,20.0,10.0,30.0,10.0,0.0,10.0,0.0,200.0,20,305.0,1582.0,3000.0,스위트,젤리류,수입젤리
126354,스위트)부르봉 페투치니(프루티맛)47g,20250702,15,10,20034,구성상온센터,3000.0,0.0,0.0,0.0,300.0,240.0,160.0,130.0,60.0,0.0,10.0,10.0,0.0,0.0,540.0,54,917.0,1582.0,3000.0,스위트,젤리류,수입젤리
126354,스위트)부르봉 페투치니(프루티맛)47g,20250702,15,10,20050,세종상온센터,2040.0,0.0,0.0,190.0,240.0,150.0,70.0,50.0,30.0,10.0,20.0,0.0,0.0,0.0,580.0,56,908.0,1582.0,3000.0,스위트,젤리류,수입젤리
126354,스위트)부르봉 페투치니(프루티맛)47g,20250702,15,10,20065,원주상온센터(K7),1320.0,0.0,0.0,0.0,180.0,120.0,170.0,60.0,30.0,20.0,10.0,20.0,10.0,0.0,300.0,28,703.0,1582.0,3000.0,스위트,젤리류,수입젤리
126354,스위트)부르봉 페투치니(프루티맛)47g,20250702,15,10,20075,인천상온센터,1920.0,0.0,0.0,150.0,220.0,200.0,120.0,40.0,10.0,10.0,20.0,0.0,0.0,0.0,570.0,56,841.0,1582.0,3000.0,스위트,젤리류,수입젤리
126354,스위트)부르봉 페투치니(프루티맛)47g,20250702,15,10,20079,A광주상온센터,1680.0,0.0,0.0,120.0,150.0,90.0,40.0,30.0,20.0,10.0,10.0,10.0,0.0,0.0,360.0,37,722.0,1582.0,3000.0,스위트,젤리류,수입젤리
126354,스위트)부르봉 페투치니(프루티맛)47g,20250702,15,10,20080,A의왕상온센터,1680.0,0.0,0.0,230.0,250.0,210.0,80.0,80.0,20.0,10.0,10.0,10.0,0.0,0.0,690.0,62,747.0,1582.0,3000.0,스위트,젤리류,수입젤리
126354,스위트)부르봉 페투치니(프루티맛)47g,20250702,15,10,20081,A양산상온센터,1800.0,0.0,0.0,100.0,140.0,120.0,50.0,30.0,40.0,30.0,0.0,0.0,0.0,0.0,360.0,37,847.0,1582.0,3000.0,스위트,젤리류,수입젤리
126354,스위트)부르봉 페투치니(프루티맛)47g,20250702,15,10,20083,김제상온센터,1200.0,0.0,0.0,50.0,70.0,90.0,100.0,10.0,30.0,0.0,10.0,0.0,0.0,0.0,210.0,24,628.0,1582.0,3000.0,스위트,젤리류,수입젤리
126354,스위트)부르봉 페투치니(프루티맛)47g,20250702,15,10,20084,천안상온센터,1080.0,0.0,0.0,0.0,170.0,70.0,70.0,100.0,20.0,20.0,0.0,10.0,0.0,0.0,240.0,26,580.0,1582.0,3000.0,스위트,젤리류,수입젤리
126354,스위트)부르봉 페투치니(프루티맛)47g,20250702,15,10,20085,인천B상온센터,2400.0,0.0,0.0,150.0,410.0,130.0,130.0,90.0,50.0,30.0,40.0,30.0,0.0,0.0,690.0,61,838.0,1582.0,3000.0,스위트,젤리류,수입젤리
126390,오뚜기)카레크리스피롤약간매운맛55g,20250702,25,12,20006,성남센터,2664.0,0.0,0.0,60.0,480.0,168.0,204.0,120.0,12.0,0.0,36.0,24.0,0.0,0.0,708.0,59,731.0,981.0,1800.0,오뚜기,스낵류,옥수수스낵
126390,오뚜기)카레크리스피롤약간매운맛55g,20250702,25,12,20007,대구센터,2796.0,0.0,36.0,252.0,324.0,96.0,204.0,96.0,12.0,12.0,0.0,24.0,0.0,0.0,708.0,63,959.0,981.0,1800.0,오뚜기,스낵류,옥수수스낵
126390,오뚜기)카레크리스피롤약간매운맛55g,20250702,25,12,20010,양주센터,3360.0,0.0,12.0,252.0,528.0,156.0,156.0,48.0,48.0,12.0,0.0,12.0,0.0,0.0,948.0,80,1004.0,981.0,1800.0,오뚜기,스낵류,옥수수스낵
126390,오뚜기)카레크리스피롤약간매운맛55g,20250702,25,12,20017,울산상온센터(K7),1692.0,0.0,12.0,144.0,228.0,132.0,36.0,60.0,12.0,12.0,24.0,0.0,0.0,0.0,516.0,42,704.0,981.0,1800.0,오뚜기,스낵류,옥수수스낵
126390,오뚜기)카레크리스피롤약간매운맛55g,20250702,25,12,20033,제주상온센터,612.0,0.0,0.0,12.0,180.0,36.0,12.0,12.0,0.0,12.0,12.0,0.0,12.0,0.0,228.0,21,305.0,981.0,1800.0,오뚜기,스낵류,옥수수스낵
126390,오뚜기)카레크리스피롤약간매운맛55g,20250702,25,12,20034,구성상온센터,3552.0,0.0,0.0,48.0,396.0,240.0,132.0,72.0,36.0,24.0,24.0,24.0,12.0,0.0,684.0,57,918.0,981.0,1800.0,오뚜기,스낵류,옥수수스낵
126390,오뚜기)카레크리스피롤약간매운맛55g,20250702,25,12,20050,세종상온센터,2400.0,0.0,36.0,240.0,264.0,252.0,108.0,72.0,24.0,24.0,36.0,0.0,0.0,0.0,792.0,58,908.0,981.0,1800.0,오뚜기,스낵류,옥수수스낵
126390,오뚜기)카레크리스피롤약간매운맛55g,20250702,25,12,20065,원주상온센터(K7),1572.0,0.0,0.0,72.0,264.0,120.0,168.0,36.0,36.0,24.0,12.0,12.0,12.0,0.0,456.0,38,703.0,981.0,1800.0,오뚜기,스낵류,옥수수스낵
126390,오뚜기)카레크리스피롤약간매운맛55g,20250702,25,12,20075,인천상온센터,2256.0,0.0,24.0,264.0,228.0,288.0,168.0,60.0,24.0,0.0,36.0,12.0,0.0,0.0,804.0,69,839.0,981.0,1800.0,오뚜기,스낵류,옥수수스낵
126390,오뚜기)카레크리스피롤약간매운맛55g,20250702,25,12,20079,A광주상온센터,1944.0,0.0,12.0,144.0,72.0,72.0,60.0,0.0,12.0,12.0,12.0,12.0,0.0,0.0,300.0,30,722.0,981.0,1800.0,오뚜기,스낵류,옥수수스낵
126390,오뚜기)카레크리스피롤약간매운맛55g,20250702,25,12,20080,A의왕상온센터,2004.0,0.0,84.0,288.0,252.0,156.0,96.0,84.0,24.0,36.0,12.0,0.0,0.0,0.0,780.0,67,748.0,981.0,1800.0,오뚜기,스낵류,옥수수스낵
126390,오뚜기)카레크리스피롤약간매운맛55g,20250702,25,12,20081,A양산상온센터,2028.0,0.0,0.0,132.0,216.0,144.0,12.0,48.0,24.0,24.0,0.0,0.0,0.0,0.0,492.0,43,847.0,981.0,1800.0,오뚜기,스낵류,옥수수스낵
126390,오뚜기)카레크리스피롤약간매운맛55g,20250702,25,12,20083,김제상온센터,1404.0,0.0,12.0,84.0,156.0,36.0,48.0,12.0,0.0,0.0,0.0,0.0,12.0,0.0,288.0,24,628.0,981.0,1800.0,오뚜기,스낵류,옥수수스낵
126390,오뚜기)카레크리스피롤약간매운맛55g,20250702,25,12,20084,천안상온센터,1224.0,0.0,0.0,24.0,216.0,108.0,96.0,60.0,24.0,36.0,0.0,12.0,0.0,0.0,348.0,30,580.0,981.0,1800.0,오뚜기,스낵류,옥수수스낵
126390,오뚜기)카레크리스피롤약간매운맛55g,20250702,25,12,20085,인천B상온센터,2772.0,0.0,24.0,228.0,264.0,168.0,168.0,48.0,36.0,12.0,0.0,24.0,0.0,0.0,684.0,57,838.0,981.0,1800.0,오뚜기,스낵류,옥수수스낵
126427,G)슈가버터샌드트리5입,20250709,70,1,20006,성남센터,1530.0,0.0,0.0,0.0,0.0,0.0,0.0,0.0,0.0,0.0,0.0,0.0,0.0,0.0,0.0,0,0.0,3815.0,6500.0,G,비스킷류,쿠키
126427,G)슈가버터샌드트리5입,20250709,70,1,20007,대구센터,1215.0,0.0,0.0,0.0,0.0,0.0,0.0,0.0,0.0,0.0,0.0,0.0,0.0,0.0,0.0,0,0.0,3815.0,6500.0,G,비스킷류,쿠키
126427,G)슈가버터샌드트리5입,20250709,70,1,20010,양주센터,1575.0,0.0,0.0,0.0,0.0,0.0,0.0,0.0,0.0,0.0,0.0,0.0,0.0,0.0,0.0,0,0.0,3815.0,6500.0,G,비스킷류,쿠키
126427,G)슈가버터샌드트리5입,20250709,70,1,20017,울산상온센터(K7),675.0,0.0,0.0,0.0,0.0,0.0,0.0,0.0,0.0,0.0,0.0,0.0,0.0,0.0,0.0,0,0.0,3815.0,6500.0,G,비스킷류,쿠키
126427,G)슈가버터샌드트리5입,20250709,70,1,20033,제주상온센터,2340.0,0.0,0.0,0.0,0.0,0.0,0.0,0.0,0.0,0.0,0.0,0.0,0.0,0.0,0.0,0,0.0,3815.0,6500.0,G,비스킷류,쿠키
126427,G)슈가버터샌드트리5입,20250709,70,1,20034,구성상온센터,1350.0,0.0,0.0,0.0,0.0,0.0,0.0,0.0,0.0,0.0,0.0,0.0,0.0,0.0,0.0,0,0.0,3815.0,6500.0,G,비스킷류,쿠키
126427,G)슈가버터샌드트리5입,20250709,70,1,20050,세종상온센터,900.0,0.0,0.0,0.0,0.0,0.0,0.0,0.0,0.0,0.0,0.0,0.0,0.0,0.0,0.0,0,0.0,3815.0,6500.0,G,비스킷류,쿠키
126427,G)슈가버터샌드트리5입,20250709,70,1,20065,원주상온센터(K7),450.0,0.0,0.0,0.0,0.0,0.0,0.0,0.0,0.0,0.0,0.0,0.0,0.0,0.0,0.0,0,0.0,3815.0,6500.0,G,비스킷류,쿠키
126427,G)슈가버터샌드트리5입,20250709,70,1,20075,인천상온센터,1305.0,0.0,0.0,0.0,0.0,0.0,0.0,0.0,0.0,0.0,0.0,0.0,0.0,0.0,0.0,0,0.0,3815.0,6500.0,G,비스킷류,쿠키
126427,G)슈가버터샌드트리5입,20250709,70,1,20079,A광주상온센터,990.0,0.0,0.0,0.0,0.0,0.0,0.0,0.0,0.0,0.0,0.0,0.0,0.0,0.0,0.0,0,0.0,3815.0,6500.0,G,비스킷류,쿠키
126427,G)슈가버터샌드트리5입,20250709,70,1,20080,A의왕상온센터,945.0,0.0,0.0,0.0,0.0,0.0,0.0,0.0,0.0,0.0,0.0,0.0,0.0,0.0,0.0,0,0.0,3815.0,6500.0,G,비스킷류,쿠키
126427,G)슈가버터샌드트리5입,20250709,70,1,20081,A양산상온센터,765.0,0.0,0.0,0.0,0.0,0.0,0.0,0.0,0.0,0.0,0.0,0.0,0.0,0.0,0.0,0,0.0,3815.0,6500.0,G,비스킷류,쿠키
126427,G)슈가버터샌드트리5입,20250709,70,1,20083,김제상온센터,450.0,0.0,0.0,0.0,0.0,0.0,0.0,0.0,0.0,0.0,0.0,0.0,0.0,0.0,0.0,0,0.0,3815.0,6500.0,G,비스킷류,쿠키
126427,G)슈가버터샌드트리5입,20250709,70,1,20084,천안상온센터,1125.0,0.0,0.0,0.0,0.0,0.0,0.0,0.0,0.0,0.0,0.0,0.0,0.0,0.0,0.0,0,0.0,3815.0,6500.0,G,비스킷류,쿠키
126427,G)슈가버터샌드트리5입,20250709,70,1,20085,인천B상온센터,900.0,0.0,0.0,0.0,0.0,0.0,0.0,0.0,0.0,0.0,0.0,0.0,0.0,0.0,0.0,0,0.0,3815.0,6500.0,G,비스킷류,쿠키
126439,오리온)찍먹예감갈릭청양마요소스76g,20250709,35,2,20006,성남센터,2140.0,0.0,0.0,48.0,296.0,72.0,170.0,76.0,66.0,18.0,26.0,16.0,0.0,0.0,416.0,100,719.0,1160.0,2000.0,오리온,스낵류,감자스낵
126439,오리온)찍먹예감갈릭청양마요소스76g,20250709,35,2,20007,대구센터,2240.0,0.0,12.0,158.0,278.0,174.0,130.0,164.0,48.0,20.0,20.0,28.0,0.0,0.0,622.0,167,941.0,1160.0,2000.0,오리온,스낵류,감자스낵
126439,오리온)찍먹예감갈릭청양마요소스76g,20250709,35,2,20010,양주센터,2680.0,0.0,16.0,198.0,268.0,132.0,188.0,116.0,42.0,32.0,18.0,8.0,0.0,0.0,614.0,156,986.0,1160.0,2000.0,오리온,스낵류,감자스낵
126439,오리온)찍먹예감갈릭청양마요소스76g,20250709,35,2,20017,울산상온센터(K7),1360.0,0.0,24.0,126.0,178.0,108.0,52.0,40.0,28.0,20.0,18.0,12.0,0.0,0.0,436.0,105,686.0,1160.0,2000.0,오리온,스낵류,감자스낵
126439,오리온)찍먹예감갈릭청양마요소스76g,20250709,35,2,20033,제주상온센터,500.0,0.0,0.0,38.0,94.0,62.0,68.0,26.0,8.0,2.0,8.0,12.0,0.0,0.0,194.0,46,300.0,1160.0,2000.0,오리온,스낵류,감자스낵
126439,오리온)찍먹예감갈릭청양마요소스76g,20250709,35,2,20034,구성상온센터,2840.0,0.0,0.0,52.0,344.0,150.0,148.0,106.0,70.0,28.0,30.0,8.0,4.0,0.0,546.0,140,902.0,1160.0,2000.0,오리온,스낵류,감자스낵
126439,오리온)찍먹예감갈릭청양마요소스76g,20250709,35,2,20050,세종상온센터,1920.0,0.0,30.0,174.0,248.0,120.0,96.0,66.0,28.0,26.0,30.0,10.0,0.0,0.0,572.0,141,901.0,1160.0,2000.0,오리온,스낵류,감자스낵
126439,오리온)찍먹예감갈릭청양마요소스76g,20250709,35,2,20065,원주상온센터(K7),1260.0,0.0,0.0,28.0,204.0,102.0,70.0,70.0,46.0,8.0,14.0,8.0,0.0,0.0,334.0,88,693.0,1160.0,2000.0,오리온,스낵류,감자스낵
126439,오리온)찍먹예감갈릭청양마요소스76g,20250709,35,2,20075,인천상온센터,1800.0,0.0,14.0,178.0,250.0,118.0,102.0,80.0,32.0,14.0,16.0,0.0,0.0,0.0,560.0,131,815.0,1160.0,2000.0,오리온,스낵류,감자스낵
126439,오리온)찍먹예감갈릭청양마요소스76g,20250709,35,2,20079,A광주상온센터,1560.0,0.0,18.0,90.0,134.0,120.0,90.0,56.0,6.0,8.0,6.0,4.0,0.0,0.0,362.0,93,714.0,1160.0,2000.0,오리온,스낵류,감자스낵
126439,오리온)찍먹예감갈릭청양마요소스76g,20250709,35,2,20080,A의왕상온센터,1620.0,0.0,32.0,206.0,206.0,148.0,92.0,52.0,18.0,12.0,14.0,4.0,0.0,0.0,592.0,150,735.0,1160.0,2000.0,오리온,스낵류,감자스낵
126439,오리온)찍먹예감갈릭청양마요소스76g,20250709,35,2,20081,A양산상온센터,1620.0,0.0,16.0,96.0,154.0,144.0,144.0,122.0,16.0,18.0,18.0,6.0,0.0,0.0,410.0,103,823.0,1160.0,2000.0,오리온,스낵류,감자스낵
126439,오리온)찍먹예감갈릭청양마요소스76g,20250709,35,2,20083,김제상온센터,1120.0,0.0,18.0,62.0,122.0,58.0,24.0,52.0,20.0,4.0,24.0,0.0,0.0,0.0,260.0,73,621.0,1160.0,2000.0,오리온,스낵류,감자스낵
126439,오리온)찍먹예감갈릭청양마요소스76g,20250709,35,2,20084,천안상온센터,980.0,0.0,0.0,32.0,200.0,84.0,60.0,34.0,14.0,20.0,12.0,16.0,4.0,0.0,316.0,82,571.0,1160.0,2000.0,오리온,스낵류,감자스낵
126439,오리온)찍먹예감갈릭청양마요소스76g,20250709,35,2,20085,인천B상온센터,2220.0,0.0,32.0,140.0,204.0,110.0,92.0,54.0,24.0,14.0,20.0,4.0,0.0,0.0,486.0,125,818.0,1160.0,2000.0,오리온,스낵류,감자스낵
126440,오리온)찍먹예감치폴레마요소스76g,20250709,40,2,20006,성남센터,2140.0,0.0,0.0,48.0,296.0,72.0,162.0,76.0,70.0,18.0,22.0,16.0,0.0,0.0,416.0,100,719.0,1160.0,2000.0,오리온,스낵류,감자스낵
126440,오리온)찍먹예감치폴레마요소스76g,20250709,40,2,20007,대구센터,2240.0,0.0,12.0,158.0,272.0,162.0,134.0,164.0,48.0,24.0,20.0,28.0,0.0,0.0,604.0,163,941.0,1160.0,2000.0,오리온,스낵류,감자스낵
126440,오리온)찍먹예감치폴레마요소스76g,20250709,40,2,20010,양주센터,2680.0,0.0,16.0,194.0,256.0,132.0,188.0,116.0,42.0,32.0,18.0,8.0,0.0,0.0,598.0,152,986.0,1160.0,2000.0,오리온,스낵류,감자스낵
126440,오리온)찍먹예감치폴레마요소스76g,20250709,40,2,20017,울산상온센터(K7),1360.0,0.0,24.0,126.0,186.0,108.0,48.0,40.0,28.0,20.0,18.0,12.0,0.0,0.0,444.0,106,686.0,1160.0,2000.0,오리온,스낵류,감자스낵
126440,오리온)찍먹예감치폴레마요소스76g,20250709,40,2,20033,제주상온센터,500.0,0.0,0.0,38.0,94.0,58.0,68.0,26.0,4.0,2.0,8.0,16.0,0.0,0.0,190.0,45,300.0,1160.0,2000.0,오리온,스낵류,감자스낵
126440,오리온)찍먹예감치폴레마요소스76g,20250709,40,2,20034,구성상온센터,2840.0,0.0,0.0,52.0,350.0,152.0,152.0,110.0,70.0,28.0,28.0,8.0,4.0,0.0,554.0,142,902.0,1160.0,2000.0,오리온,스낵류,감자스낵
126440,오리온)찍먹예감치폴레마요소스76g,20250709,40,2,20050,세종상온센터,1920.0,0.0,30.0,166.0,244.0,180.0,98.0,106.0,28.0,30.0,26.0,10.0,0.0,0.0,620.0,138,901.0,1160.0,2000.0,오리온,스낵류,감자스낵
126440,오리온)찍먹예감치폴레마요소스76g,20250709,40,2,20065,원주상온센터(K7),1260.0,0.0,0.0,28.0,198.0,106.0,70.0,70.0,42.0,6.0,14.0,8.0,0.0,0.0,332.0,87,693.0,1160.0,2000.0,오리온,스낵류,감자스낵
126440,오리온)찍먹예감치폴레마요소스76g,20250709,40,2,20075,인천상온센터,1800.0,0.0,14.0,176.0,238.0,112.0,110.0,76.0,32.0,14.0,16.0,0.0,0.0,0.0,540.0,127,815.0,1160.0,2000.0,오리온,스낵류,감자스낵
126440,오리온)찍먹예감치폴레마요소스76g,20250709,40,2,20079,A광주상온센터,1560.0,0.0,14.0,90.0,132.0,124.0,90.0,56.0,6.0,8.0,6.0,4.0,0.0,0.0,360.0,91,714.0,1160.0,2000.0,오리온,스낵류,감자스낵
126440,오리온)찍먹예감치폴레마요소스76g,20250709,40,2,20080,A의왕상온센터,1620.0,0.0,32.0,216.0,202.0,132.0,96.0,48.0,20.0,12.0,14.0,4.0,0.0,0.0,582.0,146,735.0,1160.0,2000.0,오리온,스낵류,감자스낵
126440,오리온)찍먹예감치폴레마요소스76g,20250709,40,2,20081,A양산상온센터,1620.0,0.0,16.0,98.0,146.0,140.0,142.0,126.0,16.0,18.0,18.0,6.0,0.0,0.0,400.0,102,823.0,1160.0,2000.0,오리온,스낵류,감자스낵
126440,오리온)찍먹예감치폴레마요소스76g,20250709,40,2,20083,김제상온센터,1120.0,0.0,18.0,62.0,122.0,54.0,24.0,48.0,20.0,2.0,24.0,0.0,0.0,0.0,256.0,71,621.0,1160.0,2000.0,오리온,스낵류,감자스낵
126440,오리온)찍먹예감치폴레마요소스76g,20250709,40,2,20084,천안상온센터,980.0,0.0,0.0,36.0,196.0,78.0,60.0,32.0,14.0,20.0,12.0,16.0,4.0,0.0,310.0,82,571.0,1160.0,2000.0,오리온,스낵류,감자스낵
126440,오리온)찍먹예감치폴레마요소스76g,20250709,40,2,20085,인천B상온센터,2220.0,0.0,32.0,138.0,196.0,104.0,92.0,60.0,24.0,18.0,20.0,0.0,0.0,0.0,470.0,121,818.0,1160.0,2000.0,오리온,스낵류,감자스낵
126444,롯데)빠다코코낫로스티드갈릭버터100g,20250716,30,8,20006,성남센터,2580.0,0.0,0.0,32.0,592.0,224.0,252.0,72.0,92.0,24.0,32.0,8.0,0.0,0.0,848.0,110,712.0,981.0,1800.0,롯데,비스킷류,크래커
126444,롯데)빠다코코낫로스티드갈릭버터100g,20250716,30,8,20007,대구센터,2700.0,0.0,68.0,244.0,436.0,456.0,100.0,112.0,52.0,24.0,16.0,24.0,4.0,0.0,1204.0,156,940.0,981.0,1800.0,롯데,비스킷류,크래커
126444,롯데)빠다코코낫로스티드갈릭버터100g,20250716,30,8,20010,양주센터,3240.0,0.0,16.0,348.0,452.0,248.0,152.0,184.0,44.0,28.0,56.0,24.0,0.0,0.0,1064.0,137,985.0,981.0,1800.0,롯데,비스킷류,크래커
126444,롯데)빠다코코낫로스티드갈릭버터100g,20250716,30,8,20017,울산상온센터(K7),1620.0,0.0,40.0,224.0,212.0,168.0,168.0,76.0,40.0,24.0,0.0,12.0,0.0,0.0,644.0,83,686.0,981.0,1800.0,롯데,비스킷류,크래커
126444,롯데)빠다코코낫로스티드갈릭버터100g,20250716,30,8,20033,제주상온센터,600.0,0.0,0.0,8.0,228.0,72.0,16.0,16.0,8.0,8.0,8.0,0.0,0.0,0.0,308.0,41,300.0,981.0,1800.0,롯데,비스킷류,크래커
126444,롯데)빠다코코낫로스티드갈릭버터100g,20250716,30,8,20034,구성상온센터,3420.0,0.0,0.0,56.0,556.0,296.0,144.0,76.0,88.0,8.0,40.0,40.0,8.0,0.0,908.0,119,897.0,981.0,1800.0,롯데,비스킷류,크래커
126444,롯데)빠다코코낫로스티드갈릭버터100g,20250716,30,8,20050,세종상온센터,2310.0,0.0,32.0,292.0,416.0,176.0,104.0,72.0,40.0,32.0,32.0,0.0,4.0,0.0,916.0,121,897.0,981.0,1800.0,롯데,비스킷류,크래커
126444,롯데)빠다코코낫로스티드갈릭버터100g,20250716,30,8,20065,원주상온센터(K7),1530.0,0.0,0.0,24.0,268.0,168.0,120.0,48.0,8.0,12.0,36.0,20.0,0.0,0.0,460.0,62,691.0,981.0,1800.0,롯데,비스킷류,크래커
126444,롯데)빠다코코낫로스티드갈릭버터100g,20250716,30,8,20075,인천상온센터,2190.0,0.0,56.0,304.0,296.0,160.0,160.0,52.0,28.0,8.0,16.0,20.0,8.0,0.0,816.0,102,807.0,981.0,1800.0,롯데,비스킷류,크래커
126444,롯데)빠다코코낫로스티드갈릭버터100g,20250716,30,8,20079,A광주상온센터,1860.0,0.0,24.0,168.0,248.0,120.0,56.0,68.0,24.0,20.0,0.0,0.0,0.0,0.0,560.0,75,713.0,981.0,1800.0,롯데,비스킷류,크래커
126444,롯데)빠다코코낫로스티드갈릭버터100g,20250716,30,8,20080,A의왕상온센터,1950.0,0.0,8.0,356.0,464.0,204.0,124.0,96.0,20.0,20.0,12.0,20.0,0.0,0.0,1032.0,137,732.0,981.0,1800.0,롯데,비스킷류,크래커
126444,롯데)빠다코코낫로스티드갈릭버터100g,20250716,30,8,20081,A양산상온센터,1950.0,0.0,8.0,124.0,224.0,200.0,80.0,76.0,20.0,28.0,8.0,28.0,0.0,0.0,556.0,73,823.0,981.0,1800.0,롯데,비스킷류,크래커
126444,롯데)빠다코코낫로스티드갈릭버터100g,20250716,30,8,20083,김제상온센터,1350.0,0.0,0.0,80.0,96.0,104.0,64.0,48.0,12.0,20.0,0.0,0.0,0.0,0.0,280.0,37,618.0,981.0,1800.0,롯데,비스킷류,크래커
126444,롯데)빠다코코낫로스티드갈릭버터100g,20250716,30,8,20084,천안상온센터,1200.0,0.0,0.0,32.0,352.0,168.0,104.0,44.0,28.0,0.0,12.0,12.0,0.0,0.0,552.0,70,568.0,981.0,1800.0,롯데,비스킷류,크래커
126444,롯데)빠다코코낫로스티드갈릭버터100g,20250716,30,8,20085,인천B상온센터,2670.0,0.0,16.0,212.0,368.0,248.0,204.0,84.0,72.0,0.0,20.0,8.0,4.0,0.0,844.0,115,813.0,981.0,1800.0,롯데,비스킷류,크래커
126445,롯데)제크마일드로스티드갈릭100g,20250716,30,8,20006,성남센터,1740.0,0.0,0.0,32.0,584.0,200.0,236.0,72.0,92.0,24.0,32.0,8.0,0.0,0.0,816.0,103,712.0,981.0,1800.0,롯데,비스킷류,크래커
126445,롯데)제크마일드로스티드갈릭100g,20250716,30,8,20007,대구센터,1820.0,0.0,76.0,220.0,416.0,436.0,120.0,112.0,52.0,24.0,16.0,20.0,4.0,0.0,1148.0,149,940.0,981.0,1800.0,롯데,비스킷류,크래커
126445,롯데)제크마일드로스티드갈릭100g,20250716,30,8,20010,양주센터,2180.0,0.0,24.0,328.0,448.0,232.0,136.0,156.0,32.0,36.0,56.0,28.0,0.0,0.0,1032.0,131,985.0,981.0,1800.0,롯데,비스킷류,크래커
126445,롯데)제크마일드로스티드갈릭100g,20250716,30,8,20017,울산상온센터(K7),1100.0,0.0,32.0,248.0,212.0,176.0,168.0,80.0,48.0,24.0,0.0,8.0,0.0,0.0,668.0,79,686.0,981.0,1800.0,롯데,비스킷류,크래커
126445,롯데)제크마일드로스티드갈릭100g,20250716,30,8,20033,제주상온센터,400.0,0.0,0.0,8.0,212.0,80.0,16.0,16.0,4.0,8.0,8.0,0.0,0.0,0.0,300.0,39,300.0,981.0,1800.0,롯데,비스킷류,크래커
126445,롯데)제크마일드로스티드갈릭100g,20250716,30,8,20034,구성상온센터,2320.0,0.0,0.0,56.0,516.0,312.0,104.0,80.0,84.0,8.0,40.0,40.0,8.0,0.0,884.0,115,897.0,981.0,1800.0,롯데,비스킷류,크래커
126445,롯데)제크마일드로스티드갈릭100g,20250716,30,8,20050,세종상온센터,1560.0,0.0,32.0,288.0,388.0,152.0,120.0,60.0,40.0,24.0,32.0,0.0,4.0,0.0,860.0,112,897.0,981.0,1800.0,롯데,비스킷류,크래커
126445,롯데)제크마일드로스티드갈릭100g,20250716,30,8,20065,원주상온센터(K7),1020.0,0.0,0.0,24.0,252.0,192.0,128.0,48.0,8.0,12.0,36.0,20.0,0.0,0.0,468.0,60,691.0,981.0,1800.0,롯데,비스킷류,크래커
126445,롯데)제크마일드로스티드갈릭100g,20250716,30,8,20075,인천상온센터,1480.0,0.0,56.0,272.0,296.0,168.0,176.0,52.0,24.0,4.0,16.0,16.0,8.0,0.0,792.0,96,807.0,981.0,1800.0,롯데,비스킷류,크래커
126445,롯데)제크마일드로스티드갈릭100g,20250716,30,8,20079,A광주상온센터,1260.0,0.0,32.0,196.0,240.0,128.0,64.0,56.0,20.0,20.0,0.0,0.0,0.0,0.0,596.0,77,713.0,981.0,1800.0,롯데,비스킷류,크래커
126445,롯데)제크마일드로스티드갈릭100g,20250716,30,8,20080,A의왕상온센터,1320.0,0.0,8.0,348.0,456.0,224.0,116.0,96.0,12.0,28.0,12.0,20.0,0.0,0.0,1036.0,133,732.0,981.0,1800.0,롯데,비스킷류,크래커
126445,롯데)제크마일드로스티드갈릭100g,20250716,30,8,20081,A양산상온센터,1320.0,0.0,8.0,124.0,224.0,184.0,80.0,64.0,12.0,28.0,12.0,28.0,0.0,0.0,540.0,69,823.0,981.0,1800.0,롯데,비스킷류,크래커
126445,롯데)제크마일드로스티드갈릭100g,20250716,30,8,20083,김제상온센터,920.0,0.0,0.0,72.0,100.0,104.0,64.0,40.0,8.0,20.0,4.0,8.0,0.0,0.0,276.0,36,618.0,981.0,1800.0,롯데,비스킷류,크래커
126445,롯데)제크마일드로스티드갈릭100g,20250716,30,8,20084,천안상온센터,800.0,0.0,0.0,32.0,312.0,152.0,88.0,36.0,24.0,0.0,0.0,12.0,0.0,0.0,496.0,63,568.0,981.0,1800.0,롯데,비스킷류,크래커
126445,롯데)제크마일드로스티드갈릭100g,20250716,30,8,20085,인천B상온센터,1820.0,0.0,16.0,192.0,352.0,248.0,204.0,84.0,64.0,0.0,20.0,8.0,4.0,0.0,808.0,101,813.0,981.0,1800.0,롯데,비스킷류,크래커
126446,롯데)마가렛트크림치즈갈릭176g,20250716,30,4,20006,성남센터,1224.0,0.0,0.0,12.0,272.0,108.0,120.0,40.0,60.0,20.0,28.0,4.0,0.0,0.0,392.0,88,712.0,1909.0,3500.0,롯데,비스킷류,쿠키
126446,롯데)마가렛트크림치즈갈릭176g,20250716,30,4,20007,대구센터,1284.0,0.0,32.0,104.0,212.0,216.0,52.0,76.0,36.0,20.0,12.0,20.0,4.0,0.0,564.0,135,940.0,1909.0,3500.0,롯데,비스킷류,쿠키
126446,롯데)마가렛트크림치즈갈릭176g,20250716,30,4,20010,양주센터,1536.0,0.0,8.0,180.0,212.0,112.0,64.0,100.0,28.0,20.0,40.0,16.0,0.0,0.0,512.0,119,985.0,1909.0,3500.0,롯데,비스킷류,쿠키
126446,롯데)마가렛트크림치즈갈릭176g,20250716,30,4,20017,울산상온센터(K7),780.0,0.0,12.0,108.0,112.0,72.0,60.0,36.0,8.0,4.0,0.0,8.0,0.0,0.0,304.0,72,686.0,1909.0,3500.0,롯데,비스킷류,쿠키
126446,롯데)마가렛트크림치즈갈릭176g,20250716,30,4,20033,제주상온센터,288.0,0.0,0.0,4.0,92.0,32.0,8.0,4.0,0.0,4.0,4.0,0.0,0.0,0.0,128.0,33,300.0,1909.0,3500.0,롯데,비스킷류,쿠키
126446,롯데)마가렛트크림치즈갈릭176g,20250716,30,4,20034,구성상온센터,1620.0,0.0,0.0,24.0,276.0,164.0,56.0,32.0,52.0,8.0,24.0,16.0,0.0,0.0,464.0,112,897.0,1909.0,3500.0,롯데,비스킷류,쿠키
126446,롯데)마가렛트크림치즈갈릭176g,20250716,30,4,20050,세종상온센터,1104.0,0.0,24.0,148.0,240.0,92.0,60.0,36.0,32.0,20.0,20.0,0.0,4.0,0.0,504.0,118,897.0,1909.0,3500.0,롯데,비스킷류,쿠키
126446,롯데)마가렛트크림치즈갈릭176g,20250716,30,4,20065,원주상온센터(K7),720.0,0.0,0.0,12.0,112.0,84.0,64.0,36.0,8.0,8.0,20.0,12.0,0.0,0.0,208.0,53,691.0,1909.0,3500.0,롯데,비스킷류,쿠키
126446,롯데)마가렛트크림치즈갈릭176g,20250716,30,4,20075,인천상온센터,1032.0,0.0,32.0,152.0,148.0,80.0,72.0,24.0,20.0,4.0,4.0,8.0,4.0,0.0,412.0,88,807.0,1909.0,3500.0,롯데,비스킷류,쿠키
126446,롯데)마가렛트크림치즈갈릭176g,20250716,30,4,20079,A광주상온센터,888.0,0.0,12.0,80.0,104.0,56.0,40.0,44.0,4.0,12.0,0.0,0.0,0.0,0.0,252.0,65,713.0,1909.0,3500.0,롯데,비스킷류,쿠키
126446,롯데)마가렛트크림치즈갈릭176g,20250716,30,4,20080,A의왕상온센터,924.0,0.0,4.0,152.0,204.0,108.0,64.0,56.0,16.0,20.0,16.0,16.0,0.0,0.0,468.0,114,732.0,1909.0,3500.0,롯데,비스킷류,쿠키
126446,롯데)마가렛트크림치즈갈릭176g,20250716,30,4,20081,A양산상온센터,924.0,0.0,8.0,68.0,108.0,92.0,44.0,32.0,4.0,12.0,8.0,20.0,0.0,0.0,276.0,67,823.0,1909.0,3500.0,롯데,비스킷류,쿠키
126446,롯데)마가렛트크림치즈갈릭176g,20250716,30,4,20083,김제상온센터,636.0,0.0,0.0,36.0,52.0,56.0,36.0,32.0,8.0,16.0,0.0,0.0,0.0,0.0,144.0,36,618.0,1909.0,3500.0,롯데,비스킷류,쿠키
126446,롯데)마가렛트크림치즈갈릭176g,20250716,30,4,20084,천안상온센터,564.0,0.0,0.0,24.0,168.0,76.0,60.0,24.0,16.0,0.0,4.0,8.0,0.0,0.0,268.0,64,568.0,1909.0,3500.0,롯데,비스킷류,쿠키
126446,롯데)마가렛트크림치즈갈릭176g,20250716,30,4,20085,인천B상온센터,1272.0,0.0,8.0,136.0,184.0,136.0,120.0,48.0,44.0,0.0,16.0,8.0,0.0,0.0,464.0,100,813.0,1909.0,3500.0,롯데,비스킷류,쿠키
126447,롯데)엄마손스윗버터갈릭127g,20250716,30,4,20006,성남센터,1008.0,0.0,0.0,16.0,248.0,108.0,112.0,36.0,52.0,16.0,24.0,4.0,0.0,0.0,372.0,86,712.0,1909.0,3500.0,롯데,비스킷류,파이
126447,롯데)엄마손스윗버터갈릭127g,20250716,30,4,20007,대구센터,1056.0,0.0,28.0,92.0,184.0,200.0,56.0,72.0,36.0,20.0,8.0,16.0,4.0,0.0,504.0,122,940.0,1909.0,3500.0,롯데,비스킷류,파이
126447,롯데)엄마손스윗버터갈릭127g,20250716,30,4,20010,양주센터,1264.0,0.0,8.0,156.0,208.0,104.0,72.0,88.0,24.0,20.0,40.0,16.0,0.0,0.0,476.0,112,985.0,1909.0,3500.0,롯데,비스킷류,파이
126447,롯데)엄마손스윗버터갈릭127g,20250716,30,4,20017,울산상온센터(K7),640.0,0.0,16.0,100.0,100.0,60.0,48.0,28.0,20.0,4.0,0.0,8.0,0.0,0.0,276.0,67,686.0,1909.0,3500.0,롯데,비스킷류,파이
126447,롯데)엄마손스윗버터갈릭127g,20250716,30,4,20033,제주상온센터,240.0,0.0,0.0,0.0,92.0,36.0,8.0,0.0,0.0,4.0,4.0,0.0,0.0,0.0,128.0,32,300.0,1909.0,3500.0,롯데,비스킷류,파이
126447,롯데)엄마손스윗버터갈릭127g,20250716,30,4,20034,구성상온센터,1328.0,0.0,0.0,24.0,284.0,136.0,52.0,32.0,48.0,4.0,24.0,16.0,0.0,0.0,444.0,110,897.0,1909.0,3500.0,롯데,비스킷류,파이
126447,롯데)엄마손스윗버터갈릭127g,20250716,30,4,20050,세종상온센터,896.0,0.0,16.0,132.0,224.0,76.0,44.0,36.0,36.0,24.0,20.0,0.0,4.0,0.0,448.0,108,897.0,1909.0,3500.0,롯데,비스킷류,파이
126447,롯데)엄마손스윗버터갈릭127g,20250716,30,4,20065,원주상온센터(K7),592.0,0.0,0.0,12.0,100.0,92.0,60.0,28.0,4.0,8.0,24.0,12.0,0.0,0.0,204.0,52,691.0,1909.0,3500.0,롯데,비스킷류,파이
126447,롯데)엄마손스윗버터갈릭127g,20250716,30,4,20075,인천상온센터,848.0,0.0,28.0,116.0,140.0,76.0,80.0,24.0,12.0,4.0,16.0,12.0,4.0,0.0,360.0,81,807.0,1909.0,3500.0,롯데,비스킷류,파이
126447,롯데)엄마손스윗버터갈릭127g,20250716,30,4,20079,A광주상온센터,736.0,0.0,8.0,76.0,100.0,56.0,32.0,52.0,8.0,8.0,0.0,0.0,0.0,0.0,240.0,61,713.0,1909.0,3500.0,롯데,비스킷류,파이
126447,롯데)엄마손스윗버터갈릭127g,20250716,30,4,20080,A의왕상온센터,752.0,0.0,4.0,144.0,204.0,96.0,64.0,60.0,12.0,20.0,20.0,16.0,0.0,0.0,448.0,109,732.0,1909.0,3500.0,롯데,비스킷류,파이
126447,롯데)엄마손스윗버터갈릭127g,20250716,30,4,20081,A양산상온센터,768.0,0.0,8.0,76.0,100.0,88.0,44.0,28.0,4.0,12.0,8.0,20.0,0.0,0.0,272.0,66,823.0,1909.0,3500.0,롯데,비스킷류,파이
126447,롯데)엄마손스윗버터갈릭127g,20250716,30,4,20083,김제상온센터,528.0,0.0,0.0,40.0,60.0,52.0,32.0,24.0,12.0,20.0,4.0,4.0,0.0,0.0,152.0,38,618.0,1909.0,3500.0,롯데,비스킷류,파이
126447,롯데)엄마손스윗버터갈릭127g,20250716,30,4,20084,천안상온센터,464.0,0.0,0.0,24.0,152.0,68.0,52.0,24.0,16.0,0.0,0.0,4.0,0.0,0.0,244.0,59,568.0,1909.0,3500.0,롯데,비스킷류,파이
126447,롯데)엄마손스윗버터갈릭127g,20250716,30,4,20085,인천B상온센터,1040.0,0.0,8.0,92.0,156.0,132.0,116.0,44.0,36.0,0.0,16.0,8.0,0.0,0.0,388.0,93,813.0,1909.0,3500.0,롯데,비스킷류,파이
126448,롯데)롯샌멜론105g,20250709,50,4,20006,성남센터,7110.0,0.0,0.0,60.0,528.0,244.0,516.0,340.0,272.0,28.0,24.0,24.0,0.0,0.0,832.0,159,719.0,927.0,1700.0,롯데,비스킷류,크래커
126448,롯데)롯샌멜론105g,20250709,50,4,20007,대구센터,7470.0,0.0,28.0,224.0,356.0,236.0,356.0,376.0,168.0,20.0,52.0,32.0,0.0,0.0,844.0,193,941.0,927.0,1700.0,롯데,비스킷류,크래커
126448,롯데)롯샌멜론105g,20250709,50,4,20010,양주센터,8940.0,0.0,16.0,444.0,476.0,484.0,504.0,424.0,156.0,36.0,24.0,12.0,0.0,0.0,1420.0,284,986.0,927.0,1700.0,롯데,비스킷류,크래커
126448,롯데)롯샌멜론105g,20250709,50,4,20017,울산상온센터(K7),4500.0,0.0,32.0,140.0,256.0,244.0,132.0,140.0,52.0,20.0,24.0,16.0,0.0,0.0,672.0,130,686.0,927.0,1700.0,롯데,비스킷류,크래커
126448,롯데)롯샌멜론105g,20250709,50,4,20033,제주상온센터,1620.0,0.0,0.0,36.0,112.0,80.0,136.0,52.0,32.0,4.0,4.0,16.0,0.0,0.0,228.0,43,300.0,927.0,1700.0,롯데,비스킷류,크래커
126448,롯데)롯샌멜론105g,20250709,50,4,20034,구성상온센터,9480.0,0.0,0.0,48.0,480.0,228.0,292.0,228.0,100.0,32.0,24.0,56.0,12.0,0.0,756.0,152,902.0,927.0,1700.0,롯데,비스킷류,크래커
126448,롯데)롯샌멜론105g,20250709,50,4,20050,세종상온센터,6390.0,0.0,0.0,0.0,0.0,92.0,372.0,228.0,108.0,52.0,56.0,16.0,0.0,0.0,92.0,21,901.0,927.0,1700.0,롯데,비스킷류,크래커
126448,롯데)롯샌멜론105g,20250709,50,4,20065,원주상온센터(K7),4170.0,0.0,0.0,24.0,264.0,128.0,216.0,112.0,116.0,12.0,16.0,8.0,0.0,0.0,416.0,91,693.0,927.0,1700.0,롯데,비스킷류,크래커
126448,롯데)롯샌멜론105g,20250709,50,4,20075,인천상온센터,6000.0,0.0,24.0,188.0,380.0,228.0,316.0,220.0,100.0,24.0,44.0,28.0,0.0,0.0,820.0,152,815.0,927.0,1700.0,롯데,비스킷류,크래커
126448,롯데)롯샌멜론105g,20250709,50,4,20079,A광주상온센터,5160.0,0.0,28.0,148.0,204.0,324.0,288.0,236.0,32.0,52.0,32.0,8.0,0.0,0.0,704.0,165,714.0,927.0,1700.0,롯데,비스킷류,크래커
126448,롯데)롯샌멜론105g,20250709,50,4,20080,A의왕상온센터,5370.0,0.0,32.0,252.0,344.0,220.0,224.0,92.0,48.0,12.0,48.0,20.0,0.0,0.0,848.0,179,735.0,927.0,1700.0,롯데,비스킷류,크래커
126448,롯데)롯샌멜론105g,20250709,50,4,20081,A양산상온센터,5400.0,0.0,8.0,140.0,188.0,224.0,284.0,204.0,84.0,20.0,28.0,24.0,0.0,0.0,560.0,133,823.0,927.0,1700.0,롯데,비스킷류,크래커
126448,롯데)롯샌멜론105g,20250709,50,4,20083,김제상온센터,3720.0,0.0,16.0,80.0,184.0,184.0,120.0,112.0,24.0,0.0,28.0,4.0,0.0,0.0,464.0,108,621.0,927.0,1700.0,롯데,비스킷류,크래커
126448,롯데)롯샌멜론105g,20250709,50,4,20084,천안상온센터,3270.0,0.0,0.0,36.0,256.0,108.0,164.0,84.0,84.0,20.0,28.0,36.0,8.0,0.0,400.0,94,571.0,927.0,1700.0,롯데,비스킷류,크래커
126448,롯데)롯샌멜론105g,20250709,50,4,20085,인천B상온센터,7410.0,0.0,36.0,240.0,340.0,232.0,436.0,316.0,112.0,16.0,32.0,0.0,0.0,0.0,848.0,168,818.0,927.0,1700.0,롯데,비스킷류,크래커
126457,나무)워헤즈젤리빈45g,20250709,10,12,20006,성남센터,2016.0,144.0,24.0,60.0,192.0,60.0,120.0,72.0,168.0,0.0,24.0,0.0,0.0,0.0,336.0,42,719.0,791.0,1500.0,나무,젤리류,수입젤리
126457,나무)워헤즈젤리빈45g,20250709,10,12,20007,대구센터,2016.0,156.0,24.0,144.0,216.0,144.0,84.0,60.0,48.0,24.0,0.0,24.0,0.0,0.0,528.0,61,941.0,791.0,1500.0,나무,젤리류,수입젤리
126457,나무)워헤즈젤리빈45g,20250709,10,12,20010,양주센터,2448.0,168.0,36.0,204.0,192.0,144.0,228.0,48.0,24.0,12.0,36.0,0.0,0.0,0.0,576.0,63,986.0,791.0,1500.0,나무,젤리류,수입젤리
126457,나무)워헤즈젤리빈45g,20250709,10,12,20017,울산상온센터(K7),1296.0,60.0,24.0,108.0,108.0,36.0,36.0,12.0,24.0,0.0,12.0,0.0,0.0,0.0,276.0,28,686.0,791.0,1500.0,나무,젤리류,수입젤리
126457,나무)워헤즈젤리빈45g,20250709,10,12,20033,제주상온센터,576.0,48.0,24.0,12.0,84.0,24.0,12.0,0.0,0.0,0.0,12.0,0.0,0.0,0.0,144.0,17,300.0,791.0,1500.0,나무,젤리류,수입젤리
126457,나무)워헤즈젤리빈45g,20250709,10,12,20034,구성상온센터,2592.0,192.0,36.0,36.0,276.0,120.0,108.0,48.0,72.0,12.0,0.0,0.0,24.0,0.0,468.0,57,902.0,791.0,1500.0,나무,젤리류,수입젤리
126457,나무)워헤즈젤리빈45g,20250709,10,12,20050,세종상온센터,1728.0,120.0,24.0,96.0,180.0,72.0,48.0,36.0,36.0,12.0,12.0,12.0,0.0,0.0,372.0,42,901.0,791.0,1500.0,나무,젤리류,수입젤리
126457,나무)워헤즈젤리빈45g,20250709,10,12,20065,원주상온센터(K7),1152.0,96.0,12.0,48.0,108.0,120.0,84.0,48.0,84.0,12.0,12.0,24.0,0.0,0.0,288.0,35,693.0,791.0,1500.0,나무,젤리류,수입젤리
126457,나무)워헤즈젤리빈45g,20250709,10,12,20075,인천상온센터,1728.0,120.0,48.0,156.0,108.0,72.0,72.0,24.0,24.0,24.0,36.0,12.0,0.0,0.0,384.0,44,815.0,791.0,1500.0,나무,젤리류,수입젤리
126457,나무)워헤즈젤리빈45g,20250709,10,12,20079,A광주상온센터,1440.0,108.0,48.0,96.0,144.0,144.0,48.0,24.0,0.0,0.0,0.0,0.0,0.0,0.0,432.0,45,714.0,791.0,1500.0,나무,젤리류,수입젤리
126457,나무)워헤즈젤리빈45g,20250709,10,12,20080,A의왕상온센터,1584.0,168.0,72.0,252.0,144.0,84.0,60.0,48.0,0.0,0.0,0.0,0.0,0.0,0.0,552.0,62,735.0,791.0,1500.0,나무,젤리류,수입젤리
126457,나무)워헤즈젤리빈45g,20250709,10,12,20081,A양산상온센터,1584.0,108.0,36.0,168.0,120.0,60.0,48.0,60.0,0.0,12.0,12.0,24.0,0.0,0.0,384.0,41,823.0,791.0,1500.0,나무,젤리류,수입젤리
126457,나무)워헤즈젤리빈45g,20250709,10,12,20083,김제상온센터,1008.0,60.0,36.0,60.0,120.0,60.0,48.0,60.0,12.0,0.0,48.0,0.0,0.0,0.0,276.0,29,621.0,791.0,1500.0,나무,젤리류,수입젤리
126457,나무)워헤즈젤리빈45g,20250709,10,12,20084,천안상온센터,1008.0,72.0,36.0,0.0,132.0,60.0,36.0,12.0,0.0,0.0,24.0,12.0,12.0,0.0,228.0,26,571.0,791.0,1500.0,나무,젤리류,수입젤리
126457,나무)워헤즈젤리빈45g,20250709,10,12,20085,인천B상온센터,2016.0,156.0,60.0,132.0,144.0,36.0,60.0,36.0,0.0,0.0,36.0,12.0,0.0,0.0,372.0,44,818.0,791.0,1500.0,나무,젤리류,수입젤리
126459,나무)워헤즈사우어밤,20250709,10,12,20006,성남센터,1296.0,120.0,24.0,36.0,144.0,12.0,156.0,48.0,132.0,0.0,36.0,0.0,0.0,0.0,216.0,26,719.0,949.0,1800.0,나무,캔디류,소프트캔디
126459,나무)워헤즈사우어밤,20250709,10,12,20007,대구센터,1440.0,144.0,12.0,96.0,132.0,84.0,0.0,36.0,36.0,24.0,12.0,24.0,0.0,0.0,324.0,40,941.0,949.0,1800.0,나무,캔디류,소프트캔디
126459,나무)워헤즈사우어밤,20250709,10,12,20010,양주센터,1728.0,132.0,24.0,84.0,132.0,108.0,132.0,48.0,0.0,12.0,24.0,0.0,0.0,0.0,348.0,42,986.0,949.0,1800.0,나무,캔디류,소프트캔디
126459,나무)워헤즈사우어밤,20250709,10,12,20017,울산상온센터(K7),864.0,36.0,12.0,96.0,48.0,12.0,24.0,24.0,24.0,0.0,24.0,0.0,0.0,0.0,168.0,17,686.0,949.0,1800.0,나무,캔디류,소프트캔디
126459,나무)워헤즈사우어밤,20250709,10,12,20033,제주상온센터,432.0,36.0,24.0,12.0,48.0,24.0,12.0,0.0,0.0,0.0,0.0,24.0,0.0,0.0,108.0,12,300.0,949.0,1800.0,나무,캔디류,소프트캔디
126459,나무)워헤즈사우어밤,20250709,10,12,20034,구성상온센터,1728.0,132.0,24.0,0.0,216.0,108.0,48.0,12.0,48.0,12.0,12.0,0.0,24.0,0.0,348.0,42,902.0,949.0,1800.0,나무,캔디류,소프트캔디
126459,나무)워헤즈사우어밤,20250709,10,12,20050,세종상온센터,1152.0,156.0,12.0,108.0,120.0,36.0,12.0,24.0,12.0,24.0,24.0,0.0,0.0,0.0,276.0,35,901.0,949.0,1800.0,나무,캔디류,소프트캔디
126459,나무)워헤즈사우어밤,20250709,10,12,20065,원주상온센터(K7),864.0,96.0,12.0,24.0,84.0,156.0,60.0,36.0,48.0,0.0,12.0,12.0,0.0,0.0,276.0,31,693.0,949.0,1800.0,나무,캔디류,소프트캔디
126459,나무)워헤즈사우어밤,20250709,10,12,20075,인천상온센터,1152.0,72.0,72.0,96.0,156.0,36.0,84.0,24.0,12.0,12.0,24.0,0.0,0.0,0.0,360.0,37,815.0,949.0,1800.0,나무,캔디류,소프트캔디
126459,나무)워헤즈사우어밤,20250709,10,12,20079,A광주상온센터,1008.0,108.0,48.0,60.0,72.0,84.0,36.0,36.0,12.0,12.0,0.0,0.0,0.0,0.0,264.0,34,714.0,949.0,1800.0,나무,캔디류,소프트캔디
126459,나무)워헤즈사우어밤,20250709,10,12,20080,A의왕상온센터,1008.0,120.0,60.0,156.0,132.0,36.0,48.0,24.0,12.0,0.0,0.0,0.0,0.0,0.0,384.0,42,735.0,949.0,1800.0,나무,캔디류,소프트캔디
126459,나무)워헤즈사우어밤,20250709,10,12,20081,A양산상온센터,1008.0,84.0,36.0,120.0,96.0,72.0,24.0,24.0,12.0,12.0,0.0,0.0,0.0,0.0,324.0,35,823.0,949.0,1800.0,나무,캔디류,소프트캔디
126459,나무)워헤즈사우어밤,20250709,10,12,20083,김제상온센터,720.0,72.0,12.0,24.0,120.0,60.0,12.0,36.0,12.0,0.0,24.0,0.0,0.0,0.0,216.0,25,621.0,949.0,1800.0,나무,캔디류,소프트캔디
126459,나무)워헤즈사우어밤,20250709,10,12,20084,천안상온센터,720.0,84.0,24.0,24.0,96.0,84.0,24.0,12.0,0.0,12.0,24.0,12.0,12.0,0.0,228.0,26,571.0,949.0,1800.0,나무,캔디류,소프트캔디
126459,나무)워헤즈사우어밤,20250709,10,12,20085,인천B상온센터,1440.0,108.0,36.0,60.0,108.0,36.0,24.0,36.0,0.0,0.0,24.0,12.0,0.0,0.0,240.0,31,818.0,949.0,1800.0,나무,캔디류,소프트캔디
126460,훼밀리)마칩오리지널29g,20250709,20,20,20006,성남센터,2660.0,0.0,0.0,80.0,400.0,120.0,80.0,100.0,60.0,0.0,40.0,20.0,0.0,0.0,600.0,32,719.0,527.0,1000.0,훼밀리,스낵류,일반스낵
126460,훼밀리)마칩오리지널29g,20250709,20,20,20007,대구센터,2800.0,0.0,40.0,220.0,220.0,140.0,60.0,40.0,40.0,0.0,20.0,40.0,0.0,0.0,620.0,33,941.0,527.0,1000.0,훼밀리,스낵류,일반스낵
126460,훼밀리)마칩오리지널29g,20250709,20,20,20010,양주센터,3360.0,0.0,40.0,240.0,280.0,240.0,280.0,40.0,40.0,20.0,40.0,0.0,0.0,0.0,800.0,42,986.0,527.0,1000.0,훼밀리,스낵류,일반스낵
126460,훼밀리)마칩오리지널29g,20250709,20,20,20017,울산상온센터(K7),1700.0,0.0,0.0,120.0,140.0,80.0,60.0,40.0,0.0,0.0,0.0,0.0,0.0,0.0,340.0,17,686.0,527.0,1000.0,훼밀리,스낵류,일반스낵
126460,훼밀리)마칩오리지널29g,20250709,20,20,20033,제주상온센터,620.0,0.0,0.0,40.0,80.0,80.0,80.0,20.0,0.0,0.0,0.0,40.0,0.0,0.0,200.0,13,300.0,527.0,1000.0,훼밀리,스낵류,일반스낵
126460,훼밀리)마칩오리지널29g,20250709,20,20,20034,구성상온센터,3560.0,0.0,0.0,40.0,380.0,140.0,80.0,60.0,40.0,20.0,20.0,0.0,0.0,0.0,560.0,30,902.0,527.0,1000.0,훼밀리,스낵류,일반스낵
126460,훼밀리)마칩오리지널29g,20250709,20,20,20050,세종상온센터,2400.0,0.0,60.0,120.0,220.0,60.0,60.0,40.0,40.0,40.0,40.0,0.0,0.0,0.0,460.0,23,901.0,527.0,1000.0,훼밀리,스낵류,일반스낵
126460,훼밀리)마칩오리지널29g,20250709,20,20,20065,원주상온센터(K7),1580.0,0.0,0.0,0.0,140.0,100.0,80.0,80.0,40.0,0.0,20.0,0.0,0.0,0.0,240.0,14,693.0,527.0,1000.0,훼밀리,스낵류,일반스낵
126460,훼밀리)마칩오리지널29g,20250709,20,20,20075,인천상온센터,2260.0,0.0,0.0,200.0,320.0,80.0,100.0,40.0,0.0,40.0,60.0,0.0,0.0,0.0,600.0,31,815.0,527.0,1000.0,훼밀리,스낵류,일반스낵
126460,훼밀리)마칩오리지널29g,20250709,20,20,20079,A광주상온센터,1940.0,0.0,60.0,100.0,120.0,60.0,100.0,40.0,0.0,0.0,0.0,0.0,0.0,0.0,340.0,18,714.0,527.0,1000.0,훼밀리,스낵류,일반스낵
126460,훼밀리)마칩오리지널29g,20250709,20,20,20080,A의왕상온센터,2020.0,0.0,40.0,180.0,220.0,160.0,80.0,80.0,0.0,0.0,40.0,0.0,0.0,0.0,600.0,31,735.0,527.0,1000.0,훼밀리,스낵류,일반스낵
126460,훼밀리)마칩오리지널29g,20250709,20,20,20081,A양산상온센터,2020.0,0.0,0.0,240.0,200.0,120.0,60.0,20.0,0.0,20.0,20.0,0.0,0.0,0.0,560.0,30,823.0,527.0,1000.0,훼밀리,스낵류,일반스낵
126460,훼밀리)마칩오리지널29g,20250709,20,20,20083,김제상온센터,1400.0,0.0,0.0,0.0,160.0,40.0,0.0,40.0,40.0,0.0,40.0,0.0,0.0,0.0,200.0,12,621.0,527.0,1000.0,훼밀리,스낵류,일반스낵
126460,훼밀리)마칩오리지널29g,20250709,20,20,20084,천안상온센터,1240.0,0.0,0.0,40.0,140.0,80.0,80.0,0.0,0.0,0.0,40.0,20.0,0.0,0.0,260.0,14,571.0,527.0,1000.0,훼밀리,스낵류,일반스낵
126460,훼밀리)마칩오리지널29g,20250709,20,20,20085,인천B상온센터,2780.0,0.0,0.0,80.0,180.0,140.0,40.0,40.0,0.0,0.0,20.0,20.0,0.0,0.0,400.0,23,818.0,527.0,1000.0,훼밀리,스낵류,일반스낵
126461,훼밀리)마칩어니언맛29g,20250709,20,20,20006,성남센터,2660.0,0.0,0.0,100.0,300.0,140.0,80.0,100.0,60.0,0.0,40.0,20.0,0.0,0.0,540.0,28,719.0,527.0,1000.0,훼밀리,스낵류,일반스낵
126461,훼밀리)마칩어니언맛29g,20250709,20,20,20007,대구센터,2800.0,0.0,40.0,180.0,280.0,140.0,60.0,40.0,40.0,0.0,20.0,40.0,0.0,0.0,640.0,34,941.0,527.0,1000.0,훼밀리,스낵류,일반스낵
126461,훼밀리)마칩어니언맛29g,20250709,20,20,20010,양주센터,3360.0,0.0,60.0,220.0,300.0,140.0,300.0,20.0,60.0,20.0,40.0,0.0,0.0,0.0,720.0,37,986.0,527.0,1000.0,훼밀리,스낵류,일반스낵
126461,훼밀리)마칩어니언맛29g,20250709,20,20,20017,울산상온센터(K7),1700.0,0.0,0.0,120.0,140.0,60.0,60.0,40.0,0.0,0.0,0.0,0.0,0.0,0.0,320.0,16,686.0,527.0,1000.0,훼밀리,스낵류,일반스낵
126461,훼밀리)마칩어니언맛29g,20250709,20,20,20033,제주상온센터,620.0,0.0,0.0,40.0,60.0,80.0,60.0,0.0,0.0,0.0,0.0,20.0,0.0,0.0,180.0,12,300.0,527.0,1000.0,훼밀리,스낵류,일반스낵
126461,훼밀리)마칩어니언맛29g,20250709,20,20,20034,구성상온센터,3560.0,0.0,0.0,20.0,320.0,140.0,80.0,60.0,40.0,20.0,40.0,0.0,0.0,0.0,480.0,25,902.0,527.0,1000.0,훼밀리,스낵류,일반스낵
126461,훼밀리)마칩어니언맛29g,20250709,20,20,20050,세종상온센터,2400.0,0.0,80.0,60.0,200.0,120.0,80.0,40.0,20.0,20.0,20.0,0.0,0.0,0.0,460.0,25,901.0,527.0,1000.0,훼밀리,스낵류,일반스낵
126461,훼밀리)마칩어니언맛29g,20250709,20,20,20065,원주상온센터(K7),1580.0,0.0,0.0,0.0,140.0,120.0,80.0,100.0,40.0,0.0,20.0,0.0,0.0,0.0,260.0,13,693.0,527.0,1000.0,훼밀리,스낵류,일반스낵
126461,훼밀리)마칩어니언맛29g,20250709,20,20,20075,인천상온센터,2260.0,0.0,0.0,200.0,300.0,80.0,80.0,40.0,0.0,20.0,20.0,0.0,0.0,0.0,580.0,29,815.0,527.0,1000.0,훼밀리,스낵류,일반스낵
126461,훼밀리)마칩어니언맛29g,20250709,20,20,20079,A광주상온센터,1940.0,0.0,40.0,80.0,80.0,40.0,100.0,40.0,0.0,0.0,0.0,0.0,0.0,0.0,240.0,13,714.0,527.0,1000.0,훼밀리,스낵류,일반스낵
126461,훼밀리)마칩어니언맛29g,20250709,20,20,20080,A의왕상온센터,2020.0,0.0,40.0,160.0,220.0,140.0,100.0,100.0,0.0,0.0,20.0,0.0,0.0,0.0,560.0,28,735.0,527.0,1000.0,훼밀리,스낵류,일반스낵
126461,훼밀리)마칩어니언맛29g,20250709,20,20,20081,A양산상온센터,2020.0,0.0,0.0,220.0,200.0,100.0,40.0,20.0,0.0,20.0,20.0,0.0,0.0,0.0,520.0,27,823.0,527.0,1000.0,훼밀리,스낵류,일반스낵
126461,훼밀리)마칩어니언맛29g,20250709,20,20,20083,김제상온센터,1400.0,0.0,0.0,0.0,180.0,20.0,0.0,20.0,0.0,0.0,40.0,0.0,0.0,0.0,200.0,12,621.0,527.0,1000.0,훼밀리,스낵류,일반스낵
126461,훼밀리)마칩어니언맛29g,20250709,20,20,20084,천안상온센터,1240.0,0.0,0.0,40.0,160.0,60.0,80.0,0.0,0.0,20.0,40.0,0.0,0.0,0.0,260.0,14,571.0,527.0,1000.0,훼밀리,스낵류,일반스낵
126461,훼밀리)마칩어니언맛29g,20250709,20,20,20085,인천B상온센터,2780.0,0.0,0.0,100.0,180.0,140.0,60.0,40.0,0.0,0.0,20.0,20.0,0.0,0.0,420.0,24,818.0,527.0,1000.0,훼밀리,스낵류,일반스낵
126466,피치)구퍼즈피클모양구미18g,20250716,10,40,20006,성남센터,1920.0,0.0,40.0,280.0,520.0,320.0,120.0,40.0,160.0,0.0,40.0,0.0,0.0,0.0,1160.0,29,712.0,500.0,1000.0,피치,캔디류,토이캔디
126466,피치)구퍼즈피클모양구미18g,20250716,10,40,20007,대구센터,1920.0,40.0,320.0,400.0,400.0,320.0,80.0,80.0,0.0,40.0,40.0,0.0,0.0,0.0,1440.0,37,940.0,500.0,1000.0,피치,캔디류,토이캔디
126466,피치)구퍼즈피클모양구미18g,20250716,10,40,20010,양주센터,2240.0,0.0,80.0,320.0,360.0,160.0,80.0,120.0,0.0,0.0,0.0,40.0,0.0,0.0,920.0,26,985.0,500.0,1000.0,피치,캔디류,토이캔디
126466,피치)구퍼즈피클모양구미18g,20250716,10,40,20017,울산상온센터(K7),1280.0,0.0,40.0,240.0,320.0,80.0,40.0,80.0,40.0,0.0,40.0,40.0,0.0,0.0,680.0,20,686.0,500.0,1000.0,피치,캔디류,토이캔디
126466,피치)구퍼즈피클모양구미18g,20250716,10,40,20033,제주상온센터,640.0,0.0,80.0,80.0,280.0,40.0,0.0,0.0,40.0,0.0,40.0,0.0,0.0,0.0,480.0,12,300.0,500.0,1000.0,피치,캔디류,토이캔디
126466,피치)구퍼즈피클모양구미18g,20250716,10,40,20034,구성상온센터,2560.0,0.0,40.0,360.0,520.0,80.0,160.0,40.0,0.0,0.0,40.0,0.0,0.0,0.0,1000.0,25,897.0,500.0,1000.0,피치,캔디류,토이캔디
126466,피치)구퍼즈피클모양구미18g,20250716,10,40,20050,세종상온센터,1600.0,0.0,120.0,400.0,400.0,320.0,40.0,80.0,40.0,40.0,40.0,0.0,0.0,0.0,1240.0,34,897.0,500.0,1000.0,피치,캔디류,토이캔디
126466,피치)구퍼즈피클모양구미18g,20250716,10,40,20065,원주상온센터(K7),1280.0,0.0,40.0,280.0,280.0,160.0,120.0,40.0,0.0,40.0,160.0,40.0,0.0,0.0,760.0,21,691.0,500.0,1000.0,피치,캔디류,토이캔디
126466,피치)구퍼즈피클모양구미18g,20250716,10,40,20075,인천상온센터,1600.0,80.0,80.0,400.0,200.0,80.0,240.0,40.0,40.0,40.0,40.0,0.0,0.0,0.0,760.0,21,807.0,500.0,1000.0,피치,캔디류,토이캔디
126466,피치)구퍼즈피클모양구미18g,20250716,10,40,20079,A광주상온센터,1600.0,80.0,120.0,240.0,240.0,40.0,40.0,40.0,40.0,0.0,0.0,0.0,0.0,0.0,640.0,18,713.0,500.0,1000.0,피치,캔디류,토이캔디
126466,피치)구퍼즈피클모양구미18g,20250716,10,40,20080,A의왕상온센터,1600.0,40.0,40.0,320.0,280.0,160.0,240.0,80.0,0.0,80.0,0.0,0.0,0.0,0.0,800.0,22,732.0,500.0,1000.0,피치,캔디류,토이캔디
126466,피치)구퍼즈피클모양구미18g,20250716,10,40,20081,A양산상온센터,1600.0,0.0,40.0,120.0,120.0,160.0,40.0,120.0,0.0,0.0,0.0,80.0,0.0,0.0,440.0,11,823.0,500.0,1000.0,피치,캔디류,토이캔디
126466,피치)구퍼즈피클모양구미18g,20250716,10,40,20083,김제상온센터,960.0,0.0,40.0,40.0,240.0,280.0,40.0,40.0,0.0,80.0,0.0,0.0,0.0,0.0,600.0,17,618.0,500.0,1000.0,피치,캔디류,토이캔디
126466,피치)구퍼즈피클모양구미18g,20250716,10,40,20084,천안상온센터,960.0,0.0,0.0,120.0,240.0,240.0,120.0,0.0,40.0,0.0,0.0,40.0,0.0,0.0,600.0,15,568.0,500.0,1000.0,피치,캔디류,토이캔디
126466,피치)구퍼즈피클모양구미18g,20250716,10,40,20085,인천B상온센터,1920.0,40.0,160.0,200.0,120.0,160.0,80.0,40.0,40.0,0.0,0.0,0.0,0.0,0.0,640.0,20,813.0,500.0,1000.0,피치,캔디류,토이캔디
126528,PKJ)에그푸딩100g,20250716,10,1,20006,성남센터,816.0,0.0,18.0,78.0,132.0,72.0,48.0,6.0,12.0,24.0,36.0,0.0,0.0,0.0,300.0,55,712.0,1750.0,3500.0,PKJ,젤리류,국산젤리
126528,PKJ)에그푸딩100g,20250716,10,1,20007,대구센터,864.0,6.0,54.0,84.0,120.0,72.0,36.0,30.0,24.0,12.0,6.0,0.0,0.0,0.0,330.0,65,940.0,1750.0,3500.0,PKJ,젤리류,국산젤리
126528,PKJ)에그푸딩100g,20250716,10,1,20010,양주센터,1008.0,18.0,36.0,78.0,114.0,78.0,30.0,24.0,12.0,12.0,12.0,18.0,0.0,0.0,306.0,58,985.0,1750.0,3500.0,PKJ,젤리류,국산젤리
126528,PKJ)에그푸딩100g,20250716,10,1,20017,울산상온센터(K7),528.0,6.0,24.0,72.0,60.0,18.0,18.0,0.0,0.0,6.0,0.0,6.0,0.0,0.0,174.0,34,686.0,1750.0,3500.0,PKJ,젤리류,국산젤리
126528,PKJ)에그푸딩100g,20250716,10,1,20033,제주상온센터,192.0,0.0,12.0,12.0,78.0,12.0,18.0,0.0,0.0,0.0,6.0,0.0,0.0,0.0,114.0,22,300.0,1750.0,3500.0,PKJ,젤리류,국산젤리
126528,PKJ)에그푸딩100g,20250716,10,1,20034,구성상온센터,1104.0,0.0,12.0,78.0,180.0,102.0,30.0,36.0,18.0,6.0,6.0,6.0,0.0,0.0,372.0,58,897.0,1750.0,3500.0,PKJ,젤리류,국산젤리
126528,PKJ)에그푸딩100g,20250716,10,1,20050,세종상온센터,720.0,12.0,30.0,108.0,96.0,30.0,42.0,18.0,12.0,18.0,6.0,0.0,0.0,0.0,264.0,54,897.0,1750.0,3500.0,PKJ,젤리류,국산젤리
126528,PKJ)에그푸딩100g,20250716,10,1,20065,원주상온센터(K7),480.0,0.0,12.0,54.0,72.0,42.0,36.0,36.0,6.0,6.0,24.0,0.0,0.0,0.0,180.0,32,691.0,1750.0,3500.0,PKJ,젤리류,국산젤리
126528,PKJ)에그푸딩100g,20250716,10,1,20075,인천상온센터,720.0,24.0,24.0,90.0,78.0,30.0,36.0,18.0,18.0,0.0,12.0,0.0,0.0,0.0,222.0,45,807.0,1750.0,3500.0,PKJ,젤리류,국산젤리
126528,PKJ)에그푸딩100g,20250716,10,1,20079,A광주상온센터,624.0,18.0,12.0,66.0,48.0,36.0,12.0,12.0,6.0,6.0,24.0,0.0,0.0,0.0,162.0,31,713.0,1750.0,3500.0,PKJ,젤리류,국산젤리
126528,PKJ)에그푸딩100g,20250716,10,1,20080,A의왕상온센터,624.0,12.0,12.0,144.0,120.0,90.0,48.0,36.0,6.0,18.0,0.0,12.0,0.0,0.0,366.0,64,732.0,1750.0,3500.0,PKJ,젤리류,국산젤리
126528,PKJ)에그푸딩100g,20250716,10,1,20081,A양산상온센터,624.0,0.0,18.0,54.0,66.0,72.0,24.0,6.0,6.0,6.0,0.0,6.0,0.0,0.0,210.0,38,823.0,1750.0,3500.0,PKJ,젤리류,국산젤리
126528,PKJ)에그푸딩100g,20250716,10,1,20083,김제상온센터,432.0,6.0,12.0,30.0,42.0,42.0,12.0,12.0,0.0,30.0,6.0,0.0,0.0,0.0,126.0,23,618.0,1750.0,3500.0,PKJ,젤리류,국산젤리
126528,PKJ)에그푸딩100g,20250716,10,1,20084,천안상온센터,384.0,0.0,0.0,30.0,66.0,42.0,30.0,12.0,12.0,12.0,0.0,0.0,0.0,0.0,138.0,24,568.0,1750.0,3500.0,PKJ,젤리류,국산젤리
126528,PKJ)에그푸딩100g,20250716,10,1,20085,인천B상온센터,864.0,18.0,30.0,78.0,72.0,42.0,24.0,42.0,6.0,0.0,12.0,0.0,6.0,0.0,222.0,44,813.0,1750.0,3500.0,PKJ,젤리류,국산젤리
126529,PKJ)블루베리푸딩100g,20250716,10,1,20006,성남센터,768.0,0.0,18.0,54.0,120.0,66.0,48.0,6.0,18.0,18.0,36.0,0.0,0.0,0.0,258.0,44,712.0,1750.0,3500.0,PKJ,젤리류,국산젤리
126529,PKJ)블루베리푸딩100g,20250716,10,1,20007,대구센터,816.0,6.0,54.0,78.0,114.0,60.0,24.0,30.0,24.0,12.0,6.0,0.0,0.0,0.0,306.0,56,940.0,1750.0,3500.0,PKJ,젤리류,국산젤리
126529,PKJ)블루베리푸딩100g,20250716,10,1,20010,양주센터,960.0,12.0,24.0,60.0,120.0,48.0,24.0,24.0,12.0,0.0,78.0,18.0,0.0,0.0,252.0,45,985.0,1750.0,3500.0,PKJ,젤리류,국산젤리
126529,PKJ)블루베리푸딩100g,20250716,10,1,20017,울산상온센터(K7),480.0,6.0,24.0,78.0,60.0,18.0,18.0,0.0,0.0,6.0,0.0,6.0,0.0,0.0,180.0,32,686.0,1750.0,3500.0,PKJ,젤리류,국산젤리
126529,PKJ)블루베리푸딩100g,20250716,10,1,20033,제주상온센터,192.0,0.0,12.0,6.0,78.0,18.0,12.0,6.0,0.0,0.0,6.0,0.0,0.0,0.0,114.0,19,300.0,1750.0,3500.0,PKJ,젤리류,국산젤리
126529,PKJ)블루베리푸딩100g,20250716,10,1,20034,구성상온센터,1008.0,0.0,12.0,66.0,156.0,96.0,36.0,30.0,18.0,6.0,6.0,6.0,0.0,0.0,330.0,51,897.0,1750.0,3500.0,PKJ,젤리류,국산젤리
126529,PKJ)블루베리푸딩100g,20250716,10,1,20050,세종상온센터,672.0,12.0,24.0,84.0,66.0,30.0,54.0,6.0,6.0,12.0,6.0,0.0,0.0,0.0,204.0,38,897.0,1750.0,3500.0,PKJ,젤리류,국산젤리
126529,PKJ)블루베리푸딩100g,20250716,10,1,20065,원주상온센터(K7),480.0,0.0,12.0,54.0,66.0,42.0,30.0,36.0,6.0,6.0,24.0,0.0,0.0,0.0,174.0,30,691.0,1750.0,3500.0,PKJ,젤리류,국산젤리
126529,PKJ)블루베리푸딩100g,20250716,10,1,20075,인천상온센터,672.0,24.0,12.0,90.0,60.0,18.0,42.0,12.0,30.0,0.0,6.0,0.0,0.0,0.0,180.0,36,807.0,1750.0,3500.0,PKJ,젤리류,국산젤리
126529,PKJ)블루베리푸딩100g,20250716,10,1,20079,A광주상온센터,576.0,12.0,6.0,48.0,48.0,36.0,18.0,12.0,6.0,0.0,0.0,0.0,0.0,0.0,138.0,27,713.0,1750.0,3500.0,PKJ,젤리류,국산젤리
126529,PKJ)블루베리푸딩100g,20250716,10,1,20080,A의왕상온센터,576.0,6.0,12.0,144.0,108.0,90.0,42.0,36.0,6.0,12.0,0.0,6.0,0.0,0.0,354.0,59,732.0,1750.0,3500.0,PKJ,젤리류,국산젤리
126529,PKJ)블루베리푸딩100g,20250716,10,1,20081,A양산상온센터,576.0,0.0,12.0,48.0,72.0,42.0,6.0,6.0,6.0,6.0,6.0,0.0,0.0,0.0,174.0,32,823.0,1750.0,3500.0,PKJ,젤리류,국산젤리
126529,PKJ)블루베리푸딩100g,20250716,10,1,20083,김제상온센터,432.0,6.0,12.0,12.0,30.0,42.0,12.0,12.0,0.0,24.0,6.0,0.0,0.0,0.0,96.0,18,618.0,1750.0,3500.0,PKJ,젤리류,국산젤리
126529,PKJ)블루베리푸딩100g,20250716,10,1,20084,천안상온센터,384.0,0.0,0.0,36.0,60.0,36.0,24.0,24.0,6.0,6.0,0.0,6.0,0.0,0.0,132.0,25,568.0,1750.0,3500.0,PKJ,젤리류,국산젤리
126529,PKJ)블루베리푸딩100g,20250716,10,1,20085,인천B상온센터,816.0,18.0,36.0,90.0,72.0,36.0,18.0,36.0,6.0,0.0,6.0,0.0,0.0,0.0,234.0,46,813.0,1750.0,3500.0,PKJ,젤리류,국산젤리
126538,투데이)스위즐스드럼스틱오리지널라즈베리&밀크100g,20250716,15,12,20006,성남센터,1812.0,0.0,24.0,168.0,336.0,84.0,120.0,48.0,24.0,12.0,60.0,0.0,0.0,0.0,612.0,55,712.0,1609.0,3000.0,투데이,젤리류,수입젤리
126538,투데이)스위즐스드럼스틱오리지널라즈베리&밀크100g,20250716,15,12,20007,대구센터,1908.0,0.0,96.0,156.0,180.0,168.0,24.0,60.0,12.0,36.0,48.0,0.0,0.0,0.0,600.0,55,940.0,1609.0,3000.0,투데이,젤리류,수입젤리
126538,투데이)스위즐스드럼스틱오리지널라즈베리&밀크100g,20250716,15,12,20010,양주센터,2280.0,24.0,36.0,204.0,216.0,84.0,84.0,84.0,60.0,12.0,24.0,12.0,0.0,0.0,540.0,50,985.0,1609.0,3000.0,투데이,젤리류,수입젤리
126538,투데이)스위즐스드럼스틱오리지널라즈베리&밀크100g,20250716,15,12,20017,울산상온센터(K7),1152.0,0.0,60.0,120.0,84.0,48.0,24.0,24.0,12.0,0.0,0.0,24.0,12.0,0.0,312.0,27,686.0,1609.0,3000.0,투데이,젤리류,수입젤리
126538,투데이)스위즐스드럼스틱오리지널라즈베리&밀크100g,20250716,15,12,20033,제주상온센터,420.0,0.0,24.0,0.0,144.0,24.0,12.0,0.0,0.0,0.0,12.0,0.0,0.0,0.0,192.0,17,300.0,1609.0,3000.0,투데이,젤리류,수입젤리
126538,투데이)스위즐스드럼스틱오리지널라즈베리&밀크100g,20250716,15,12,20034,구성상온센터,2424.0,0.0,24.0,180.0,276.0,120.0,84.0,72.0,12.0,24.0,24.0,12.0,12.0,0.0,600.0,51,897.0,1609.0,3000.0,투데이,젤리류,수입젤리
126538,투데이)스위즐스드럼스틱오리지널라즈베리&밀크100g,20250716,15,12,20050,세종상온센터,1632.0,24.0,48.0,168.0,216.0,144.0,72.0,24.0,24.0,0.0,12.0,12.0,0.0,0.0,576.0,55,897.0,1609.0,3000.0,투데이,젤리류,수입젤리
126538,투데이)스위즐스드럼스틱오리지널라즈베리&밀크100g,20250716,15,12,20065,원주상온센터(K7),1068.0,0.0,24.0,96.0,168.0,84.0,48.0,96.0,12.0,24.0,36.0,24.0,0.0,0.0,372.0,32,691.0,1609.0,3000.0,투데이,젤리류,수입젤리
126538,투데이)스위즐스드럼스틱오리지널라즈베리&밀크100g,20250716,15,12,20075,인천상온센터,1536.0,60.0,72.0,144.0,120.0,60.0,96.0,12.0,36.0,12.0,12.0,0.0,0.0,0.0,396.0,39,807.0,1609.0,3000.0,투데이,젤리류,수입젤리
126538,투데이)스위즐스드럼스틱오리지널라즈베리&밀크100g,20250716,15,12,20079,A광주상온센터,1320.0,36.0,36.0,120.0,120.0,24.0,60.0,48.0,12.0,12.0,0.0,0.0,0.0,0.0,300.0,29,713.0,1609.0,3000.0,투데이,젤리류,수입젤리
126538,투데이)스위즐스드럼스틱오리지널라즈베리&밀크100g,20250716,15,12,20080,A의왕상온센터,1368.0,36.0,60.0,204.0,156.0,120.0,84.0,48.0,12.0,0.0,0.0,12.0,0.0,0.0,540.0,56,732.0,1609.0,3000.0,투데이,젤리류,수입젤리
126538,투데이)스위즐스드럼스틱오리지널라즈베리&밀크100g,20250716,15,12,20081,A양산상온센터,1380.0,24.0,36.0,132.0,144.0,108.0,48.0,24.0,0.0,36.0,12.0,24.0,0.0,0.0,420.0,38,823.0,1609.0,3000.0,투데이,젤리류,수입젤리
126538,투데이)스위즐스드럼스틱오리지널라즈베리&밀크100g,20250716,15,12,20083,김제상온센터,948.0,0.0,24.0,36.0,132.0,96.0,36.0,24.0,0.0,24.0,24.0,0.0,0.0,0.0,288.0,27,618.0,1609.0,3000.0,투데이,젤리류,수입젤리
126538,투데이)스위즐스드럼스틱오리지널라즈베리&밀크100g,20250716,15,12,20084,천안상온센터,840.0,0.0,0.0,48.0,84.0,48.0,48.0,36.0,0.0,12.0,0.0,12.0,0.0,0.0,180.0,17,568.0,1609.0,3000.0,투데이,젤리류,수입젤리
126538,투데이)스위즐스드럼스틱오리지널라즈베리&밀크100g,20250716,15,12,20085,인천B상온센터,1896.0,24.0,36.0,168.0,180.0,48.0,24.0,48.0,12.0,0.0,12.0,0.0,12.0,0.0,432.0,45,813.0,1609.0,3000.0,투데이,젤리류,수입젤리
126539,투데이)스위즐스드럼스틱버블검 100g,20250716,15,12,20006,성남센터,1500.0,0.0,24.0,144.0,264.0,108.0,144.0,48.0,24.0,0.0,60.0,0.0,0.0,0.0,540.0,48,712.0,1609.0,3000.0,투데이,젤리류,수입젤리
126539,투데이)스위즐스드럼스틱버블검 100g,20250716,15,12,20007,대구센터,1572.0,0.0,108.0,156.0,192.0,180.0,24.0,36.0,12.0,24.0,36.0,0.0,0.0,0.0,636.0,55,940.0,1609.0,3000.0,투데이,젤리류,수입젤리
126539,투데이)스위즐스드럼스틱버블검 100g,20250716,15,12,20010,양주센터,1884.0,12.0,36.0,204.0,192.0,48.0,48.0,84.0,60.0,12.0,24.0,12.0,0.0,0.0,480.0,44,985.0,1609.0,3000.0,투데이,젤리류,수입젤리
126539,투데이)스위즐스드럼스틱버블검 100g,20250716,15,12,20017,울산상온센터(K7),948.0,0.0,48.0,120.0,84.0,36.0,24.0,24.0,12.0,0.0,0.0,24.0,12.0,0.0,288.0,24,686.0,1609.0,3000.0,투데이,젤리류,수입젤리
126539,투데이)스위즐스드럼스틱버블검 100g,20250716,15,12,20033,제주상온센터,348.0,0.0,24.0,0.0,144.0,24.0,12.0,12.0,0.0,0.0,12.0,0.0,0.0,0.0,192.0,16,300.0,1609.0,3000.0,투데이,젤리류,수입젤리
126539,투데이)스위즐스드럼스틱버블검 100g,20250716,15,12,20034,구성상온센터,1992.0,0.0,12.0,156.0,228.0,96.0,84.0,48.0,24.0,24.0,24.0,12.0,12.0,0.0,492.0,43,897.0,1609.0,3000.0,투데이,젤리류,수입젤리
126539,투데이)스위즐스드럼스틱버블검 100g,20250716,15,12,20050,세종상온센터,1344.0,24.0,48.0,168.0,168.0,144.0,60.0,24.0,12.0,0.0,12.0,0.0,0.0,0.0,528.0,50,897.0,1609.0,3000.0,투데이,젤리류,수입젤리
126539,투데이)스위즐스드럼스틱버블검 100g,20250716,15,12,20065,원주상온센터(K7),876.0,0.0,24.0,84.0,144.0,84.0,36.0,96.0,12.0,36.0,48.0,24.0,0.0,0.0,336.0,31,691.0,1609.0,3000.0,투데이,젤리류,수입젤리
126539,투데이)스위즐스드럼스틱버블검 100g,20250716,15,12,20075,인천상온센터,1260.0,60.0,84.0,168.0,144.0,48.0,60.0,24.0,48.0,12.0,12.0,0.0,0.0,0.0,444.0,43,807.0,1609.0,3000.0,투데이,젤리류,수입젤리
126539,투데이)스위즐스드럼스틱버블검 100g,20250716,15,12,20079,A광주상온센터,1092.0,36.0,24.0,120.0,108.0,24.0,60.0,60.0,12.0,24.0,0.0,0.0,0.0,0.0,276.0,28,713.0,1609.0,3000.0,투데이,젤리류,수입젤리
126539,투데이)스위즐스드럼스틱버블검 100g,20250716,15,12,20080,A의왕상온센터,1128.0,24.0,60.0,228.0,108.0,132.0,84.0,36.0,12.0,12.0,0.0,0.0,0.0,0.0,528.0,51,732.0,1609.0,3000.0,투데이,젤리류,수입젤리
126539,투데이)스위즐스드럼스틱버블검 100g,20250716,15,12,20081,A양산상온센터,1140.0,24.0,36.0,108.0,120.0,72.0,36.0,24.0,0.0,24.0,12.0,24.0,0.0,0.0,336.0,31,823.0,1609.0,3000.0,투데이,젤리류,수입젤리
126539,투데이)스위즐스드럼스틱버블검 100g,20250716,15,12,20083,김제상온센터,780.0,0.0,24.0,36.0,132.0,84.0,36.0,12.0,0.0,12.0,24.0,0.0,0.0,0.0,276.0,25,618.0,1609.0,3000.0,투데이,젤리류,수입젤리
126539,투데이)스위즐스드럼스틱버블검 100g,20250716,15,12,20084,천안상온센터,684.0,0.0,0.0,36.0,96.0,60.0,48.0,36.0,0.0,12.0,0.0,12.0,0.0,0.0,192.0,18,568.0,1609.0,3000.0,투데이,젤리류,수입젤리
126539,투데이)스위즐스드럼스틱버블검 100g,20250716,15,12,20085,인천B상온센터,1560.0,24.0,24.0,168.0,168.0,48.0,36.0,48.0,12.0,0.0,12.0,0.0,12.0,0.0,408.0,41,813.0,1609.0,3000.0,투데이,젤리류,수입젤리
126540,투데이)스위즐스드럼스틱사우어체리&애플 100g,20250716,15,12,20006,성남센터,1704.0,0.0,24.0,144.0,288.0,120.0,120.0,48.0,24.0,0.0,60.0,0.0,0.0,0.0,576.0,49,712.0,1609.0,3000.0,투데이,젤리류,수입젤리
126540,투데이)스위즐스드럼스틱사우어체리&애플 100g,20250716,15,12,20007,대구센터,1800.0,0.0,96.0,180.0,144.0,108.0,24.0,48.0,12.0,24.0,36.0,12.0,0.0,0.0,528.0,47,940.0,1609.0,3000.0,투데이,젤리류,수입젤리
126540,투데이)스위즐스드럼스틱사우어체리&애플 100g,20250716,15,12,20010,양주센터,2148.0,12.0,36.0,192.0,216.0,84.0,96.0,84.0,48.0,24.0,24.0,12.0,0.0,0.0,528.0,45,985.0,1609.0,3000.0,투데이,젤리류,수입젤리
126540,투데이)스위즐스드럼스틱사우어체리&애플 100g,20250716,15,12,20017,울산상온센터(K7),1080.0,0.0,48.0,108.0,72.0,48.0,12.0,24.0,24.0,0.0,0.0,12.0,12.0,0.0,276.0,24,686.0,1609.0,3000.0,투데이,젤리류,수입젤리
126540,투데이)스위즐스드럼스틱사우어체리&애플 100g,20250716,15,12,20033,제주상온센터,396.0,0.0,12.0,0.0,144.0,24.0,12.0,12.0,0.0,0.0,12.0,0.0,0.0,0.0,180.0,15,300.0,1609.0,3000.0,투데이,젤리류,수입젤리
126540,투데이)스위즐스드럼스틱사우어체리&애플 100g,20250716,15,12,20034,구성상온센터,2280.0,0.0,0.0,144.0,264.0,108.0,72.0,36.0,24.0,24.0,24.0,12.0,12.0,0.0,516.0,43,897.0,1609.0,3000.0,투데이,젤리류,수입젤리
126540,투데이)스위즐스드럼스틱사우어체리&애플 100g,20250716,15,12,20050,세종상온센터,1536.0,24.0,48.0,144.0,192.0,144.0,60.0,24.0,0.0,12.0,0.0,0.0,0.0,0.0,528.0,50,897.0,1609.0,3000.0,투데이,젤리류,수입젤리
126540,투데이)스위즐스드럼스틱사우어체리&애플 100g,20250716,15,12,20065,원주상온센터(K7),1008.0,0.0,36.0,84.0,180.0,72.0,72.0,96.0,12.0,36.0,48.0,24.0,0.0,0.0,372.0,33,691.0,1609.0,3000.0,투데이,젤리류,수입젤리
126540,투데이)스위즐스드럼스틱사우어체리&애플 100g,20250716,15,12,20075,인천상온센터,1440.0,60.0,72.0,156.0,168.0,48.0,60.0,12.0,36.0,0.0,12.0,0.0,0.0,0.0,444.0,44,807.0,1609.0,3000.0,투데이,젤리류,수입젤리
126540,투데이)스위즐스드럼스틱사우어체리&애플 100g,20250716,15,12,20079,A광주상온센터,1248.0,36.0,36.0,96.0,96.0,12.0,48.0,48.0,12.0,24.0,0.0,0.0,0.0,0.0,240.0,25,713.0,1609.0,3000.0,투데이,젤리류,수입젤리
126540,투데이)스위즐스드럼스틱사우어체리&애플 100g,20250716,15,12,20080,A의왕상온센터,1284.0,24.0,60.0,180.0,144.0,108.0,72.0,48.0,36.0,12.0,0.0,0.0,0.0,0.0,492.0,48,732.0,1609.0,3000.0,투데이,젤리류,수입젤리
126540,투데이)스위즐스드럼스틱사우어체리&애플 100g,20250716,15,12,20081,A양산상온센터,1296.0,24.0,24.0,144.0,132.0,108.0,48.0,36.0,0.0,24.0,12.0,24.0,0.0,0.0,408.0,36,823.0,1609.0,3000.0,투데이,젤리류,수입젤리
126540,투데이)스위즐스드럼스틱사우어체리&애플 100g,20250716,15,12,20083,김제상온센터,900.0,0.0,24.0,24.0,120.0,108.0,48.0,24.0,0.0,24.0,36.0,0.0,0.0,0.0,276.0,24,618.0,1609.0,3000.0,투데이,젤리류,수입젤리
126540,투데이)스위즐스드럼스틱사우어체리&애플 100g,20250716,15,12,20084,천안상온센터,792.0,0.0,0.0,48.0,96.0,60.0,36.0,36.0,0.0,12.0,0.0,12.0,0.0,0.0,204.0,18,568.0,1609.0,3000.0,투데이,젤리류,수입젤리
126540,투데이)스위즐스드럼스틱사우어체리&애플 100g,20250716,15,12,20085,인천B상온센터,1776.0,24.0,36.0,168.0,180.0,60.0,24.0,48.0,24.0,0.0,0.0,0.0,12.0,0.0,444.0,43,813.0,1609.0,3000.0,투데이,젤리류,수입젤리
126544,농심)클레오파트라솔트앤와사비50g,20250716,40,16,20006,성남센터,4256.0,0.0,0.0,48.0,688.0,320.0,368.0,96.0,160.0,48.0,112.0,32.0,0.0,0.0,1056.0,66,712.0,945.0,1700.0,농심,스낵류,감자스낵
126544,농심)클레오파트라솔트앤와사비50g,20250716,40,16,20007,대구센터,4480.0,0.0,96.0,464.0,464.0,416.0,96.0,144.0,96.0,64.0,64.0,32.0,0.0,0.0,1440.0,95,940.0,945.0,1700.0,농심,스낵류,감자스낵
126544,농심)클레오파트라솔트앤와사비50g,20250716,40,16,20010,양주센터,5360.0,0.0,32.0,432.0,656.0,288.0,192.0,240.0,64.0,48.0,64.0,16.0,0.0,0.0,1408.0,88,985.0,945.0,1700.0,농심,스낵류,감자스낵
126544,농심)클레오파트라솔트앤와사비50g,20250716,40,16,20017,울산상온센터(K7),2704.0,0.0,48.0,288.0,336.0,224.0,320.0,64.0,48.0,16.0,0.0,16.0,0.0,0.0,896.0,57,686.0,945.0,1700.0,농심,스낵류,감자스낵
126544,농심)클레오파트라솔트앤와사비50g,20250716,40,16,20033,제주상온센터,976.0,0.0,0.0,0.0,288.0,176.0,0.0,80.0,16.0,16.0,16.0,0.0,0.0,0.0,464.0,29,300.0,945.0,1700.0,농심,스낵류,감자스낵
126544,농심)클레오파트라솔트앤와사비50g,20250716,40,16,20034,구성상온센터,5680.0,0.0,0.0,64.0,816.0,496.0,112.0,160.0,48.0,48.0,64.0,48.0,16.0,0.0,1376.0,86,897.0,945.0,1700.0,농심,스낵류,감자스낵
126544,농심)클레오파트라솔트앤와사비50g,20250716,40,16,20050,세종상온센터,3840.0,0.0,32.0,320.0,528.0,336.0,112.0,128.0,96.0,16.0,32.0,0.0,0.0,0.0,1216.0,79,897.0,945.0,1700.0,농심,스낵류,감자스낵
126544,농심)클레오파트라솔트앤와사비50g,20250716,40,16,20065,원주상온센터(K7),2512.0,0.0,0.0,64.0,320.0,272.0,144.0,128.0,0.0,32.0,64.0,16.0,0.0,0.0,656.0,41,691.0,945.0,1700.0,농심,스낵류,감자스낵
126544,농심)클레오파트라솔트앤와사비50g,20250716,40,16,20075,인천상온센터,3600.0,0.0,96.0,304.0,384.0,192.0,224.0,48.0,80.0,32.0,64.0,0.0,0.0,0.0,976.0,65,807.0,945.0,1700.0,농심,스낵류,감자스낵
126544,농심)클레오파트라솔트앤와사비50g,20250716,40,16,20079,A광주상온센터,3104.0,0.0,48.0,192.0,240.0,144.0,176.0,64.0,16.0,32.0,0.0,0.0,0.0,0.0,624.0,40,713.0,945.0,1700.0,농심,스낵류,감자스낵
126544,농심)클레오파트라솔트앤와사비50g,20250716,40,16,20080,A의왕상온센터,3216.0,0.0,16.0,352.0,544.0,288.0,192.0,96.0,80.0,64.0,16.0,48.0,0.0,0.0,1200.0,77,732.0,945.0,1700.0,농심,스낵류,감자스낵
126544,농심)클레오파트라솔트앤와사비50g,20250716,40,16,20081,A양산상온센터,3232.0,0.0,16.0,176.0,384.0,352.0,80.0,112.0,64.0,16.0,32.0,32.0,0.0,0.0,928.0,59,823.0,945.0,1700.0,농심,스낵류,감자스낵
126544,농심)클레오파트라솔트앤와사비50g,20250716,40,16,20083,김제상온센터,2240.0,0.0,0.0,80.0,192.0,144.0,96.0,48.0,32.0,64.0,16.0,16.0,0.0,0.0,416.0,26,618.0,945.0,1700.0,농심,스낵류,감자스낵
126544,농심)클레오파트라솔트앤와사비50g,20250716,40,16,20084,천안상온센터,1968.0,0.0,0.0,64.0,288.0,208.0,96.0,80.0,32.0,48.0,16.0,16.0,0.0,0.0,560.0,36,568.0,945.0,1700.0,농심,스낵류,감자스낵
126544,농심)클레오파트라솔트앤와사비50g,20250716,40,16,20085,인천B상온센터,4448.0,0.0,32.0,240.0,624.0,240.0,144.0,96.0,48.0,0.0,16.0,48.0,16.0,0.0,1136.0,71,813.0,945.0,1700.0,농심,스낵류,감자스낵
126545,PB)솔티스위트팝콘80g,20250717,40,12,20006,성남센터,5856.0,0.0,408.0,264.0,252.0,228.0,108.0,48.0,96.0,48.0,24.0,0.0,0.0,0.0,1152.0,97,712.0,949.0,1800.0,PB,스낵류,옥수수스낵
126545,PB)솔티스위트팝콘80g,20250717,40,12,20007,대구센터,6156.0,228.0,372.0,396.0,96.0,96.0,96.0,144.0,72.0,60.0,36.0,12.0,0.0,0.0,960.0,105,940.0,949.0,1800.0,PB,스낵류,옥수수스낵
126545,PB)솔티스위트팝콘80g,20250717,40,12,20010,양주센터,7368.0,192.0,444.0,288.0,156.0,120.0,84.0,36.0,24.0,72.0,24.0,0.0,0.0,0.0,1008.0,102,985.0,949.0,1800.0,PB,스낵류,옥수수스낵
126545,PB)솔티스위트팝콘80g,20250717,40,12,20017,울산상온센터(K7),3708.0,84.0,204.0,180.0,180.0,84.0,48.0,24.0,24.0,36.0,0.0,12.0,0.0,0.0,648.0,62,686.0,949.0,1800.0,PB,스낵류,옥수수스낵
126545,PB)솔티스위트팝콘80g,20250717,40,12,20033,제주상온센터,1344.0,0.0,132.0,84.0,48.0,24.0,0.0,24.0,24.0,12.0,12.0,0.0,0.0,0.0,288.0,24,300.0,949.0,1800.0,PB,스낵류,옥수수스낵
126545,PB)솔티스위트팝콘80g,20250717,40,12,20034,구성상온센터,7812.0,0.0,336.0,192.0,156.0,132.0,72.0,24.0,48.0,36.0,0.0,0.0,0.0,0.0,816.0,69,897.0,949.0,1800.0,PB,스낵류,옥수수스낵
126545,PB)솔티스위트팝콘80g,20250717,40,12,20050,세종상온센터,5280.0,156.0,252.0,228.0,96.0,72.0,96.0,72.0,36.0,24.0,48.0,0.0,0.0,0.0,648.0,69,897.0,949.0,1800.0,PB,스낵류,옥수수스낵
126545,PB)솔티스위트팝콘80g,20250717,40,12,20065,원주상온센터(K7),3444.0,0.0,156.0,216.0,168.0,108.0,36.0,36.0,48.0,0.0,0.0,0.0,0.0,0.0,648.0,54,691.0,949.0,1800.0,PB,스낵류,옥수수스낵
126545,PB)솔티스위트팝콘80g,20250717,40,12,20075,인천상온센터,4956.0,156.0,228.0,108.0,120.0,60.0,168.0,24.0,24.0,12.0,12.0,24.0,0.0,0.0,516.0,57,807.0,949.0,1800.0,PB,스낵류,옥수수스낵
126545,PB)솔티스위트팝콘80g,20250717,40,12,20079,A광주상온센터,4260.0,96.0,156.0,192.0,96.0,72.0,48.0,60.0,48.0,72.0,24.0,0.0,0.0,0.0,516.0,55,713.0,949.0,1800.0,PB,스낵류,옥수수스낵
126545,PB)솔티스위트팝콘80g,20250717,40,12,20080,A의왕상온센터,4416.0,240.0,432.0,288.0,144.0,132.0,132.0,36.0,48.0,36.0,36.0,12.0,0.0,0.0,996.0,108,732.0,949.0,1800.0,PB,스낵류,옥수수스낵
126545,PB)솔티스위트팝콘80g,20250717,40,12,20081,A양산상온센터,4452.0,72.0,132.0,252.0,72.0,108.0,48.0,48.0,24.0,60.0,0.0,0.0,0.0,0.0,564.0,55,823.0,949.0,1800.0,PB,스낵류,옥수수스낵
126545,PB)솔티스위트팝콘80g,20250717,40,12,20083,김제상온센터,3072.0,36.0,108.0,156.0,60.0,36.0,60.0,12.0,24.0,12.0,0.0,0.0,0.0,0.0,360.0,33,618.0,949.0,1800.0,PB,스낵류,옥수수스낵
126545,PB)솔티스위트팝콘80g,20250717,40,12,20084,천안상온센터,2688.0,0.0,168.0,204.0,108.0,108.0,24.0,36.0,24.0,12.0,0.0,0.0,0.0,0.0,588.0,51,568.0,949.0,1800.0,PB,스낵류,옥수수스낵
126545,PB)솔티스위트팝콘80g,20250717,40,12,20085,인천B상온센터,6108.0,48.0,288.0,204.0,72.0,84.0,108.0,48.0,48.0,36.0,48.0,0.0,0.0,0.0,648.0,57,813.0,949.0,1800.0,PB,스낵류,옥수수스낵
126546,MQ)프링글스한국식닭강정맛100g,20250716,30,1,20006,성남센터,1068.0,0.0,0.0,0.0,129.0,110.0,109.0,35.0,58.0,22.0,32.0,10.0,0.0,0.0,239.0,63,712.0,2363.0,4000.0,MQ,스낵류,감자스낵
126546,MQ)프링글스한국식닭강정맛100g,20250716,30,1,20007,대구센터,1128.0,0.0,0.0,107.0,161.0,159.0,59.0,71.0,30.0,16.0,16.0,12.0,0.0,0.0,427.0,120,940.0,2363.0,4000.0,MQ,스낵류,감자스낵
126546,MQ)프링글스한국식닭강정맛100g,20250716,30,1,20010,양주센터,1344.0,0.0,0.0,74.0,197.0,155.0,70.0,93.0,22.0,32.0,24.0,16.0,0.0,0.0,426.0,111,985.0,2363.0,4000.0,MQ,스낵류,감자스낵
126546,MQ)프링글스한국식닭강정맛100g,20250716,30,1,20017,울산상온센터(K7),684.0,0.0,0.0,42.0,60.0,109.0,74.0,27.0,32.0,8.0,2.0,12.0,0.0,0.0,211.0,55,686.0,2363.0,4000.0,MQ,스낵류,감자스낵
126546,MQ)프링글스한국식닭강정맛100g,20250716,30,1,20033,제주상온센터,252.0,0.0,0.0,0.0,69.0,58.0,20.0,2.0,8.0,8.0,12.0,0.0,0.0,0.0,127.0,33,300.0,2363.0,4000.0,MQ,스낵류,감자스낵
126546,MQ)프링글스한국식닭강정맛100g,20250716,30,1,20034,구성상온센터,1428.0,0.0,0.0,0.0,165.0,211.0,80.0,73.0,45.0,8.0,16.0,24.0,0.0,0.0,376.0,100,897.0,2363.0,4000.0,MQ,스낵류,감자스낵
126546,MQ)프링글스한국식닭강정맛100g,20250716,30,1,20050,세종상온센터,960.0,0.0,0.0,94.0,163.0,107.0,73.0,52.0,36.0,12.0,17.0,4.0,0.0,0.0,364.0,98,897.0,2363.0,4000.0,MQ,스낵류,감자스낵
126546,MQ)프링글스한국식닭강정맛100g,20250716,30,1,20065,원주상온센터(K7),636.0,0.0,0.0,0.0,89.0,118.0,87.0,45.0,8.0,13.0,20.0,8.0,0.0,0.0,207.0,60,691.0,2363.0,4000.0,MQ,스낵류,감자스낵
126546,MQ)프링글스한국식닭강정맛100g,20250716,30,1,20075,인천상온센터,900.0,0.0,0.0,86.0,136.0,47.0,104.0,35.0,31.0,12.0,4.0,4.0,0.0,0.0,269.0,76,807.0,2363.0,4000.0,MQ,스낵류,감자스낵
126546,MQ)프링글스한국식닭강정맛100g,20250716,30,1,20079,A광주상온센터,780.0,0.0,0.0,61.0,85.0,66.0,57.0,54.0,8.0,16.0,0.0,0.0,0.0,0.0,212.0,55,713.0,2363.0,4000.0,MQ,스낵류,감자스낵
126546,MQ)프링글스한국식닭강정맛100g,20250716,30,1,20080,A의왕상온센터,804.0,0.0,0.0,71.0,169.0,113.0,84.0,53.0,18.0,14.0,12.0,9.0,0.0,0.0,353.0,98,732.0,2363.0,4000.0,MQ,스낵류,감자스낵
126546,MQ)프링글스한국식닭강정맛100g,20250716,30,1,20081,A양산상온센터,816.0,0.0,0.0,44.0,84.0,90.0,58.0,37.0,12.0,6.0,4.0,4.0,0.0,0.0,218.0,59,823.0,2363.0,4000.0,MQ,스낵류,감자스낵
126546,MQ)프링글스한국식닭강정맛100g,20250716,30,1,20083,김제상온센터,564.0,0.0,0.0,34.0,76.0,90.0,44.0,35.0,13.0,12.0,6.0,8.0,0.0,0.0,200.0,49,618.0,2363.0,4000.0,MQ,스낵류,감자스낵
126546,MQ)프링글스한국식닭강정맛100g,20250716,30,1,20084,천안상온센터,492.0,0.0,0.0,0.0,112.0,77.0,70.0,40.0,25.0,12.0,4.0,2.0,0.0,0.0,189.0,48,568.0,2363.0,4000.0,MQ,스낵류,감자스낵
126546,MQ)프링글스한국식닭강정맛100g,20250716,30,1,20085,인천B상온센터,1116.0,0.0,0.0,56.0,165.0,98.0,51.0,38.0,24.0,0.0,10.0,12.0,4.0,0.0,319.0,84,813.0,2363.0,4000.0,MQ,스낵류,감자스낵
126547,MQ)프링글스캐리비안식치킨맛100g,20250716,30,1,20006,성남센터,1200.0,0.0,0.0,20.0,224.0,88.0,93.0,38.0,48.0,22.0,28.0,6.0,0.0,0.0,332.0,88,712.0,2363.0,4000.0,MQ,스낵류,감자스낵
126547,MQ)프링글스캐리비안식치킨맛100g,20250716,30,1,20007,대구센터,1260.0,0.0,24.0,145.0,190.0,130.0,39.0,53.0,30.0,12.0,12.0,8.0,0.0,0.0,489.0,134,940.0,2363.0,4000.0,MQ,스낵류,감자스낵
126547,MQ)프링글스캐리비안식치킨맛100g,20250716,30,1,20010,양주센터,1512.0,0.0,16.0,146.0,216.0,139.0,66.0,87.0,22.0,24.0,20.0,12.0,0.0,0.0,517.0,136,985.0,2363.0,4000.0,MQ,스낵류,감자스낵
126547,MQ)프링글스캐리비안식치킨맛100g,20250716,30,1,20017,울산상온센터(K7),768.0,0.0,12.0,66.0,98.0,101.0,63.0,20.0,24.0,8.0,2.0,12.0,0.0,0.0,277.0,72,686.0,2363.0,4000.0,MQ,스낵류,감자스낵
126547,MQ)프링글스캐리비안식치킨맛100g,20250716,30,1,20033,제주상온센터,276.0,0.0,0.0,4.0,108.0,54.0,4.0,2.0,8.0,4.0,8.0,0.0,0.0,0.0,166.0,42,300.0,2363.0,4000.0,MQ,스낵류,감자스낵
126547,MQ)프링글스캐리비안식치킨맛100g,20250716,30,1,20034,구성상온센터,1608.0,0.0,0.0,28.0,247.0,185.0,63.0,61.0,41.0,8.0,12.0,16.0,0.0,0.0,460.0,123,897.0,2363.0,4000.0,MQ,스낵류,감자스낵
126547,MQ)프링글스캐리비안식치킨맛100g,20250716,30,1,20050,세종상온센터,1080.0,0.0,10.0,120.0,208.0,85.0,61.0,49.0,34.0,12.0,12.0,4.0,0.0,0.0,423.0,116,897.0,2363.0,4000.0,MQ,스낵류,감자스낵
126547,MQ)프링글스캐리비안식치킨맛100g,20250716,30,1,20065,원주상온센터(K7),708.0,0.0,0.0,25.0,128.0,103.0,62.0,37.0,8.0,13.0,16.0,8.0,0.0,0.0,256.0,74,691.0,2363.0,4000.0,MQ,스낵류,감자스낵
126547,MQ)프링글스캐리비안식치킨맛100g,20250716,30,1,20075,인천상온센터,1020.0,0.0,27.0,133.0,144.0,35.0,92.0,28.0,27.0,8.0,4.0,4.0,0.0,0.0,339.0,93,807.0,2363.0,4000.0,MQ,스낵류,감자스낵
126547,MQ)프링글스캐리비안식치킨맛100g,20250716,30,1,20079,A광주상온센터,876.0,0.0,15.0,81.0,94.0,54.0,37.0,52.0,6.0,13.0,0.0,0.0,0.0,0.0,244.0,65,713.0,2363.0,4000.0,MQ,스낵류,감자스낵
126547,MQ)프링글스캐리비안식치킨맛100g,20250716,30,1,20080,A의왕상온센터,912.0,0.0,3.0,127.0,192.0,90.0,74.0,41.0,14.0,14.0,8.0,9.0,0.0,0.0,412.0,115,732.0,2363.0,4000.0,MQ,스낵류,감자스낵
126547,MQ)프링글스캐리비안식치킨맛100g,20250716,30,1,20081,A양산상온센터,912.0,0.0,4.0,75.0,100.0,78.0,54.0,33.0,12.0,8.0,4.0,4.0,0.0,0.0,257.0,71,823.0,2363.0,4000.0,MQ,스낵류,감자스낵
126547,MQ)프링글스캐리비안식치킨맛100g,20250716,30,1,20083,김제상온센터,636.0,0.0,0.0,42.0,76.0,80.0,40.0,35.0,4.0,12.0,6.0,8.0,0.0,0.0,198.0,50,618.0,2363.0,4000.0,MQ,스낵류,감자스낵
126547,MQ)프링글스캐리비안식치킨맛100g,20250716,30,1,20084,천안상온센터,552.0,0.0,0.0,17.0,140.0,73.0,62.0,32.0,24.0,12.0,0.0,2.0,0.0,0.0,230.0,59,568.0,2363.0,4000.0,MQ,스낵류,감자스낵
126547,MQ)프링글스캐리비안식치킨맛100g,20250716,30,1,20085,인천B상온센터,1248.0,0.0,8.0,102.0,187.0,79.0,47.0,34.0,24.0,0.0,10.0,8.0,4.0,0.0,376.0,100,813.0,2363.0,4000.0,MQ,스낵류,감자스낵
126736,PB)이정후프로틴바50g,20250723,30,10,20006,성남센터,7900.0,140.0,60.0,140.0,1090.0,290.0,900.0,1110.0,560.0,10.0,0.0,120.0,0.0,0.0,1580.0,173,713.0,645.0,1500.0,PB,프로틴/시리얼,영양바류
126736,PB)이정후프로틴바50g,20250723,30,10,20007,대구센터,8200.0,180.0,90.0,370.0,360.0,730.0,860.0,630.0,210.0,40.0,60.0,10.0,0.0,0.0,1550.0,192,941.0,645.0,1500.0,PB,프로틴/시리얼,영양바류
126736,PB)이정후프로틴바50g,20250723,30,10,20010,양주센터,9700.0,230.0,90.0,680.0,1040.0,590.0,860.0,680.0,290.0,10.0,10.0,40.0,0.0,0.0,2400.0,261,985.0,645.0,1500.0,PB,프로틴/시리얼,영양바류
126736,PB)이정후프로틴바50g,20250723,30,10,20017,울산상온센터(K7),4900.0,100.0,90.0,200.0,320.0,300.0,510.0,330.0,140.0,30.0,30.0,20.0,0.0,0.0,910.0,126,686.0,645.0,1500.0,PB,프로틴/시리얼,영양바류
126736,PB)이정후프로틴바50g,20250723,30,10,20033,제주상온센터,1800.0,50.0,80.0,50.0,110.0,60.0,90.0,40.0,60.0,0.0,10.0,0.0,0.0,0.0,300.0,55,299.0,645.0,1500.0,PB,프로틴/시리얼,영양바류
126736,PB)이정후프로틴바50g,20250723,30,10,20034,구성상온센터,10300.0,240.0,60.0,140.0,1310.0,680.0,1160.0,870.0,350.0,30.0,70.0,280.0,10.0,0.0,2190.0,232,894.0,645.0,1500.0,PB,프로틴/시리얼,영양바류
126736,PB)이정후프로틴바50g,20250723,30,10,20050,세종상온센터,6900.0,160.0,110.0,410.0,500.0,400.0,390.0,290.0,150.0,20.0,130.0,20.0,0.0,0.0,1420.0,178,898.0,645.0,1500.0,PB,프로틴/시리얼,영양바류
126736,PB)이정후프로틴바50g,20250723,30,10,20065,원주상온센터(K7),4600.0,80.0,30.0,140.0,550.0,110.0,420.0,480.0,190.0,10.0,10.0,10.0,10.0,0.0,830.0,98,691.0,645.0,1500.0,PB,프로틴/시리얼,영양바류
126736,PB)이정후프로틴바50g,20250723,30,10,20075,인천상온센터,6500.0,220.0,100.0,360.0,450.0,500.0,570.0,440.0,310.0,30.0,50.0,30.0,0.0,0.0,1410.0,168,808.0,645.0,1500.0,PB,프로틴/시리얼,영양바류
126736,PB)이정후프로틴바50g,20250723,30,10,20079,A광주상온센터,5600.0,100.0,30.0,440.0,390.0,610.0,940.0,570.0,20.0,30.0,190.0,10.0,0.0,0.0,1470.0,167,711.0,645.0,1500.0,PB,프로틴/시리얼,영양바류
126736,PB)이정후프로틴바50g,20250723,30,10,20080,A의왕상온센터,5800.0,150.0,200.0,600.0,750.0,500.0,830.0,650.0,120.0,40.0,0.0,20.0,0.0,0.0,2050.0,221,733.0,645.0,1500.0,PB,프로틴/시리얼,영양바류
126736,PB)이정후프로틴바50g,20250723,30,10,20081,A양산상온센터,5800.0,80.0,80.0,210.0,320.0,390.0,290.0,240.0,60.0,10.0,20.0,0.0,0.0,0.0,1000.0,132,823.0,645.0,1500.0,PB,프로틴/시리얼,영양바류
126736,PB)이정후프로틴바50g,20250723,30,10,20083,김제상온센터,4000.0,40.0,50.0,130.0,220.0,230.0,430.0,290.0,50.0,0.0,20.0,0.0,0.0,0.0,630.0,76,614.0,645.0,1500.0,PB,프로틴/시리얼,영양바류
126736,PB)이정후프로틴바50g,20250723,30,10,20084,천안상온센터,3600.0,60.0,70.0,90.0,510.0,690.0,440.0,280.0,100.0,10.0,10.0,80.0,0.0,0.0,1360.0,139,566.0,645.0,1500.0,PB,프로틴/시리얼,영양바류
126736,PB)이정후프로틴바50g,20250723,30,10,20085,인천B상온센터,8000.0,210.0,50.0,330.0,550.0,500.0,750.0,440.0,180.0,0.0,30.0,30.0,0.0,0.0,1430.0,171,807.0,645.0,1500.0,PB,프로틴/시리얼,영양바류
126747,해태)자가비밀크쉐이크맛45g,20250723,50,12,20006,성남센터,9372.0,120.0,108.0,144.0,684.0,168.0,384.0,192.0,276.0,24.0,0.0,72.0,0.0,0.0,1104.0,105,713.0,1127.0,2000.0,해태,스낵류,감자스낵
126747,해태)자가비밀크쉐이크맛45g,20250723,50,12,20007,대구센터,9780.0,168.0,144.0,408.0,312.0,432.0,276.0,144.0,84.0,48.0,60.0,0.0,0.0,0.0,1296.0,125,941.0,1127.0,2000.0,해태,스낵류,감자스낵
126747,해태)자가비밀크쉐이크맛45g,20250723,50,12,20010,양주센터,11628.0,156.0,132.0,408.0,444.0,264.0,240.0,156.0,96.0,24.0,0.0,12.0,0.0,0.0,1248.0,121,985.0,1127.0,2000.0,해태,스낵류,감자스낵
126747,해태)자가비밀크쉐이크맛45g,20250723,50,12,20017,울산상온센터(K7),5796.0,96.0,132.0,192.0,228.0,216.0,252.0,72.0,24.0,12.0,24.0,12.0,0.0,0.0,768.0,73,686.0,1127.0,2000.0,해태,스낵류,감자스낵
126747,해태)자가비밀크쉐이크맛45g,20250723,50,12,20033,제주상온센터,2136.0,12.0,84.0,84.0,120.0,84.0,72.0,12.0,12.0,12.0,0.0,12.0,0.0,0.0,372.0,33,299.0,1127.0,2000.0,해태,스낵류,감자스낵
126747,해태)자가비밀크쉐이크맛45g,20250723,50,12,20034,구성상온센터,12252.0,156.0,108.0,180.0,684.0,408.0,192.0,204.0,72.0,36.0,60.0,48.0,0.0,0.0,1380.0,129,894.0,1127.0,2000.0,해태,스낵류,감자스낵
126747,해태)자가비밀크쉐이크맛45g,20250723,50,12,20050,세종상온센터,8280.0,156.0,132.0,384.0,384.0,192.0,48.0,96.0,36.0,48.0,36.0,0.0,0.0,0.0,1092.0,106,898.0,1127.0,2000.0,해태,스낵류,감자스낵
126747,해태)자가비밀크쉐이크맛45g,20250723,50,12,20065,원주상온센터(K7),5436.0,72.0,60.0,204.0,396.0,132.0,192.0,48.0,12.0,0.0,0.0,12.0,12.0,0.0,792.0,73,691.0,1127.0,2000.0,해태,스낵류,감자스낵
126747,해태)자가비밀크쉐이크맛45g,20250723,50,12,20075,인천상온센터,7692.0,180.0,144.0,336.0,456.0,132.0,60.0,84.0,84.0,24.0,48.0,0.0,0.0,0.0,1068.0,107,808.0,1127.0,2000.0,해태,스낵류,감자스낵
126747,해태)자가비밀크쉐이크맛45g,20250723,50,12,20079,A광주상온센터,6708.0,60.0,48.0,180.0,180.0,180.0,96.0,48.0,24.0,12.0,24.0,0.0,0.0,0.0,588.0,56,711.0,1127.0,2000.0,해태,스낵류,감자스낵
126747,해태)자가비밀크쉐이크맛45g,20250723,50,12,20080,A의왕상온센터,6936.0,216.0,144.0,396.0,504.0,204.0,156.0,48.0,24.0,36.0,24.0,0.0,0.0,0.0,1248.0,125,733.0,1127.0,2000.0,해태,스낵류,감자스낵
126747,해태)자가비밀크쉐이크맛45g,20250723,50,12,20081,A양산상온센터,6960.0,156.0,72.0,168.0,300.0,216.0,156.0,108.0,24.0,0.0,24.0,12.0,0.0,0.0,756.0,78,823.0,1127.0,2000.0,해태,스낵류,감자스낵
126747,해태)자가비밀크쉐이크맛45g,20250723,50,12,20083,김제상온센터,4764.0,60.0,84.0,60.0,168.0,96.0,60.0,120.0,24.0,12.0,0.0,12.0,0.0,0.0,408.0,39,614.0,1127.0,2000.0,해태,스낵류,감자스낵
126747,해태)자가비밀크쉐이크맛45g,20250723,50,12,20084,천안상온센터,4224.0,48.0,36.0,96.0,312.0,168.0,72.0,72.0,36.0,24.0,0.0,24.0,0.0,0.0,612.0,55,566.0,1127.0,2000.0,해태,스낵류,감자스낵
126747,해태)자가비밀크쉐이크맛45g,20250723,50,12,20085,인천B상온센터,9540.0,216.0,60.0,228.0,300.0,228.0,168.0,168.0,48.0,12.0,24.0,24.0,12.0,0.0,816.0,86,807.0,1127.0,2000.0,해태,스낵류,감자스낵
126749,PB)최강록의리얼웨지감자45g,20250723,40,16,20006,성남센터,6944.0,112.0,80.0,32.0,848.0,192.0,1232.0,896.0,1120.0,32.0,16.0,144.0,0.0,0.0,1152.0,84,713.0,1090.0,2000.0,PB,스낵류,감자스낵
126749,PB)최강록의리얼웨지감자45g,20250723,40,16,20007,대구센터,7248.0,160.0,96.0,272.0,256.0,288.0,368.0,224.0,64.0,16.0,32.0,0.0,0.0,0.0,912.0,71,941.0,1090.0,2000.0,PB,스낵류,감자스낵
126749,PB)최강록의리얼웨지감자45g,20250723,40,16,20010,양주센터,8624.0,224.0,64.0,464.0,512.0,352.0,320.0,256.0,128.0,0.0,0.0,16.0,0.0,0.0,1392.0,104,985.0,1090.0,2000.0,PB,스낵류,감자스낵
126749,PB)최강록의리얼웨지감자45g,20250723,40,16,20017,울산상온센터(K7),4288.0,64.0,80.0,320.0,208.0,192.0,368.0,96.0,32.0,16.0,0.0,16.0,0.0,0.0,800.0,55,686.0,1090.0,2000.0,PB,스낵류,감자스낵
126749,PB)최강록의리얼웨지감자45g,20250723,40,16,20033,제주상온센터,1584.0,48.0,64.0,80.0,160.0,112.0,64.0,32.0,48.0,0.0,0.0,0.0,0.0,0.0,416.0,36,299.0,1090.0,2000.0,PB,스낵류,감자스낵
126749,PB)최강록의리얼웨지감자45g,20250723,40,16,20034,구성상온센터,9072.0,64.0,80.0,176.0,704.0,384.0,192.0,208.0,16.0,16.0,48.0,160.0,0.0,0.0,1344.0,88,894.0,1090.0,2000.0,PB,스낵류,감자스낵
126749,PB)최강록의리얼웨지감자45g,20250723,40,16,20050,세종상온센터,6128.0,96.0,128.0,256.0,288.0,240.0,368.0,80.0,48.0,48.0,48.0,0.0,0.0,0.0,912.0,64,898.0,1090.0,2000.0,PB,스낵류,감자스낵
126749,PB)최강록의리얼웨지감자45g,20250723,40,16,20065,원주상온센터(K7),4032.0,48.0,48.0,176.0,384.0,80.0,208.0,64.0,0.0,0.0,0.0,0.0,16.0,0.0,688.0,48,691.0,1090.0,2000.0,PB,스낵류,감자스낵
126749,PB)최강록의리얼웨지감자45g,20250723,40,16,20075,인천상온센터,5696.0,144.0,192.0,224.0,448.0,272.0,496.0,528.0,352.0,16.0,208.0,160.0,0.0,0.0,1136.0,84,808.0,1090.0,2000.0,PB,스낵류,감자스낵
126749,PB)최강록의리얼웨지감자45g,20250723,40,16,20079,A광주상온센터,4976.0,96.0,48.0,352.0,272.0,384.0,304.0,160.0,16.0,16.0,16.0,0.0,0.0,0.0,1056.0,77,711.0,1090.0,2000.0,PB,스낵류,감자스낵
126749,PB)최강록의리얼웨지감자45g,20250723,40,16,20080,A의왕상온센터,5136.0,144.0,160.0,512.0,736.0,384.0,288.0,144.0,96.0,16.0,80.0,48.0,0.0,0.0,1792.0,124,733.0,1090.0,2000.0,PB,스낵류,감자스낵
126749,PB)최강록의리얼웨지감자45g,20250723,40,16,20081,A양산상온센터,5152.0,160.0,64.0,128.0,96.0,416.0,304.0,64.0,16.0,16.0,16.0,0.0,0.0,0.0,704.0,56,823.0,1090.0,2000.0,PB,스낵류,감자스낵
126749,PB)최강록의리얼웨지감자45g,20250723,40,16,20083,김제상온센터,3536.0,32.0,48.0,64.0,48.0,48.0,48.0,32.0,16.0,0.0,0.0,0.0,0.0,0.0,208.0,17,614.0,1090.0,2000.0,PB,스낵류,감자스낵
126749,PB)최강록의리얼웨지감자45g,20250723,40,16,20084,천안상온센터,3136.0,48.0,96.0,32.0,384.0,272.0,160.0,32.0,32.0,16.0,0.0,32.0,0.0,0.0,784.0,56,566.0,1090.0,2000.0,PB,스낵류,감자스낵
126749,PB)최강록의리얼웨지감자45g,20250723,40,16,20085,인천B상온센터,7072.0,144.0,48.0,176.0,400.0,400.0,848.0,576.0,48.0,0.0,32.0,32.0,0.0,0.0,1024.0,75,807.0,1090.0,2000.0,PB,스낵류,감자스낵
126751,위스트)마라곤약 마라맛,20250723,15,20,20006,성남센터,1440.0,0.0,0.0,0.0,260.0,100.0,200.0,60.0,80.0,0.0,0.0,20.0,0.0,0.0,360.0,20,713.0,633.0,1200.0,위스트,젤리류,수입젤리
126751,위스트)마라곤약 마라맛,20250723,15,20,20007,대구센터,1800.0,0.0,0.0,20.0,120.0,220.0,140.0,60.0,100.0,20.0,40.0,20.0,0.0,0.0,360.0,22,941.0,633.0,1200.0,위스트,젤리류,수입젤리
126751,위스트)마라곤약 마라맛,20250723,15,20,20010,양주센터,1800.0,0.0,0.0,160.0,200.0,120.0,20.0,120.0,60.0,40.0,20.0,0.0,0.0,0.0,480.0,27,985.0,633.0,1200.0,위스트,젤리류,수입젤리
126751,위스트)마라곤약 마라맛,20250723,15,20,20017,울산상온센터(K7),1080.0,0.0,0.0,40.0,120.0,80.0,40.0,20.0,0.0,20.0,0.0,0.0,0.0,0.0,240.0,12,686.0,633.0,1200.0,위스트,젤리류,수입젤리
126751,위스트)마라곤약 마라맛,20250723,15,20,20033,제주상온센터,360.0,0.0,0.0,0.0,80.0,120.0,40.0,0.0,0.0,0.0,0.0,0.0,0.0,0.0,200.0,11,299.0,633.0,1200.0,위스트,젤리류,수입젤리
126751,위스트)마라곤약 마라맛,20250723,15,20,20034,구성상온센터,2160.0,0.0,0.0,0.0,280.0,40.0,100.0,60.0,60.0,0.0,40.0,40.0,0.0,0.0,320.0,20,894.0,633.0,1200.0,위스트,젤리류,수입젤리
126751,위스트)마라곤약 마라맛,20250723,15,20,20050,세종상온센터,1440.0,0.0,0.0,80.0,220.0,180.0,100.0,40.0,20.0,20.0,20.0,0.0,0.0,0.0,480.0,26,898.0,633.0,1200.0,위스트,젤리류,수입젤리
126751,위스트)마라곤약 마라맛,20250723,15,20,20065,원주상온센터(K7),1080.0,0.0,0.0,0.0,220.0,80.0,20.0,0.0,0.0,0.0,20.0,20.0,20.0,0.0,300.0,15,691.0,633.0,1200.0,위스트,젤리류,수입젤리
126751,위스트)마라곤약 마라맛,20250723,15,20,20075,인천상온센터,1440.0,0.0,0.0,100.0,220.0,80.0,20.0,40.0,40.0,20.0,20.0,20.0,0.0,0.0,400.0,20,808.0,633.0,1200.0,위스트,젤리류,수입젤리
126751,위스트)마라곤약 마라맛,20250723,15,20,20079,A광주상온센터,1080.0,0.0,0.0,200.0,120.0,60.0,80.0,0.0,20.0,0.0,0.0,0.0,0.0,0.0,380.0,19,711.0,633.0,1200.0,위스트,젤리류,수입젤리
126751,위스트)마라곤약 마라맛,20250723,15,20,20080,A의왕상온센터,1080.0,0.0,0.0,80.0,240.0,220.0,100.0,40.0,60.0,0.0,0.0,0.0,0.0,0.0,540.0,29,733.0,633.0,1200.0,위스트,젤리류,수입젤리
126751,위스트)마라곤약 마라맛,20250723,15,20,20081,A양산상온센터,1080.0,0.0,0.0,40.0,80.0,160.0,40.0,40.0,20.0,0.0,0.0,20.0,0.0,0.0,280.0,16,823.0,633.0,1200.0,위스트,젤리류,수입젤리
126751,위스트)마라곤약 마라맛,20250723,15,20,20083,김제상온센터,720.0,0.0,0.0,60.0,20.0,120.0,80.0,100.0,20.0,20.0,0.0,0.0,0.0,0.0,200.0,10,614.0,633.0,1200.0,위스트,젤리류,수입젤리
126751,위스트)마라곤약 마라맛,20250723,15,20,20084,천안상온센터,720.0,0.0,0.0,0.0,180.0,40.0,20.0,0.0,20.0,20.0,0.0,0.0,0.0,0.0,220.0,12,566.0,633.0,1200.0,위스트,젤리류,수입젤리
126751,위스트)마라곤약 마라맛,20250723,15,20,20085,인천B상온센터,1440.0,0.0,0.0,80.0,100.0,120.0,100.0,60.0,20.0,40.0,0.0,0.0,0.0,0.0,300.0,20,807.0,633.0,1200.0,위스트,젤리류,수입젤리
126752,위스트)마라곤약 향라맛,20250723,15,20,20006,성남센터,1800.0,60.0,80.0,40.0,400.0,20.0,20.0,60.0,80.0,0.0,0.0,20.0,0.0,0.0,540.0,32,713.0,633.0,1200.0,위스트,젤리류,수입젤리
126752,위스트)마라곤약 향라맛,20250723,15,20,20007,대구센터,2160.0,60.0,100.0,140.0,160.0,80.0,100.0,40.0,40.0,20.0,40.0,0.0,0.0,0.0,480.0,28,941.0,633.0,1200.0,위스트,젤리류,수입젤리
126752,위스트)마라곤약 향라맛,20250723,15,20,20010,양주센터,2160.0,40.0,60.0,160.0,240.0,120.0,20.0,120.0,40.0,0.0,40.0,0.0,0.0,0.0,580.0,33,985.0,633.0,1200.0,위스트,젤리류,수입젤리
126752,위스트)마라곤약 향라맛,20250723,15,20,20017,울산상온센터(K7),1080.0,0.0,20.0,60.0,80.0,80.0,40.0,0.0,0.0,20.0,0.0,0.0,0.0,0.0,240.0,13,686.0,633.0,1200.0,위스트,젤리류,수입젤리
126752,위스트)마라곤약 향라맛,20250723,15,20,20033,제주상온센터,720.0,20.0,40.0,40.0,60.0,100.0,40.0,0.0,0.0,20.0,0.0,0.0,0.0,0.0,240.0,14,299.0,633.0,1200.0,위스트,젤리류,수입젤리
126752,위스트)마라곤약 향라맛,20250723,15,20,20034,구성상온센터,2520.0,80.0,60.0,120.0,280.0,40.0,40.0,60.0,20.0,0.0,20.0,40.0,0.0,0.0,500.0,31,894.0,633.0,1200.0,위스트,젤리류,수입젤리
126752,위스트)마라곤약 향라맛,20250723,15,20,20050,세종상온센터,1800.0,80.0,60.0,120.0,200.0,120.0,60.0,20.0,20.0,20.0,20.0,20.0,0.0,0.0,500.0,32,898.0,633.0,1200.0,위스트,젤리류,수입젤리
126752,위스트)마라곤약 향라맛,20250723,15,20,20065,원주상온센터(K7),1080.0,0.0,20.0,60.0,320.0,80.0,20.0,0.0,20.0,0.0,20.0,20.0,20.0,0.0,480.0,25,691.0,633.0,1200.0,위스트,젤리류,수입젤리
126752,위스트)마라곤약 향라맛,20250723,15,20,20075,인천상온센터,1440.0,40.0,20.0,160.0,260.0,20.0,20.0,40.0,40.0,0.0,20.0,20.0,0.0,0.0,460.0,26,808.0,633.0,1200.0,위스트,젤리류,수입젤리
126752,위스트)마라곤약 향라맛,20250723,15,20,20079,A광주상온센터,1440.0,60.0,20.0,200.0,120.0,60.0,60.0,0.0,20.0,0.0,0.0,0.0,0.0,0.0,400.0,25,711.0,633.0,1200.0,위스트,젤리류,수입젤리
126752,위스트)마라곤약 향라맛,20250723,15,20,20080,A의왕상온센터,1440.0,40.0,160.0,160.0,260.0,120.0,80.0,40.0,40.0,0.0,0.0,0.0,0.0,0.0,700.0,39,733.0,633.0,1200.0,위스트,젤리류,수입젤리
126752,위스트)마라곤약 향라맛,20250723,15,20,20081,A양산상온센터,1440.0,60.0,40.0,100.0,100.0,80.0,40.0,20.0,0.0,0.0,0.0,20.0,0.0,0.0,320.0,20,823.0,633.0,1200.0,위스트,젤리류,수입젤리
126752,위스트)마라곤약 향라맛,20250723,15,20,20083,김제상온센터,1080.0,40.0,60.0,80.0,80.0,60.0,80.0,80.0,20.0,20.0,0.0,0.0,0.0,0.0,280.0,16,614.0,633.0,1200.0,위스트,젤리류,수입젤리
126752,위스트)마라곤약 향라맛,20250723,15,20,20084,천안상온센터,1080.0,0.0,40.0,20.0,200.0,60.0,0.0,0.0,0.0,20.0,0.0,0.0,0.0,0.0,320.0,17,566.0,633.0,1200.0,위스트,젤리류,수입젤리
126752,위스트)마라곤약 향라맛,20250723,15,20,20085,인천B상온센터,1800.0,80.0,40.0,100.0,80.0,120.0,60.0,60.0,40.0,20.0,0.0,0.0,0.0,0.0,340.0,26,807.0,633.0,1200.0,위스트,젤리류,수입젤리
126756,크라운)비엔나야채타임60g,20250730,60,16,20006,성남센터,7632.0,0.0,0.0,128.0,880.0,880.0,864.0,320.0,96.0,16.0,32.0,16.0,16.0,0.0,1888.0,120,713.0,927.0,1700.0,크라운,스낵류,일반스낵
126756,크라운)비엔나야채타임60g,20250730,60,16,20007,대구센터,7952.0,0.0,80.0,480.0,800.0,560.0,384.0,288.0,96.0,96.0,128.0,32.0,0.0,0.0,1920.0,124,942.0,927.0,1700.0,크라운,스낵류,일반스낵
126756,크라운)비엔나야채타임60g,20250730,60,16,20010,양주센터,9456.0,0.0,0.0,1040.0,1264.0,1296.0,752.0,464.0,128.0,16.0,80.0,96.0,0.0,0.0,3600.0,229,985.0,927.0,1700.0,크라운,스낵류,일반스낵
126756,크라운)비엔나야채타임60g,20250730,60,16,20017,울산상온센터(K7),4720.0,0.0,32.0,304.0,384.0,432.0,208.0,96.0,16.0,48.0,16.0,16.0,16.0,0.0,1152.0,73,686.0,927.0,1700.0,크라운,스낵류,일반스낵
126756,크라운)비엔나야채타임60g,20250730,60,16,20033,제주상온센터,1728.0,0.0,0.0,48.0,208.0,160.0,16.0,16.0,32.0,16.0,16.0,0.0,0.0,0.0,416.0,25,298.0,927.0,1700.0,크라운,스낵류,일반스낵
126756,크라운)비엔나야채타임60g,20250730,60,16,20034,구성상온센터,9968.0,0.0,0.0,96.0,1136.0,496.0,272.0,160.0,64.0,0.0,80.0,64.0,0.0,0.0,1728.0,111,894.0,927.0,1700.0,크라운,스낵류,일반스낵
126756,크라운)비엔나야채타임60g,20250730,60,16,20050,세종상온센터,6736.0,0.0,0.0,640.0,640.0,432.0,272.0,240.0,112.0,32.0,96.0,48.0,0.0,0.0,1712.0,107,895.0,927.0,1700.0,크라운,스낵류,일반스낵
126756,크라운)비엔나야채타임60g,20250730,60,16,20065,원주상온센터(K7),4416.0,0.0,0.0,96.0,384.0,272.0,400.0,304.0,112.0,0.0,16.0,48.0,0.0,0.0,752.0,48,690.0,927.0,1700.0,크라운,스낵류,일반스낵
126756,크라운)비엔나야채타임60g,20250730,60,16,20075,인천상온센터,6256.0,0.0,0.0,336.0,560.0,368.0,272.0,240.0,32.0,32.0,48.0,16.0,0.0,0.0,1264.0,84,807.0,927.0,1700.0,크라운,스낵류,일반스낵
126756,크라운)비엔나야채타임60g,20250730,60,16,20079,A광주상온센터,5456.0,0.0,16.0,288.0,432.0,384.0,208.0,128.0,48.0,32.0,0.0,0.0,0.0,0.0,1120.0,72,711.0,927.0,1700.0,크라운,스낵류,일반스낵
126756,크라운)비엔나야채타임60g,20250730,60,16,20080,A의왕상온센터,5648.0,0.0,80.0,512.0,464.0,304.0,448.0,128.0,16.0,64.0,16.0,32.0,0.0,0.0,1360.0,87,733.0,927.0,1700.0,크라운,스낵류,일반스낵
126756,크라운)비엔나야채타임60g,20250730,60,16,20081,A양산상온센터,5664.0,0.0,0.0,160.0,432.0,368.0,176.0,128.0,80.0,0.0,32.0,64.0,0.0,0.0,960.0,62,823.0,927.0,1700.0,크라운,스낵류,일반스낵
126756,크라운)비엔나야채타임60g,20250730,60,16,20083,김제상온센터,3888.0,0.0,0.0,256.0,240.0,368.0,256.0,64.0,16.0,32.0,48.0,0.0,16.0,0.0,864.0,54,614.0,927.0,1700.0,크라운,스낵류,일반스낵
126756,크라운)비엔나야채타임60g,20250730,60,16,20084,천안상온센터,3440.0,0.0,0.0,32.0,640.0,240.0,224.0,112.0,112.0,48.0,48.0,96.0,16.0,0.0,912.0,58,563.0,927.0,1700.0,크라운,스낵류,일반스낵
126756,크라운)비엔나야채타임60g,20250730,60,16,20085,인천B상온센터,7760.0,0.0,64.0,368.0,576.0,304.0,176.0,96.0,128.0,80.0,48.0,0.0,0.0,0.0,1312.0,84,807.0,927.0,1700.0,크라운,스낵류,일반스낵
126760,PB)현미라이스칩85g,20250730,50,24,20006,성남센터,4176.0,240.0,96.0,96.0,360.0,240.0,432.0,96.0,24.0,0.0,24.0,24.0,0.0,0.0,792.0,52,713.0,995.0,2000.0,PB,스낵류,일반스낵
126760,PB)현미라이스칩85g,20250730,50,24,20007,대구센터,4344.0,144.0,24.0,336.0,192.0,120.0,168.0,216.0,24.0,48.0,0.0,24.0,0.0,0.0,672.0,36,942.0,995.0,2000.0,PB,스낵류,일반스낵
126760,PB)현미라이스칩85g,20250730,50,24,20010,양주센터,5184.0,288.0,24.0,552.0,216.0,216.0,144.0,48.0,24.0,0.0,24.0,24.0,0.0,0.0,1008.0,66,985.0,995.0,2000.0,PB,스낵류,일반스낵
126760,PB)현미라이스칩85g,20250730,50,24,20017,울산상온센터(K7),2592.0,144.0,120.0,96.0,168.0,216.0,120.0,24.0,0.0,24.0,0.0,0.0,0.0,0.0,600.0,31,686.0,995.0,2000.0,PB,스낵류,일반스낵
126760,PB)현미라이스칩85g,20250730,50,24,20033,제주상온센터,960.0,144.0,48.0,48.0,96.0,120.0,24.0,0.0,0.0,0.0,0.0,0.0,0.0,0.0,312.0,21,298.0,995.0,2000.0,PB,스낵류,일반스낵
126760,PB)현미라이스칩85g,20250730,50,24,20034,구성상온센터,5448.0,96.0,72.0,72.0,528.0,72.0,120.0,48.0,24.0,0.0,24.0,72.0,0.0,0.0,744.0,41,894.0,995.0,2000.0,PB,스낵류,일반스낵
126760,PB)현미라이스칩85g,20250730,50,24,20050,세종상온센터,3696.0,120.0,48.0,240.0,216.0,48.0,24.0,72.0,72.0,24.0,0.0,0.0,0.0,0.0,552.0,35,895.0,995.0,2000.0,PB,스낵류,일반스낵
126760,PB)현미라이스칩85g,20250730,50,24,20065,원주상온센터(K7),2424.0,96.0,24.0,96.0,96.0,48.0,72.0,24.0,48.0,0.0,24.0,0.0,0.0,0.0,264.0,17,690.0,995.0,2000.0,PB,스낵류,일반스낵
126760,PB)현미라이스칩85g,20250730,50,24,20075,인천상온센터,3432.0,192.0,24.0,192.0,168.0,24.0,48.0,120.0,0.0,0.0,0.0,0.0,0.0,0.0,408.0,26,807.0,995.0,2000.0,PB,스낵류,일반스낵
126760,PB)현미라이스칩85g,20250730,50,24,20079,A광주상온센터,3000.0,72.0,72.0,312.0,144.0,24.0,120.0,24.0,0.0,0.0,0.0,0.0,0.0,0.0,552.0,30,711.0,995.0,2000.0,PB,스낵류,일반스낵
126760,PB)현미라이스칩85g,20250730,50,24,20080,A의왕상온센터,3096.0,144.0,72.0,144.0,384.0,240.0,240.0,48.0,48.0,24.0,24.0,0.0,0.0,0.0,840.0,48,733.0,995.0,2000.0,PB,스낵류,일반스낵
126760,PB)현미라이스칩85g,20250730,50,24,20081,A양산상온센터,3096.0,144.0,72.0,144.0,168.0,144.0,144.0,72.0,72.0,0.0,0.0,0.0,0.0,0.0,528.0,30,823.0,995.0,2000.0,PB,스낵류,일반스낵
126760,PB)현미라이스칩85g,20250730,50,24,20083,김제상온센터,2136.0,24.0,24.0,96.0,72.0,120.0,0.0,0.0,0.0,0.0,0.0,0.0,0.0,0.0,312.0,15,614.0,995.0,2000.0,PB,스낵류,일반스낵
126760,PB)현미라이스칩85g,20250730,50,24,20084,천안상온센터,1896.0,0.0,0.0,0.0,192.0,144.0,72.0,72.0,24.0,24.0,0.0,48.0,0.0,0.0,336.0,15,563.0,995.0,2000.0,PB,스낵류,일반스낵
126760,PB)현미라이스칩85g,20250730,50,24,20085,인천B상온센터,4248.0,312.0,72.0,288.0,144.0,144.0,168.0,24.0,24.0,0.0,0.0,0.0,24.0,0.0,648.0,42,807.0,995.0,2000.0,PB,스낵류,일반스낵
126761,PB)김맛나160g,20250730,30,16,20006,성남센터,2784.0,176.0,96.0,64.0,272.0,192.0,208.0,96.0,16.0,0.0,32.0,16.0,0.0,0.0,624.0,56,713.0,1448.0,2900.0,PB,스낵류,전통스낵
126761,PB)김맛나160g,20250730,30,16,20007,대구센터,2896.0,112.0,32.0,176.0,160.0,128.0,112.0,128.0,32.0,16.0,16.0,0.0,0.0,0.0,496.0,45,942.0,1448.0,2900.0,PB,스낵류,전통스낵
126761,PB)김맛나160g,20250730,30,16,20010,양주센터,3456.0,208.0,64.0,384.0,320.0,224.0,80.0,32.0,32.0,0.0,16.0,0.0,0.0,0.0,992.0,80,985.0,1448.0,2900.0,PB,스낵류,전통스낵
126761,PB)김맛나160g,20250730,30,16,20017,울산상온센터(K7),1728.0,112.0,80.0,80.0,112.0,160.0,112.0,0.0,0.0,16.0,0.0,0.0,0.0,0.0,432.0,36,686.0,1448.0,2900.0,PB,스낵류,전통스낵
126761,PB)김맛나160g,20250730,30,16,20033,제주상온센터,640.0,112.0,16.0,48.0,128.0,32.0,32.0,16.0,32.0,32.0,0.0,0.0,0.0,0.0,224.0,21,298.0,1448.0,2900.0,PB,스낵류,전통스낵
126761,PB)김맛나160g,20250730,30,16,20034,구성상온센터,3632.0,96.0,16.0,48.0,448.0,144.0,208.0,112.0,16.0,0.0,16.0,48.0,0.0,0.0,656.0,50,894.0,1448.0,2900.0,PB,스낵류,전통스낵
126761,PB)김맛나160g,20250730,30,16,20050,세종상온센터,2464.0,80.0,80.0,144.0,112.0,112.0,80.0,96.0,16.0,16.0,0.0,0.0,0.0,0.0,448.0,39,895.0,1448.0,2900.0,PB,스낵류,전통스낵
126761,PB)김맛나160g,20250730,30,16,20065,원주상온센터(K7),1616.0,64.0,16.0,80.0,128.0,80.0,80.0,64.0,32.0,0.0,16.0,0.0,0.0,0.0,304.0,26,690.0,1448.0,2900.0,PB,스낵류,전통스낵
126761,PB)김맛나160g,20250730,30,16,20075,인천상온센터,2288.0,240.0,32.0,176.0,176.0,112.0,128.0,96.0,16.0,32.0,16.0,0.0,0.0,0.0,496.0,47,807.0,1448.0,2900.0,PB,스낵류,전통스낵
126761,PB)김맛나160g,20250730,30,16,20079,A광주상온센터,2000.0,32.0,48.0,192.0,80.0,48.0,144.0,16.0,0.0,0.0,16.0,0.0,0.0,0.0,368.0,26,711.0,1448.0,2900.0,PB,스낵류,전통스낵
126761,PB)김맛나160g,20250730,30,16,20080,A의왕상온센터,2064.0,144.0,80.0,128.0,288.0,240.0,240.0,64.0,32.0,0.0,32.0,16.0,0.0,0.0,736.0,57,733.0,1448.0,2900.0,PB,스낵류,전통스낵
126761,PB)김맛나160g,20250730,30,16,20081,A양산상온센터,2064.0,80.0,80.0,64.0,208.0,80.0,64.0,80.0,80.0,0.0,0.0,0.0,0.0,0.0,432.0,32,823.0,1448.0,2900.0,PB,스낵류,전통스낵
126761,PB)김맛나160g,20250730,30,16,20083,김제상온센터,1424.0,32.0,16.0,16.0,80.0,64.0,48.0,32.0,0.0,0.0,0.0,0.0,0.0,0.0,176.0,13,614.0,1448.0,2900.0,PB,스낵류,전통스낵
126761,PB)김맛나160g,20250730,30,16,20084,천안상온센터,1264.0,32.0,0.0,16.0,192.0,80.0,112.0,32.0,0.0,16.0,0.0,0.0,0.0,0.0,288.0,20,562.0,1448.0,2900.0,PB,스낵류,전통스낵
126761,PB)김맛나160g,20250730,30,16,20085,인천B상온센터,2832.0,224.0,64.0,176.0,144.0,128.0,96.0,32.0,32.0,0.0,0.0,0.0,0.0,0.0,512.0,49,807.0,1448.0,2900.0,PB,스낵류,전통스낵
126823,PB)달고나24g,20250730,25,5,20006,성남센터,1320.0,75.0,30.0,25.0,150.0,105.0,30.0,25.0,30.0,0.0,15.0,0.0,0.0,0.0,310.0,77,713.0,600.0,1500.0,PB,캔디류,봉지캔디
126823,PB)달고나24g,20250730,25,5,20007,대구센터,1360.0,70.0,20.0,85.0,95.0,75.0,60.0,45.0,20.0,0.0,20.0,5.0,0.0,0.0,275.0,73,942.0,600.0,1500.0,PB,캔디류,봉지캔디
126823,PB)달고나24g,20250730,25,5,20010,양주센터,1620.0,110.0,10.0,70.0,140.0,45.0,55.0,25.0,5.0,5.0,0.0,0.0,0.0,0.0,265.0,75,985.0,600.0,1500.0,PB,캔디류,봉지캔디
126823,PB)달고나24g,20250730,25,5,20017,울산상온센터(K7),820.0,85.0,10.0,30.0,65.0,50.0,20.0,5.0,0.0,0.0,5.0,0.0,0.0,0.0,155.0,43,686.0,600.0,1500.0,PB,캔디류,봉지캔디
126823,PB)달고나24g,20250730,25,5,20033,제주상온센터,300.0,35.0,20.0,20.0,35.0,25.0,10.0,0.0,5.0,0.0,5.0,0.0,0.0,0.0,100.0,25,298.0,600.0,1500.0,PB,캔디류,봉지캔디
126823,PB)달고나24g,20250730,25,5,20034,구성상온센터,1720.0,80.0,15.0,30.0,155.0,25.0,55.0,15.0,15.0,5.0,15.0,15.0,0.0,0.0,225.0,59,894.0,600.0,1500.0,PB,캔디류,봉지캔디
126823,PB)달고나24g,20250730,25,5,20050,세종상온센터,1160.0,85.0,15.0,85.0,35.0,25.0,20.0,20.0,0.0,15.0,0.0,5.0,0.0,0.0,160.0,44,895.0,600.0,1500.0,PB,캔디류,봉지캔디
126823,PB)달고나24g,20250730,25,5,20065,원주상온센터(K7),760.0,75.0,15.0,10.0,60.0,55.0,50.0,35.0,10.0,0.0,0.0,15.0,0.0,0.0,140.0,40,690.0,600.0,1500.0,PB,캔디류,봉지캔디
126823,PB)달고나24g,20250730,25,5,20075,인천상온센터,1080.0,100.0,20.0,70.0,70.0,25.0,50.0,30.0,10.0,5.0,0.0,5.0,0.0,0.0,185.0,57,807.0,600.0,1500.0,PB,캔디류,봉지캔디
126823,PB)달고나24g,20250730,25,5,20079,A광주상온센터,940.0,45.0,5.0,60.0,30.0,25.0,65.0,10.0,10.0,0.0,15.0,0.0,0.0,0.0,120.0,36,711.0,600.0,1500.0,PB,캔디류,봉지캔디
126823,PB)달고나24g,20250730,25,5,20080,A의왕상온센터,980.0,40.0,15.0,75.0,125.0,80.0,70.0,5.0,10.0,5.0,10.0,5.0,0.0,0.0,295.0,61,733.0,600.0,1500.0,PB,캔디류,봉지캔디
126823,PB)달고나24g,20250730,25,5,20081,A양산상온센터,980.0,75.0,20.0,40.0,65.0,60.0,35.0,15.0,15.0,5.0,0.0,15.0,0.0,0.0,185.0,51,823.0,600.0,1500.0,PB,캔디류,봉지캔디
126823,PB)달고나24g,20250730,25,5,20083,김제상온센터,680.0,20.0,5.0,40.0,45.0,30.0,10.0,10.0,5.0,0.0,5.0,0.0,0.0,0.0,120.0,28,614.0,600.0,1500.0,PB,캔디류,봉지캔디
126823,PB)달고나24g,20250730,25,5,20084,천안상온센터,600.0,25.0,10.0,70.0,30.0,15.0,25.0,0.0,0.0,15.0,15.0,0.0,0.0,0.0,125.0,31,563.0,600.0,1500.0,PB,캔디류,봉지캔디
126823,PB)달고나24g,20250730,25,5,20085,인천B상온센터,1340.0,65.0,15.0,60.0,65.0,60.0,45.0,10.0,5.0,0.0,10.0,0.0,0.0,0.0,200.0,53,807.0,600.0,1500.0,PB,캔디류,봉지캔디
126861,시원)세이카초코모찌캔디 35g,20250730,10,8,20006,성남센터,1792.0,136.0,72.0,88.0,208.0,176.0,80.0,96.0,24.0,8.0,16.0,0.0,0.0,0.0,544.0,81,713.0,1582.0,3000.0,시원,캔디류,소프트캔디
126861,시원)세이카초코모찌캔디 35g,20250730,10,8,20007,대구센터,1920.0,128.0,40.0,120.0,168.0,104.0,72.0,24.0,24.0,16.0,40.0,16.0,0.0,0.0,432.0,72,942.0,1582.0,3000.0,시원,캔디류,소프트캔디
126861,시원)세이카초코모찌캔디 35g,20250730,10,8,20010,양주센터,2176.0,144.0,40.0,208.0,144.0,72.0,96.0,16.0,16.0,0.0,0.0,0.0,0.0,0.0,464.0,74,985.0,1582.0,3000.0,시원,캔디류,소프트캔디
126861,시원)세이카초코모찌캔디 35g,20250730,10,8,20017,울산상온센터(K7),1152.0,88.0,40.0,56.0,40.0,56.0,48.0,16.0,0.0,8.0,0.0,0.0,0.0,0.0,192.0,39,686.0,1582.0,3000.0,시원,캔디류,소프트캔디
126861,시원)세이카초코모찌캔디 35g,20250730,10,8,20033,제주상온센터,512.0,32.0,8.0,40.0,56.0,72.0,24.0,24.0,8.0,0.0,0.0,0.0,0.0,0.0,176.0,25,298.0,1582.0,3000.0,시원,캔디류,소프트캔디
126861,시원)세이카초코모찌캔디 35g,20250730,10,8,20034,구성상온센터,2304.0,112.0,32.0,32.0,296.0,96.0,72.0,40.0,24.0,8.0,24.0,16.0,0.0,0.0,456.0,72,894.0,1582.0,3000.0,시원,캔디류,소프트캔디
126861,시원)세이카초코모찌캔디 35g,20250730,10,8,20050,세종상온센터,1536.0,128.0,48.0,160.0,104.0,48.0,24.0,16.0,0.0,8.0,32.0,8.0,0.0,0.0,360.0,61,895.0,1582.0,3000.0,시원,캔디류,소프트캔디
126861,시원)세이카초코모찌캔디 35g,20250730,10,8,20065,원주상온센터(K7),1024.0,96.0,24.0,48.0,72.0,40.0,48.0,40.0,32.0,0.0,8.0,32.0,0.0,0.0,184.0,32,690.0,1582.0,3000.0,시원,캔디류,소프트캔디
126861,시원)세이카초코모찌캔디 35g,20250730,10,8,20075,인천상온센터,1536.0,160.0,8.0,72.0,96.0,96.0,40.0,80.0,0.0,0.0,0.0,0.0,0.0,0.0,272.0,58,807.0,1582.0,3000.0,시원,캔디류,소프트캔디
126861,시원)세이카초코모찌캔디 35g,20250730,10,8,20079,A광주상온센터,1280.0,64.0,40.0,24.0,48.0,48.0,48.0,8.0,24.0,0.0,0.0,0.0,0.0,0.0,160.0,30,711.0,1582.0,3000.0,시원,캔디류,소프트캔디
126861,시원)세이카초코모찌캔디 35g,20250730,10,8,20080,A의왕상온센터,1408.0,56.0,80.0,120.0,112.0,32.0,80.0,16.0,0.0,8.0,8.0,0.0,0.0,0.0,344.0,49,733.0,1582.0,3000.0,시원,캔디류,소프트캔디
126861,시원)세이카초코모찌캔디 35g,20250730,10,8,20081,A양산상온센터,1408.0,104.0,32.0,72.0,56.0,128.0,48.0,40.0,16.0,0.0,8.0,8.0,0.0,0.0,288.0,50,823.0,1582.0,3000.0,시원,캔디류,소프트캔디
126861,시원)세이카초코모찌캔디 35g,20250730,10,8,20083,김제상온센터,896.0,16.0,16.0,24.0,56.0,48.0,56.0,16.0,8.0,0.0,16.0,0.0,0.0,0.0,144.0,23,614.0,1582.0,3000.0,시원,캔디류,소프트캔디
126861,시원)세이카초코모찌캔디 35g,20250730,10,8,20084,천안상온센터,896.0,48.0,24.0,24.0,72.0,48.0,48.0,16.0,8.0,0.0,16.0,8.0,0.0,0.0,168.0,28,563.0,1582.0,3000.0,시원,캔디류,소프트캔디
126861,시원)세이카초코모찌캔디 35g,20250730,10,8,20085,인천B상온센터,1792.0,184.0,24.0,96.0,96.0,64.0,72.0,24.0,40.0,24.0,0.0,0.0,0.0,0.0,280.0,60,807.0,1582.0,3000.0,시원,캔디류,소프트캔디
126862,시원)세이카라무네모찌캔디32g,20250730,10,8,20006,성남센터,1792.0,128.0,64.0,80.0,184.0,176.0,104.0,88.0,32.0,8.0,8.0,8.0,0.0,0.0,504.0,75,713.0,1582.0,3000.0,시원,캔디류,소프트캔디
126862,시원)세이카라무네모찌캔디32g,20250730,10,8,20007,대구센터,1920.0,112.0,40.0,80.0,192.0,144.0,88.0,24.0,24.0,16.0,32.0,16.0,0.0,0.0,456.0,74,942.0,1582.0,3000.0,시원,캔디류,소프트캔디
126862,시원)세이카라무네모찌캔디32g,20250730,10,8,20010,양주센터,2176.0,128.0,32.0,200.0,136.0,72.0,88.0,8.0,24.0,0.0,0.0,8.0,0.0,0.0,440.0,71,985.0,1582.0,3000.0,시원,캔디류,소프트캔디
126862,시원)세이카라무네모찌캔디32g,20250730,10,8,20017,울산상온센터(K7),1152.0,96.0,24.0,56.0,40.0,56.0,40.0,8.0,0.0,8.0,0.0,0.0,0.0,0.0,176.0,36,686.0,1582.0,3000.0,시원,캔디류,소프트캔디
126862,시원)세이카라무네모찌캔디32g,20250730,10,8,20033,제주상온센터,512.0,40.0,8.0,40.0,40.0,48.0,24.0,24.0,8.0,0.0,0.0,0.0,0.0,0.0,136.0,20,298.0,1582.0,3000.0,시원,캔디류,소프트캔디
126862,시원)세이카라무네모찌캔디32g,20250730,10,8,20034,구성상온센터,2304.0,128.0,24.0,24.0,272.0,104.0,80.0,32.0,24.0,8.0,24.0,32.0,0.0,0.0,424.0,68,894.0,1582.0,3000.0,시원,캔디류,소프트캔디
126862,시원)세이카라무네모찌캔디32g,20250730,10,8,20050,세종상온센터,1536.0,120.0,40.0,144.0,104.0,48.0,24.0,16.0,0.0,8.0,40.0,0.0,0.0,0.0,336.0,58,895.0,1582.0,3000.0,시원,캔디류,소프트캔디
126862,시원)세이카라무네모찌캔디32g,20250730,10,8,20065,원주상온센터(K7),1024.0,96.0,24.0,48.0,80.0,48.0,48.0,48.0,16.0,0.0,8.0,32.0,0.0,0.0,200.0,33,690.0,1582.0,3000.0,시원,캔디류,소프트캔디
126862,시원)세이카라무네모찌캔디32g,20250730,10,8,20075,인천상온센터,1536.0,168.0,16.0,80.0,104.0,112.0,40.0,64.0,0.0,0.0,0.0,0.0,0.0,0.0,312.0,62,807.0,1582.0,3000.0,시원,캔디류,소프트캔디
126862,시원)세이카라무네모찌캔디32g,20250730,10,8,20079,A광주상온센터,1280.0,56.0,32.0,32.0,64.0,24.0,56.0,8.0,24.0,0.0,8.0,0.0,0.0,0.0,152.0,27,711.0,1582.0,3000.0,시원,캔디류,소프트캔디
126862,시원)세이카라무네모찌캔디32g,20250730,10,8,20080,A의왕상온센터,1408.0,48.0,64.0,112.0,104.0,32.0,88.0,16.0,0.0,8.0,8.0,0.0,0.0,0.0,312.0,46,733.0,1582.0,3000.0,시원,캔디류,소프트캔디
126862,시원)세이카라무네모찌캔디32g,20250730,10,8,20081,A양산상온센터,1408.0,104.0,24.0,72.0,56.0,136.0,32.0,40.0,16.0,0.0,8.0,16.0,0.0,0.0,288.0,51,823.0,1582.0,3000.0,시원,캔디류,소프트캔디
126862,시원)세이카라무네모찌캔디32g,20250730,10,8,20083,김제상온센터,896.0,16.0,16.0,24.0,56.0,48.0,56.0,24.0,8.0,0.0,16.0,0.0,0.0,0.0,144.0,22,614.0,1582.0,3000.0,시원,캔디류,소프트캔디
126862,시원)세이카라무네모찌캔디32g,20250730,10,8,20084,천안상온센터,896.0,40.0,24.0,24.0,72.0,48.0,48.0,16.0,0.0,0.0,16.0,16.0,0.0,0.0,168.0,28,563.0,1582.0,3000.0,시원,캔디류,소프트캔디
126862,시원)세이카라무네모찌캔디32g,20250730,10,8,20085,인천B상온센터,1792.0,176.0,24.0,136.0,104.0,96.0,80.0,24.0,32.0,24.0,0.0,0.0,0.0,0.0,360.0,67,807.0,1582.0,3000.0,시원,캔디류,소프트캔디
127046,오리온)닥터유에너지바저당50g,20250813,40,12,20006,성남센터,5760.0,156.0,120.0,180.0,792.0,444.0,252.0,156.0,156.0,0.0,72.0,12.0,0.0,0.0,1536.0,140,708.0,928.0,1600.0,오리온,프로틴/시리얼,영양바류
127046,오리온)닥터유에너지바저당50g,20250813,40,12,20007,대구센터,6000.0,264.0,132.0,456.0,504.0,324.0,240.0,120.0,84.0,60.0,48.0,24.0,0.0,0.0,1416.0,143,935.0,928.0,1600.0,오리온,프로틴/시리얼,영양바류
127046,오리온)닥터유에너지바저당50g,20250813,40,12,20010,양주센터,7104.0,288.0,180.0,588.0,648.0,300.0,156.0,168.0,84.0,36.0,12.0,0.0,0.0,0.0,1716.0,169,977.0,928.0,1600.0,오리온,프로틴/시리얼,영양바류
127046,오리온)닥터유에너지바저당50g,20250813,40,12,20017,울산상온센터(K7),3552.0,180.0,180.0,252.0,204.0,240.0,132.0,72.0,24.0,12.0,24.0,12.0,0.0,0.0,876.0,91,680.0,928.0,1600.0,오리온,프로틴/시리얼,영양바류
127046,오리온)닥터유에너지바저당50g,20250813,40,12,20033,제주상온센터,1344.0,108.0,36.0,60.0,228.0,24.0,48.0,24.0,0.0,12.0,0.0,0.0,0.0,0.0,348.0,38,296.0,928.0,1600.0,오리온,프로틴/시리얼,영양바류
127046,오리온)닥터유에너지바저당50g,20250813,40,12,20034,구성상온센터,7488.0,180.0,276.0,120.0,888.0,264.0,192.0,264.0,132.0,24.0,36.0,36.0,0.0,0.0,1548.0,146,884.0,928.0,1600.0,오리온,프로틴/시리얼,영양바류
127046,오리온)닥터유에너지바저당50g,20250813,40,12,20050,세종상온센터,5088.0,216.0,156.0,396.0,504.0,252.0,204.0,132.0,0.0,24.0,60.0,36.0,0.0,0.0,1308.0,130,888.0,928.0,1600.0,오리온,프로틴/시리얼,영양바류
127046,오리온)닥터유에너지바저당50g,20250813,40,12,20065,원주상온센터(K7),3360.0,60.0,72.0,192.0,408.0,264.0,120.0,120.0,108.0,12.0,24.0,48.0,0.0,0.0,936.0,84,679.0,928.0,1600.0,오리온,프로틴/시리얼,영양바류
127046,오리온)닥터유에너지바저당50g,20250813,40,12,20075,인천상온센터,4704.0,288.0,156.0,456.0,336.0,276.0,108.0,120.0,84.0,36.0,48.0,36.0,0.0,0.0,1224.0,129,793.0,928.0,1600.0,오리온,프로틴/시리얼,영양바류
127046,오리온)닥터유에너지바저당50g,20250813,40,12,20079,A광주상온센터,4128.0,156.0,60.0,216.0,264.0,132.0,108.0,108.0,24.0,12.0,36.0,0.0,0.0,0.0,672.0,71,703.0,928.0,1600.0,오리온,프로틴/시리얼,영양바류
127046,오리온)닥터유에너지바저당50g,20250813,40,12,20080,A의왕상온센터,4272.0,288.0,216.0,504.0,480.0,300.0,156.0,84.0,72.0,12.0,24.0,24.0,0.0,0.0,1500.0,156,728.0,928.0,1600.0,오리온,프로틴/시리얼,영양바류
127046,오리온)닥터유에너지바저당50g,20250813,40,12,20081,A양산상온센터,4272.0,192.0,144.0,276.0,336.0,216.0,96.0,48.0,12.0,36.0,60.0,12.0,0.0,0.0,972.0,99,816.0,928.0,1600.0,오리온,프로틴/시리얼,영양바류
127046,오리온)닥터유에너지바저당50g,20250813,40,12,20083,김제상온센터,2928.0,144.0,24.0,108.0,216.0,108.0,84.0,96.0,24.0,12.0,12.0,12.0,0.0,0.0,456.0,51,603.0,928.0,1600.0,오리온,프로틴/시리얼,영양바류
127046,오리온)닥터유에너지바저당50g,20250813,40,12,20084,천안상온센터,2592.0,108.0,72.0,108.0,216.0,168.0,156.0,72.0,12.0,24.0,12.0,12.0,0.0,0.0,564.0,59,559.0,928.0,1600.0,오리온,프로틴/시리얼,영양바류
127046,오리온)닥터유에너지바저당50g,20250813,40,12,20085,인천B상온센터,5856.0,228.0,180.0,396.0,444.0,240.0,132.0,72.0,120.0,0.0,0.0,12.0,0.0,0.0,1260.0,128,798.0,928.0,1600.0,오리온,프로틴/시리얼,영양바류
127109,오리온)포카칩매콤치즈감자맛60g,20250806,30,20,20006,성남센터,4860.0,0.0,0.0,0.0,660.0,480.0,300.0,220.0,100.0,60.0,40.0,60.0,20.0,0.0,1140.0,59,712.0,927.0,1700.0,오리온,스낵류,감자스낵
127109,오리온)포카칩매콤치즈감자맛60g,20250806,30,20,20007,대구센터,5080.0,0.0,20.0,640.0,760.0,660.0,100.0,280.0,140.0,80.0,40.0,0.0,0.0,0.0,2080.0,112,942.0,927.0,1700.0,오리온,스낵류,감자스낵
127109,오리온)포카칩매콤치즈감자맛60g,20250806,30,20,20010,양주센터,6040.0,0.0,20.0,600.0,760.0,340.0,160.0,120.0,40.0,20.0,60.0,0.0,0.0,0.0,1720.0,88,981.0,927.0,1700.0,오리온,스낵류,감자스낵
127109,오리온)포카칩매콤치즈감자맛60g,20250806,30,20,20017,울산상온센터(K7),3020.0,0.0,40.0,220.0,340.0,360.0,100.0,120.0,40.0,20.0,20.0,40.0,0.0,0.0,960.0,53,683.0,927.0,1700.0,오리온,스낵류,감자스낵
127109,오리온)포카칩매콤치즈감자맛60g,20250806,30,20,20033,제주상온센터,1120.0,0.0,0.0,60.0,340.0,140.0,0.0,0.0,100.0,20.0,0.0,20.0,0.0,0.0,540.0,27,297.0,927.0,1700.0,오리온,스낵류,감자스낵
127109,오리온)포카칩매콤치즈감자맛60g,20250806,30,20,20034,구성상온센터,6360.0,0.0,0.0,60.0,1260.0,460.0,320.0,220.0,80.0,20.0,80.0,0.0,0.0,0.0,1780.0,92,890.0,927.0,1700.0,오리온,스낵류,감자스낵
127109,오리온)포카칩매콤치즈감자맛60g,20250806,30,20,20050,세종상온센터,4300.0,0.0,120.0,480.0,660.0,260.0,220.0,100.0,60.0,80.0,60.0,20.0,0.0,0.0,1520.0,81,893.0,927.0,1700.0,오리온,스낵류,감자스낵
127109,오리온)포카칩매콤치즈감자맛60g,20250806,30,20,20065,원주상온센터(K7),2820.0,0.0,0.0,80.0,380.0,100.0,180.0,120.0,80.0,40.0,60.0,20.0,20.0,0.0,560.0,30,687.0,927.0,1700.0,오리온,스낵류,감자스낵
127109,오리온)포카칩매콤치즈감자맛60g,20250806,30,20,20075,인천상온센터,4000.0,0.0,40.0,360.0,380.0,280.0,220.0,60.0,140.0,40.0,40.0,40.0,0.0,0.0,1060.0,59,804.0,927.0,1700.0,오리온,스낵류,감자스낵
127109,오리온)포카칩매콤치즈감자맛60g,20250806,30,20,20079,A광주상온센터,3480.0,0.0,60.0,220.0,240.0,180.0,100.0,80.0,0.0,100.0,40.0,20.0,0.0,0.0,700.0,42,708.0,927.0,1700.0,오리온,스낵류,감자스낵
127109,오리온)포카칩매콤치즈감자맛60g,20250806,30,20,20080,A의왕상온센터,3600.0,0.0,40.0,700.0,780.0,480.0,140.0,140.0,100.0,20.0,40.0,100.0,0.0,0.0,2000.0,108,732.0,927.0,1700.0,오리온,스낵류,감자스낵
127109,오리온)포카칩매콤치즈감자맛60g,20250806,30,20,20081,A양산상온센터,3620.0,0.0,40.0,260.0,480.0,160.0,280.0,80.0,60.0,60.0,20.0,0.0,0.0,0.0,940.0,52,824.0,927.0,1700.0,오리온,스낵류,감자스낵
127109,오리온)포카칩매콤치즈감자맛60g,20250806,30,20,20083,김제상온센터,2480.0,0.0,0.0,160.0,340.0,140.0,40.0,160.0,60.0,0.0,40.0,0.0,0.0,0.0,640.0,33,611.0,927.0,1700.0,오리온,스낵류,감자스낵
127109,오리온)포카칩매콤치즈감자맛60g,20250806,30,20,20084,천안상온센터,2200.0,0.0,0.0,60.0,700.0,300.0,140.0,100.0,120.0,60.0,40.0,20.0,0.0,0.0,1060.0,55,560.0,927.0,1700.0,오리온,스낵류,감자스낵
127109,오리온)포카칩매콤치즈감자맛60g,20250806,30,20,20085,인천B상온센터,4960.0,0.0,100.0,500.0,500.0,280.0,220.0,100.0,60.0,0.0,20.0,0.0,0.0,0.0,1380.0,74,805.0,927.0,1700.0,오리온,스낵류,감자스낵
127110,오리온)포카칩버터감자맛60g,20250806,30,20,20006,성남센터,4860.0,0.0,0.0,0.0,660.0,440.0,380.0,200.0,80.0,60.0,60.0,40.0,20.0,0.0,1100.0,55,712.0,927.0,1700.0,오리온,스낵류,감자스낵
127110,오리온)포카칩버터감자맛60g,20250806,30,20,20007,대구센터,5080.0,0.0,40.0,640.0,880.0,600.0,200.0,260.0,100.0,140.0,20.0,0.0,0.0,0.0,2160.0,114,942.0,927.0,1700.0,오리온,스낵류,감자스낵
127110,오리온)포카칩버터감자맛60g,20250806,30,20,20010,양주센터,6040.0,0.0,20.0,520.0,720.0,320.0,200.0,120.0,40.0,20.0,80.0,0.0,0.0,0.0,1580.0,80,981.0,927.0,1700.0,오리온,스낵류,감자스낵
127110,오리온)포카칩버터감자맛60g,20250806,30,20,20017,울산상온센터(K7),3020.0,0.0,40.0,300.0,420.0,340.0,120.0,120.0,40.0,20.0,20.0,40.0,0.0,0.0,1100.0,59,683.0,927.0,1700.0,오리온,스낵류,감자스낵
127110,오리온)포카칩버터감자맛60g,20250806,30,20,20033,제주상온센터,1120.0,0.0,0.0,60.0,260.0,120.0,20.0,20.0,80.0,20.0,0.0,20.0,0.0,0.0,440.0,24,297.0,927.0,1700.0,오리온,스낵류,감자스낵
127110,오리온)포카칩버터감자맛60g,20250806,30,20,20034,구성상온센터,6360.0,0.0,0.0,60.0,1200.0,380.0,300.0,240.0,80.0,0.0,120.0,0.0,0.0,0.0,1640.0,89,890.0,927.0,1700.0,오리온,스낵류,감자스낵
127110,오리온)포카칩버터감자맛60g,20250806,30,20,20050,세종상온센터,4300.0,0.0,100.0,480.0,680.0,280.0,260.0,60.0,40.0,60.0,100.0,40.0,0.0,0.0,1540.0,79,893.0,927.0,1700.0,오리온,스낵류,감자스낵
127110,오리온)포카칩버터감자맛60g,20250806,30,20,20065,원주상온센터(K7),2820.0,0.0,0.0,80.0,400.0,100.0,200.0,80.0,100.0,20.0,60.0,60.0,20.0,0.0,580.0,31,687.0,927.0,1700.0,오리온,스낵류,감자스낵
127110,오리온)포카칩버터감자맛60g,20250806,30,20,20075,인천상온센터,4000.0,0.0,40.0,360.0,420.0,340.0,200.0,80.0,120.0,20.0,20.0,20.0,0.0,0.0,1160.0,61,804.0,927.0,1700.0,오리온,스낵류,감자스낵
127110,오리온)포카칩버터감자맛60g,20250806,30,20,20079,A광주상온센터,3480.0,0.0,60.0,180.0,320.0,180.0,80.0,100.0,0.0,20.0,100.0,20.0,0.0,0.0,740.0,40,708.0,927.0,1700.0,오리온,스낵류,감자스낵
127110,오리온)포카칩버터감자맛60g,20250806,30,20,20080,A의왕상온센터,3600.0,0.0,40.0,660.0,720.0,500.0,200.0,140.0,60.0,0.0,40.0,60.0,0.0,0.0,1920.0,103,732.0,927.0,1700.0,오리온,스낵류,감자스낵
127110,오리온)포카칩버터감자맛60g,20250806,30,20,20081,A양산상온센터,3620.0,0.0,40.0,260.0,460.0,140.0,200.0,120.0,40.0,40.0,40.0,0.0,0.0,0.0,900.0,47,824.0,927.0,1700.0,오리온,스낵류,감자스낵
127110,오리온)포카칩버터감자맛60g,20250806,30,20,20083,김제상온센터,2480.0,0.0,0.0,180.0,420.0,160.0,40.0,140.0,40.0,0.0,60.0,0.0,0.0,0.0,760.0,40,611.0,927.0,1700.0,오리온,스낵류,감자스낵
127110,오리온)포카칩버터감자맛60g,20250806,30,20,20084,천안상온센터,2200.0,0.0,0.0,40.0,640.0,280.0,160.0,100.0,60.0,140.0,40.0,20.0,0.0,0.0,960.0,51,560.0,927.0,1700.0,오리온,스낵류,감자스낵
127110,오리온)포카칩버터감자맛60g,20250806,30,20,20085,인천B상온센터,4960.0,0.0,120.0,540.0,480.0,280.0,180.0,140.0,60.0,20.0,20.0,20.0,0.0,0.0,1420.0,76,805.0,927.0,1700.0,오리온,스낵류,감자스낵
127111,농심)와사비새우깡70g,20250806,70,20,20006,성남센터,18940.0,0.0,0.0,20.0,1100.0,800.0,1400.0,660.0,300.0,60.0,120.0,100.0,20.0,0.0,1920.0,96,712.0,845.0,1500.0,농심,스낵류,일반스낵
127111,농심)와사비새우깡70g,20250806,70,20,20007,대구센터,19780.0,0.0,100.0,1320.0,1420.0,1220.0,860.0,920.0,460.0,240.0,120.0,20.0,0.0,0.0,4060.0,206,942.0,845.0,1500.0,농심,스낵류,일반스낵
127111,농심)와사비새우깡70g,20250806,70,20,20010,양주센터,23520.0,0.0,60.0,1320.0,1360.0,820.0,900.0,680.0,260.0,60.0,80.0,20.0,0.0,0.0,3560.0,180,981.0,845.0,1500.0,농심,스낵류,일반스낵
127111,농심)와사비새우깡70g,20250806,70,20,20017,울산상온센터(K7),11720.0,0.0,120.0,560.0,800.0,780.0,460.0,440.0,240.0,120.0,140.0,40.0,0.0,0.0,2260.0,115,683.0,845.0,1500.0,농심,스낵류,일반스낵
127111,농심)와사비새우깡70g,20250806,70,20,20033,제주상온센터,4200.0,0.0,0.0,80.0,480.0,240.0,260.0,360.0,140.0,20.0,0.0,0.0,20.0,0.0,800.0,40,297.0,845.0,1500.0,농심,스낵류,일반스낵
127111,농심)와사비새우깡70g,20250806,70,20,20034,구성상온센터,24760.0,0.0,0.0,160.0,2480.0,820.0,780.0,440.0,260.0,60.0,120.0,0.0,0.0,0.0,3460.0,175,890.0,845.0,1500.0,농심,스낵류,일반스낵
127111,농심)와사비새우깡70g,20250806,70,20,20050,세종상온센터,16740.0,0.0,120.0,1260.0,1520.0,620.0,440.0,280.0,80.0,160.0,160.0,80.0,0.0,0.0,3520.0,177,893.0,845.0,1500.0,농심,스낵류,일반스낵
127111,농심)와사비새우깡70g,20250806,70,20,20065,원주상온센터(K7),10980.0,0.0,0.0,140.0,1220.0,560.0,340.0,320.0,320.0,100.0,100.0,40.0,40.0,0.0,1920.0,97,687.0,845.0,1500.0,농심,스낵류,일반스낵
127111,농심)와사비새우깡70g,20250806,70,20,20075,인천상온센터,15560.0,0.0,140.0,860.0,1220.0,580.0,440.0,400.0,300.0,60.0,80.0,80.0,0.0,0.0,2800.0,140,804.0,845.0,1500.0,농심,스낵류,일반스낵
127111,농심)와사비새우깡70g,20250806,70,20,20079,A광주상온센터,13560.0,0.0,80.0,400.0,600.0,800.0,760.0,620.0,120.0,160.0,120.0,20.0,0.0,0.0,1880.0,96,708.0,845.0,1500.0,농심,스낵류,일반스낵
127111,농심)와사비새우깡70g,20250806,70,20,20080,A의왕상온센터,14020.0,0.0,140.0,1000.0,1200.0,640.0,560.0,300.0,240.0,40.0,120.0,100.0,0.0,0.0,2980.0,151,732.0,845.0,1500.0,농심,스낵류,일반스낵
127111,농심)와사비새우깡70g,20250806,70,20,20081,A양산상온센터,14080.0,0.0,60.0,520.0,860.0,420.0,540.0,360.0,240.0,40.0,20.0,60.0,0.0,0.0,1860.0,96,824.0,845.0,1500.0,농심,스낵류,일반스낵
127111,농심)와사비새우깡70g,20250806,70,20,20083,김제상온센터,9640.0,0.0,0.0,420.0,620.0,460.0,260.0,340.0,80.0,40.0,60.0,0.0,0.0,0.0,1500.0,75,611.0,845.0,1500.0,농심,스낵류,일반스낵
127111,농심)와사비새우깡70g,20250806,70,20,20084,천안상온센터,8540.0,0.0,0.0,140.0,1520.0,500.0,260.0,240.0,260.0,120.0,40.0,100.0,0.0,0.0,2160.0,111,560.0,845.0,1500.0,농심,스낵류,일반스낵
127111,농심)와사비새우깡70g,20250806,70,20,20085,인천B상온센터,19300.0,0.0,180.0,1080.0,1320.0,640.0,400.0,540.0,180.0,40.0,120.0,0.0,0.0,0.0,3220.0,161,805.0,845.0,1500.0,농심,스낵류,일반스낵
127139,오리온)마켓오브라우니바이트,20250731,10,2,20006,성남센터,180.0,0.0,0.0,0.0,0.0,0.0,0.0,0.0,2.0,26.0,28.0,8.0,2.0,0.0,0.0,0,713.0,3600.0,6600.0,오리온,비스킷류,파이
127139,오리온)마켓오브라우니바이트,20250731,10,2,20007,대구센터,190.0,0.0,0.0,0.0,0.0,0.0,0.0,0.0,4.0,12.0,14.0,8.0,0.0,0.0,0.0,0,942.0,3600.0,6600.0,오리온,비스킷류,파이
127139,오리온)마켓오브라우니바이트,20250731,10,2,20010,양주센터,220.0,0.0,0.0,0.0,0.0,0.0,0.0,0.0,6.0,26.0,24.0,12.0,0.0,0.0,0.0,0,985.0,3600.0,6600.0,오리온,비스킷류,파이
127139,오리온)마켓오브라우니바이트,20250731,10,2,20017,울산상온센터(K7),110.0,0.0,0.0,0.0,0.0,0.0,0.0,0.0,10.0,12.0,10.0,2.0,0.0,0.0,0.0,0,686.0,3600.0,6600.0,오리온,비스킷류,파이
127139,오리온)마켓오브라우니바이트,20250731,10,2,20033,제주상온센터,40.0,0.0,0.0,0.0,0.0,0.0,0.0,0.0,0.0,20.0,0.0,4.0,0.0,0.0,0.0,0,298.0,3600.0,6600.0,오리온,비스킷류,파이
127139,오리온)마켓오브라우니바이트,20250731,10,2,20034,구성상온센터,230.0,0.0,0.0,0.0,0.0,0.0,0.0,0.0,6.0,62.0,20.0,12.0,0.0,0.0,0.0,0,894.0,3600.0,6600.0,오리온,비스킷류,파이
127139,오리온)마켓오브라우니바이트,20250731,10,2,20050,세종상온센터,160.0,0.0,0.0,0.0,0.0,0.0,0.0,2.0,4.0,42.0,18.0,4.0,0.0,0.0,0.0,0,895.0,3600.0,6600.0,오리온,비스킷류,파이
127139,오리온)마켓오브라우니바이트,20250731,10,2,20065,원주상온센터(K7),110.0,0.0,0.0,0.0,0.0,0.0,0.0,0.0,0.0,14.0,4.0,6.0,0.0,0.0,0.0,0,690.0,3600.0,6600.0,오리온,비스킷류,파이
127139,오리온)마켓오브라우니바이트,20250731,10,2,20075,인천상온센터,150.0,0.0,0.0,0.0,0.0,0.0,0.0,4.0,36.0,6.0,18.0,12.0,0.0,0.0,0.0,0,807.0,3600.0,6600.0,오리온,비스킷류,파이
127139,오리온)마켓오브라우니바이트,20250731,10,2,20079,A광주상온센터,130.0,0.0,0.0,0.0,0.0,0.0,0.0,2.0,2.0,6.0,4.0,0.0,0.0,0.0,0.0,0,711.0,3600.0,6600.0,오리온,비스킷류,파이
127139,오리온)마켓오브라우니바이트,20250731,10,2,20080,A의왕상온센터,130.0,0.0,0.0,0.0,0.0,0.0,0.0,0.0,8.0,34.0,22.0,4.0,0.0,0.0,0.0,0,733.0,3600.0,6600.0,오리온,비스킷류,파이
127139,오리온)마켓오브라우니바이트,20250731,10,2,20081,A양산상온센터,130.0,0.0,0.0,0.0,0.0,0.0,0.0,0.0,22.0,8.0,6.0,4.0,0.0,0.0,0.0,0,823.0,3600.0,6600.0,오리온,비스킷류,파이
127139,오리온)마켓오브라우니바이트,20250731,10,2,20083,김제상온센터,90.0,0.0,0.0,0.0,0.0,0.0,0.0,0.0,0.0,10.0,6.0,0.0,0.0,0.0,0.0,0,614.0,3600.0,6600.0,오리온,비스킷류,파이
127139,오리온)마켓오브라우니바이트,20250731,10,2,20084,천안상온센터,80.0,0.0,0.0,0.0,0.0,0.0,0.0,0.0,4.0,12.0,8.0,4.0,0.0,0.0,0.0,0,562.0,3600.0,6600.0,오리온,비스킷류,파이
127139,오리온)마켓오브라우니바이트,20250731,10,2,20085,인천B상온센터,180.0,0.0,0.0,0.0,0.0,0.0,0.0,6.0,18.0,20.0,16.0,8.0,0.0,0.0,0.0,0,807.0,3600.0,6600.0,오리온,비스킷류,파이
127145,오리온)초코송이딸기4P,20250731,10,2,20006,성남센터,176.0,0.0,0.0,0.0,0.0,0.0,0.0,0.0,0.0,10.0,28.0,20.0,2.0,0.0,0.0,0,713.0,1854.0,3400.0,오리온,비스킷류,쿠키
127145,오리온)초코송이딸기4P,20250731,10,2,20007,대구센터,192.0,0.0,0.0,0.0,0.0,0.0,0.0,4.0,4.0,18.0,38.0,12.0,0.0,0.0,0.0,0,942.0,1854.0,3400.0,오리온,비스킷류,쿠키
127145,오리온)초코송이딸기4P,20250731,10,2,20010,양주센터,224.0,0.0,0.0,0.0,0.0,0.0,0.0,2.0,12.0,34.0,42.0,28.0,0.0,0.0,0.0,0,985.0,1854.0,3400.0,오리온,비스킷류,쿠키
127145,오리온)초코송이딸기4P,20250731,10,2,20017,울산상온센터(K7),112.0,0.0,0.0,0.0,0.0,0.0,0.0,0.0,14.0,8.0,20.0,0.0,0.0,0.0,0.0,0,686.0,1854.0,3400.0,오리온,비스킷류,쿠키
127145,오리온)초코송이딸기4P,20250731,10,2,20033,제주상온센터,48.0,0.0,0.0,0.0,0.0,0.0,0.0,0.0,2.0,10.0,22.0,0.0,0.0,0.0,0.0,0,298.0,1854.0,3400.0,오리온,비스킷류,쿠키
127145,오리온)초코송이딸기4P,20250731,10,2,20034,구성상온센터,240.0,0.0,0.0,0.0,0.0,0.0,0.0,0.0,0.0,60.0,42.0,12.0,0.0,0.0,0.0,0,894.0,1854.0,3400.0,오리온,비스킷류,쿠키
127145,오리온)초코송이딸기4P,20250731,10,2,20050,세종상온센터,160.0,0.0,0.0,0.0,0.0,0.0,0.0,2.0,12.0,30.0,32.0,18.0,0.0,0.0,0.0,0,895.0,1854.0,3400.0,오리온,비스킷류,쿠키
127145,오리온)초코송이딸기4P,20250731,10,2,20065,원주상온센터(K7),112.0,0.0,0.0,0.0,0.0,0.0,0.0,0.0,6.0,22.0,8.0,12.0,0.0,0.0,0.0,0,690.0,1854.0,3400.0,오리온,비스킷류,쿠키
127145,오리온)초코송이딸기4P,20250731,10,2,20075,인천상온센터,144.0,0.0,0.0,0.0,0.0,0.0,0.0,2.0,22.0,14.0,54.0,12.0,0.0,0.0,0.0,0,807.0,1854.0,3400.0,오리온,비스킷류,쿠키
127145,오리온)초코송이딸기4P,20250731,10,2,20079,A광주상온센터,128.0,0.0,0.0,0.0,0.0,0.0,0.0,4.0,2.0,8.0,22.0,18.0,0.0,0.0,0.0,0,711.0,1854.0,3400.0,오리온,비스킷류,쿠키
127145,오리온)초코송이딸기4P,20250731,10,2,20080,A의왕상온센터,144.0,0.0,0.0,0.0,0.0,0.0,0.0,0.0,10.0,38.0,34.0,10.0,0.0,0.0,0.0,0,733.0,1854.0,3400.0,오리온,비스킷류,쿠키
127145,오리온)초코송이딸기4P,20250731,10,2,20081,A양산상온센터,144.0,0.0,0.0,0.0,0.0,0.0,0.0,12.0,16.0,6.0,56.0,10.0,2.0,0.0,0.0,0,823.0,1854.0,3400.0,오리온,비스킷류,쿠키
127145,오리온)초코송이딸기4P,20250731,10,2,20083,김제상온센터,96.0,0.0,0.0,0.0,0.0,0.0,0.0,0.0,2.0,12.0,16.0,10.0,0.0,0.0,0.0,0,614.0,1854.0,3400.0,오리온,비스킷류,쿠키
127145,오리온)초코송이딸기4P,20250731,10,2,20084,천안상온센터,80.0,0.0,0.0,0.0,0.0,0.0,0.0,0.0,2.0,30.0,8.0,0.0,0.0,0.0,0.0,0,562.0,1854.0,3400.0,오리온,비스킷류,쿠키
127145,오리온)초코송이딸기4P,20250731,10,2,20085,인천B상온센터,192.0,0.0,0.0,0.0,0.0,0.0,0.0,0.0,18.0,26.0,18.0,14.0,0.0,0.0,0.0,0,807.0,1854.0,3400.0,오리온,비스킷류,쿠키
127147,해태)자가비핫트러플맛90g,20250813,15,6,20006,성남센터,1932.0,0.0,0.0,60.0,264.0,186.0,114.0,36.0,42.0,0.0,42.0,0.0,0.0,0.0,510.0,85,708.0,2254.0,4000.0,해태,스낵류,감자스낵
127147,해태)자가비핫트러플맛90g,20250813,15,6,20007,대구센터,2016.0,0.0,18.0,120.0,138.0,78.0,84.0,30.0,36.0,30.0,12.0,12.0,0.0,0.0,354.0,68,935.0,2254.0,4000.0,해태,스낵류,감자스낵
127147,해태)자가비핫트러플맛90g,20250813,15,6,20010,양주센터,2400.0,0.0,12.0,156.0,270.0,126.0,72.0,48.0,24.0,12.0,6.0,0.0,0.0,0.0,564.0,94,977.0,2254.0,4000.0,해태,스낵류,감자스낵
127147,해태)자가비핫트러플맛90g,20250813,15,6,20017,울산상온센터(K7),1200.0,0.0,18.0,96.0,120.0,84.0,36.0,6.0,0.0,6.0,18.0,0.0,0.0,0.0,318.0,53,680.0,2254.0,4000.0,해태,스낵류,감자스낵
127147,해태)자가비핫트러플맛90g,20250813,15,6,20033,제주상온센터,240.0,0.0,0.0,24.0,78.0,36.0,24.0,6.0,0.0,12.0,0.0,0.0,0.0,0.0,138.0,23,296.0,2254.0,4000.0,해태,스낵류,감자스낵
127147,해태)자가비핫트러플맛90g,20250813,15,6,20034,구성상온센터,2520.0,0.0,0.0,36.0,306.0,90.0,90.0,30.0,24.0,0.0,12.0,12.0,0.0,0.0,432.0,72,884.0,2254.0,4000.0,해태,스낵류,감자스낵
127147,해태)자가비핫트러플맛90g,20250813,15,6,20050,세종상온센터,1704.0,0.0,30.0,96.0,156.0,96.0,42.0,30.0,0.0,12.0,18.0,6.0,6.0,0.0,378.0,66,888.0,2254.0,4000.0,해태,스낵류,감자스낵
127147,해태)자가비핫트러플맛90g,20250813,15,6,20065,원주상온센터(K7),1116.0,0.0,0.0,42.0,168.0,78.0,60.0,36.0,12.0,0.0,12.0,24.0,0.0,0.0,288.0,46,679.0,2254.0,4000.0,해태,스낵류,감자스낵
127147,해태)자가비핫트러플맛90g,20250813,15,6,20075,인천상온센터,1584.0,0.0,24.0,168.0,108.0,102.0,42.0,36.0,30.0,18.0,12.0,6.0,0.0,0.0,402.0,65,793.0,2254.0,4000.0,해태,스낵류,감자스낵
127147,해태)자가비핫트러플맛90g,20250813,15,6,20079,A광주상온센터,1380.0,0.0,6.0,72.0,48.0,30.0,18.0,36.0,0.0,12.0,12.0,0.0,0.0,0.0,156.0,28,703.0,2254.0,4000.0,해태,스낵류,감자스낵
127147,해태)자가비핫트러플맛90g,20250813,15,6,20080,A의왕상온센터,1428.0,0.0,54.0,108.0,186.0,84.0,54.0,30.0,48.0,0.0,12.0,6.0,6.0,0.0,432.0,74,728.0,2254.0,4000.0,해태,스낵류,감자스낵
127147,해태)자가비핫트러플맛90g,20250813,15,6,20081,A양산상온센터,1440.0,0.0,12.0,96.0,102.0,78.0,12.0,36.0,0.0,18.0,12.0,12.0,0.0,0.0,288.0,48,816.0,2254.0,4000.0,해태,스낵류,감자스낵
127147,해태)자가비핫트러플맛90g,20250813,15,6,20083,김제상온센터,984.0,0.0,0.0,30.0,66.0,24.0,18.0,24.0,6.0,6.0,0.0,6.0,0.0,0.0,120.0,20,603.0,2254.0,4000.0,해태,스낵류,감자스낵
127147,해태)자가비핫트러플맛90g,20250813,15,6,20084,천안상온센터,876.0,0.0,0.0,18.0,96.0,78.0,66.0,18.0,6.0,12.0,6.0,6.0,0.0,0.0,192.0,33,559.0,2254.0,4000.0,해태,스낵류,감자스낵
127147,해태)자가비핫트러플맛90g,20250813,15,6,20085,인천B상온센터,1968.0,0.0,54.0,102.0,168.0,78.0,42.0,24.0,36.0,0.0,0.0,0.0,0.0,0.0,402.0,67,798.0,2254.0,4000.0,해태,스낵류,감자스낵
127176,PB)K리그슛!허니카라멜팝콘75g,20250820,40,12,20006,성남센터,9684.0,3540.0,12.0,72.0,12.0,192.0,192.0,168.0,0.0,0.0,48.0,12.0,0.0,0.0,288.0,338,708.0,1028.0,1900.0,PB,스낵류,옥수수스낵
127176,PB)K리그슛!허니카라멜팝콘75g,20250820,40,12,20007,대구센터,10104.0,1560.0,12.0,60.0,36.0,180.0,204.0,60.0,12.0,24.0,0.0,60.0,0.0,0.0,288.0,149,933.0,1028.0,1900.0,PB,스낵류,옥수수스낵
127176,PB)K리그슛!허니카라멜팝콘75g,20250820,40,12,20010,양주센터,12012.0,4212.0,24.0,24.0,108.0,36.0,72.0,72.0,12.0,0.0,24.0,0.0,0.0,0.0,192.0,378,977.0,1028.0,1900.0,PB,스낵류,옥수수스낵
127176,PB)K리그슛!허니카라멜팝콘75g,20250820,40,12,20017,울산상온센터(K7),5988.0,1344.0,0.0,12.0,120.0,288.0,300.0,252.0,12.0,0.0,36.0,12.0,0.0,0.0,420.0,154,677.0,1028.0,1900.0,PB,스낵류,옥수수스낵
127176,PB)K리그슛!허니카라멜팝콘75g,20250820,40,12,20033,제주상온센터,2196.0,252.0,12.0,0.0,0.0,0.0,48.0,24.0,0.0,0.0,0.0,0.0,0.0,0.0,12.0,23,296.0,1028.0,1900.0,PB,스낵류,옥수수스낵
127176,PB)K리그슛!허니카라멜팝콘75g,20250820,40,12,20034,구성상온센터,12660.0,1464.0,0.0,0.0,84.0,228.0,120.0,180.0,12.0,12.0,12.0,24.0,0.0,0.0,312.0,167,883.0,1028.0,1900.0,PB,스낵류,옥수수스낵
127176,PB)K리그슛!허니카라멜팝콘75g,20250820,40,12,20050,세종상온센터,8556.0,828.0,24.0,60.0,36.0,192.0,168.0,264.0,12.0,36.0,0.0,36.0,0.0,0.0,312.0,95,888.0,1028.0,1900.0,PB,스낵류,옥수수스낵
127176,PB)K리그슛!허니카라멜팝콘75g,20250820,40,12,20065,원주상온센터(K7),5616.0,816.0,0.0,12.0,60.0,48.0,156.0,24.0,0.0,0.0,24.0,12.0,0.0,0.0,120.0,81,679.0,1028.0,1900.0,PB,스낵류,옥수수스낵
127176,PB)K리그슛!허니카라멜팝콘75g,20250820,40,12,20075,인천상온센터,7956.0,984.0,0.0,36.0,36.0,72.0,144.0,120.0,48.0,12.0,12.0,12.0,0.0,0.0,144.0,101,790.0,1028.0,1900.0,PB,스낵류,옥수수스낵
127176,PB)K리그슛!허니카라멜팝콘75g,20250820,40,12,20079,A광주상온센터,6924.0,996.0,24.0,12.0,0.0,144.0,204.0,84.0,12.0,0.0,24.0,0.0,0.0,0.0,180.0,111,703.0,1028.0,1900.0,PB,스낵류,옥수수스낵
127176,PB)K리그슛!허니카라멜팝콘75g,20250820,40,12,20080,A의왕상온센터,7164.0,1908.0,0.0,36.0,60.0,60.0,144.0,24.0,0.0,24.0,24.0,12.0,0.0,0.0,156.0,196,727.0,1028.0,1900.0,PB,스낵류,옥수수스낵
127176,PB)K리그슛!허니카라멜팝콘75g,20250820,40,12,20081,A양산상온센터,7188.0,1068.0,24.0,24.0,24.0,240.0,144.0,60.0,36.0,12.0,0.0,24.0,0.0,0.0,312.0,119,813.0,1028.0,1900.0,PB,스낵류,옥수수스낵
127176,PB)K리그슛!허니카라멜팝콘75g,20250820,40,12,20083,김제상온센터,4932.0,432.0,0.0,0.0,120.0,228.0,204.0,120.0,0.0,12.0,24.0,36.0,0.0,0.0,348.0,68,603.0,1028.0,1900.0,PB,스낵류,옥수수스낵
127176,PB)K리그슛!허니카라멜팝콘75g,20250820,40,12,20084,천안상온센터,4368.0,708.0,0.0,0.0,0.0,60.0,60.0,72.0,0.0,0.0,0.0,12.0,0.0,0.0,60.0,71,559.0,1028.0,1900.0,PB,스낵류,옥수수스낵
127176,PB)K리그슛!허니카라멜팝콘75g,20250820,40,12,20085,인천B상온센터,9864.0,1068.0,0.0,0.0,120.0,108.0,36.0,36.0,12.0,24.0,12.0,12.0,0.0,0.0,228.0,121,800.0,1028.0,1900.0,PB,스낵류,옥수수스낵
127203,PB)계란쿠키100g,20250813,40,16,20006,성남센터,5840.0,96.0,144.0,192.0,1152.0,1072.0,608.0,528.0,352.0,0.0,16.0,0.0,0.0,0.0,2560.0,169,708.0,707.0,1700.0,PB,스낵류,일반스낵
127203,PB)계란쿠키100g,20250813,40,16,20007,대구센터,6096.0,224.0,224.0,416.0,704.0,496.0,272.0,160.0,96.0,32.0,64.0,48.0,0.0,0.0,1840.0,132,935.0,707.0,1700.0,PB,스낵류,일반스낵
127203,PB)계란쿠키100g,20250813,40,16,20010,양주센터,7248.0,256.0,160.0,624.0,912.0,304.0,320.0,112.0,112.0,16.0,48.0,16.0,0.0,0.0,2000.0,147,977.0,707.0,1700.0,PB,스낵류,일반스낵
127203,PB)계란쿠키100g,20250813,40,16,20017,울산상온센터(K7),3616.0,192.0,144.0,304.0,288.0,336.0,144.0,112.0,64.0,48.0,80.0,32.0,0.0,0.0,1072.0,86,680.0,707.0,1700.0,PB,스낵류,일반스낵
127203,PB)계란쿠키100g,20250813,40,16,20033,제주상온센터,1328.0,128.0,48.0,80.0,272.0,64.0,48.0,0.0,16.0,48.0,0.0,0.0,0.0,0.0,464.0,39,296.0,707.0,1700.0,PB,스낵류,일반스낵
127203,PB)계란쿠키100g,20250813,40,16,20034,구성상온센터,7632.0,160.0,224.0,240.0,976.0,208.0,272.0,96.0,80.0,16.0,32.0,48.0,0.0,0.0,1648.0,119,884.0,707.0,1700.0,PB,스낵류,일반스낵
127203,PB)계란쿠키100g,20250813,40,16,20050,세종상온센터,5152.0,208.0,128.0,400.0,528.0,192.0,304.0,112.0,80.0,0.0,80.0,16.0,16.0,0.0,1248.0,91,888.0,707.0,1700.0,PB,스낵류,일반스낵
127203,PB)계란쿠키100g,20250813,40,16,20065,원주상온센터(K7),3392.0,80.0,96.0,176.0,368.0,288.0,144.0,80.0,48.0,0.0,16.0,64.0,0.0,0.0,928.0,68,679.0,707.0,1700.0,PB,스낵류,일반스낵
127203,PB)계란쿠키100g,20250813,40,16,20075,인천상온센터,4784.0,272.0,96.0,528.0,400.0,352.0,112.0,144.0,80.0,16.0,48.0,16.0,0.0,0.0,1376.0,107,793.0,707.0,1700.0,PB,스낵류,일반스낵
127203,PB)계란쿠키100g,20250813,40,16,20079,A광주상온센터,4176.0,208.0,64.0,288.0,240.0,256.0,208.0,272.0,32.0,48.0,48.0,16.0,0.0,0.0,848.0,69,703.0,707.0,1700.0,PB,스낵류,일반스낵
127203,PB)계란쿠키100g,20250813,40,16,20080,A의왕상온센터,4320.0,240.0,256.0,288.0,688.0,320.0,256.0,112.0,112.0,16.0,64.0,0.0,0.0,0.0,1552.0,122,728.0,707.0,1700.0,PB,스낵류,일반스낵
127203,PB)계란쿠키100g,20250813,40,16,20081,A양산상온센터,4336.0,208.0,144.0,256.0,336.0,352.0,160.0,192.0,0.0,48.0,80.0,16.0,0.0,0.0,1088.0,88,816.0,707.0,1700.0,PB,스낵류,일반스낵
127203,PB)계란쿠키100g,20250813,40,16,20083,김제상온센터,2976.0,192.0,32.0,144.0,224.0,160.0,80.0,32.0,16.0,0.0,0.0,16.0,0.0,0.0,560.0,48,603.0,707.0,1700.0,PB,스낵류,일반스낵
127203,PB)계란쿠키100g,20250813,40,16,20084,천안상온센터,2640.0,96.0,128.0,128.0,544.0,288.0,176.0,160.0,32.0,64.0,16.0,48.0,0.0,0.0,1088.0,76,559.0,707.0,1700.0,PB,스낵류,일반스낵
127203,PB)계란쿠키100g,20250813,40,16,20085,인천B상온센터,5936.0,144.0,128.0,224.0,448.0,304.0,160.0,64.0,128.0,0.0,0.0,0.0,0.0,0.0,1104.0,84,798.0,707.0,1700.0,PB,스낵류,일반스낵
127537,롯데)가나초코바자이언츠기획(4입),20250822,30,4,20006,성남센터,2100.0,80.0,188.0,268.0,132.0,92.0,4.0,0.0,8.0,12.0,4.0,4.0,0.0,0.0,680.0,132,708.0,4861.0,8200.0,롯데,초콜릿,바초콜릿
127537,롯데)가나초코바자이언츠기획(4입),20250822,30,4,20007,대구센터,1620.0,244.0,128.0,324.0,16.0,28.0,12.0,0.0,16.0,28.0,24.0,12.0,0.0,0.0,496.0,102,933.0,4861.0,8200.0,롯데,초콜릿,바초콜릿
127537,롯데)가나초코바자이언츠기획(4입),20250822,30,4,20010,양주센터,1060.0,84.0,600.0,36.0,16.0,40.0,12.0,12.0,0.0,20.0,8.0,0.0,0.0,0.0,692.0,71,978.0,4861.0,8200.0,롯데,초콜릿,바초콜릿
127537,롯데)가나초코바자이언츠기획(4입),20250822,30,4,20017,울산상온센터(K7),8000.0,1040.0,328.0,88.0,124.0,144.0,28.0,4.0,24.0,20.0,0.0,0.0,0.0,0.0,684.0,181,677.0,4861.0,8200.0,롯데,초콜릿,바초콜릿
127537,롯데)가나초코바자이언츠기획(4입),20250822,30,4,20033,제주상온센터,200.0,32.0,20.0,0.0,0.0,4.0,0.0,0.0,0.0,0.0,0.0,0.0,0.0,0.0,24.0,14,296.0,4861.0,8200.0,롯데,초콜릿,바초콜릿
127537,롯데)가나초코바자이언츠기획(4입),20250822,30,4,20034,구성상온센터,1540.0,136.0,304.0,240.0,36.0,32.0,24.0,0.0,4.0,28.0,12.0,4.0,0.0,0.0,612.0,170,883.0,4861.0,8200.0,롯데,초콜릿,바초콜릿
127537,롯데)가나초코바자이언츠기획(4입),20250822,30,4,20050,세종상온센터,420.0,84.0,44.0,24.0,32.0,24.0,4.0,12.0,0.0,8.0,0.0,0.0,0.0,0.0,124.0,57,889.0,4861.0,8200.0,롯데,초콜릿,바초콜릿
127537,롯데)가나초코바자이언츠기획(4입),20250822,30,4,20065,원주상온센터(K7),280.0,24.0,68.0,28.0,20.0,0.0,0.0,0.0,20.0,0.0,4.0,0.0,0.0,0.0,116.0,37,679.0,4861.0,8200.0,롯데,초콜릿,바초콜릿
127537,롯데)가나초코바자이언츠기획(4입),20250822,30,4,20075,인천상온센터,820.0,168.0,104.0,44.0,36.0,4.0,8.0,4.0,8.0,0.0,24.0,0.0,0.0,0.0,188.0,77,790.0,4861.0,8200.0,롯데,초콜릿,바초콜릿
127537,롯데)가나초코바자이언츠기획(4입),20250822,30,4,20079,A광주상온센터,200.0,24.0,12.0,20.0,4.0,4.0,0.0,0.0,0.0,0.0,0.0,0.0,0.0,0.0,40.0,18,703.0,4861.0,8200.0,롯데,초콜릿,바초콜릿
127537,롯데)가나초코바자이언츠기획(4입),20250822,30,4,20080,A의왕상온센터,760.0,256.0,72.0,28.0,88.0,116.0,0.0,20.0,0.0,0.0,0.0,0.0,0.0,0.0,304.0,121,727.0,4861.0,8200.0,롯데,초콜릿,바초콜릿
127537,롯데)가나초코바자이언츠기획(4입),20250822,30,4,20081,A양산상온센터,6000.0,368.0,192.0,248.0,196.0,160.0,48.0,40.0,212.0,108.0,112.0,8.0,12.0,0.0,796.0,198,813.0,4861.0,8200.0,롯데,초콜릿,바초콜릿
127537,롯데)가나초코바자이언츠기획(4입),20250822,30,4,20083,김제상온센터,160.0,24.0,20.0,20.0,16.0,36.0,0.0,0.0,0.0,0.0,0.0,0.0,0.0,0.0,92.0,32,604.0,4861.0,8200.0,롯데,초콜릿,바초콜릿
127537,롯데)가나초코바자이언츠기획(4입),20250822,30,4,20084,천안상온센터,620.0,48.0,88.0,48.0,40.0,4.0,16.0,0.0,0.0,0.0,0.0,4.0,0.0,0.0,180.0,44,560.0,4861.0,8200.0,롯데,초콜릿,바초콜릿
127537,롯데)가나초코바자이언츠기획(4입),20250822,30,4,20085,인천B상온센터,1020.0,292.0,148.0,80.0,0.0,20.0,16.0,0.0,12.0,0.0,0.0,0.0,0.0,0.0,248.0,80,801.0,4861.0,8200.0,롯데,초콜릿,바초콜릿
127538,롯데)가나초코바자이언츠기획[울산/양산],20250815,30,4,20017,울산상온센터(K7),18580.0,0.0,0.0,0.0,1204.0,880.0,492.0,48.0,820.0,880.0,6544.0,1000.0,0.0,0.0,2084.0,28,677.0,4861.0,8200.0,롯데,초콜릿,바초콜릿
127538,롯데)가나초코바자이언츠기획[울산/양산],20250815,30,4,20081,A양산상온센터,9620.0,0.0,0.0,32.0,24.0,172.0,68.0,376.0,1140.0,1548.0,1740.0,660.0,0.0,0.0,228.0,8,813.0,4861.0,8200.0,롯데,초콜릿,바초콜릿
127539,롯데)빼빼로자이언츠기획(2입),20250822,30,4,20006,성남센터,2360.0,80.0,196.0,356.0,132.0,64.0,4.0,0.0,8.0,12.0,4.0,0.0,0.0,0.0,748.0,116,708.0,4150.0,7000.0,롯데,비스킷류,스틱과자
127539,롯데)빼빼로자이언츠기획(2입),20250822,30,4,20007,대구센터,1660.0,244.0,136.0,324.0,20.0,24.0,8.0,0.0,20.0,28.0,28.0,12.0,0.0,0.0,504.0,96,933.0,4150.0,7000.0,롯데,비스킷류,스틱과자
127539,롯데)빼빼로자이언츠기획(2입),20250822,30,4,20010,양주센터,1100.0,92.0,596.0,40.0,24.0,32.0,20.0,16.0,0.0,8.0,8.0,0.0,0.0,0.0,692.0,68,978.0,4150.0,7000.0,롯데,비스킷류,스틱과자
127539,롯데)빼빼로자이언츠기획(2입),20250822,30,4,20017,울산상온센터(K7),8000.0,996.0,436.0,104.0,116.0,148.0,28.0,0.0,32.0,48.0,8.0,0.0,0.0,0.0,804.0,156,677.0,4150.0,7000.0,롯데,비스킷류,스틱과자
127539,롯데)빼빼로자이언츠기획(2입),20250822,30,4,20033,제주상온센터,200.0,44.0,20.0,0.0,4.0,4.0,0.0,0.0,0.0,0.0,0.0,0.0,0.0,0.0,28.0,15,296.0,4150.0,7000.0,롯데,비스킷류,스틱과자
127539,롯데)빼빼로자이언츠기획(2입),20250822,30,4,20034,구성상온센터,1560.0,140.0,316.0,248.0,32.0,32.0,28.0,0.0,4.0,28.0,8.0,8.0,0.0,0.0,628.0,166,883.0,4150.0,7000.0,롯데,비스킷류,스틱과자
127539,롯데)빼빼로자이언츠기획(2입),20250822,30,4,20050,세종상온센터,440.0,96.0,40.0,32.0,44.0,28.0,4.0,8.0,0.0,8.0,0.0,0.0,0.0,0.0,144.0,64,889.0,4150.0,7000.0,롯데,비스킷류,스틱과자
127539,롯데)빼빼로자이언츠기획(2입),20250822,30,4,20065,원주상온센터(K7),320.0,24.0,76.0,32.0,28.0,4.0,4.0,0.0,24.0,0.0,4.0,0.0,0.0,0.0,140.0,43,679.0,4150.0,7000.0,롯데,비스킷류,스틱과자
127539,롯데)빼빼로자이언츠기획(2입),20250822,30,4,20075,인천상온센터,780.0,164.0,128.0,56.0,40.0,16.0,12.0,0.0,8.0,0.0,40.0,4.0,0.0,0.0,240.0,71,790.0,4150.0,7000.0,롯데,비스킷류,스틱과자
127539,롯데)빼빼로자이언츠기획(2입),20250822,30,4,20079,A광주상온센터,200.0,24.0,20.0,20.0,4.0,4.0,0.0,0.0,0.0,0.0,0.0,0.0,0.0,0.0,48.0,19,703.0,4150.0,7000.0,롯데,비스킷류,스틱과자
127539,롯데)빼빼로자이언츠기획(2입),20250822,30,4,20080,A의왕상온센터,800.0,292.0,68.0,28.0,108.0,108.0,0.0,16.0,0.0,0.0,0.0,0.0,0.0,0.0,312.0,118,727.0,4150.0,7000.0,롯데,비스킷류,스틱과자
127539,롯데)빼빼로자이언츠기획(2입),20250822,30,4,20081,A양산상온센터,6000.0,412.0,180.0,224.0,200.0,172.0,20.0,104.0,188.0,104.0,24.0,0.0,12.0,0.0,776.0,175,813.0,4150.0,7000.0,롯데,비스킷류,스틱과자
127539,롯데)빼빼로자이언츠기획(2입),20250822,30,4,20083,김제상온센터,140.0,20.0,20.0,20.0,12.0,36.0,0.0,0.0,0.0,4.0,0.0,0.0,0.0,0.0,88.0,28,604.0,4150.0,7000.0,롯데,비스킷류,스틱과자
127539,롯데)빼빼로자이언츠기획(2입),20250822,30,4,20084,천안상온센터,640.0,48.0,132.0,52.0,36.0,4.0,16.0,0.0,0.0,24.0,4.0,4.0,0.0,0.0,224.0,46,560.0,4150.0,7000.0,롯데,비스킷류,스틱과자
127539,롯데)빼빼로자이언츠기획(2입),20250822,30,4,20085,인천B상온센터,1160.0,356.0,188.0,96.0,4.0,16.0,16.0,0.0,12.0,0.0,0.0,0.0,0.0,0.0,304.0,79,801.0,4150.0,7000.0,롯데,비스킷류,스틱과자
127540,롯데)빼빼로자이언츠기획[울산/양산],20250815,30,4,20017,울산상온센터(K7),24680.0,0.0,0.0,0.0,1204.0,788.0,476.0,52.0,836.0,1520.0,6556.0,968.0,0.0,0.0,1992.0,28,677.0,4150.0,7000.0,롯데,비스킷류,스틱과자
127540,롯데)빼빼로자이언츠기획[울산/양산],20250815,30,4,20081,A양산상온센터,9160.0,0.0,0.0,32.0,24.0,292.0,112.0,568.0,1196.0,1764.0,1836.0,636.0,0.0,0.0,348.0,7,813.0,4150.0,7000.0,롯데,비스킷류,스틱과자
127547,PKJ)츄러스스낵270g,20250815,5,2,20006,성남센터,348.0,0.0,0.0,0.0,0.0,4.0,20.0,14.0,28.0,62.0,28.0,20.0,4.0,0.0,4.0,1,708.0,2109.0,4000.0,PKJ,스낵류,전통스낵
127547,PKJ)츄러스스낵270g,20250815,5,2,20007,대구센터,366.0,0.0,0.0,0.0,6.0,20.0,22.0,12.0,44.0,52.0,32.0,14.0,0.0,0.0,26.0,9,932.0,2109.0,4000.0,PKJ,스낵류,전통스낵
127547,PKJ)츄러스스낵270g,20250815,5,2,20010,양주센터,432.0,0.0,0.0,0.0,10.0,14.0,18.0,18.0,58.0,74.0,28.0,14.0,0.0,0.0,24.0,7,977.0,2109.0,4000.0,PKJ,스낵류,전통스낵
127547,PKJ)츄러스스낵270g,20250815,5,2,20017,울산상온센터(K7),216.0,0.0,0.0,0.0,2.0,16.0,10.0,10.0,34.0,30.0,22.0,12.0,0.0,0.0,18.0,6,677.0,2109.0,4000.0,PKJ,스낵류,전통스낵
127547,PKJ)츄러스스낵270g,20250815,5,2,20033,제주상온센터,84.0,0.0,0.0,0.0,0.0,10.0,12.0,10.0,6.0,26.0,4.0,0.0,0.0,0.0,10.0,3,296.0,2109.0,4000.0,PKJ,스낵류,전통스낵
127547,PKJ)츄러스스낵270g,20250815,5,2,20034,구성상온센터,456.0,0.0,0.0,0.0,0.0,4.0,20.0,12.0,30.0,108.0,64.0,26.0,2.0,0.0,4.0,2,883.0,2109.0,4000.0,PKJ,스낵류,전통스낵
127547,PKJ)츄러스스낵270g,20250815,5,2,20050,세종상온센터,312.0,0.0,0.0,0.0,10.0,10.0,20.0,16.0,68.0,58.0,22.0,26.0,0.0,0.0,20.0,5,888.0,2109.0,4000.0,PKJ,스낵류,전통스낵
127547,PKJ)츄러스스낵270g,20250815,5,2,20065,원주상온센터(K7),204.0,0.0,0.0,0.0,0.0,8.0,26.0,22.0,12.0,74.0,32.0,6.0,4.0,0.0,8.0,2,679.0,2109.0,4000.0,PKJ,스낵류,전통스낵
127547,PKJ)츄러스스낵270g,20250815,5,2,20075,인천상온센터,288.0,0.0,0.0,0.0,10.0,20.0,14.0,8.0,52.0,58.0,30.0,20.0,0.0,0.0,30.0,10,790.0,2109.0,4000.0,PKJ,스낵류,전통스낵
127547,PKJ)츄러스스낵270g,20250815,5,2,20079,A광주상온센터,252.0,0.0,0.0,0.0,6.0,10.0,18.0,0.0,52.0,26.0,20.0,20.0,0.0,0.0,16.0,6,703.0,2109.0,4000.0,PKJ,스낵류,전통스낵
127547,PKJ)츄러스스낵270g,20250815,5,2,20080,A의왕상온센터,258.0,0.0,0.0,0.0,18.0,14.0,14.0,20.0,64.0,72.0,36.0,10.0,0.0,0.0,32.0,9,727.0,2109.0,4000.0,PKJ,스낵류,전통스낵
127547,PKJ)츄러스스낵270g,20250815,5,2,20081,A양산상온센터,258.0,0.0,0.0,0.0,8.0,22.0,2.0,6.0,52.0,38.0,30.0,12.0,0.0,0.0,30.0,11,813.0,2109.0,4000.0,PKJ,스낵류,전통스낵
127547,PKJ)츄러스스낵270g,20250815,5,2,20083,김제상온센터,180.0,0.0,0.0,0.0,0.0,10.0,10.0,6.0,18.0,24.0,26.0,2.0,0.0,0.0,10.0,3,603.0,2109.0,4000.0,PKJ,스낵류,전통스낵
127547,PKJ)츄러스스낵270g,20250815,5,2,20084,천안상온센터,162.0,0.0,0.0,0.0,0.0,16.0,20.0,8.0,12.0,68.0,32.0,24.0,0.0,0.0,16.0,6,559.0,2109.0,4000.0,PKJ,스낵류,전통스낵
127547,PKJ)츄러스스낵270g,20250815,5,2,20085,인천B상온센터,354.0,0.0,0.0,0.0,8.0,28.0,14.0,6.0,54.0,46.0,26.0,14.0,4.0,0.0,36.0,10,799.0,2109.0,4000.0,PKJ,스낵류,전통스낵
127549,크라운)산도딸기(소)61g,20250820,60,2,20006,성남센터,1744.0,0.0,0.0,0.0,206.0,224.0,112.0,108.0,14.0,18.0,42.0,16.0,6.0,0.0,430.0,80,708.0,701.0,1200.0,크라운,비스킷류,크래커
127549,크라운)산도딸기(소)61g,20250820,60,2,20007,대구센터,1824.0,0.0,0.0,156.0,242.0,246.0,132.0,166.0,40.0,22.0,22.0,6.0,0.0,0.0,644.0,129,933.0,701.0,1200.0,크라운,비스킷류,크래커
127549,크라운)산도딸기(소)61g,20250820,60,2,20010,양주센터,2160.0,0.0,0.0,160.0,296.0,152.0,104.0,58.0,52.0,38.0,30.0,26.0,0.0,0.0,608.0,120,978.0,701.0,1200.0,크라운,비스킷류,크래커
127549,크라운)산도딸기(소)61g,20250820,60,2,20017,울산상온센터(K7),1072.0,0.0,0.0,96.0,130.0,120.0,126.0,34.0,8.0,20.0,18.0,6.0,0.0,0.0,346.0,69,677.0,701.0,1200.0,크라운,비스킷류,크래커
127549,크라운)산도딸기(소)61g,20250820,60,2,20033,제주상온센터,400.0,0.0,0.0,0.0,124.0,42.0,18.0,12.0,18.0,0.0,8.0,0.0,0.0,0.0,166.0,32,296.0,701.0,1200.0,크라운,비스킷류,크래커
127549,크라운)산도딸기(소)61g,20250820,60,2,20034,구성상온센터,2272.0,0.0,0.0,0.0,296.0,302.0,126.0,70.0,52.0,4.0,34.0,18.0,0.0,0.0,598.0,113,883.0,701.0,1200.0,크라운,비스킷류,크래커
127549,크라운)산도딸기(소)61g,20250820,60,2,20050,세종상온센터,1536.0,0.0,0.0,154.0,270.0,140.0,114.0,58.0,40.0,20.0,10.0,6.0,0.0,0.0,564.0,114,889.0,701.0,1200.0,크라운,비스킷류,크래커
127549,크라운)산도딸기(소)61g,20250820,60,2,20065,원주상온센터(K7),1008.0,0.0,0.0,0.0,180.0,140.0,54.0,42.0,14.0,12.0,24.0,12.0,0.0,0.0,320.0,63,679.0,701.0,1200.0,크라운,비스킷류,크래커
127549,크라운)산도딸기(소)61g,20250820,60,2,20075,인천상온센터,1424.0,0.0,0.0,136.0,212.0,136.0,100.0,58.0,20.0,18.0,14.0,6.0,0.0,0.0,484.0,93,790.0,701.0,1200.0,크라운,비스킷류,크래커
127549,크라운)산도딸기(소)61g,20250820,60,2,20079,A광주상온센터,1248.0,0.0,0.0,136.0,132.0,118.0,62.0,18.0,14.0,14.0,20.0,6.0,0.0,0.0,386.0,75,703.0,701.0,1200.0,크라운,비스킷류,크래커
127549,크라운)산도딸기(소)61g,20250820,60,2,20080,A의왕상온센터,1296.0,0.0,0.0,204.0,182.0,138.0,94.0,26.0,22.0,22.0,32.0,0.0,0.0,0.0,524.0,110,727.0,701.0,1200.0,크라운,비스킷류,크래커
127549,크라운)산도딸기(소)61g,20250820,60,2,20081,A양산상온센터,1296.0,0.0,0.0,60.0,186.0,132.0,76.0,58.0,26.0,18.0,2.0,0.0,0.0,0.0,378.0,74,813.0,701.0,1200.0,크라운,비스킷류,크래커
127549,크라운)산도딸기(소)61g,20250820,60,2,20083,김제상온센터,896.0,0.0,0.0,26.0,136.0,62.0,54.0,12.0,26.0,12.0,0.0,22.0,0.0,0.0,224.0,51,604.0,701.0,1200.0,크라운,비스킷류,크래커
127549,크라운)산도딸기(소)61g,20250820,60,2,20084,천안상온센터,784.0,0.0,0.0,0.0,162.0,144.0,68.0,52.0,22.0,24.0,2.0,10.0,12.0,0.0,306.0,63,560.0,701.0,1200.0,크라운,비스킷류,크래커
127549,크라운)산도딸기(소)61g,20250820,60,2,20085,인천B상온센터,1776.0,0.0,0.0,172.0,178.0,158.0,52.0,28.0,14.0,0.0,18.0,0.0,0.0,0.0,508.0,100,801.0,701.0,1200.0,크라운,비스킷류,크래커
127550,크라운)산도크림(소)61g,20250820,60,2,20006,성남센터,1744.0,0.0,0.0,0.0,232.0,214.0,106.0,108.0,14.0,24.0,42.0,16.0,6.0,0.0,446.0,84,708.0,701.0,1200.0,크라운,비스킷류,크래커
127550,크라운)산도크림(소)61g,20250820,60,2,20007,대구센터,1824.0,0.0,0.0,178.0,238.0,232.0,114.0,148.0,40.0,30.0,22.0,6.0,0.0,0.0,648.0,125,933.0,701.0,1200.0,크라운,비스킷류,크래커
127550,크라운)산도크림(소)61g,20250820,60,2,20010,양주센터,2160.0,0.0,0.0,174.0,280.0,140.0,94.0,58.0,46.0,38.0,30.0,20.0,0.0,0.0,594.0,117,978.0,701.0,1200.0,크라운,비스킷류,크래커
127550,크라운)산도크림(소)61g,20250820,60,2,20017,울산상온센터(K7),1072.0,0.0,0.0,108.0,130.0,108.0,114.0,30.0,8.0,20.0,18.0,8.0,0.0,0.0,346.0,69,677.0,701.0,1200.0,크라운,비스킷류,크래커
127550,크라운)산도크림(소)61g,20250820,60,2,20033,제주상온센터,400.0,0.0,0.0,0.0,130.0,36.0,24.0,12.0,18.0,0.0,8.0,0.0,0.0,0.0,166.0,31,296.0,701.0,1200.0,크라운,비스킷류,크래커
127550,크라운)산도크림(소)61g,20250820,60,2,20034,구성상온센터,2272.0,0.0,0.0,0.0,328.0,270.0,118.0,74.0,58.0,10.0,28.0,24.0,0.0,0.0,598.0,113,883.0,701.0,1200.0,크라운,비스킷류,크래커
127550,크라운)산도크림(소)61g,20250820,60,2,20050,세종상온센터,1536.0,0.0,0.0,170.0,290.0,128.0,98.0,64.0,42.0,20.0,10.0,6.0,0.0,0.0,588.0,120,889.0,701.0,1200.0,크라운,비스킷류,크래커
127550,크라운)산도크림(소)61g,20250820,60,2,20065,원주상온센터(K7),1008.0,0.0,0.0,0.0,186.0,128.0,54.0,42.0,8.0,12.0,24.0,12.0,0.0,0.0,314.0,64,679.0,701.0,1200.0,크라운,비스킷류,크래커
127550,크라운)산도크림(소)61g,20250820,60,2,20075,인천상온센터,1424.0,0.0,0.0,144.0,232.0,124.0,100.0,50.0,14.0,18.0,20.0,6.0,0.0,0.0,500.0,96,790.0,701.0,1200.0,크라운,비스킷류,크래커
127550,크라운)산도크림(소)61g,20250820,60,2,20079,A광주상온센터,1248.0,0.0,0.0,136.0,128.0,128.0,56.0,18.0,14.0,20.0,20.0,0.0,0.0,0.0,392.0,77,703.0,701.0,1200.0,크라운,비스킷류,크래커
127550,크라운)산도크림(소)61g,20250820,60,2,20080,A의왕상온센터,1296.0,0.0,0.0,206.0,190.0,130.0,100.0,20.0,18.0,22.0,32.0,2.0,0.0,0.0,526.0,111,727.0,701.0,1200.0,크라운,비스킷류,크래커
127550,크라운)산도크림(소)61g,20250820,60,2,20081,A양산상온센터,1296.0,0.0,0.0,56.0,184.0,134.0,56.0,72.0,26.0,18.0,2.0,6.0,0.0,0.0,374.0,74,813.0,701.0,1200.0,크라운,비스킷류,크래커
127550,크라운)산도크림(소)61g,20250820,60,2,20083,김제상온센터,896.0,0.0,0.0,18.0,142.0,68.0,54.0,6.0,26.0,12.0,0.0,18.0,0.0,0.0,228.0,51,604.0,701.0,1200.0,크라운,비스킷류,크래커
127550,크라운)산도크림(소)61g,20250820,60,2,20084,천안상온센터,784.0,0.0,0.0,0.0,186.0,146.0,68.0,46.0,22.0,24.0,2.0,10.0,12.0,0.0,332.0,67,560.0,701.0,1200.0,크라운,비스킷류,크래커
127550,크라운)산도크림(소)61g,20250820,60,2,20085,인천B상온센터,1776.0,0.0,0.0,166.0,170.0,152.0,50.0,28.0,12.0,0.0,18.0,0.0,0.0,0.0,488.0,97,801.0,701.0,1200.0,크라운,비스킷류,크래커
127563,서주)젤리인젤리콜라사이다맛40g,20250820,10,1,20006,성남센터,3168.0,0.0,0.0,0.0,432.0,390.0,246.0,84.0,12.0,36.0,36.0,36.0,0.0,0.0,822.0,71,708.0,763.0,1500.0,서주,젤리류,국산젤리
127563,서주)젤리인젤리콜라사이다맛40g,20250820,10,1,20007,대구센터,3264.0,0.0,0.0,292.0,327.0,381.0,252.0,282.0,60.0,72.0,48.0,0.0,0.0,0.0,1000.0,93,933.0,763.0,1500.0,서주,젤리류,국산젤리
127563,서주)젤리인젤리콜라사이다맛40g,20250820,10,1,20010,양주센터,3888.0,0.0,0.0,301.0,561.0,258.0,192.0,131.0,108.0,60.0,48.0,36.0,0.0,0.0,1120.0,107,978.0,763.0,1500.0,서주,젤리류,국산젤리
127563,서주)젤리인젤리콜라사이다맛40g,20250820,10,1,20017,울산상온센터(K7),1968.0,0.0,0.0,143.0,204.0,228.0,165.0,72.0,24.0,12.0,48.0,24.0,0.0,0.0,575.0,51,677.0,763.0,1500.0,서주,젤리류,국산젤리
127563,서주)젤리인젤리콜라사이다맛40g,20250820,10,1,20033,제주상온센터,720.0,0.0,0.0,0.0,225.0,96.0,56.0,60.0,12.0,0.0,24.0,0.0,0.0,0.0,321.0,30,296.0,763.0,1500.0,서주,젤리류,국산젤리
127563,서주)젤리인젤리콜라사이다맛40g,20250820,10,1,20034,구성상온센터,4128.0,0.0,0.0,0.0,720.0,341.0,207.0,183.0,108.0,0.0,60.0,36.0,0.0,0.0,1061.0,96,883.0,763.0,1500.0,서주,젤리류,국산젤리
127563,서주)젤리인젤리콜라사이다맛40g,20250820,10,1,20050,세종상온센터,2784.0,0.0,0.0,320.0,512.0,237.0,184.0,144.0,60.0,36.0,24.0,12.0,0.0,0.0,1069.0,97,889.0,763.0,1500.0,서주,젤리류,국산젤리
127563,서주)젤리인젤리콜라사이다맛40g,20250820,10,1,20065,원주상온센터(K7),1824.0,0.0,0.0,0.0,357.0,188.0,36.0,96.0,60.0,12.0,72.0,24.0,0.0,0.0,545.0,53,679.0,763.0,1500.0,서주,젤리류,국산젤리
127563,서주)젤리인젤리콜라사이다맛40g,20250820,10,1,20075,인천상온센터,2592.0,0.0,0.0,254.0,471.0,269.0,156.0,96.0,48.0,36.0,72.0,0.0,0.0,0.0,994.0,87,790.0,763.0,1500.0,서주,젤리류,국산젤리
127563,서주)젤리인젤리콜라사이다맛40g,20250820,10,1,20079,A광주상온센터,2256.0,0.0,0.0,246.0,232.0,161.0,85.0,36.0,24.0,24.0,72.0,24.0,0.0,0.0,639.0,58,703.0,763.0,1500.0,서주,젤리류,국산젤리
127563,서주)젤리인젤리콜라사이다맛40g,20250820,10,1,20080,A의왕상온센터,2352.0,0.0,0.0,371.0,454.0,204.0,179.0,78.0,48.0,24.0,24.0,0.0,0.0,0.0,1029.0,91,727.0,763.0,1500.0,서주,젤리류,국산젤리
127563,서주)젤리인젤리콜라사이다맛40g,20250820,10,1,20081,A양산상온센터,2352.0,0.0,0.0,79.0,275.0,194.0,168.0,60.0,36.0,36.0,36.0,36.0,0.0,0.0,548.0,55,813.0,763.0,1500.0,서주,젤리류,국산젤리
127563,서주)젤리인젤리콜라사이다맛40g,20250820,10,1,20083,김제상온센터,1632.0,0.0,0.0,100.0,200.0,185.0,66.0,36.0,24.0,0.0,12.0,24.0,0.0,0.0,485.0,47,604.0,763.0,1500.0,서주,젤리류,국산젤리
127563,서주)젤리인젤리콜라사이다맛40g,20250820,10,1,20084,천안상온센터,1440.0,0.0,0.0,0.0,235.0,227.0,124.0,36.0,36.0,12.0,0.0,36.0,12.0,0.0,462.0,44,560.0,763.0,1500.0,서주,젤리류,국산젤리
127563,서주)젤리인젤리콜라사이다맛40g,20250820,10,1,20085,인천B상온센터,3216.0,0.0,0.0,315.0,451.0,335.0,58.0,36.0,36.0,24.0,24.0,0.0,0.0,0.0,1101.0,106,801.0,763.0,1500.0,서주,젤리류,국산젤리
127714,PB)K리그슛!팅클별매콤달콤60g,20250827,40,12,20006,성남센터,7284.0,0.0,0.0,0.0,420.0,720.0,804.0,324.0,168.0,0.0,168.0,288.0,0.0,0.0,1140.0,97,708.0,1036.0,1900.0,PB,스낵류,옥수수스낵
127714,PB)K리그슛!팅클별매콤달콤60g,20250827,40,12,20007,대구센터,7608.0,0.0,0.0,240.0,588.0,504.0,168.0,120.0,72.0,60.0,24.0,12.0,0.0,0.0,1332.0,113,935.0,1036.0,1900.0,PB,스낵류,옥수수스낵
127714,PB)K리그슛!팅클별매콤달콤60g,20250827,40,12,20010,양주센터,9048.0,0.0,0.0,324.0,564.0,312.0,372.0,456.0,120.0,24.0,84.0,48.0,0.0,0.0,1200.0,104,977.0,1036.0,1900.0,PB,스낵류,옥수수스낵
127714,PB)K리그슛!팅클별매콤달콤60g,20250827,40,12,20017,울산상온센터(K7),4512.0,0.0,0.0,336.0,300.0,528.0,540.0,228.0,84.0,12.0,48.0,84.0,0.0,0.0,1164.0,96,674.0,1036.0,1900.0,PB,스낵류,옥수수스낵
127714,PB)K리그슛!팅클별매콤달콤60g,20250827,40,12,20033,제주상온센터,1656.0,0.0,0.0,0.0,120.0,24.0,48.0,12.0,24.0,36.0,0.0,0.0,0.0,0.0,144.0,12,296.0,1036.0,1900.0,PB,스낵류,옥수수스낵
127714,PB)K리그슛!팅클별매콤달콤60g,20250827,40,12,20034,구성상온센터,9528.0,0.0,0.0,0.0,696.0,324.0,252.0,96.0,240.0,48.0,108.0,108.0,0.0,0.0,1020.0,87,884.0,1036.0,1900.0,PB,스낵류,옥수수스낵
127714,PB)K리그슛!팅클별매콤달콤60g,20250827,40,12,20050,세종상온센터,6444.0,0.0,0.0,180.0,312.0,264.0,144.0,180.0,48.0,24.0,48.0,12.0,0.0,0.0,756.0,70,891.0,1036.0,1900.0,PB,스낵류,옥수수스낵
127714,PB)K리그슛!팅클별매콤달콤60g,20250827,40,12,20065,원주상온센터(K7),4224.0,0.0,0.0,0.0,216.0,156.0,156.0,84.0,132.0,12.0,12.0,0.0,0.0,0.0,372.0,32,681.0,1036.0,1900.0,PB,스낵류,옥수수스낵
127714,PB)K리그슛!팅클별매콤달콤60g,20250827,40,12,20075,인천상온센터,5988.0,0.0,0.0,156.0,240.0,120.0,132.0,120.0,72.0,24.0,24.0,24.0,0.0,0.0,516.0,43,789.0,1036.0,1900.0,PB,스낵류,옥수수스낵
127714,PB)K리그슛!팅클별매콤달콤60g,20250827,40,12,20079,A광주상온센터,5220.0,0.0,0.0,108.0,216.0,384.0,312.0,228.0,24.0,72.0,48.0,36.0,0.0,0.0,708.0,64,701.0,1036.0,1900.0,PB,스낵류,옥수수스낵
127714,PB)K리그슛!팅클별매콤달콤60g,20250827,40,12,20080,A의왕상온센터,5400.0,0.0,0.0,240.0,360.0,576.0,252.0,168.0,48.0,48.0,24.0,36.0,0.0,0.0,1176.0,99,728.0,1036.0,1900.0,PB,스낵류,옥수수스낵
127714,PB)K리그슛!팅클별매콤달콤60g,20250827,40,12,20081,A양산상온센터,5412.0,0.0,0.0,108.0,408.0,288.0,216.0,216.0,48.0,48.0,48.0,36.0,0.0,0.0,804.0,66,813.0,1036.0,1900.0,PB,스낵류,옥수수스낵
127714,PB)K리그슛!팅클별매콤달콤60g,20250827,40,12,20083,김제상온센터,3708.0,0.0,0.0,132.0,156.0,84.0,84.0,36.0,24.0,60.0,24.0,12.0,0.0,0.0,372.0,43,604.0,1036.0,1900.0,PB,스낵류,옥수수스낵
127714,PB)K리그슛!팅클별매콤달콤60g,20250827,40,12,20084,천안상온센터,3288.0,0.0,0.0,0.0,156.0,72.0,96.0,144.0,12.0,24.0,0.0,12.0,0.0,0.0,228.0,19,561.0,1036.0,1900.0,PB,스낵류,옥수수스낵
127714,PB)K리그슛!팅클별매콤달콤60g,20250827,40,12,20085,인천B상온센터,7428.0,0.0,0.0,192.0,360.0,168.0,264.0,120.0,72.0,36.0,12.0,0.0,0.0,0.0,720.0,65,801.0,1036.0,1900.0,PB,스낵류,옥수수스낵
127860,SAMG)하츄핑의반지캔디13g,20250827,20,18,20006,성남센터,3600.0,0.0,0.0,0.0,234.0,306.0,108.0,90.0,72.0,0.0,54.0,18.0,0.0,0.0,540.0,28,708.0,527.0,1000.0,SAMG,캔디류,토이캔디
127860,SAMG)하츄핑의반지캔디13g,20250827,20,18,20007,대구센터,3816.0,0.0,0.0,414.0,576.0,576.0,126.0,144.0,36.0,126.0,54.0,18.0,0.0,0.0,1566.0,87,935.0,527.0,1000.0,SAMG,캔디류,토이캔디
127860,SAMG)하츄핑의반지캔디13g,20250827,20,18,20010,양주센터,4464.0,0.0,0.0,270.0,558.0,198.0,144.0,144.0,72.0,72.0,18.0,0.0,0.0,0.0,1026.0,49,977.0,527.0,1000.0,SAMG,캔디류,토이캔디
127860,SAMG)하츄핑의반지캔디13g,20250827,20,18,20017,울산상온센터(K7),2232.0,0.0,0.0,270.0,216.0,270.0,180.0,108.0,54.0,36.0,54.0,18.0,18.0,0.0,756.0,42,674.0,527.0,1000.0,SAMG,캔디류,토이캔디
127860,SAMG)하츄핑의반지캔디13g,20250827,20,18,20033,제주상온센터,864.0,0.0,0.0,0.0,252.0,108.0,180.0,54.0,18.0,18.0,0.0,18.0,0.0,0.0,360.0,20,296.0,527.0,1000.0,SAMG,캔디류,토이캔디
127860,SAMG)하츄핑의반지캔디13g,20250827,20,18,20034,구성상온센터,4752.0,0.0,0.0,0.0,612.0,342.0,234.0,126.0,90.0,54.0,0.0,54.0,18.0,0.0,954.0,52,884.0,527.0,1000.0,SAMG,캔디류,토이캔디
127860,SAMG)하츄핑의반지캔디13g,20250827,20,18,20050,세종상온센터,3240.0,0.0,0.0,342.0,666.0,270.0,216.0,126.0,54.0,36.0,0.0,0.0,0.0,0.0,1278.0,70,891.0,527.0,1000.0,SAMG,캔디류,토이캔디
127860,SAMG)하츄핑의반지캔디13g,20250827,20,18,20065,원주상온센터(K7),2088.0,0.0,0.0,0.0,378.0,342.0,198.0,108.0,90.0,18.0,54.0,18.0,18.0,0.0,720.0,39,681.0,527.0,1000.0,SAMG,캔디류,토이캔디
127860,SAMG)하츄핑의반지캔디13g,20250827,20,18,20075,인천상온센터,2952.0,0.0,0.0,288.0,450.0,216.0,108.0,126.0,126.0,18.0,54.0,0.0,0.0,0.0,954.0,52,789.0,527.0,1000.0,SAMG,캔디류,토이캔디
127860,SAMG)하츄핑의반지캔디13g,20250827,20,18,20079,A광주상온센터,2592.0,0.0,0.0,162.0,360.0,216.0,72.0,144.0,72.0,18.0,36.0,18.0,0.0,0.0,738.0,40,701.0,527.0,1000.0,SAMG,캔디류,토이캔디
127860,SAMG)하츄핑의반지캔디13g,20250827,20,18,20080,A의왕상온센터,2664.0,0.0,0.0,432.0,342.0,324.0,90.0,198.0,36.0,36.0,0.0,0.0,0.0,0.0,1098.0,53,728.0,527.0,1000.0,SAMG,캔디류,토이캔디
127860,SAMG)하츄핑의반지캔디13g,20250827,20,18,20081,A양산상온센터,2736.0,0.0,0.0,144.0,324.0,486.0,198.0,90.0,90.0,0.0,18.0,72.0,0.0,0.0,954.0,51,813.0,527.0,1000.0,SAMG,캔디류,토이캔디
127860,SAMG)하츄핑의반지캔디13g,20250827,20,18,20083,김제상온센터,1872.0,0.0,0.0,108.0,306.0,162.0,108.0,108.0,72.0,18.0,18.0,18.0,0.0,0.0,576.0,32,604.0,527.0,1000.0,SAMG,캔디류,토이캔디
127860,SAMG)하츄핑의반지캔디13g,20250827,20,18,20084,천안상온센터,1656.0,0.0,0.0,0.0,288.0,252.0,198.0,90.0,36.0,18.0,0.0,36.0,0.0,0.0,540.0,30,561.0,527.0,1000.0,SAMG,캔디류,토이캔디
127860,SAMG)하츄핑의반지캔디13g,20250827,20,18,20085,인천B상온센터,3672.0,0.0,0.0,198.0,414.0,288.0,162.0,126.0,36.0,54.0,18.0,36.0,18.0,0.0,900.0,49,801.0,527.0,1000.0,SAMG,캔디류,토이캔디
127914,훼밀리)몰랑문어모양마시멜로50g,20250903,15,9,20006,성남센터,1512.0,0.0,45.0,45.0,225.0,81.0,63.0,72.0,27.0,0.0,9.0,0.0,0.0,0.0,396.0,46,710.0,1150.0,2300.0,훼밀리,캔디류,봉지캔디
127914,훼밀리)몰랑문어모양마시멜로50g,20250903,15,9,20007,대구센터,1512.0,0.0,18.0,180.0,153.0,162.0,63.0,72.0,54.0,18.0,27.0,0.0,0.0,0.0,513.0,61,934.0,1150.0,2300.0,훼밀리,캔디류,봉지캔디
127914,훼밀리)몰랑문어모양마시멜로50g,20250903,15,9,20010,양주센터,1836.0,0.0,72.0,189.0,162.0,162.0,72.0,36.0,45.0,27.0,9.0,0.0,0.0,0.0,585.0,70,977.0,1150.0,2300.0,훼밀리,캔디류,봉지캔디
127914,훼밀리)몰랑문어모양마시멜로50g,20250903,15,9,20017,울산상온센터(K7),972.0,9.0,27.0,72.0,135.0,108.0,27.0,27.0,0.0,9.0,0.0,0.0,0.0,0.0,342.0,41,671.0,1150.0,2300.0,훼밀리,캔디류,봉지캔디
127914,훼밀리)몰랑문어모양마시멜로50g,20250903,15,9,20033,제주상온센터,324.0,0.0,9.0,45.0,63.0,18.0,18.0,27.0,0.0,9.0,36.0,0.0,0.0,0.0,135.0,15,296.0,1150.0,2300.0,훼밀리,캔디류,봉지캔디
127914,훼밀리)몰랑문어모양마시멜로50g,20250903,15,9,20034,구성상온센터,1944.0,0.0,45.0,81.0,261.0,81.0,99.0,72.0,9.0,0.0,9.0,9.0,0.0,0.0,468.0,54,884.0,1150.0,2300.0,훼밀리,캔디류,봉지캔디
127914,훼밀리)몰랑문어모양마시멜로50g,20250903,15,9,20050,세종상온센터,1296.0,0.0,63.0,162.0,216.0,63.0,27.0,45.0,9.0,18.0,27.0,0.0,0.0,0.0,504.0,55,888.0,1150.0,2300.0,훼밀리,캔디류,봉지캔디
127914,훼밀리)몰랑문어모양마시멜로50g,20250903,15,9,20065,원주상온센터(K7),864.0,0.0,0.0,72.0,162.0,90.0,63.0,63.0,18.0,54.0,27.0,18.0,0.0,0.0,324.0,38,681.0,1150.0,2300.0,훼밀리,캔디류,봉지캔디
127914,훼밀리)몰랑문어모양마시멜로50g,20250903,15,9,20075,인천상온센터,1188.0,18.0,63.0,108.0,153.0,81.0,45.0,18.0,9.0,9.0,0.0,9.0,9.0,0.0,405.0,51,787.0,1150.0,2300.0,훼밀리,캔디류,봉지캔디
127914,훼밀리)몰랑문어모양마시멜로50g,20250903,15,9,20079,A광주상온센터,1080.0,9.0,18.0,180.0,117.0,99.0,9.0,27.0,0.0,0.0,9.0,0.0,0.0,0.0,414.0,48,701.0,1150.0,2300.0,훼밀리,캔디류,봉지캔디
127914,훼밀리)몰랑문어모양마시멜로50g,20250903,15,9,20080,A의왕상온센터,1080.0,18.0,72.0,198.0,90.0,27.0,54.0,9.0,0.0,9.0,18.0,0.0,0.0,0.0,387.0,50,728.0,1150.0,2300.0,훼밀리,캔디류,봉지캔디
127914,훼밀리)몰랑문어모양마시멜로50g,20250903,15,9,20081,A양산상온센터,1080.0,0.0,18.0,126.0,126.0,45.0,36.0,36.0,18.0,18.0,9.0,0.0,0.0,0.0,315.0,36,813.0,1150.0,2300.0,훼밀리,캔디류,봉지캔디
127914,훼밀리)몰랑문어모양마시멜로50g,20250903,15,9,20083,김제상온센터,756.0,9.0,18.0,90.0,72.0,54.0,54.0,0.0,18.0,0.0,0.0,0.0,0.0,0.0,234.0,31,604.0,1150.0,2300.0,훼밀리,캔디류,봉지캔디
127914,훼밀리)몰랑문어모양마시멜로50g,20250903,15,9,20084,천안상온센터,648.0,0.0,27.0,81.0,126.0,63.0,9.0,9.0,18.0,9.0,9.0,9.0,0.0,0.0,297.0,35,561.0,1150.0,2300.0,훼밀리,캔디류,봉지캔디
127914,훼밀리)몰랑문어모양마시멜로50g,20250903,15,9,20085,인천B상온센터,1512.0,9.0,63.0,90.0,117.0,126.0,18.0,0.0,27.0,9.0,0.0,0.0,9.0,0.0,396.0,46,801.0,1150.0,2300.0,훼밀리,캔디류,봉지캔디
128048,드림)젤리밤50g,20250903,10,12,20006,성남센터,2112.0,0.0,60.0,96.0,372.0,192.0,156.0,96.0,48.0,0.0,12.0,0.0,0.0,0.0,720.0,60,710.0,1205.0,2500.0,드림,젤리류,수입젤리
128048,드림)젤리밤50g,20250903,10,12,20007,대구센터,2208.0,0.0,60.0,300.0,312.0,156.0,108.0,96.0,36.0,24.0,24.0,0.0,0.0,0.0,828.0,71,934.0,1205.0,2500.0,드림,젤리류,수입젤리
128048,드림)젤리밤50g,20250903,10,12,20010,양주센터,2592.0,0.0,108.0,288.0,216.0,180.0,108.0,108.0,60.0,36.0,12.0,0.0,0.0,0.0,792.0,68,977.0,1205.0,2500.0,드림,젤리류,수입젤리
128048,드림)젤리밤50g,20250903,10,12,20017,울산상온센터(K7),1344.0,12.0,24.0,132.0,192.0,60.0,12.0,12.0,12.0,0.0,0.0,0.0,0.0,0.0,408.0,35,671.0,1205.0,2500.0,드림,젤리류,수입젤리
128048,드림)젤리밤50g,20250903,10,12,20033,제주상온센터,480.0,0.0,12.0,84.0,108.0,36.0,24.0,12.0,0.0,12.0,60.0,12.0,0.0,0.0,240.0,20,296.0,1205.0,2500.0,드림,젤리류,수입젤리
128048,드림)젤리밤50g,20250903,10,12,20034,구성상온센터,2784.0,0.0,36.0,108.0,408.0,168.0,144.0,48.0,48.0,0.0,0.0,0.0,0.0,0.0,720.0,60,884.0,1205.0,2500.0,드림,젤리류,수입젤리
128048,드림)젤리밤50g,20250903,10,12,20050,세종상온센터,1920.0,0.0,60.0,192.0,264.0,144.0,72.0,48.0,36.0,24.0,24.0,0.0,0.0,0.0,660.0,55,888.0,1205.0,2500.0,드림,젤리류,수입젤리
128048,드림)젤리밤50g,20250903,10,12,20065,원주상온센터(K7),1248.0,0.0,12.0,96.0,204.0,108.0,48.0,60.0,48.0,36.0,24.0,12.0,0.0,0.0,420.0,36,681.0,1205.0,2500.0,드림,젤리류,수입젤리
128048,드림)젤리밤50g,20250903,10,12,20075,인천상온센터,1728.0,36.0,72.0,228.0,192.0,96.0,60.0,12.0,12.0,12.0,24.0,24.0,12.0,0.0,588.0,52,787.0,1205.0,2500.0,드림,젤리류,수입젤리
128048,드림)젤리밤50g,20250903,10,12,20079,A광주상온센터,1536.0,24.0,12.0,216.0,252.0,96.0,84.0,36.0,0.0,0.0,12.0,0.0,0.0,0.0,576.0,50,701.0,1205.0,2500.0,드림,젤리류,수입젤리
128048,드림)젤리밤50g,20250903,10,12,20080,A의왕상온센터,1632.0,0.0,72.0,252.0,168.0,72.0,120.0,24.0,24.0,24.0,12.0,0.0,0.0,0.0,564.0,49,728.0,1205.0,2500.0,드림,젤리류,수입젤리
128048,드림)젤리밤50g,20250903,10,12,20081,A양산상온센터,1632.0,12.0,24.0,180.0,180.0,96.0,36.0,48.0,48.0,12.0,0.0,0.0,0.0,0.0,480.0,42,813.0,1205.0,2500.0,드림,젤리류,수입젤리
128048,드림)젤리밤50g,20250903,10,12,20083,김제상온센터,1152.0,24.0,36.0,84.0,84.0,96.0,84.0,0.0,0.0,0.0,0.0,0.0,0.0,0.0,300.0,30,604.0,1205.0,2500.0,드림,젤리류,수입젤리
128048,드림)젤리밤50g,20250903,10,12,20084,천안상온센터,960.0,0.0,24.0,132.0,132.0,108.0,36.0,24.0,24.0,0.0,0.0,12.0,12.0,0.0,396.0,33,561.0,1205.0,2500.0,드림,젤리류,수입젤리
128048,드림)젤리밤50g,20250903,10,12,20085,인천B상온센터,2208.0,12.0,96.0,144.0,216.0,192.0,24.0,12.0,24.0,24.0,12.0,12.0,12.0,0.0,648.0,55,801.0,1205.0,2500.0,드림,젤리류,수입젤리
128054,유앤)미니약과도넛18g,20250910,15,20,20006,성남센터,5400.0,1060.0,40.0,80.0,240.0,160.0,80.0,80.0,40.0,20.0,0.0,0.0,0.0,0.0,520.0,87,706.0,315.0,600.0,유앤,비스킷류,쿠키
128054,유앤)미니약과도넛18g,20250910,15,20,20007,대구센터,5760.0,1760.0,60.0,220.0,260.0,160.0,100.0,40.0,80.0,0.0,40.0,20.0,0.0,0.0,700.0,128,929.0,315.0,600.0,유앤,비스킷류,쿠키
128054,유앤)미니약과도넛18g,20250910,15,20,20010,양주센터,6480.0,1160.0,0.0,160.0,200.0,140.0,80.0,140.0,40.0,20.0,0.0,0.0,0.0,0.0,500.0,85,968.0,315.0,600.0,유앤,비스킷류,쿠키
128054,유앤)미니약과도넛18g,20250910,15,20,20017,울산상온센터(K7),3240.0,800.0,20.0,40.0,120.0,20.0,40.0,40.0,20.0,40.0,60.0,20.0,0.0,0.0,200.0,53,669.0,315.0,600.0,유앤,비스킷류,쿠키
128054,유앤)미니약과도넛18g,20250910,15,20,20033,제주상온센터,1440.0,240.0,0.0,80.0,40.0,40.0,20.0,20.0,20.0,20.0,0.0,20.0,0.0,0.0,160.0,20,295.0,315.0,600.0,유앤,비스킷류,쿠키
128054,유앤)미니약과도넛18g,20250910,15,20,20034,구성상온센터,6840.0,980.0,100.0,120.0,280.0,200.0,120.0,60.0,40.0,20.0,0.0,60.0,0.0,0.0,700.0,85,874.0,315.0,600.0,유앤,비스킷류,쿠키
128054,유앤)미니약과도넛18g,20250910,15,20,20050,세종상온센터,4680.0,880.0,80.0,220.0,260.0,140.0,80.0,20.0,0.0,0.0,20.0,20.0,0.0,0.0,700.0,89,885.0,315.0,600.0,유앤,비스킷류,쿠키
128054,유앤)미니약과도넛18g,20250910,15,20,20065,원주상온센터(K7),3240.0,620.0,60.0,80.0,100.0,100.0,60.0,100.0,20.0,60.0,20.0,0.0,0.0,0.0,340.0,49,679.0,315.0,600.0,유앤,비스킷류,쿠키
128054,유앤)미니약과도넛18g,20250910,15,20,20075,인천상온센터,4320.0,1020.0,60.0,40.0,260.0,160.0,40.0,80.0,40.0,20.0,20.0,0.0,0.0,0.0,520.0,82,782.0,315.0,600.0,유앤,비스킷류,쿠키
128054,유앤)미니약과도넛18g,20250910,15,20,20079,A광주상온센터,3960.0,840.0,0.0,100.0,140.0,60.0,60.0,80.0,20.0,40.0,0.0,0.0,0.0,0.0,300.0,60,691.0,315.0,600.0,유앤,비스킷류,쿠키
128054,유앤)미니약과도넛18g,20250910,15,20,20080,A의왕상온센터,3960.0,980.0,100.0,200.0,160.0,100.0,40.0,60.0,0.0,0.0,0.0,20.0,0.0,0.0,560.0,87,723.0,315.0,600.0,유앤,비스킷류,쿠키
128054,유앤)미니약과도넛18g,20250910,15,20,20081,A양산상온센터,3960.0,740.0,0.0,160.0,180.0,120.0,60.0,80.0,20.0,40.0,40.0,20.0,0.0,0.0,460.0,64,810.0,315.0,600.0,유앤,비스킷류,쿠키
128054,유앤)미니약과도넛18g,20250910,15,20,20083,김제상온센터,2880.0,420.0,0.0,80.0,120.0,80.0,0.0,40.0,20.0,0.0,0.0,20.0,0.0,0.0,280.0,38,596.0,315.0,600.0,유앤,비스킷류,쿠키
128054,유앤)미니약과도넛18g,20250910,15,20,20084,천안상온센터,2520.0,600.0,40.0,0.0,240.0,80.0,20.0,20.0,0.0,0.0,0.0,0.0,0.0,0.0,360.0,56,561.0,315.0,600.0,유앤,비스킷류,쿠키
128054,유앤)미니약과도넛18g,20250910,15,20,20085,인천B상온센터,5400.0,880.0,60.0,180.0,180.0,80.0,120.0,0.0,20.0,40.0,0.0,0.0,0.0,0.0,500.0,69,796.0,315.0,600.0,유앤,비스킷류,쿠키
128056,미스티)산리오딸기냠냠25g,20250903,15,2,20006,성남센터,880.0,0.0,0.0,0.0,84.0,94.0,70.0,44.0,22.0,6.0,6.0,8.0,0.0,0.0,178.0,36,710.0,1295.0,2500.0,미스티,비스킷류,크래커
128056,미스티)산리오딸기냠냠25g,20250903,15,2,20007,대구센터,920.0,0.0,0.0,100.0,162.0,146.0,98.0,46.0,26.0,4.0,10.0,0.0,0.0,0.0,408.0,88,934.0,1295.0,2500.0,미스티,비스킷류,크래커
128056,미스티)산리오딸기냠냠25g,20250903,15,2,20010,양주센터,1080.0,0.0,0.0,70.0,128.0,116.0,70.0,30.0,12.0,22.0,16.0,6.0,0.0,0.0,314.0,57,977.0,1295.0,2500.0,미스티,비스킷류,크래커
128056,미스티)산리오딸기냠냠25g,20250903,15,2,20017,울산상온센터(K7),560.0,0.0,0.0,66.0,84.0,104.0,50.0,20.0,8.0,14.0,14.0,0.0,2.0,0.0,254.0,54,671.0,1295.0,2500.0,미스티,비스킷류,크래커
128056,미스티)산리오딸기냠냠25g,20250903,15,2,20033,제주상온센터,200.0,0.0,0.0,0.0,40.0,44.0,26.0,6.0,2.0,0.0,30.0,0.0,0.0,0.0,84.0,19,296.0,1295.0,2500.0,미스티,비스킷류,크래커
128056,미스티)산리오딸기냠냠25g,20250903,15,2,20034,구성상온센터,1160.0,0.0,0.0,0.0,148.0,94.0,60.0,36.0,38.0,12.0,22.0,6.0,0.0,0.0,242.0,56,884.0,1295.0,2500.0,미스티,비스킷류,크래커
128056,미스티)산리오딸기냠냠25g,20250903,15,2,20050,세종상온센터,800.0,0.0,0.0,54.0,118.0,80.0,30.0,20.0,34.0,14.0,6.0,2.0,0.0,0.0,252.0,58,888.0,1295.0,2500.0,미스티,비스킷류,크래커
128056,미스티)산리오딸기냠냠25g,20250903,15,2,20065,원주상온센터(K7),520.0,0.0,0.0,0.0,80.0,94.0,36.0,50.0,20.0,16.0,20.0,20.0,0.0,0.0,174.0,33,681.0,1295.0,2500.0,미스티,비스킷류,크래커
128056,미스티)산리오딸기냠냠25g,20250903,15,2,20075,인천상온센터,720.0,0.0,0.0,70.0,116.0,54.0,44.0,34.0,24.0,14.0,0.0,0.0,2.0,0.0,240.0,48,787.0,1295.0,2500.0,미스티,비스킷류,크래커
128056,미스티)산리오딸기냠냠25g,20250903,15,2,20079,A광주상온센터,640.0,0.0,0.0,80.0,66.0,76.0,34.0,24.0,20.0,0.0,2.0,0.0,0.0,0.0,222.0,45,701.0,1295.0,2500.0,미스티,비스킷류,크래커
128056,미스티)산리오딸기냠냠25g,20250903,15,2,20080,A의왕상온센터,680.0,0.0,0.0,62.0,106.0,70.0,50.0,14.0,28.0,16.0,10.0,0.0,0.0,0.0,238.0,55,728.0,1295.0,2500.0,미스티,비스킷류,크래커
128056,미스티)산리오딸기냠냠25g,20250903,15,2,20081,A양산상온센터,680.0,0.0,0.0,52.0,114.0,68.0,68.0,46.0,14.0,6.0,6.0,0.0,0.0,0.0,234.0,45,813.0,1295.0,2500.0,미스티,비스킷류,크래커
128056,미스티)산리오딸기냠냠25g,20250903,15,2,20083,김제상온센터,480.0,0.0,0.0,48.0,18.0,84.0,38.0,12.0,2.0,2.0,0.0,0.0,2.0,0.0,150.0,30,604.0,1295.0,2500.0,미스티,비스킷류,크래커
128056,미스티)산리오딸기냠냠25g,20250903,15,2,20084,천안상온센터,400.0,0.0,0.0,0.0,70.0,62.0,10.0,30.0,22.0,6.0,6.0,0.0,0.0,0.0,132.0,29,561.0,1295.0,2500.0,미스티,비스킷류,크래커
128056,미스티)산리오딸기냠냠25g,20250903,15,2,20085,인천B상온센터,920.0,0.0,0.0,32.0,98.0,80.0,48.0,20.0,14.0,8.0,6.0,0.0,2.0,0.0,210.0,47,801.0,1295.0,2500.0,미스티,비스킷류,크래커
128057,미스티)산리오초코냠냠25g,20250903,15,2,20006,성남센터,880.0,0.0,0.0,0.0,78.0,106.0,70.0,44.0,22.0,6.0,6.0,8.0,0.0,0.0,184.0,37,710.0,1295.0,2500.0,미스티,비스킷류,크래커
128057,미스티)산리오초코냠냠25g,20250903,15,2,20007,대구센터,920.0,0.0,0.0,110.0,166.0,134.0,110.0,44.0,26.0,4.0,10.0,0.0,0.0,0.0,410.0,86,934.0,1295.0,2500.0,미스티,비스킷류,크래커
128057,미스티)산리오초코냠냠25g,20250903,15,2,20010,양주센터,1080.0,0.0,0.0,66.0,128.0,110.0,74.0,30.0,12.0,22.0,16.0,6.0,0.0,0.0,304.0,56,977.0,1295.0,2500.0,미스티,비스킷류,크래커
128057,미스티)산리오초코냠냠25g,20250903,15,2,20017,울산상온센터(K7),560.0,0.0,0.0,66.0,94.0,104.0,50.0,20.0,8.0,14.0,8.0,0.0,2.0,0.0,264.0,56,671.0,1295.0,2500.0,미스티,비스킷류,크래커
128057,미스티)산리오초코냠냠25g,20250903,15,2,20033,제주상온센터,200.0,0.0,0.0,0.0,48.0,44.0,26.0,6.0,2.0,0.0,28.0,0.0,0.0,0.0,92.0,20,296.0,1295.0,2500.0,미스티,비스킷류,크래커
128057,미스티)산리오초코냠냠25g,20250903,15,2,20034,구성상온센터,1160.0,0.0,0.0,0.0,150.0,90.0,62.0,38.0,44.0,12.0,22.0,6.0,0.0,0.0,240.0,55,884.0,1295.0,2500.0,미스티,비스킷류,크래커
128057,미스티)산리오초코냠냠25g,20250903,15,2,20050,세종상온센터,800.0,0.0,0.0,60.0,124.0,88.0,36.0,20.0,28.0,14.0,6.0,2.0,0.0,0.0,272.0,61,888.0,1295.0,2500.0,미스티,비스킷류,크래커
128057,미스티)산리오초코냠냠25g,20250903,15,2,20065,원주상온센터(K7),520.0,0.0,0.0,0.0,86.0,100.0,36.0,48.0,14.0,16.0,20.0,14.0,6.0,0.0,186.0,36,681.0,1295.0,2500.0,미스티,비스킷류,크래커
128057,미스티)산리오초코냠냠25g,20250903,15,2,20075,인천상온센터,720.0,0.0,0.0,70.0,116.0,54.0,46.0,44.0,24.0,14.0,0.0,6.0,2.0,0.0,240.0,48,787.0,1295.0,2500.0,미스티,비스킷류,크래커
128057,미스티)산리오초코냠냠25g,20250903,15,2,20079,A광주상온센터,640.0,0.0,0.0,80.0,64.0,82.0,40.0,24.0,20.0,0.0,2.0,0.0,0.0,0.0,226.0,46,701.0,1295.0,2500.0,미스티,비스킷류,크래커
128057,미스티)산리오초코냠냠25g,20250903,15,2,20080,A의왕상온센터,680.0,0.0,0.0,68.0,118.0,66.0,50.0,14.0,28.0,14.0,10.0,0.0,0.0,0.0,252.0,55,728.0,1295.0,2500.0,미스티,비스킷류,크래커
128057,미스티)산리오초코냠냠25g,20250903,15,2,20081,A양산상온센터,680.0,0.0,0.0,52.0,108.0,64.0,70.0,46.0,16.0,4.0,6.0,0.0,0.0,0.0,224.0,43,813.0,1295.0,2500.0,미스티,비스킷류,크래커
128057,미스티)산리오초코냠냠25g,20250903,15,2,20083,김제상온센터,480.0,0.0,0.0,44.0,18.0,96.0,38.0,12.0,2.0,4.0,0.0,0.0,2.0,0.0,158.0,30,604.0,1295.0,2500.0,미스티,비스킷류,크래커
128057,미스티)산리오초코냠냠25g,20250903,15,2,20084,천안상온센터,400.0,0.0,0.0,0.0,64.0,72.0,10.0,30.0,22.0,6.0,6.0,2.0,0.0,0.0,136.0,29,561.0,1295.0,2500.0,미스티,비스킷류,크래커
128057,미스티)산리오초코냠냠25g,20250903,15,2,20085,인천B상온센터,920.0,0.0,0.0,34.0,104.0,80.0,48.0,20.0,14.0,16.0,6.0,0.0,2.0,0.0,218.0,49,801.0,1295.0,2500.0,미스티,비스킷류,크래커
128087,마즈)스니커즈스트로베리40g,20250911,40,15,20006,성남센터,7920.0,120.0,975.0,735.0,345.0,300.0,105.0,90.0,60.0,30.0,15.0,0.0,0.0,0.0,2355.0,165,706.0,981.0,1800.0,마즈,초콜릿,바초콜릿
128087,마즈)스니커즈스트로베리40g,20250911,40,15,20007,대구센터,8280.0,150.0,645.0,1065.0,450.0,480.0,270.0,120.0,120.0,45.0,30.0,45.0,0.0,0.0,2640.0,189,929.0,981.0,1800.0,마즈,초콜릿,바초콜릿
128087,마즈)스니커즈스트로베리40g,20250911,40,15,20010,양주센터,9720.0,135.0,735.0,1170.0,645.0,495.0,255.0,195.0,45.0,45.0,15.0,0.0,0.0,0.0,3045.0,211,968.0,981.0,1800.0,마즈,초콜릿,바초콜릿
128087,마즈)스니커즈스트로베리40g,20250911,40,15,20017,울산상온센터(K7),4860.0,135.0,270.0,540.0,225.0,75.0,45.0,120.0,60.0,60.0,30.0,0.0,0.0,0.0,1110.0,82,668.0,981.0,1800.0,마즈,초콜릿,바초콜릿
128087,마즈)스니커즈스트로베리40g,20250911,40,15,20033,제주상온센터,1800.0,30.0,300.0,195.0,45.0,105.0,30.0,30.0,0.0,15.0,0.0,0.0,0.0,0.0,645.0,44,295.0,981.0,1800.0,마즈,초콜릿,바초콜릿
128087,마즈)스니커즈스트로베리40g,20250911,40,15,20034,구성상온센터,10260.0,195.0,1200.0,600.0,360.0,330.0,30.0,45.0,60.0,60.0,0.0,0.0,0.0,0.0,2490.0,180,873.0,981.0,1800.0,마즈,초콜릿,바초콜릿
128087,마즈)스니커즈스트로베리40g,20250911,40,15,20050,세종상온센터,7020.0,105.0,615.0,780.0,345.0,300.0,60.0,15.0,60.0,60.0,45.0,0.0,0.0,0.0,2040.0,150,884.0,981.0,1800.0,마즈,초콜릿,바초콜릿
128087,마즈)스니커즈스트로베리40g,20250911,40,15,20065,원주상온센터(K7),4680.0,150.0,495.0,390.0,135.0,105.0,60.0,30.0,60.0,60.0,15.0,0.0,0.0,0.0,1125.0,86,679.0,981.0,1800.0,마즈,초콜릿,바초콜릿
128087,마즈)스니커즈스트로베리40g,20250911,40,15,20075,인천상온센터,6480.0,15.0,645.0,870.0,450.0,300.0,90.0,225.0,60.0,30.0,15.0,15.0,0.0,0.0,2265.0,150,782.0,981.0,1800.0,마즈,초콜릿,바초콜릿
128087,마즈)스니커즈스트로베리40g,20250911,40,15,20079,A광주상온센터,5760.0,45.0,375.0,615.0,240.0,150.0,75.0,45.0,45.0,45.0,15.0,15.0,0.0,0.0,1380.0,96,692.0,981.0,1800.0,마즈,초콜릿,바초콜릿
128087,마즈)스니커즈스트로베리40g,20250911,40,15,20080,A의왕상온센터,6480.0,75.0,750.0,975.0,420.0,165.0,105.0,45.0,60.0,60.0,15.0,15.0,0.0,0.0,2310.0,159,724.0,981.0,1800.0,마즈,초콜릿,바초콜릿
128087,마즈)스니커즈스트로베리40g,20250911,40,15,20081,A양산상온센터,5940.0,30.0,480.0,510.0,240.0,180.0,60.0,60.0,15.0,30.0,60.0,0.0,0.0,0.0,1410.0,98,810.0,981.0,1800.0,마즈,초콜릿,바초콜릿
128087,마즈)스니커즈스트로베리40g,20250911,40,15,20083,김제상온센터,4140.0,60.0,240.0,420.0,135.0,165.0,120.0,15.0,0.0,60.0,0.0,0.0,0.0,0.0,960.0,69,594.0,981.0,1800.0,마즈,초콜릿,바초콜릿
128087,마즈)스니커즈스트로베리40g,20250911,40,15,20084,천안상온센터,3600.0,135.0,720.0,375.0,105.0,120.0,60.0,45.0,15.0,30.0,0.0,0.0,0.0,0.0,1320.0,99,558.0,981.0,1800.0,마즈,초콜릿,바초콜릿
128087,마즈)스니커즈스트로베리40g,20250911,40,15,20085,인천B상온센터,8100.0,90.0,540.0,855.0,435.0,240.0,105.0,60.0,30.0,45.0,30.0,15.0,0.0,0.0,2070.0,144,795.0,981.0,1800.0,마즈,초콜릿,바초콜릿
128126,MQ)켈로그크런치넛에너지바40g,20250910,40,12,20006,성남센터,3996.0,0.0,0.0,96.0,552.0,384.0,240.0,84.0,72.0,60.0,24.0,24.0,0.0,0.0,1032.0,87,706.0,1071.0,2000.0,MQ,프로틴/시리얼,영양바류
128126,MQ)켈로그크런치넛에너지바40g,20250910,40,12,20007,대구센터,4212.0,0.0,36.0,432.0,516.0,264.0,192.0,132.0,60.0,24.0,36.0,0.0,0.0,0.0,1248.0,108,929.0,1071.0,2000.0,MQ,프로틴/시리얼,영양바류
128126,MQ)켈로그크런치넛에너지바40g,20250910,40,12,20010,양주센터,4968.0,0.0,12.0,384.0,552.0,264.0,120.0,132.0,72.0,24.0,24.0,12.0,0.0,0.0,1212.0,109,968.0,1071.0,2000.0,MQ,프로틴/시리얼,영양바류
128126,MQ)켈로그크런치넛에너지바40g,20250910,40,12,20017,울산상온센터(K7),2484.0,0.0,12.0,216.0,144.0,144.0,60.0,36.0,24.0,24.0,60.0,36.0,0.0,0.0,516.0,46,668.0,1071.0,2000.0,MQ,프로틴/시리얼,영양바류
128126,MQ)켈로그크런치넛에너지바40g,20250910,40,12,20033,제주상온센터,972.0,0.0,0.0,12.0,168.0,60.0,24.0,36.0,24.0,12.0,12.0,12.0,0.0,0.0,240.0,22,295.0,1071.0,2000.0,MQ,프로틴/시리얼,영양바류
128126,MQ)켈로그크런치넛에너지바40g,20250910,40,12,20034,구성상온센터,5184.0,0.0,0.0,108.0,660.0,384.0,228.0,192.0,36.0,36.0,24.0,24.0,0.0,0.0,1152.0,97,873.0,1071.0,2000.0,MQ,프로틴/시리얼,영양바류
128126,MQ)켈로그크런치넛에너지바40g,20250910,40,12,20050,세종상온센터,3564.0,0.0,36.0,372.0,444.0,288.0,60.0,96.0,36.0,0.0,12.0,24.0,0.0,0.0,1140.0,99,884.0,1071.0,2000.0,MQ,프로틴/시리얼,영양바류
128126,MQ)켈로그크런치넛에너지바40g,20250910,40,12,20065,원주상온센터(K7),2376.0,0.0,0.0,72.0,300.0,204.0,72.0,36.0,48.0,12.0,24.0,24.0,0.0,0.0,576.0,48,679.0,1071.0,2000.0,MQ,프로틴/시리얼,영양바류
128126,MQ)켈로그크런치넛에너지바40g,20250910,40,12,20075,인천상온센터,3348.0,0.0,60.0,288.0,420.0,264.0,96.0,108.0,0.0,24.0,24.0,0.0,0.0,0.0,1032.0,88,782.0,1071.0,2000.0,MQ,프로틴/시리얼,영양바류
128126,MQ)켈로그크런치넛에너지바40g,20250910,40,12,20079,A광주상온센터,2916.0,0.0,36.0,240.0,168.0,180.0,60.0,24.0,24.0,0.0,36.0,24.0,0.0,0.0,624.0,55,692.0,1071.0,2000.0,MQ,프로틴/시리얼,영양바류
128126,MQ)켈로그크런치넛에너지바40g,20250910,40,12,20080,A의왕상온센터,3024.0,0.0,72.0,360.0,576.0,204.0,72.0,36.0,12.0,36.0,36.0,12.0,0.0,0.0,1212.0,106,724.0,1071.0,2000.0,MQ,프로틴/시리얼,영양바류
128126,MQ)켈로그크런치넛에너지바40g,20250910,40,12,20081,A양산상온센터,3024.0,0.0,12.0,192.0,312.0,192.0,84.0,36.0,0.0,24.0,36.0,12.0,0.0,0.0,708.0,63,810.0,1071.0,2000.0,MQ,프로틴/시리얼,영양바류
128126,MQ)켈로그크런치넛에너지바40g,20250910,40,12,20083,김제상온센터,2052.0,0.0,12.0,156.0,156.0,156.0,96.0,24.0,24.0,0.0,0.0,0.0,0.0,0.0,480.0,40,594.0,1071.0,2000.0,MQ,프로틴/시리얼,영양바류
128126,MQ)켈로그크런치넛에너지바40g,20250910,40,12,20084,천안상온센터,1836.0,0.0,0.0,72.0,372.0,228.0,48.0,60.0,36.0,36.0,12.0,12.0,0.0,0.0,672.0,59,558.0,1071.0,2000.0,MQ,프로틴/시리얼,영양바류
128126,MQ)켈로그크런치넛에너지바40g,20250910,40,12,20085,인천B상온센터,4104.0,0.0,36.0,264.0,420.0,288.0,120.0,36.0,48.0,12.0,12.0,0.0,0.0,0.0,1008.0,89,795.0,1071.0,2000.0,MQ,프로틴/시리얼,영양바류
128128,MQ)켈로그레드베리에너지바35g,20250910,30,12,20006,성남센터,3672.0,0.0,0.0,84.0,540.0,360.0,216.0,96.0,72.0,60.0,24.0,24.0,0.0,0.0,984.0,83,706.0,1071.0,2000.0,MQ,프로틴/시리얼,영양바류
128128,MQ)켈로그레드베리에너지바35g,20250910,30,12,20007,대구센터,3888.0,0.0,36.0,384.0,456.0,240.0,168.0,120.0,60.0,12.0,36.0,0.0,0.0,0.0,1116.0,95,929.0,1071.0,2000.0,MQ,프로틴/시리얼,영양바류
128128,MQ)켈로그레드베리에너지바35g,20250910,30,12,20010,양주센터,4536.0,0.0,24.0,348.0,540.0,252.0,120.0,120.0,48.0,24.0,24.0,12.0,0.0,0.0,1164.0,100,968.0,1071.0,2000.0,MQ,프로틴/시리얼,영양바류
128128,MQ)켈로그레드베리에너지바35g,20250910,30,12,20017,울산상온센터(K7),2268.0,0.0,12.0,204.0,156.0,108.0,48.0,36.0,12.0,24.0,60.0,24.0,0.0,0.0,480.0,42,668.0,1071.0,2000.0,MQ,프로틴/시리얼,영양바류
128128,MQ)켈로그레드베리에너지바35g,20250910,30,12,20033,제주상온센터,864.0,0.0,0.0,24.0,180.0,60.0,24.0,36.0,12.0,12.0,12.0,12.0,0.0,0.0,264.0,22,295.0,1071.0,2000.0,MQ,프로틴/시리얼,영양바류
128128,MQ)켈로그레드베리에너지바35g,20250910,30,12,20034,구성상온센터,4860.0,0.0,0.0,96.0,612.0,336.0,228.0,168.0,24.0,48.0,24.0,36.0,0.0,0.0,1044.0,90,873.0,1071.0,2000.0,MQ,프로틴/시리얼,영양바류
128128,MQ)켈로그레드베리에너지바35g,20250910,30,12,20050,세종상온센터,3240.0,0.0,36.0,372.0,396.0,264.0,60.0,72.0,24.0,0.0,24.0,12.0,0.0,0.0,1068.0,91,884.0,1071.0,2000.0,MQ,프로틴/시리얼,영양바류
128128,MQ)켈로그레드베리에너지바35g,20250910,30,12,20065,원주상온센터(K7),2160.0,0.0,0.0,72.0,240.0,180.0,72.0,24.0,48.0,0.0,12.0,24.0,0.0,0.0,492.0,41,679.0,1071.0,2000.0,MQ,프로틴/시리얼,영양바류
128128,MQ)켈로그레드베리에너지바35g,20250910,30,12,20075,인천상온센터,3024.0,0.0,72.0,264.0,384.0,228.0,96.0,96.0,12.0,12.0,24.0,0.0,0.0,0.0,948.0,80,782.0,1071.0,2000.0,MQ,프로틴/시리얼,영양바류
128128,MQ)켈로그레드베리에너지바35g,20250910,30,12,20079,A광주상온센터,2700.0,0.0,36.0,216.0,180.0,168.0,36.0,12.0,24.0,0.0,36.0,24.0,0.0,0.0,600.0,52,692.0,1071.0,2000.0,MQ,프로틴/시리얼,영양바류
128128,MQ)켈로그레드베리에너지바35g,20250910,30,12,20080,A의왕상온센터,2700.0,0.0,60.0,324.0,564.0,204.0,60.0,48.0,12.0,36.0,36.0,12.0,0.0,0.0,1152.0,97,724.0,1071.0,2000.0,MQ,프로틴/시리얼,영양바류
128128,MQ)켈로그레드베리에너지바35g,20250910,30,12,20081,A양산상온센터,2808.0,0.0,24.0,180.0,252.0,228.0,72.0,48.0,24.0,36.0,24.0,0.0,0.0,0.0,684.0,59,810.0,1071.0,2000.0,MQ,프로틴/시리얼,영양바류
128128,MQ)켈로그레드베리에너지바35g,20250910,30,12,20083,김제상온센터,1944.0,0.0,12.0,132.0,132.0,120.0,108.0,36.0,12.0,0.0,0.0,0.0,0.0,0.0,396.0,34,594.0,1071.0,2000.0,MQ,프로틴/시리얼,영양바류
128128,MQ)켈로그레드베리에너지바35g,20250910,30,12,20084,천안상온센터,1728.0,0.0,0.0,84.0,336.0,168.0,48.0,48.0,36.0,36.0,12.0,0.0,0.0,0.0,588.0,51,558.0,1071.0,2000.0,MQ,프로틴/시리얼,영양바류
128128,MQ)켈로그레드베리에너지바35g,20250910,30,12,20085,인천B상온센터,3780.0,0.0,36.0,264.0,396.0,264.0,108.0,36.0,48.0,12.0,12.0,0.0,0.0,0.0,960.0,82,795.0,1071.0,2000.0,MQ,프로틴/시리얼,영양바류
128139,마즈)트윅스솔티드카라멜50g,20250924,40,12,20006,성남센터,5280.0,96.0,288.0,216.0,828.0,396.0,216.0,108.0,48.0,36.0,72.0,12.0,0.0,0.0,1728.0,145,705.0,981.0,1800.0,마즈,초콜릿,바초콜릿
128139,마즈)트윅스솔티드카라멜50g,20250924,40,12,20007,대구센터,5520.0,180.0,180.0,576.0,660.0,468.0,228.0,156.0,84.0,12.0,60.0,12.0,0.0,0.0,1884.0,180,929.0,981.0,1800.0,마즈,초콜릿,바초콜릿
128139,마즈)트윅스솔티드카라멜50g,20250924,40,12,20010,양주센터,6480.0,264.0,276.0,600.0,624.0,264.0,228.0,192.0,48.0,60.0,60.0,36.0,0.0,0.0,1764.0,161,968.0,981.0,1800.0,마즈,초콜릿,바초콜릿
128139,마즈)트윅스솔티드카라멜50g,20250924,40,12,20017,울산상온센터(K7),3360.0,132.0,84.0,360.0,192.0,264.0,132.0,96.0,24.0,48.0,72.0,12.0,0.0,0.0,900.0,85,666.0,981.0,1800.0,마즈,초콜릿,바초콜릿
128139,마즈)트윅스솔티드카라멜50g,20250924,40,12,20033,제주상온센터,1200.0,24.0,84.0,48.0,144.0,96.0,60.0,60.0,12.0,0.0,0.0,0.0,0.0,0.0,372.0,33,296.0,981.0,1800.0,마즈,초콜릿,바초콜릿
128139,마즈)트윅스솔티드카라멜50g,20250924,40,12,20034,구성상온센터,6960.0,156.0,288.0,120.0,984.0,396.0,276.0,264.0,84.0,12.0,48.0,36.0,12.0,0.0,1788.0,163,873.0,981.0,1800.0,마즈,초콜릿,바초콜릿
128139,마즈)트윅스솔티드카라멜50g,20250924,40,12,20050,세종상온센터,4800.0,108.0,120.0,468.0,564.0,288.0,216.0,168.0,60.0,12.0,24.0,12.0,12.0,0.0,1440.0,128,880.0,981.0,1800.0,마즈,초콜릿,바초콜릿
128139,마즈)트윅스솔티드카라멜50g,20250924,40,12,20065,원주상온센터(K7),3120.0,120.0,108.0,120.0,300.0,228.0,84.0,168.0,36.0,36.0,24.0,36.0,0.0,0.0,756.0,74,680.0,981.0,1800.0,마즈,초콜릿,바초콜릿
128139,마즈)트윅스솔티드카라멜50g,20250924,40,12,20075,인천상온센터,4320.0,240.0,144.0,396.0,492.0,264.0,132.0,120.0,48.0,12.0,12.0,12.0,0.0,0.0,1296.0,125,782.0,981.0,1800.0,마즈,초콜릿,바초콜릿
128139,마즈)트윅스솔티드카라멜50g,20250924,40,12,20079,A광주상온센터,3840.0,108.0,108.0,288.0,348.0,192.0,120.0,36.0,12.0,24.0,36.0,0.0,0.0,0.0,936.0,88,692.0,981.0,1800.0,마즈,초콜릿,바초콜릿
128139,마즈)트윅스솔티드카라멜50g,20250924,40,12,20080,A의왕상온센터,4080.0,252.0,204.0,420.0,528.0,348.0,108.0,108.0,84.0,48.0,12.0,12.0,0.0,0.0,1500.0,142,725.0,981.0,1800.0,마즈,초콜릿,바초콜릿
128139,마즈)트윅스솔티드카라멜50g,20250924,40,12,20081,A양산상온센터,4080.0,156.0,132.0,312.0,324.0,228.0,96.0,120.0,60.0,24.0,24.0,0.0,0.0,0.0,996.0,94,811.0,981.0,1800.0,마즈,초콜릿,바초콜릿
128139,마즈)트윅스솔티드카라멜50g,20250924,40,12,20083,김제상온센터,2880.0,60.0,84.0,156.0,180.0,192.0,132.0,24.0,24.0,12.0,12.0,12.0,0.0,0.0,612.0,61,593.0,981.0,1800.0,마즈,초콜릿,바초콜릿
128139,마즈)트윅스솔티드카라멜50g,20250924,40,12,20084,천안상온센터,2400.0,24.0,96.0,180.0,540.0,192.0,132.0,48.0,24.0,48.0,12.0,12.0,0.0,0.0,1008.0,85,557.0,981.0,1800.0,마즈,초콜릿,바초콜릿
128139,마즈)트윅스솔티드카라멜50g,20250924,40,12,20085,인천B상온센터,5520.0,168.0,192.0,468.0,456.0,192.0,180.0,48.0,72.0,24.0,0.0,12.0,0.0,0.0,1308.0,129,797.0,981.0,1800.0,마즈,초콜릿,바초콜릿
128142,MZ)AFC미니치즈크래커150g,20250910,30,4,20006,성남센터,1392.0,0.0,0.0,24.0,192.0,136.0,76.0,32.0,28.0,20.0,12.0,8.0,0.0,0.0,352.0,89,706.0,1581.0,2900.0,MZ,비스킷류,크래커
128142,MZ)AFC미니치즈크래커150g,20250910,30,4,20007,대구센터,1456.0,0.0,12.0,172.0,176.0,108.0,44.0,48.0,28.0,8.0,12.0,16.0,0.0,0.0,468.0,115,929.0,1581.0,2900.0,MZ,비스킷류,크래커
128142,MZ)AFC미니치즈크래커150g,20250910,30,4,20010,양주센터,1728.0,0.0,12.0,168.0,216.0,112.0,40.0,40.0,32.0,8.0,8.0,16.0,0.0,0.0,508.0,126,968.0,1581.0,2900.0,MZ,비스킷류,크래커
128142,MZ)AFC미니치즈크래커150g,20250910,30,4,20017,울산상온센터(K7),864.0,0.0,16.0,88.0,72.0,80.0,32.0,16.0,4.0,20.0,24.0,16.0,0.0,0.0,256.0,64,669.0,1581.0,2900.0,MZ,비스킷류,크래커
128142,MZ)AFC미니치즈크래커150g,20250910,30,4,20033,제주상온센터,320.0,0.0,0.0,8.0,84.0,36.0,28.0,16.0,8.0,8.0,0.0,16.0,0.0,0.0,128.0,30,295.0,1581.0,2900.0,MZ,비스킷류,크래커
128142,MZ)AFC미니치즈크래커150g,20250910,30,4,20034,구성상온센터,1824.0,0.0,0.0,28.0,240.0,132.0,56.0,44.0,16.0,20.0,16.0,24.0,0.0,0.0,400.0,99,874.0,1581.0,2900.0,MZ,비스킷류,크래커
128142,MZ)AFC미니치즈크래커150g,20250910,30,4,20050,세종상온센터,1232.0,0.0,16.0,144.0,184.0,108.0,44.0,36.0,8.0,0.0,16.0,20.0,8.0,0.0,452.0,113,885.0,1581.0,2900.0,MZ,비스킷류,크래커
128142,MZ)AFC미니치즈크래커150g,20250910,30,4,20065,원주상온센터(K7),816.0,0.0,0.0,44.0,156.0,100.0,52.0,24.0,20.0,4.0,12.0,24.0,4.0,0.0,300.0,71,679.0,1581.0,2900.0,MZ,비스킷류,크래커
128142,MZ)AFC미니치즈크래커150g,20250910,30,4,20075,인천상온센터,1152.0,0.0,20.0,124.0,116.0,96.0,44.0,24.0,4.0,0.0,16.0,4.0,0.0,0.0,356.0,90,782.0,1581.0,2900.0,MZ,비스킷류,크래커
128142,MZ)AFC미니치즈크래커150g,20250910,30,4,20079,A광주상온센터,1008.0,0.0,8.0,68.0,116.0,64.0,28.0,16.0,4.0,4.0,16.0,4.0,0.0,0.0,256.0,66,691.0,1581.0,2900.0,MZ,비스킷류,크래커
128142,MZ)AFC미니치즈크래커150g,20250910,30,4,20080,A의왕상온센터,1040.0,0.0,28.0,164.0,196.0,80.0,36.0,36.0,0.0,12.0,12.0,4.0,0.0,0.0,468.0,118,723.0,1581.0,2900.0,MZ,비스킷류,크래커
128142,MZ)AFC미니치즈크래커150g,20250910,30,4,20081,A양산상온센터,1040.0,0.0,12.0,68.0,140.0,80.0,44.0,20.0,4.0,12.0,8.0,20.0,0.0,0.0,300.0,73,810.0,1581.0,2900.0,MZ,비스킷류,크래커
128142,MZ)AFC미니치즈크래커150g,20250910,30,4,20083,김제상온센터,720.0,0.0,8.0,32.0,72.0,56.0,36.0,20.0,20.0,4.0,8.0,8.0,0.0,0.0,168.0,44,596.0,1581.0,2900.0,MZ,비스킷류,크래커
128142,MZ)AFC미니치즈크래커150g,20250910,30,4,20084,천안상온센터,640.0,0.0,0.0,40.0,144.0,72.0,28.0,28.0,8.0,20.0,12.0,20.0,0.0,0.0,256.0,67,561.0,1581.0,2900.0,MZ,비스킷류,크래커
128142,MZ)AFC미니치즈크래커150g,20250910,30,4,20085,인천B상온센터,1424.0,0.0,24.0,128.0,144.0,68.0,48.0,16.0,24.0,4.0,8.0,12.0,0.0,0.0,364.0,92,796.0,1581.0,2900.0,MZ,비스킷류,크래커
128143,MZ)AFC야채크래커150g,20250910,30,4,20006,성남센터,1392.0,0.0,0.0,24.0,188.0,128.0,72.0,32.0,28.0,24.0,8.0,12.0,0.0,0.0,340.0,84,706.0,1581.0,2900.0,MZ,비스킷류,크래커
128143,MZ)AFC야채크래커150g,20250910,30,4,20007,대구센터,1456.0,0.0,12.0,184.0,184.0,152.0,44.0,48.0,28.0,8.0,8.0,16.0,0.0,0.0,532.0,119,929.0,1581.0,2900.0,MZ,비스킷류,크래커
128143,MZ)AFC야채크래커150g,20250910,30,4,20010,양주센터,1728.0,0.0,12.0,160.0,216.0,104.0,40.0,40.0,32.0,8.0,12.0,16.0,0.0,0.0,492.0,122,968.0,1581.0,2900.0,MZ,비스킷류,크래커
128143,MZ)AFC야채크래커150g,20250910,30,4,20017,울산상온센터(K7),864.0,0.0,16.0,88.0,76.0,76.0,32.0,12.0,4.0,20.0,20.0,16.0,0.0,0.0,256.0,64,669.0,1581.0,2900.0,MZ,비스킷류,크래커
128143,MZ)AFC야채크래커150g,20250910,30,4,20033,제주상온센터,320.0,0.0,0.0,8.0,92.0,24.0,28.0,16.0,8.0,4.0,4.0,16.0,0.0,0.0,124.0,30,295.0,1581.0,2900.0,MZ,비스킷류,크래커
128143,MZ)AFC야채크래커150g,20250910,30,4,20034,구성상온센터,1824.0,0.0,0.0,32.0,228.0,120.0,56.0,40.0,12.0,20.0,16.0,24.0,0.0,0.0,380.0,94,874.0,1581.0,2900.0,MZ,비스킷류,크래커
128143,MZ)AFC야채크래커150g,20250910,30,4,20050,세종상온센터,1232.0,0.0,16.0,148.0,164.0,104.0,40.0,28.0,8.0,0.0,16.0,20.0,8.0,0.0,432.0,111,885.0,1581.0,2900.0,MZ,비스킷류,크래커
128143,MZ)AFC야채크래커150g,20250910,30,4,20065,원주상온센터(K7),816.0,0.0,0.0,44.0,160.0,104.0,40.0,24.0,20.0,4.0,12.0,24.0,4.0,0.0,308.0,73,679.0,1581.0,2900.0,MZ,비스킷류,크래커
128143,MZ)AFC야채크래커150g,20250910,30,4,20075,인천상온센터,1152.0,0.0,16.0,112.0,124.0,96.0,52.0,24.0,4.0,0.0,16.0,4.0,0.0,0.0,348.0,88,782.0,1581.0,2900.0,MZ,비스킷류,크래커
128143,MZ)AFC야채크래커150g,20250910,30,4,20079,A광주상온센터,1008.0,0.0,8.0,68.0,120.0,64.0,24.0,16.0,4.0,4.0,12.0,4.0,0.0,0.0,260.0,65,691.0,1581.0,2900.0,MZ,비스킷류,크래커
128143,MZ)AFC야채크래커150g,20250910,30,4,20080,A의왕상온센터,1040.0,0.0,32.0,152.0,184.0,80.0,36.0,28.0,8.0,16.0,12.0,4.0,0.0,0.0,448.0,111,723.0,1581.0,2900.0,MZ,비스킷류,크래커
128143,MZ)AFC야채크래커150g,20250910,30,4,20081,A양산상온센터,1040.0,0.0,12.0,68.0,140.0,76.0,40.0,24.0,4.0,12.0,8.0,20.0,0.0,0.0,296.0,71,810.0,1581.0,2900.0,MZ,비스킷류,크래커
128143,MZ)AFC야채크래커150g,20250910,30,4,20083,김제상온센터,720.0,0.0,8.0,32.0,68.0,56.0,36.0,20.0,12.0,8.0,8.0,8.0,0.0,0.0,164.0,41,596.0,1581.0,2900.0,MZ,비스킷류,크래커
128143,MZ)AFC야채크래커150g,20250910,30,4,20084,천안상온센터,640.0,0.0,0.0,40.0,140.0,68.0,28.0,28.0,8.0,20.0,8.0,20.0,0.0,0.0,248.0,63,561.0,1581.0,2900.0,MZ,비스킷류,크래커
128143,MZ)AFC야채크래커150g,20250910,30,4,20085,인천B상온센터,1424.0,0.0,24.0,132.0,144.0,72.0,48.0,16.0,20.0,4.0,8.0,12.0,0.0,0.0,372.0,93,796.0,1581.0,2900.0,MZ,비스킷류,크래커
128144,나무)줄넘기젤리80g,20250910,15,12,20006,성남센터,2664.0,0.0,24.0,120.0,240.0,192.0,96.0,36.0,24.0,24.0,12.0,0.0,0.0,0.0,576.0,50,706.0,949.0,1800.0,나무,젤리류,수입젤리
128144,나무)줄넘기젤리80g,20250910,15,12,20007,대구센터,2736.0,12.0,96.0,360.0,276.0,216.0,120.0,120.0,48.0,48.0,36.0,36.0,0.0,0.0,948.0,84,929.0,949.0,1800.0,나무,젤리류,수입젤리
128144,나무)줄넘기젤리80g,20250910,15,12,20010,양주센터,3240.0,36.0,48.0,276.0,276.0,168.0,168.0,24.0,36.0,12.0,0.0,12.0,0.0,0.0,768.0,65,968.0,949.0,1800.0,나무,젤리류,수입젤리
128144,나무)줄넘기젤리80g,20250910,15,12,20017,울산상온센터(K7),1656.0,0.0,84.0,252.0,180.0,168.0,36.0,36.0,24.0,36.0,72.0,36.0,0.0,0.0,684.0,59,669.0,949.0,1800.0,나무,젤리류,수입젤리
128144,나무)줄넘기젤리80g,20250910,15,12,20033,제주상온센터,1296.0,0.0,12.0,72.0,168.0,36.0,24.0,12.0,12.0,0.0,0.0,0.0,0.0,0.0,288.0,23,295.0,949.0,1800.0,나무,젤리류,수입젤리
128144,나무)줄넘기젤리80g,20250910,15,12,20034,구성상온센터,3456.0,0.0,96.0,72.0,408.0,240.0,60.0,72.0,36.0,24.0,36.0,0.0,0.0,0.0,816.0,69,874.0,949.0,1800.0,나무,젤리류,수입젤리
128144,나무)줄넘기젤리80g,20250910,15,12,20050,세종상온센터,2304.0,24.0,60.0,324.0,264.0,144.0,84.0,24.0,0.0,0.0,24.0,12.0,0.0,0.0,792.0,68,885.0,949.0,1800.0,나무,젤리류,수입젤리
128144,나무)줄넘기젤리80g,20250910,15,12,20065,원주상온센터(K7),1512.0,0.0,24.0,144.0,228.0,168.0,108.0,60.0,36.0,12.0,24.0,48.0,0.0,0.0,564.0,47,679.0,949.0,1800.0,나무,젤리류,수입젤리
128144,나무)줄넘기젤리80g,20250910,15,12,20075,인천상온센터,2160.0,24.0,72.0,240.0,216.0,144.0,72.0,84.0,12.0,12.0,24.0,0.0,0.0,0.0,672.0,58,782.0,949.0,1800.0,나무,젤리류,수입젤리
128144,나무)줄넘기젤리80g,20250910,15,12,20079,A광주상온센터,1872.0,24.0,24.0,192.0,156.0,108.0,48.0,12.0,12.0,0.0,48.0,24.0,0.0,0.0,480.0,43,691.0,949.0,1800.0,나무,젤리류,수입젤리
128144,나무)줄넘기젤리80g,20250910,15,12,20080,A의왕상온센터,1944.0,12.0,60.0,252.0,300.0,72.0,24.0,36.0,24.0,12.0,24.0,0.0,0.0,0.0,684.0,59,723.0,949.0,1800.0,나무,젤리류,수입젤리
128144,나무)줄넘기젤리80g,20250910,15,12,20081,A양산상온센터,1944.0,12.0,48.0,132.0,204.0,156.0,72.0,48.0,12.0,12.0,0.0,12.0,0.0,0.0,540.0,48,810.0,949.0,1800.0,나무,젤리류,수입젤리
128144,나무)줄넘기젤리80g,20250910,15,12,20083,김제상온센터,1368.0,24.0,36.0,84.0,180.0,84.0,48.0,72.0,12.0,12.0,0.0,12.0,0.0,0.0,384.0,34,596.0,949.0,1800.0,나무,젤리류,수입젤리
128144,나무)줄넘기젤리80g,20250910,15,12,20084,천안상온센터,1224.0,0.0,36.0,72.0,300.0,84.0,48.0,12.0,24.0,0.0,36.0,0.0,0.0,0.0,492.0,41,561.0,949.0,1800.0,나무,젤리류,수입젤리
128144,나무)줄넘기젤리80g,20250910,15,12,20085,인천B상온센터,2664.0,12.0,48.0,204.0,228.0,144.0,120.0,36.0,12.0,12.0,0.0,12.0,0.0,0.0,624.0,53,796.0,949.0,1800.0,나무,젤리류,수입젤리
128156,G)컨트리맘꿀고구마맛12입,20250917,40,1,20006,성남센터,2400.0,117.0,22.0,19.0,156.0,114.0,137.0,148.0,71.0,10.0,16.0,3.0,0.0,0.0,311.0,102,705.0,3000.0,5500.0,G,비스킷류,쿠키
128156,G)컨트리맘꿀고구마맛12입,20250917,40,1,20007,대구센터,1800.0,81.0,10.0,61.0,143.0,114.0,58.0,92.0,15.0,1.0,10.0,1.0,0.0,0.0,328.0,101,929.0,3000.0,5500.0,G,비스킷류,쿠키
128156,G)컨트리맘꿀고구마맛12입,20250917,40,1,20010,양주센터,2960.0,116.0,31.0,105.0,241.0,117.0,110.0,83.0,26.0,6.0,9.0,20.0,0.0,0.0,494.0,131,968.0,3000.0,5500.0,G,비스킷류,쿠키
128156,G)컨트리맘꿀고구마맛12입,20250917,40,1,20017,울산상온센터(K7),1200.0,71.0,25.0,96.0,37.0,87.0,23.0,57.0,17.0,0.0,13.0,2.0,0.0,0.0,245.0,67,667.0,3000.0,5500.0,G,비스킷류,쿠키
128156,G)컨트리맘꿀고구마맛12입,20250917,40,1,20033,제주상온센터,600.0,30.0,12.0,5.0,19.0,64.0,21.0,7.0,0.0,0.0,0.0,66.0,0.0,0.0,100.0,34,295.0,3000.0,5500.0,G,비스킷류,쿠키
128156,G)컨트리맘꿀고구마맛12입,20250917,40,1,20034,구성상온센터,2400.0,102.0,42.0,43.0,227.0,112.0,93.0,86.0,27.0,0.0,1.0,26.0,0.0,0.0,424.0,135,872.0,3000.0,5500.0,G,비스킷류,쿠키
128156,G)컨트리맘꿀고구마맛12입,20250917,40,1,20050,세종상온센터,2400.0,76.0,23.0,68.0,116.0,126.0,61.0,85.0,17.0,5.0,20.0,26.0,0.0,0.0,333.0,118,883.0,3000.0,5500.0,G,비스킷류,쿠키
128156,G)컨트리맘꿀고구마맛12입,20250917,40,1,20065,원주상온센터(K7),1200.0,228.0,18.0,52.0,59.0,56.0,70.0,42.0,37.0,0.0,31.0,5.0,0.0,0.0,185.0,56,679.0,3000.0,5500.0,G,비스킷류,쿠키
128156,G)컨트리맘꿀고구마맛12입,20250917,40,1,20075,인천상온센터,1800.0,97.0,41.0,102.0,142.0,65.0,50.0,27.0,7.0,5.0,2.0,5.0,0.0,0.0,350.0,107,783.0,3000.0,5500.0,G,비스킷류,쿠키
128156,G)컨트리맘꿀고구마맛12입,20250917,40,1,20079,A광주상온센터,1200.0,35.0,5.0,44.0,79.0,72.0,71.0,74.0,7.0,0.0,0.0,0.0,0.0,0.0,200.0,65,693.0,3000.0,5500.0,G,비스킷류,쿠키
128156,G)컨트리맘꿀고구마맛12입,20250917,40,1,20080,A의왕상온센터,1800.0,107.0,35.0,92.0,70.0,57.0,69.0,31.0,15.0,0.0,2.0,0.0,0.0,0.0,254.0,95,724.0,3000.0,5500.0,G,비스킷류,쿠키
128156,G)컨트리맘꿀고구마맛12입,20250917,40,1,20081,A양산상온센터,1800.0,67.0,5.0,71.0,88.0,57.0,49.0,37.0,17.0,6.0,5.0,1.0,0.0,0.0,221.0,76,810.0,3000.0,5500.0,G,비스킷류,쿠키
128156,G)컨트리맘꿀고구마맛12입,20250917,40,1,20083,김제상온센터,600.0,30.0,16.0,17.0,45.0,57.0,24.0,26.0,0.0,0.0,0.0,0.0,0.0,0.0,135.0,44,594.0,3000.0,5500.0,G,비스킷류,쿠키
128156,G)컨트리맘꿀고구마맛12입,20250917,40,1,20084,천안상온센터,1200.0,44.0,10.0,16.0,72.0,45.0,24.0,38.0,10.0,5.0,1.0,4.0,0.0,0.0,143.0,58,558.0,3000.0,5500.0,G,비스킷류,쿠키
128156,G)컨트리맘꿀고구마맛12입,20250917,40,1,20085,인천B상온센터,1800.0,108.0,6.0,91.0,140.0,141.0,86.0,86.0,19.0,0.0,2.0,0.0,0.0,0.0,378.0,106,796.0,3000.0,5500.0,G,비스킷류,쿠키
128169,G)치로루초코인절미모찌35g,20250917,50,5,20006,성남센터,4560.0,230.0,80.0,62.0,606.0,291.0,461.0,351.0,281.0,20.0,60.0,85.0,0.0,0.0,1039.0,178,705.0,1250.0,2500.0,G,초콜릿,봉지초콜릿
128169,G)치로루초코인절미모찌35g,20250917,50,5,20007,대구센터,4800.0,188.0,41.0,243.0,451.0,446.0,380.0,360.0,85.0,10.0,35.0,30.0,0.0,0.0,1181.0,217,929.0,1250.0,2500.0,G,초콜릿,봉지초콜릿
128169,G)치로루초코인절미모찌35g,20250917,50,5,20010,양주센터,5040.0,240.0,111.0,377.0,571.0,551.0,703.0,656.0,220.0,5.0,40.0,56.0,0.0,0.0,1610.0,239,968.0,1250.0,2500.0,G,초콜릿,봉지초콜릿
128169,G)치로루초코인절미모찌35g,20250917,50,5,20017,울산상온센터(K7),4080.0,241.0,60.0,172.0,200.0,295.0,290.0,270.0,115.0,10.0,90.0,40.0,0.0,0.0,727.0,136,667.0,1250.0,2500.0,G,초콜릿,봉지초콜릿
128169,G)치로루초코인절미모찌35g,20250917,50,5,20033,제주상온센터,1800.0,71.0,43.0,30.0,80.0,180.0,132.0,220.0,95.0,5.0,15.0,35.0,0.0,0.0,333.0,56,295.0,1250.0,2500.0,G,초콜릿,봉지초콜릿
128169,G)치로루초코인절미모찌35g,20250917,50,5,20034,구성상온센터,5400.0,195.0,85.0,72.0,799.0,335.0,637.0,475.0,415.0,5.0,5.0,190.0,0.0,0.0,1291.0,223,872.0,1250.0,2500.0,G,초콜릿,봉지초콜릿
128169,G)치로루초코인절미모찌35g,20250917,50,5,20050,세종상온센터,5520.0,167.0,40.0,239.0,392.0,545.0,570.0,486.0,165.0,25.0,60.0,80.0,0.0,0.0,1216.0,228,883.0,1250.0,2500.0,G,초콜릿,봉지초콜릿
128169,G)치로루초코인절미모찌35g,20250917,50,5,20065,원주상온센터(K7),4080.0,287.0,25.0,90.0,216.0,225.0,340.0,295.0,245.0,15.0,60.0,15.0,0.0,0.0,556.0,84,679.0,1250.0,2500.0,G,초콜릿,봉지초콜릿
128169,G)치로루초코인절미모찌35g,20250917,50,5,20075,인천상온센터,4800.0,250.0,81.0,235.0,477.0,390.0,454.0,392.0,165.0,5.0,40.0,70.0,0.0,0.0,1183.0,197,782.0,1250.0,2500.0,G,초콜릿,봉지초콜릿
128169,G)치로루초코인절미모찌35g,20250917,50,5,20079,A광주상온센터,3840.0,82.0,5.0,185.0,260.0,280.0,660.0,530.0,190.0,10.0,105.0,100.0,0.0,0.0,730.0,144,693.0,1250.0,2500.0,G,초콜릿,봉지초콜릿
128169,G)치로루초코인절미모찌35g,20250917,50,5,20080,A의왕상온센터,3840.0,237.0,90.0,366.0,565.0,430.0,295.0,233.0,85.0,10.0,45.0,40.0,0.0,0.0,1451.0,264,724.0,1250.0,2500.0,G,초콜릿,봉지초콜릿
128169,G)치로루초코인절미모찌35g,20250917,50,5,20081,A양산상온센터,4320.0,180.0,25.0,231.0,285.0,425.0,477.0,386.0,105.0,15.0,15.0,30.0,0.0,0.0,966.0,167,810.0,1250.0,2500.0,G,초콜릿,봉지초콜릿
128169,G)치로루초코인절미모찌35g,20250917,50,5,20083,김제상온센터,3600.0,77.0,36.0,126.0,200.0,247.0,361.0,320.0,155.0,5.0,80.0,40.0,0.0,0.0,609.0,117,593.0,1250.0,2500.0,G,초콜릿,봉지초콜릿
128169,G)치로루초코인절미모찌35g,20250917,50,5,20084,천안상온센터,3840.0,78.0,27.0,55.0,331.0,180.0,110.0,195.0,60.0,10.0,5.0,66.0,0.0,0.0,593.0,104,558.0,1250.0,2500.0,G,초콜릿,봉지초콜릿
128169,G)치로루초코인절미모찌35g,20250917,50,5,20085,인천B상온센터,4800.0,213.0,62.0,212.0,582.0,550.0,516.0,570.0,226.0,5.0,85.0,80.0,0.0,0.0,1406.0,180,795.0,1250.0,2500.0,G,초콜릿,봉지초콜릿
128171,G)치로루초코초코모찌35g,20250917,50,5,20006,성남센터,4560.0,230.0,75.0,71.0,521.0,256.0,476.0,346.0,251.0,15.0,65.0,70.0,0.0,0.0,923.0,158,705.0,1250.0,2500.0,G,초콜릿,봉지초콜릿
128171,G)치로루초코초코모찌35g,20250917,50,5,20007,대구센터,4800.0,188.0,35.0,218.0,420.0,417.0,335.0,290.0,85.0,10.0,25.0,10.0,0.0,0.0,1090.0,200,929.0,1250.0,2500.0,G,초콜릿,봉지초콜릿
128171,G)치로루초코초코모찌35g,20250917,50,5,20010,양주센터,5040.0,240.0,101.0,367.0,561.0,495.0,693.0,631.0,210.0,0.0,40.0,56.0,0.0,0.0,1524.0,224,968.0,1250.0,2500.0,G,초콜릿,봉지초콜릿
128171,G)치로루초코초코모찌35g,20250917,50,5,20017,울산상온센터(K7),4080.0,236.0,55.0,157.0,200.0,270.0,275.0,235.0,105.0,15.0,85.0,25.0,0.0,0.0,682.0,123,667.0,1250.0,2500.0,G,초콜릿,봉지초콜릿
128171,G)치로루초코초코모찌35g,20250917,50,5,20033,제주상온센터,1800.0,67.0,32.0,25.0,85.0,200.0,111.0,175.0,80.0,5.0,30.0,25.0,0.0,0.0,342.0,59,295.0,1250.0,2500.0,G,초콜릿,봉지초콜릿
128171,G)치로루초코초코모찌35g,20250917,50,5,20034,구성상온센터,5400.0,200.0,85.0,77.0,790.0,295.0,507.0,440.0,380.0,5.0,5.0,180.0,0.0,0.0,1247.0,213,872.0,1250.0,2500.0,G,초콜릿,봉지초콜릿
128171,G)치로루초코초코모찌35g,20250917,50,5,20050,세종상온센터,5520.0,167.0,40.0,250.0,387.0,535.0,565.0,476.0,150.0,25.0,70.0,90.0,0.0,0.0,1212.0,225,883.0,1250.0,2500.0,G,초콜릿,봉지초콜릿
128171,G)치로루초코초코모찌35g,20250917,50,5,20065,원주상온센터(K7),4080.0,297.0,35.0,100.0,221.0,195.0,336.0,235.0,205.0,10.0,60.0,25.0,0.0,0.0,551.0,84,679.0,1250.0,2500.0,G,초콜릿,봉지초콜릿
128171,G)치로루초코초코모찌35g,20250917,50,5,20075,인천상온센터,4800.0,251.0,76.0,241.0,432.0,360.0,459.0,382.0,155.0,5.0,40.0,60.0,0.0,0.0,1109.0,186,782.0,1250.0,2500.0,G,초콜릿,봉지초콜릿
128171,G)치로루초코초코모찌35g,20250917,50,5,20079,A광주상온센터,3840.0,82.0,5.0,140.0,235.0,225.0,615.0,440.0,130.0,10.0,95.0,70.0,0.0,0.0,605.0,127,693.0,1250.0,2500.0,G,초콜릿,봉지초콜릿
128171,G)치로루초코초코모찌35g,20250917,50,5,20080,A의왕상온센터,3840.0,236.0,105.0,336.0,460.0,290.0,250.0,145.0,95.0,10.0,30.0,25.0,0.0,0.0,1191.0,211,724.0,1250.0,2500.0,G,초콜릿,봉지초콜릿
128171,G)치로루초코초코모찌35g,20250917,50,5,20081,A양산상온센터,4320.0,175.0,30.0,196.0,260.0,410.0,257.0,226.0,70.0,15.0,15.0,20.0,0.0,0.0,896.0,152,810.0,1250.0,2500.0,G,초콜릿,봉지초콜릿
128171,G)치로루초코초코모찌35g,20250917,50,5,20083,김제상온센터,3600.0,83.0,35.0,121.0,200.0,210.0,235.0,235.0,80.0,5.0,15.0,20.0,0.0,0.0,566.0,110,593.0,1250.0,2500.0,G,초콜릿,봉지초콜릿
128171,G)치로루초코초코모찌35g,20250917,50,5,20084,천안상온센터,3840.0,78.0,27.0,55.0,316.0,160.0,105.0,160.0,40.0,10.0,5.0,36.0,0.0,0.0,558.0,98,558.0,1250.0,2500.0,G,초콜릿,봉지초콜릿
128171,G)치로루초코초코모찌35g,20250917,50,5,20085,인천B상온센터,4800.0,204.0,62.0,212.0,492.0,470.0,466.0,505.0,211.0,5.0,40.0,55.0,5.0,0.0,1236.0,168,795.0,1250.0,2500.0,G,초콜릿,봉지초콜릿
128291,하리보)해리포터해리75g,20250917,10,2,20006,성남센터,3840.0,0.0,0.0,0.0,360.0,362.0,146.0,198.0,160.0,34.0,118.0,14.0,0.0,0.0,722.0,110,705.0,1100.0,2200.0,하리보,젤리류,수입젤리
128291,하리보)해리포터해리75g,20250917,10,2,20007,대구센터,3990.0,0.0,0.0,256.0,424.0,440.0,228.0,198.0,68.0,22.0,36.0,10.0,0.0,0.0,1120.0,173,929.0,1100.0,2200.0,하리보,젤리류,수입젤리
128291,하리보)해리포터해리75g,20250917,10,2,20010,양주센터,4740.0,0.0,0.0,216.0,420.0,358.0,244.0,148.0,68.0,18.0,32.0,64.0,0.0,0.0,994.0,155,968.0,1100.0,2200.0,하리보,젤리류,수입젤리
128291,하리보)해리포터해리75g,20250917,10,2,20017,울산상온센터(K7),2370.0,0.0,0.0,148.0,218.0,284.0,156.0,90.0,42.0,36.0,18.0,18.0,0.0,0.0,650.0,98,667.0,1100.0,2200.0,하리보,젤리류,수입젤리
128291,하리보)해리포터해리75g,20250917,10,2,20033,제주상온센터,870.0,0.0,0.0,0.0,148.0,100.0,118.0,46.0,18.0,12.0,0.0,2.0,0.0,0.0,248.0,37,295.0,1100.0,2200.0,하리보,젤리류,수입젤리
128291,하리보)해리포터해리75g,20250917,10,2,20034,구성상온센터,5010.0,0.0,0.0,0.0,540.0,360.0,292.0,204.0,106.0,50.0,16.0,42.0,0.0,0.0,900.0,141,872.0,1100.0,2200.0,하리보,젤리류,수입젤리
128291,하리보)해리포터해리75g,20250917,10,2,20050,세종상온센터,3390.0,0.0,0.0,256.0,364.0,364.0,188.0,100.0,106.0,24.0,12.0,12.0,0.0,0.0,984.0,161,883.0,1100.0,2200.0,하리보,젤리류,수입젤리
128291,하리보)해리포터해리75g,20250917,10,2,20065,원주상온센터(K7),2220.0,0.0,0.0,0.0,222.0,212.0,120.0,68.0,18.0,30.0,54.0,6.0,0.0,0.0,434.0,75,679.0,1100.0,2200.0,하리보,젤리류,수입젤리
128291,하리보)해리포터해리75g,20250917,10,2,20075,인천상온센터,3150.0,0.0,0.0,204.0,436.0,234.0,202.0,76.0,66.0,24.0,66.0,14.0,0.0,0.0,874.0,122,783.0,1100.0,2200.0,하리보,젤리류,수입젤리
128291,하리보)해리포터해리75g,20250917,10,2,20079,A광주상온센터,2730.0,0.0,0.0,178.0,248.0,232.0,128.0,104.0,38.0,18.0,30.0,28.0,0.0,0.0,658.0,102,693.0,1100.0,2200.0,하리보,젤리류,수입젤리
128291,하리보)해리포터해리75g,20250917,10,2,20080,A의왕상온센터,2850.0,0.0,0.0,262.0,256.0,270.0,246.0,72.0,46.0,16.0,4.0,16.0,0.0,0.0,788.0,119,724.0,1100.0,2200.0,하리보,젤리류,수입젤리
128291,하리보)해리포터해리75g,20250917,10,2,20081,A양산상온센터,2850.0,0.0,0.0,96.0,252.0,218.0,176.0,90.0,38.0,22.0,6.0,0.0,0.0,0.0,566.0,97,810.0,1100.0,2200.0,하리보,젤리류,수입젤리
128291,하리보)해리포터해리75g,20250917,10,2,20083,김제상온센터,1950.0,0.0,0.0,80.0,288.0,328.0,154.0,80.0,52.0,24.0,8.0,6.0,0.0,0.0,696.0,87,594.0,1100.0,2200.0,하리보,젤리류,수입젤리
128291,하리보)해리포터해리75g,20250917,10,2,20084,천안상온센터,1740.0,0.0,0.0,0.0,228.0,182.0,118.0,118.0,8.0,30.0,14.0,24.0,6.0,0.0,410.0,67,558.0,1100.0,2200.0,하리보,젤리류,수입젤리
128291,하리보)해리포터해리75g,20250917,10,2,20085,인천B상온센터,3900.0,0.0,0.0,138.0,366.0,288.0,166.0,106.0,38.0,12.0,20.0,0.0,0.0,0.0,792.0,134,796.0,1100.0,2200.0,하리보,젤리류,수입젤리
128298,드림)주토피아구슬젤리,20250917,10,12,20006,성남센터,1056.0,0.0,0.0,0.0,108.0,60.0,72.0,24.0,48.0,24.0,12.0,12.0,0.0,0.0,168.0,14,705.0,3058.0,5800.0,드림,젤리류,수입젤리
128298,드림)주토피아구슬젤리,20250917,10,12,20007,대구센터,1104.0,0.0,0.0,84.0,132.0,180.0,72.0,36.0,24.0,0.0,12.0,0.0,0.0,0.0,396.0,35,929.0,3058.0,5800.0,드림,젤리류,수입젤리
128298,드림)주토피아구슬젤리,20250917,10,12,20010,양주센터,1296.0,0.0,0.0,48.0,180.0,108.0,84.0,36.0,24.0,12.0,0.0,0.0,0.0,0.0,336.0,29,968.0,3058.0,5800.0,드림,젤리류,수입젤리
128298,드림)주토피아구슬젤리,20250917,10,12,20017,울산상온센터(K7),672.0,0.0,0.0,48.0,24.0,24.0,48.0,0.0,36.0,12.0,12.0,0.0,0.0,0.0,96.0,8,667.0,3058.0,5800.0,드림,젤리류,수입젤리
128298,드림)주토피아구슬젤리,20250917,10,12,20033,제주상온센터,240.0,0.0,0.0,0.0,84.0,12.0,12.0,0.0,0.0,0.0,0.0,0.0,0.0,0.0,96.0,8,295.0,3058.0,5800.0,드림,젤리류,수입젤리
128298,드림)주토피아구슬젤리,20250917,10,12,20034,구성상온센터,1392.0,0.0,0.0,0.0,168.0,144.0,108.0,48.0,36.0,12.0,0.0,24.0,12.0,0.0,312.0,28,872.0,3058.0,5800.0,드림,젤리류,수입젤리
128298,드림)주토피아구슬젤리,20250917,10,12,20050,세종상온센터,960.0,0.0,0.0,120.0,132.0,72.0,60.0,24.0,24.0,12.0,12.0,0.0,0.0,0.0,324.0,28,883.0,3058.0,5800.0,드림,젤리류,수입젤리
128298,드림)주토피아구슬젤리,20250917,10,12,20065,원주상온센터(K7),624.0,0.0,0.0,0.0,180.0,156.0,72.0,48.0,24.0,12.0,60.0,24.0,0.0,0.0,336.0,30,679.0,3058.0,5800.0,드림,젤리류,수입젤리
128298,드림)주토피아구슬젤리,20250917,10,12,20075,인천상온센터,864.0,0.0,0.0,72.0,156.0,96.0,48.0,24.0,12.0,24.0,36.0,12.0,0.0,0.0,324.0,29,783.0,3058.0,5800.0,드림,젤리류,수입젤리
128298,드림)주토피아구슬젤리,20250917,10,12,20079,A광주상온센터,768.0,0.0,0.0,84.0,108.0,84.0,72.0,24.0,0.0,0.0,24.0,0.0,0.0,0.0,276.0,25,693.0,3058.0,5800.0,드림,젤리류,수입젤리
128298,드림)주토피아구슬젤리,20250917,10,12,20080,A의왕상온센터,816.0,0.0,0.0,108.0,60.0,120.0,60.0,24.0,24.0,12.0,0.0,12.0,0.0,0.0,288.0,27,724.0,3058.0,5800.0,드림,젤리류,수입젤리
128298,드림)주토피아구슬젤리,20250917,10,12,20081,A양산상온센터,816.0,0.0,0.0,48.0,96.0,72.0,60.0,60.0,48.0,12.0,0.0,0.0,0.0,0.0,216.0,20,810.0,3058.0,5800.0,드림,젤리류,수입젤리
128298,드림)주토피아구슬젤리,20250917,10,12,20083,김제상온센터,576.0,0.0,0.0,72.0,60.0,24.0,48.0,24.0,0.0,24.0,12.0,0.0,0.0,0.0,156.0,13,594.0,3058.0,5800.0,드림,젤리류,수입젤리
128298,드림)주토피아구슬젤리,20250917,10,12,20084,천안상온센터,480.0,0.0,0.0,0.0,96.0,96.0,60.0,0.0,0.0,12.0,0.0,12.0,0.0,0.0,192.0,16,558.0,3058.0,5800.0,드림,젤리류,수입젤리
128298,드림)주토피아구슬젤리,20250917,10,12,20085,인천B상온센터,1104.0,0.0,0.0,84.0,72.0,108.0,60.0,60.0,0.0,0.0,12.0,12.0,0.0,0.0,264.0,24,796.0,3058.0,5800.0,드림,젤리류,수입젤리
128306,농심)비29카레맛55g,20250917,10,16,20006,성남센터,6256.0,0.0,0.0,80.0,1040.0,352.0,288.0,208.0,336.0,64.0,112.0,64.0,0.0,0.0,1472.0,93,705.0,928.0,1700.0,농심,스낵류,일반스낵
128306,농심)비29카레맛55g,20250917,10,16,20007,대구센터,6528.0,0.0,48.0,704.0,768.0,560.0,224.0,240.0,112.0,0.0,80.0,0.0,16.0,0.0,2080.0,135,929.0,928.0,1700.0,농심,스낵류,일반스낵
128306,농심)비29카레맛55g,20250917,10,16,20010,양주센터,7760.0,0.0,80.0,752.0,992.0,512.0,240.0,256.0,128.0,32.0,64.0,96.0,0.0,0.0,2336.0,155,968.0,928.0,1700.0,농심,스낵류,일반스낵
128306,농심)비29카레맛55g,20250917,10,16,20017,울산상온센터(K7),3872.0,0.0,16.0,304.0,448.0,384.0,128.0,96.0,48.0,48.0,64.0,32.0,0.0,0.0,1152.0,75,667.0,928.0,1700.0,농심,스낵류,일반스낵
128306,농심)비29카레맛55g,20250917,10,16,20033,제주상온센터,1424.0,0.0,0.0,32.0,320.0,224.0,64.0,0.0,48.0,0.0,16.0,16.0,0.0,0.0,576.0,36,295.0,928.0,1700.0,농심,스낵류,일반스낵
128306,농심)비29카레맛55g,20250917,10,16,20034,구성상온센터,8176.0,0.0,0.0,176.0,1248.0,544.0,480.0,256.0,208.0,32.0,80.0,96.0,0.0,0.0,1968.0,124,872.0,928.0,1700.0,농심,스낵류,일반스낵
128306,농심)비29카레맛55g,20250917,10,16,20050,세종상온센터,5520.0,0.0,64.0,656.0,736.0,368.0,176.0,96.0,80.0,48.0,64.0,16.0,0.0,0.0,1824.0,115,883.0,928.0,1700.0,농심,스낵류,일반스낵
128306,농심)비29카레맛55g,20250917,10,16,20065,원주상온센터(K7),3632.0,0.0,0.0,112.0,672.0,336.0,144.0,32.0,32.0,0.0,96.0,32.0,0.0,0.0,1120.0,73,679.0,928.0,1700.0,농심,스낵류,일반스낵
128306,농심)비29카레맛55g,20250917,10,16,20075,인천상온센터,5136.0,0.0,48.0,688.0,816.0,288.0,224.0,112.0,80.0,48.0,16.0,16.0,0.0,0.0,1840.0,114,783.0,928.0,1700.0,농심,스낵류,일반스낵
128306,농심)비29카레맛55g,20250917,10,16,20079,A광주상온센터,4480.0,0.0,16.0,304.0,336.0,240.0,112.0,80.0,16.0,16.0,80.0,48.0,0.0,0.0,896.0,57,693.0,928.0,1700.0,농심,스낵류,일반스낵
128306,농심)비29카레맛55g,20250917,10,16,20080,A의왕상온센터,4624.0,0.0,160.0,880.0,704.0,288.0,336.0,128.0,112.0,16.0,48.0,16.0,0.0,0.0,2032.0,124,724.0,928.0,1700.0,농심,스낵류,일반스낵
128306,농심)비29카레맛55g,20250917,10,16,20081,A양산상온센터,4640.0,0.0,0.0,336.0,576.0,272.0,96.0,96.0,48.0,0.0,16.0,32.0,0.0,0.0,1184.0,72,810.0,928.0,1700.0,농심,스낵류,일반스낵
128306,농심)비29카레맛55g,20250917,10,16,20083,김제상온센터,3184.0,0.0,32.0,256.0,240.0,160.0,80.0,32.0,16.0,32.0,0.0,0.0,0.0,0.0,688.0,45,594.0,928.0,1700.0,농심,스낵류,일반스낵
128306,농심)비29카레맛55g,20250917,10,16,20084,천안상온센터,2816.0,0.0,0.0,128.0,720.0,320.0,128.0,144.0,32.0,64.0,16.0,48.0,0.0,0.0,1168.0,71,558.0,928.0,1700.0,농심,스낵류,일반스낵
128306,농심)비29카레맛55g,20250917,10,16,20085,인천B상온센터,6368.0,0.0,64.0,448.0,784.0,416.0,240.0,176.0,80.0,16.0,32.0,16.0,0.0,0.0,1712.0,107,796.0,928.0,1700.0,농심,스낵류,일반스낵
128309,글로브)달콤바삭보리과자84g,20250917,10,2,20006,성남센터,1224.0,0.0,0.0,36.0,164.0,42.0,26.0,36.0,40.0,18.0,12.0,6.0,0.0,0.0,242.0,46,705.0,750.0,1500.0,글로브,스낵류,전통스낵
128309,글로브)달콤바삭보리과자84g,20250917,10,2,20007,대구센터,1272.0,0.0,12.0,114.0,174.0,116.0,24.0,50.0,6.0,4.0,16.0,0.0,0.0,0.0,416.0,76,929.0,750.0,1500.0,글로브,스낵류,전통스낵
128309,글로브)달콤바삭보리과자84g,20250917,10,2,20010,양주센터,1512.0,0.0,18.0,136.0,216.0,120.0,26.0,22.0,8.0,6.0,2.0,12.0,0.0,0.0,490.0,95,968.0,750.0,1500.0,글로브,스낵류,전통스낵
128309,글로브)달콤바삭보리과자84g,20250917,10,2,20017,울산상온센터(K7),768.0,0.0,0.0,54.0,72.0,80.0,24.0,24.0,10.0,18.0,14.0,18.0,0.0,0.0,206.0,36,667.0,750.0,1500.0,글로브,스낵류,전통스낵
128309,글로브)달콤바삭보리과자84g,20250917,10,2,20033,제주상온센터,288.0,0.0,0.0,12.0,108.0,30.0,26.0,4.0,12.0,0.0,6.0,0.0,0.0,0.0,150.0,26,295.0,750.0,1500.0,글로브,스낵류,전통스낵
128309,글로브)달콤바삭보리과자84g,20250917,10,2,20034,구성상온센터,1608.0,0.0,0.0,34.0,240.0,150.0,74.0,56.0,38.0,2.0,6.0,6.0,6.0,0.0,424.0,81,872.0,750.0,1500.0,글로브,스낵류,전통스낵
128309,글로브)달콤바삭보리과자84g,20250917,10,2,20050,세종상온센터,1080.0,0.0,8.0,144.0,134.0,90.0,52.0,40.0,0.0,8.0,12.0,0.0,0.0,0.0,376.0,68,883.0,750.0,1500.0,글로브,스낵류,전통스낵
128309,글로브)달콤바삭보리과자84g,20250917,10,2,20065,원주상온센터(K7),720.0,0.0,0.0,34.0,136.0,100.0,30.0,8.0,12.0,6.0,24.0,0.0,0.0,0.0,270.0,49,679.0,750.0,1500.0,글로브,스낵류,전통스낵
128309,글로브)달콤바삭보리과자84g,20250917,10,2,20075,인천상온센터,1008.0,0.0,0.0,114.0,150.0,50.0,34.0,6.0,12.0,6.0,6.0,6.0,0.0,0.0,314.0,61,783.0,750.0,1500.0,글로브,스낵류,전통스낵
128309,글로브)달콤바삭보리과자84g,20250917,10,2,20079,A광주상온센터,888.0,0.0,0.0,78.0,94.0,54.0,26.0,14.0,6.0,2.0,6.0,0.0,0.0,0.0,226.0,41,693.0,750.0,1500.0,글로브,스낵류,전통스낵
128309,글로브)달콤바삭보리과자84g,20250917,10,2,20080,A의왕상온센터,912.0,0.0,18.0,192.0,130.0,78.0,32.0,12.0,14.0,0.0,12.0,0.0,0.0,0.0,418.0,79,724.0,750.0,1500.0,글로브,스낵류,전통스낵
128309,글로브)달콤바삭보리과자84g,20250917,10,2,20081,A양산상온센터,912.0,0.0,0.0,92.0,118.0,58.0,34.0,28.0,10.0,14.0,6.0,2.0,0.0,0.0,268.0,50,810.0,750.0,1500.0,글로브,스낵류,전통스낵
128309,글로브)달콤바삭보리과자84g,20250917,10,2,20083,김제상온센터,624.0,0.0,6.0,58.0,70.0,18.0,14.0,34.0,6.0,6.0,6.0,0.0,0.0,0.0,152.0,29,594.0,750.0,1500.0,글로브,스낵류,전통스낵
128309,글로브)달콤바삭보리과자84g,20250917,10,2,20084,천안상온센터,552.0,0.0,0.0,26.0,144.0,52.0,14.0,32.0,6.0,18.0,0.0,6.0,0.0,0.0,222.0,45,558.0,750.0,1500.0,글로브,스낵류,전통스낵
128309,글로브)달콤바삭보리과자84g,20250917,10,2,20085,인천B상온센터,1248.0,0.0,10.0,78.0,150.0,88.0,80.0,54.0,14.0,0.0,6.0,8.0,0.0,0.0,326.0,65,796.0,750.0,1500.0,글로브,스낵류,전통스낵
128310,하늘)무화과블랙베이글칩60g,20250924,20,12,20006,성남센터,1980.0,732.0,24.0,24.0,36.0,0.0,0.0,0.0,0.0,0.0,0.0,0.0,0.0,0.0,84.0,71,705.0,1451.0,2800.0,하늘,스낵류,일반스낵
128310,하늘)무화과블랙베이글칩60g,20250924,20,12,20007,대구센터,2064.0,444.0,0.0,0.0,0.0,0.0,0.0,0.0,0.0,0.0,0.0,0.0,0.0,0.0,0.0,40,929.0,1451.0,2800.0,하늘,스낵류,일반스낵
128310,하늘)무화과블랙베이글칩60g,20250924,20,12,20010,양주센터,2460.0,672.0,12.0,12.0,48.0,12.0,0.0,0.0,0.0,0.0,0.0,0.0,0.0,0.0,84.0,66,968.0,1451.0,2800.0,하늘,스낵류,일반스낵
128310,하늘)무화과블랙베이글칩60g,20250924,20,12,20017,울산상온센터(K7),1224.0,264.0,24.0,12.0,0.0,0.0,0.0,0.0,0.0,0.0,0.0,0.0,0.0,0.0,36.0,25,666.0,1451.0,2800.0,하늘,스낵류,일반스낵
128310,하늘)무화과블랙베이글칩60g,20250924,20,12,20033,제주상온센터,456.0,168.0,0.0,0.0,12.0,12.0,0.0,0.0,0.0,0.0,0.0,0.0,0.0,0.0,24.0,17,296.0,1451.0,2800.0,하늘,스낵류,일반스낵
128310,하늘)무화과블랙베이글칩60g,20250924,20,12,20034,구성상온센터,2592.0,576.0,24.0,12.0,12.0,0.0,12.0,0.0,0.0,0.0,0.0,0.0,0.0,0.0,48.0,55,873.0,1451.0,2800.0,하늘,스낵류,일반스낵
128310,하늘)무화과블랙베이글칩60g,20250924,20,12,20050,세종상온센터,1752.0,528.0,12.0,48.0,12.0,12.0,0.0,0.0,0.0,0.0,0.0,0.0,0.0,0.0,84.0,48,880.0,1451.0,2800.0,하늘,스낵류,일반스낵
128310,하늘)무화과블랙베이글칩60g,20250924,20,12,20065,원주상온센터(K7),1152.0,324.0,0.0,0.0,0.0,0.0,0.0,0.0,0.0,0.0,0.0,0.0,0.0,0.0,0.0,30,680.0,1451.0,2800.0,하늘,스낵류,일반스낵
128310,하늘)무화과블랙베이글칩60g,20250924,20,12,20075,인천상온센터,1632.0,444.0,0.0,12.0,12.0,12.0,0.0,0.0,0.0,0.0,0.0,0.0,0.0,0.0,36.0,43,782.0,1451.0,2800.0,하늘,스낵류,일반스낵
128310,하늘)무화과블랙베이글칩60g,20250924,20,12,20079,A광주상온센터,1416.0,216.0,0.0,12.0,12.0,0.0,0.0,0.0,0.0,0.0,0.0,0.0,0.0,0.0,24.0,20,692.0,1451.0,2800.0,하늘,스낵류,일반스낵
128310,하늘)무화과블랙베이글칩60g,20250924,20,12,20080,A의왕상온센터,1464.0,504.0,0.0,0.0,24.0,12.0,0.0,0.0,0.0,0.0,0.0,0.0,0.0,0.0,36.0,52,725.0,1451.0,2800.0,하늘,스낵류,일반스낵
128310,하늘)무화과블랙베이글칩60g,20250924,20,12,20081,A양산상온센터,1476.0,396.0,0.0,0.0,0.0,0.0,0.0,0.0,0.0,0.0,0.0,0.0,0.0,0.0,0.0,34,811.0,1451.0,2800.0,하늘,스낵류,일반스낵
128310,하늘)무화과블랙베이글칩60g,20250924,20,12,20083,김제상온센터,1008.0,192.0,12.0,12.0,0.0,0.0,0.0,0.0,0.0,0.0,0.0,0.0,0.0,0.0,24.0,20,593.0,1451.0,2800.0,하늘,스낵류,일반스낵
128310,하늘)무화과블랙베이글칩60g,20250924,20,12,20084,천안상온센터,900.0,240.0,24.0,12.0,0.0,0.0,12.0,12.0,0.0,0.0,0.0,0.0,0.0,0.0,36.0,25,557.0,1451.0,2800.0,하늘,스낵류,일반스낵
128310,하늘)무화과블랙베이글칩60g,20250924,20,12,20085,인천B상온센터,2016.0,516.0,24.0,60.0,12.0,0.0,0.0,0.0,0.0,0.0,0.0,0.0,0.0,0.0,96.0,53,797.0,1451.0,2800.0,하늘,스낵류,일반스낵
128313,하늘)크랜베리베이글칩60g,20250924,20,12,20006,성남센터,1980.0,696.0,24.0,24.0,24.0,0.0,0.0,0.0,0.0,0.0,0.0,0.0,0.0,0.0,72.0,64,705.0,1451.0,2800.0,하늘,스낵류,일반스낵
128313,하늘)크랜베리베이글칩60g,20250924,20,12,20007,대구센터,2064.0,372.0,12.0,0.0,12.0,0.0,0.0,0.0,0.0,0.0,0.0,0.0,0.0,0.0,24.0,36,929.0,1451.0,2800.0,하늘,스낵류,일반스낵
128313,하늘)크랜베리베이글칩60g,20250924,20,12,20010,양주센터,2460.0,600.0,12.0,12.0,36.0,12.0,0.0,0.0,0.0,0.0,0.0,0.0,0.0,0.0,72.0,59,968.0,1451.0,2800.0,하늘,스낵류,일반스낵
128313,하늘)크랜베리베이글칩60g,20250924,20,12,20017,울산상온센터(K7),1224.0,252.0,12.0,12.0,0.0,0.0,0.0,0.0,0.0,0.0,0.0,0.0,0.0,0.0,24.0,23,666.0,1451.0,2800.0,하늘,스낵류,일반스낵
128313,하늘)크랜베리베이글칩60g,20250924,20,12,20033,제주상온센터,456.0,156.0,0.0,0.0,12.0,12.0,0.0,0.0,0.0,0.0,0.0,0.0,0.0,0.0,24.0,15,296.0,1451.0,2800.0,하늘,스낵류,일반스낵
128313,하늘)크랜베리베이글칩60g,20250924,20,12,20034,구성상온센터,2592.0,528.0,24.0,0.0,12.0,0.0,12.0,0.0,0.0,0.0,0.0,0.0,0.0,0.0,36.0,49,873.0,1451.0,2800.0,하늘,스낵류,일반스낵
128313,하늘)크랜베리베이글칩60g,20250924,20,12,20050,세종상온센터,1752.0,480.0,12.0,36.0,12.0,0.0,0.0,0.0,0.0,0.0,0.0,0.0,0.0,0.0,60.0,42,880.0,1451.0,2800.0,하늘,스낵류,일반스낵
128313,하늘)크랜베리베이글칩60g,20250924,20,12,20065,원주상온센터(K7),1152.0,336.0,0.0,0.0,0.0,0.0,0.0,0.0,0.0,0.0,0.0,0.0,0.0,0.0,0.0,30,680.0,1451.0,2800.0,하늘,스낵류,일반스낵
128313,하늘)크랜베리베이글칩60g,20250924,20,12,20075,인천상온센터,1632.0,420.0,0.0,12.0,12.0,0.0,0.0,0.0,0.0,0.0,0.0,0.0,0.0,0.0,24.0,40,782.0,1451.0,2800.0,하늘,스낵류,일반스낵
128313,하늘)크랜베리베이글칩60g,20250924,20,12,20079,A광주상온센터,1416.0,180.0,0.0,12.0,12.0,0.0,0.0,0.0,0.0,0.0,0.0,0.0,0.0,0.0,24.0,17,692.0,1451.0,2800.0,하늘,스낵류,일반스낵
128313,하늘)크랜베리베이글칩60g,20250924,20,12,20080,A의왕상온센터,1464.0,504.0,0.0,0.0,24.0,12.0,0.0,0.0,0.0,0.0,0.0,0.0,0.0,0.0,36.0,49,725.0,1451.0,2800.0,하늘,스낵류,일반스낵
128313,하늘)크랜베리베이글칩60g,20250924,20,12,20081,A양산상온센터,1476.0,360.0,0.0,0.0,0.0,0.0,0.0,0.0,0.0,0.0,0.0,0.0,0.0,0.0,0.0,31,811.0,1451.0,2800.0,하늘,스낵류,일반스낵
128313,하늘)크랜베리베이글칩60g,20250924,20,12,20083,김제상온센터,1008.0,192.0,12.0,0.0,0.0,0.0,0.0,0.0,0.0,0.0,0.0,0.0,0.0,0.0,12.0,19,593.0,1451.0,2800.0,하늘,스낵류,일반스낵
128313,하늘)크랜베리베이글칩60g,20250924,20,12,20084,천안상온센터,900.0,240.0,24.0,0.0,0.0,0.0,0.0,12.0,0.0,0.0,0.0,0.0,0.0,0.0,24.0,24,557.0,1451.0,2800.0,하늘,스낵류,일반스낵
128313,하늘)크랜베리베이글칩60g,20250924,20,12,20085,인천B상온센터,2016.0,516.0,24.0,48.0,12.0,0.0,0.0,0.0,0.0,0.0,0.0,0.0,0.0,0.0,84.0,52,797.0,1451.0,2800.0,하늘,스낵류,일반스낵
128344,자이언츠)쌔리라메이플볼60g,20250917,15,12,20006,성남센터,6000.0,0.0,0.0,0.0,996.0,336.0,528.0,372.0,204.0,24.0,156.0,84.0,0.0,0.0,1332.0,113,705.0,1036.0,1900.0,자이언츠,스낵류,일반스낵
128344,자이언츠)쌔리라메이플볼60g,20250917,15,12,20007,대구센터,4176.0,0.0,0.0,288.0,480.0,384.0,384.0,264.0,36.0,24.0,12.0,24.0,0.0,0.0,1152.0,107,929.0,1036.0,1900.0,자이언츠,스낵류,일반스낵
128344,자이언츠)쌔리라메이플볼60g,20250917,15,12,20010,양주센터,8400.0,0.0,0.0,600.0,840.0,600.0,780.0,768.0,312.0,36.0,36.0,60.0,0.0,0.0,2040.0,173,968.0,1036.0,1900.0,자이언츠,스낵류,일반스낵
128344,자이언츠)쌔리라메이플볼60g,20250917,15,12,20017,울산상온센터(K7),7200.0,0.0,0.0,456.0,516.0,588.0,408.0,228.0,132.0,36.0,12.0,48.0,0.0,0.0,1560.0,121,667.0,1036.0,1900.0,자이언츠,스낵류,일반스낵
128344,자이언츠)쌔리라메이플볼60g,20250917,15,12,20033,제주상온센터,936.0,0.0,0.0,0.0,132.0,108.0,120.0,12.0,72.0,0.0,0.0,12.0,0.0,0.0,240.0,22,295.0,1036.0,1900.0,자이언츠,스낵류,일반스낵
128344,자이언츠)쌔리라메이플볼60g,20250917,15,12,20034,구성상온센터,4200.0,0.0,0.0,0.0,1032.0,276.0,336.0,96.0,108.0,24.0,0.0,12.0,0.0,0.0,1308.0,127,872.0,1036.0,1900.0,자이언츠,스낵류,일반스낵
128344,자이언츠)쌔리라메이플볼60g,20250917,15,12,20050,세종상온센터,1644.0,0.0,0.0,192.0,264.0,168.0,84.0,48.0,12.0,0.0,0.0,0.0,0.0,0.0,624.0,59,883.0,1036.0,1900.0,자이언츠,스낵류,일반스낵
128344,자이언츠)쌔리라메이플볼60g,20250917,15,12,20065,원주상온센터(K7),888.0,0.0,0.0,0.0,180.0,108.0,60.0,108.0,24.0,0.0,72.0,12.0,0.0,0.0,288.0,28,679.0,1036.0,1900.0,자이언츠,스낵류,일반스낵
128344,자이언츠)쌔리라메이플볼60g,20250917,15,12,20075,인천상온센터,2196.0,0.0,0.0,144.0,348.0,192.0,144.0,48.0,24.0,24.0,0.0,24.0,0.0,0.0,684.0,67,783.0,1036.0,1900.0,자이언츠,스낵류,일반스낵
128344,자이언츠)쌔리라메이플볼60g,20250917,15,12,20079,A광주상온센터,1344.0,0.0,0.0,96.0,132.0,192.0,180.0,108.0,84.0,0.0,0.0,0.0,0.0,0.0,420.0,40,693.0,1036.0,1900.0,자이언츠,스낵류,일반스낵
128344,자이언츠)쌔리라메이플볼60g,20250917,15,12,20080,A의왕상온센터,2940.0,0.0,0.0,288.0,360.0,240.0,204.0,24.0,12.0,24.0,36.0,0.0,0.0,0.0,888.0,89,724.0,1036.0,1900.0,자이언츠,스낵류,일반스낵
128344,자이언츠)쌔리라메이플볼60g,20250917,15,12,20081,A양산상온센터,6000.0,0.0,0.0,336.0,900.0,1176.0,744.0,600.0,168.0,0.0,108.0,120.0,0.0,0.0,2412.0,181,810.0,1036.0,1900.0,자이언츠,스낵류,일반스낵
128344,자이언츠)쌔리라메이플볼60g,20250917,15,12,20083,김제상온센터,600.0,0.0,0.0,24.0,96.0,84.0,24.0,12.0,12.0,0.0,12.0,12.0,0.0,0.0,204.0,24,594.0,1036.0,1900.0,자이언츠,스낵류,일반스낵
128344,자이언츠)쌔리라메이플볼60g,20250917,15,12,20084,천안상온센터,840.0,0.0,0.0,0.0,228.0,96.0,48.0,48.0,36.0,12.0,0.0,36.0,12.0,0.0,324.0,31,558.0,1036.0,1900.0,자이언츠,스낵류,일반스낵
128344,자이언츠)쌔리라메이플볼60g,20250917,15,12,20085,인천B상온센터,2700.0,0.0,0.0,168.0,300.0,372.0,156.0,84.0,12.0,0.0,12.0,12.0,12.0,0.0,840.0,77,796.0,1036.0,1900.0,자이언츠,스낵류,일반스낵
128348,자이언츠)쌔리라짱셔요소다믹스맛49g,20250924,15,8,20006,성남센터,2784.0,0.0,0.0,48.0,608.0,512.0,312.0,136.0,40.0,16.0,32.0,16.0,0.0,0.0,1168.0,150,705.0,1036.0,1900.0,자이언츠,젤리류,국산젤리
128348,자이언츠)쌔리라짱셔요소다믹스맛49g,20250924,15,8,20007,대구센터,2928.0,0.0,0.0,232.0,344.0,360.0,112.0,96.0,32.0,0.0,24.0,8.0,0.0,0.0,936.0,123,929.0,1036.0,1900.0,자이언츠,젤리류,국산젤리
128348,자이언츠)쌔리라짱셔요소다믹스맛49g,20250924,15,8,20010,양주센터,3456.0,0.0,8.0,368.0,448.0,232.0,256.0,136.0,80.0,40.0,32.0,8.0,0.0,0.0,1056.0,129,968.0,1036.0,1900.0,자이언츠,젤리류,국산젤리
128348,자이언츠)쌔리라짱셔요소다믹스맛49g,20250924,15,8,20017,울산상온센터(K7),1728.0,0.0,0.0,280.0,264.0,184.0,192.0,136.0,16.0,48.0,32.0,16.0,0.0,0.0,728.0,84,666.0,1036.0,1900.0,자이언츠,젤리류,국산젤리
128348,자이언츠)쌔리라짱셔요소다믹스맛49g,20250924,15,8,20033,제주상온센터,672.0,0.0,0.0,8.0,184.0,16.0,16.0,16.0,8.0,0.0,8.0,0.0,0.0,0.0,208.0,25,296.0,1036.0,1900.0,자이언츠,젤리류,국산젤리
128348,자이언츠)쌔리라짱셔요소다믹스맛49g,20250924,15,8,20034,구성상온센터,3648.0,0.0,0.0,24.0,560.0,248.0,96.0,72.0,56.0,0.0,16.0,16.0,8.0,0.0,832.0,103,873.0,1036.0,1900.0,자이언츠,젤리류,국산젤리
128348,자이언츠)쌔리라짱셔요소다믹스맛49g,20250924,15,8,20050,세종상온센터,2496.0,0.0,0.0,128.0,112.0,104.0,88.0,48.0,40.0,16.0,16.0,8.0,0.0,0.0,344.0,48,880.0,1036.0,1900.0,자이언츠,젤리류,국산젤리
128348,자이언츠)쌔리라짱셔요소다믹스맛49g,20250924,15,8,20065,원주상온센터(K7),1632.0,0.0,0.0,16.0,168.0,96.0,48.0,48.0,16.0,16.0,8.0,32.0,0.0,0.0,280.0,37,680.0,1036.0,1900.0,자이언츠,젤리류,국산젤리
128348,자이언츠)쌔리라짱셔요소다믹스맛49g,20250924,15,8,20075,인천상온센터,2304.0,0.0,24.0,152.0,216.0,128.0,80.0,48.0,48.0,8.0,16.0,8.0,0.0,0.0,520.0,59,782.0,1036.0,1900.0,자이언츠,젤리류,국산젤리
128348,자이언츠)쌔리라짱셔요소다믹스맛49g,20250924,15,8,20079,A광주상온센터,2016.0,0.0,24.0,104.0,144.0,152.0,96.0,24.0,0.0,24.0,16.0,0.0,8.0,0.0,424.0,60,692.0,1036.0,1900.0,자이언츠,젤리류,국산젤리
128348,자이언츠)쌔리라짱셔요소다믹스맛49g,20250924,15,8,20080,A의왕상온센터,2064.0,0.0,8.0,120.0,256.0,248.0,120.0,80.0,32.0,16.0,24.0,8.0,0.0,0.0,632.0,80,725.0,1036.0,1900.0,자이언츠,젤리류,국산젤리
128348,자이언츠)쌔리라짱셔요소다믹스맛49g,20250924,15,8,20081,A양산상온센터,2064.0,0.0,0.0,248.0,448.0,552.0,256.0,104.0,32.0,0.0,56.0,0.0,0.0,0.0,1248.0,155,811.0,1036.0,1900.0,자이언츠,젤리류,국산젤리
128348,자이언츠)쌔리라짱셔요소다믹스맛49g,20250924,15,8,20083,김제상온센터,1440.0,0.0,0.0,64.0,72.0,80.0,24.0,48.0,8.0,0.0,0.0,0.0,0.0,0.0,216.0,26,593.0,1036.0,1900.0,자이언츠,젤리류,국산젤리
128348,자이언츠)쌔리라짱셔요소다믹스맛49g,20250924,15,8,20084,천안상온센터,1296.0,0.0,0.0,24.0,160.0,96.0,64.0,8.0,8.0,8.0,8.0,0.0,0.0,0.0,280.0,36,557.0,1036.0,1900.0,자이언츠,젤리류,국산젤리
128348,자이언츠)쌔리라짱셔요소다믹스맛49g,20250924,15,8,20085,인천B상온센터,2832.0,0.0,40.0,176.0,224.0,160.0,88.0,48.0,32.0,16.0,0.0,0.0,0.0,0.0,600.0,75,797.0,1036.0,1900.0,자이언츠,젤리류,국산젤리
128375,PB)미니뻥튀기45g,20250924,20,2,20006,성남센터,876.0,56.0,26.0,8.0,64.0,62.0,20.0,10.0,6.0,0.0,14.0,0.0,0.0,0.0,160.0,78,705.0,788.0,1800.0,PB,스낵류,전통스낵
128375,PB)미니뻥튀기45g,20250924,20,2,20007,대구센터,912.0,66.0,12.0,58.0,82.0,30.0,18.0,28.0,0.0,2.0,22.0,6.0,0.0,0.0,182.0,97,929.0,788.0,1800.0,PB,스낵류,전통스낵
128375,PB)미니뻥튀기45g,20250924,20,2,20010,양주센터,1080.0,76.0,28.0,112.0,94.0,36.0,22.0,18.0,4.0,8.0,20.0,0.0,0.0,0.0,270.0,119,968.0,788.0,1800.0,PB,스낵류,전통스낵
128375,PB)미니뻥튀기45g,20250924,20,2,20017,울산상온센터(K7),540.0,52.0,8.0,48.0,54.0,34.0,22.0,18.0,12.0,0.0,6.0,0.0,0.0,0.0,144.0,71,666.0,788.0,1800.0,PB,스낵류,전통스낵
128375,PB)미니뻥튀기45g,20250924,20,2,20033,제주상온센터,240.0,12.0,14.0,16.0,34.0,18.0,10.0,10.0,2.0,2.0,0.0,0.0,0.0,0.0,82.0,33,296.0,788.0,1800.0,PB,스낵류,전통스낵
128375,PB)미니뻥튀기45g,20250924,20,2,20034,구성상온센터,1140.0,68.0,18.0,20.0,152.0,54.0,32.0,36.0,14.0,0.0,2.0,6.0,0.0,0.0,244.0,111,873.0,788.0,1800.0,PB,스낵류,전통스낵
128375,PB)미니뻥튀기45g,20250924,20,2,20050,세종상온센터,768.0,38.0,14.0,72.0,66.0,32.0,26.0,22.0,6.0,0.0,10.0,2.0,0.0,0.0,184.0,83,880.0,788.0,1800.0,PB,스낵류,전통스낵
128375,PB)미니뻥튀기45g,20250924,20,2,20065,원주상온센터(K7),504.0,58.0,18.0,26.0,66.0,68.0,32.0,14.0,10.0,8.0,2.0,6.0,0.0,0.0,178.0,69,680.0,788.0,1800.0,PB,스낵류,전통스낵
128375,PB)미니뻥튀기45g,20250924,20,2,20075,인천상온센터,720.0,54.0,20.0,26.0,50.0,46.0,10.0,22.0,10.0,4.0,14.0,2.0,0.0,0.0,142.0,77,782.0,788.0,1800.0,PB,스낵류,전통스낵
128375,PB)미니뻥튀기45g,20250924,20,2,20079,A광주상온센터,624.0,36.0,18.0,46.0,82.0,64.0,36.0,8.0,4.0,16.0,2.0,6.0,4.0,0.0,210.0,97,692.0,788.0,1800.0,PB,스낵류,전통스낵
128375,PB)미니뻥튀기45g,20250924,20,2,20080,A의왕상온센터,648.0,60.0,30.0,60.0,88.0,60.0,20.0,14.0,8.0,6.0,6.0,0.0,0.0,0.0,238.0,114,725.0,788.0,1800.0,PB,스낵류,전통스낵
128375,PB)미니뻥튀기45g,20250924,20,2,20081,A양산상온센터,648.0,46.0,14.0,36.0,60.0,36.0,14.0,16.0,2.0,2.0,0.0,0.0,0.0,0.0,146.0,74,811.0,788.0,1800.0,PB,스낵류,전통스낵
128375,PB)미니뻥튀기45g,20250924,20,2,20083,김제상온센터,444.0,16.0,12.0,44.0,22.0,30.0,26.0,26.0,2.0,2.0,2.0,2.0,0.0,0.0,108.0,47,593.0,788.0,1800.0,PB,스낵류,전통스낵
128375,PB)미니뻥튀기45g,20250924,20,2,20084,천안상온센터,396.0,24.0,12.0,8.0,94.0,32.0,30.0,10.0,4.0,8.0,4.0,6.0,0.0,0.0,146.0,59,557.0,788.0,1800.0,PB,스낵류,전통스낵
128375,PB)미니뻥튀기45g,20250924,20,2,20085,인천B상온센터,888.0,52.0,4.0,58.0,38.0,24.0,14.0,4.0,18.0,0.0,8.0,0.0,0.0,0.0,124.0,75,797.0,788.0,1800.0,PB,스낵류,전통스낵
128396,PB)젤리초코볼샤인머스켓42g,20250926,70,10,20006,성남센터,8760.0,470.0,1160.0,1490.0,720.0,430.0,90.0,10.0,20.0,40.0,30.0,70.0,0.0,0.0,3800.0,433,703.0,630.0,1500.0,PB,초콜릿,볼초콜릿
128396,PB)젤리초코볼샤인머스켓42g,20250926,70,10,20007,대구센터,8240.0,810.0,950.0,1070.0,470.0,290.0,40.0,40.0,100.0,40.0,80.0,100.0,0.0,0.0,2780.0,359,929.0,630.0,1500.0,PB,초콜릿,볼초콜릿
128396,PB)젤리초코볼샤인머스켓42g,20250926,70,10,20010,양주센터,10840.0,1980.0,2860.0,2160.0,1500.0,630.0,130.0,40.0,90.0,50.0,10.0,50.0,0.0,0.0,7150.0,632,967.0,630.0,1500.0,PB,초콜릿,볼초콜릿
128396,PB)젤리초코볼샤인머스켓42g,20250926,70,10,20017,울산상온센터(K7),5400.0,630.0,660.0,420.0,390.0,110.0,10.0,30.0,30.0,10.0,0.0,0.0,0.0,0.0,1580.0,226,667.0,630.0,1500.0,PB,초콜릿,볼초콜릿
128396,PB)젤리초코볼샤인머스켓42g,20250926,70,10,20033,제주상온센터,2200.0,100.0,650.0,360.0,140.0,170.0,10.0,30.0,10.0,0.0,0.0,0.0,0.0,0.0,1320.0,143,296.0,630.0,1500.0,PB,초콜릿,볼초콜릿
128396,PB)젤리초코볼샤인머스켓42g,20250926,70,10,20034,구성상온센터,11440.0,720.0,2280.0,1560.0,890.0,920.0,140.0,10.0,20.0,240.0,10.0,70.0,0.0,0.0,5650.0,578,873.0,630.0,1500.0,PB,초콜릿,볼초콜릿
128396,PB)젤리초코볼샤인머스켓42g,20250926,70,10,20050,세종상온센터,7720.0,1040.0,710.0,580.0,570.0,350.0,110.0,0.0,160.0,60.0,40.0,40.0,0.0,0.0,2210.0,333,880.0,630.0,1500.0,PB,초콜릿,볼초콜릿
128396,PB)젤리초코볼샤인머스켓42g,20250926,70,10,20065,원주상온센터(K7),5080.0,340.0,880.0,910.0,630.0,320.0,100.0,0.0,0.0,10.0,50.0,20.0,0.0,0.0,2740.0,286,680.0,630.0,1500.0,PB,초콜릿,볼초콜릿
128396,PB)젤리초코볼샤인머스켓42g,20250926,70,10,20075,인천상온센터,7200.0,890.0,1080.0,810.0,710.0,390.0,70.0,10.0,200.0,110.0,40.0,40.0,0.0,0.0,2990.0,390,782.0,630.0,1500.0,PB,초콜릿,볼초콜릿
128396,PB)젤리초코볼샤인머스켓42g,20250926,70,10,20079,A광주상온센터,6280.0,740.0,1210.0,1400.0,940.0,280.0,20.0,50.0,100.0,0.0,10.0,0.0,0.0,0.0,3830.0,460,693.0,630.0,1500.0,PB,초콜릿,볼초콜릿
128396,PB)젤리초코볼샤인머스켓42g,20250926,70,10,20080,A의왕상온센터,6480.0,1240.0,1260.0,940.0,740.0,360.0,110.0,30.0,70.0,50.0,30.0,20.0,0.0,0.0,3300.0,445,725.0,630.0,1500.0,PB,초콜릿,볼초콜릿
128396,PB)젤리초코볼샤인머스켓42g,20250926,70,10,20081,A양산상온센터,6520.0,790.0,800.0,1010.0,490.0,280.0,30.0,10.0,30.0,10.0,40.0,10.0,0.0,0.0,2580.0,340,811.0,630.0,1500.0,PB,초콜릿,볼초콜릿
128396,PB)젤리초코볼샤인머스켓42g,20250926,70,10,20083,김제상온센터,4480.0,660.0,530.0,870.0,610.0,410.0,110.0,10.0,50.0,140.0,40.0,70.0,0.0,0.0,2420.0,310,594.0,630.0,1500.0,PB,초콜릿,볼초콜릿
128396,PB)젤리초코볼샤인머스켓42g,20250926,70,10,20084,천안상온센터,3960.0,140.0,790.0,780.0,440.0,500.0,30.0,10.0,0.0,140.0,10.0,20.0,0.0,0.0,2510.0,264,557.0,630.0,1500.0,PB,초콜릿,볼초콜릿
128396,PB)젤리초코볼샤인머스켓42g,20250926,70,10,20085,인천B상온센터,8920.0,1230.0,1000.0,970.0,790.0,350.0,20.0,40.0,220.0,60.0,60.0,30.0,10.0,0.0,3110.0,395,800.0,630.0,1500.0,PB,초콜릿,볼초콜릿
128397,PB)젤리초코볼오렌지42g,20250926,60,10,20006,성남센터,10400.0,430.0,1120.0,1510.0,710.0,420.0,80.0,0.0,30.0,40.0,20.0,70.0,0.0,0.0,3760.0,423,703.0,630.0,1500.0,PB,초콜릿,볼초콜릿
128397,PB)젤리초코볼오렌지42g,20250926,60,10,20007,대구센터,9800.0,710.0,880.0,990.0,380.0,240.0,20.0,30.0,80.0,30.0,90.0,110.0,0.0,0.0,2490.0,316,929.0,630.0,1500.0,PB,초콜릿,볼초콜릿
128397,PB)젤리초코볼오렌지42g,20250926,60,10,20010,양주센터,13320.0,1840.0,2780.0,2010.0,1430.0,630.0,120.0,20.0,100.0,50.0,10.0,50.0,0.0,0.0,6850.0,616,967.0,630.0,1500.0,PB,초콜릿,볼초콜릿
128397,PB)젤리초코볼오렌지42g,20250926,60,10,20017,울산상온센터(K7),6440.0,560.0,620.0,390.0,360.0,100.0,10.0,20.0,30.0,10.0,0.0,0.0,0.0,0.0,1470.0,208,667.0,630.0,1500.0,PB,초콜릿,볼초콜릿
128397,PB)젤리초코볼오렌지42g,20250926,60,10,20033,제주상온센터,2200.0,100.0,640.0,330.0,140.0,160.0,20.0,20.0,10.0,0.0,0.0,0.0,0.0,0.0,1270.0,136,296.0,630.0,1500.0,PB,초콜릿,볼초콜릿
128397,PB)젤리초코볼오렌지42g,20250926,60,10,20034,구성상온센터,13600.0,660.0,2250.0,1470.0,910.0,910.0,120.0,20.0,20.0,220.0,0.0,70.0,0.0,0.0,5540.0,565,873.0,630.0,1500.0,PB,초콜릿,볼초콜릿
128397,PB)젤리초코볼오렌지42g,20250926,60,10,20050,세종상온센터,9200.0,970.0,670.0,570.0,540.0,310.0,100.0,0.0,160.0,60.0,40.0,60.0,0.0,0.0,2090.0,315,880.0,630.0,1500.0,PB,초콜릿,볼초콜릿
128397,PB)젤리초코볼오렌지42g,20250926,60,10,20065,원주상온센터(K7),6040.0,330.0,870.0,820.0,610.0,310.0,100.0,0.0,0.0,0.0,40.0,20.0,0.0,0.0,2610.0,274,680.0,630.0,1500.0,PB,초콜릿,볼초콜릿
128397,PB)젤리초코볼오렌지42g,20250926,60,10,20075,인천상온센터,8560.0,860.0,1050.0,800.0,720.0,380.0,60.0,0.0,190.0,110.0,30.0,40.0,0.0,0.0,2950.0,383,782.0,630.0,1500.0,PB,초콜릿,볼초콜릿
128397,PB)젤리초코볼오렌지42g,20250926,60,10,20079,A광주상온센터,7440.0,710.0,1120.0,1350.0,950.0,270.0,20.0,50.0,100.0,0.0,10.0,0.0,0.0,0.0,3690.0,446,693.0,630.0,1500.0,PB,초콜릿,볼초콜릿
128397,PB)젤리초코볼오렌지42g,20250926,60,10,20080,A의왕상온센터,7720.0,1190.0,1190.0,930.0,710.0,350.0,110.0,30.0,60.0,40.0,40.0,20.0,0.0,0.0,3180.0,432,725.0,630.0,1500.0,PB,초콜릿,볼초콜릿
128397,PB)젤리초코볼오렌지42g,20250926,60,10,20081,A양산상온센터,7760.0,770.0,790.0,970.0,470.0,240.0,20.0,0.0,20.0,10.0,40.0,10.0,0.0,0.0,2470.0,329,811.0,630.0,1500.0,PB,초콜릿,볼초콜릿
128397,PB)젤리초코볼오렌지42g,20250926,60,10,20083,김제상온센터,5360.0,650.0,520.0,850.0,600.0,400.0,110.0,10.0,60.0,140.0,40.0,60.0,0.0,0.0,2370.0,304,594.0,630.0,1500.0,PB,초콜릿,볼초콜릿
128397,PB)젤리초코볼오렌지42g,20250926,60,10,20084,천안상온센터,4800.0,130.0,750.0,760.0,450.0,510.0,30.0,10.0,0.0,140.0,20.0,20.0,0.0,0.0,2470.0,262,557.0,630.0,1500.0,PB,초콜릿,볼초콜릿
128397,PB)젤리초코볼오렌지42g,20250926,60,10,20085,인천B상온센터,10600.0,1190.0,1000.0,950.0,1180.0,320.0,0.0,40.0,220.0,50.0,50.0,30.0,10.0,0.0,3450.0,386,800.0,630.0,1500.0,PB,초콜릿,볼초콜릿
128474,훼밀리)멜로팝레인보우15g,20250924,20,12,20006,성남센터,1056.0,0.0,0.0,0.0,132.0,60.0,60.0,60.0,12.0,0.0,36.0,0.0,0.0,0.0,192.0,18,705.0,884.0,1800.0,훼밀리,캔디류,봉지캔디
128474,훼밀리)멜로팝레인보우15g,20250924,20,12,20007,대구센터,1152.0,0.0,0.0,48.0,144.0,84.0,36.0,60.0,48.0,0.0,0.0,0.0,0.0,0.0,276.0,24,929.0,884.0,1800.0,훼밀리,캔디류,봉지캔디
128474,훼밀리)멜로팝레인보우15g,20250924,20,12,20010,양주센터,1344.0,0.0,0.0,48.0,204.0,96.0,48.0,36.0,0.0,12.0,24.0,0.0,0.0,0.0,348.0,33,968.0,884.0,1800.0,훼밀리,캔디류,봉지캔디
128474,훼밀리)멜로팝레인보우15g,20250924,20,12,20017,울산상온센터(K7),672.0,0.0,0.0,12.0,60.0,60.0,72.0,36.0,0.0,36.0,24.0,0.0,0.0,0.0,132.0,12,666.0,884.0,1800.0,훼밀리,캔디류,봉지캔디
128474,훼밀리)멜로팝레인보우15g,20250924,20,12,20033,제주상온센터,288.0,0.0,0.0,0.0,84.0,12.0,36.0,24.0,0.0,0.0,0.0,0.0,0.0,0.0,96.0,8,296.0,884.0,1800.0,훼밀리,캔디류,봉지캔디
128474,훼밀리)멜로팝레인보우15g,20250924,20,12,20034,구성상온센터,1440.0,0.0,0.0,0.0,288.0,108.0,72.0,36.0,36.0,0.0,12.0,24.0,12.0,0.0,396.0,38,873.0,884.0,1800.0,훼밀리,캔디류,봉지캔디
128474,훼밀리)멜로팝레인보우15g,20250924,20,12,20050,세종상온센터,960.0,0.0,0.0,108.0,72.0,60.0,36.0,24.0,48.0,24.0,12.0,0.0,0.0,0.0,240.0,21,880.0,884.0,1800.0,훼밀리,캔디류,봉지캔디
128474,훼밀리)멜로팝레인보우15g,20250924,20,12,20065,원주상온센터(K7),672.0,0.0,0.0,0.0,144.0,84.0,24.0,0.0,0.0,12.0,12.0,24.0,0.0,0.0,228.0,20,680.0,884.0,1800.0,훼밀리,캔디류,봉지캔디
128474,훼밀리)멜로팝레인보우15g,20250924,20,12,20075,인천상온센터,864.0,0.0,0.0,132.0,132.0,96.0,24.0,48.0,12.0,12.0,12.0,0.0,0.0,0.0,360.0,30,782.0,884.0,1800.0,훼밀리,캔디류,봉지캔디
128474,훼밀리)멜로팝레인보우15g,20250924,20,12,20079,A광주상온센터,768.0,0.0,0.0,108.0,108.0,36.0,24.0,12.0,0.0,0.0,12.0,0.0,0.0,0.0,252.0,21,692.0,884.0,1800.0,훼밀리,캔디류,봉지캔디
128474,훼밀리)멜로팝레인보우15g,20250924,20,12,20080,A의왕상온센터,864.0,0.0,0.0,84.0,144.0,132.0,24.0,24.0,12.0,0.0,12.0,0.0,0.0,0.0,360.0,35,725.0,884.0,1800.0,훼밀리,캔디류,봉지캔디
128474,훼밀리)멜로팝레인보우15g,20250924,20,12,20081,A양산상온센터,864.0,0.0,0.0,96.0,60.0,48.0,48.0,36.0,36.0,12.0,24.0,0.0,0.0,0.0,204.0,17,811.0,884.0,1800.0,훼밀리,캔디류,봉지캔디
128474,훼밀리)멜로팝레인보우15g,20250924,20,12,20083,김제상온센터,576.0,0.0,0.0,12.0,60.0,108.0,24.0,24.0,0.0,0.0,24.0,0.0,0.0,0.0,180.0,15,593.0,884.0,1800.0,훼밀리,캔디류,봉지캔디
128474,훼밀리)멜로팝레인보우15g,20250924,20,12,20084,천안상온센터,480.0,0.0,0.0,0.0,108.0,48.0,48.0,12.0,12.0,0.0,0.0,36.0,0.0,0.0,156.0,13,557.0,884.0,1800.0,훼밀리,캔디류,봉지캔디
128474,훼밀리)멜로팝레인보우15g,20250924,20,12,20085,인천B상온센터,1152.0,0.0,0.0,60.0,72.0,72.0,72.0,0.0,36.0,0.0,0.0,0.0,0.0,0.0,204.0,20,797.0,884.0,1800.0,훼밀리,캔디류,봉지캔디
128548,해태)에이스샌드말차맛68g,20251001,30,2,20006,성남센터,5208.0,0.0,0.0,50.0,634.0,180.0,298.0,184.0,108.0,10.0,0.0,54.0,6.0,0.0,864.0,143,703.0,1127.0,2000.0,해태,비스킷류,크래커
128548,해태)에이스샌드말차맛68g,20251001,30,2,20007,대구센터,5448.0,0.0,48.0,432.0,426.0,360.0,272.0,280.0,68.0,16.0,30.0,22.0,0.0,0.0,1266.0,223,929.0,1127.0,2000.0,해태,비스킷류,크래커
128548,해태)에이스샌드말차맛68g,20251001,30,2,20010,양주센터,6480.0,0.0,48.0,396.0,462.0,234.0,204.0,166.0,96.0,42.0,50.0,6.0,6.0,0.0,1140.0,198,967.0,1127.0,2000.0,해태,비스킷류,크래커
128548,해태)에이스샌드말차맛68g,20251001,30,2,20017,울산상온센터(K7),3216.0,0.0,20.0,284.0,132.0,134.0,178.0,148.0,48.0,6.0,30.0,12.0,0.0,0.0,570.0,108,667.0,1127.0,2000.0,해태,비스킷류,크래커
128548,해태)에이스샌드말차맛68g,20251001,30,2,20033,제주상온센터,1200.0,0.0,0.0,52.0,192.0,78.0,84.0,44.0,18.0,6.0,24.0,14.0,0.0,0.0,322.0,52,296.0,1127.0,2000.0,해태,비스킷류,크래커
128548,해태)에이스샌드말차맛68g,20251001,30,2,20034,구성상온센터,6816.0,0.0,0.0,110.0,690.0,292.0,210.0,168.0,114.0,8.0,24.0,16.0,0.0,0.0,1092.0,186,872.0,1127.0,2000.0,해태,비스킷류,크래커
128548,해태)에이스샌드말차맛68g,20251001,30,2,20050,세종상온센터,4608.0,0.0,72.0,346.0,400.0,178.0,152.0,102.0,40.0,28.0,20.0,6.0,0.0,0.0,996.0,190,880.0,1127.0,2000.0,해태,비스킷류,크래커
128548,해태)에이스샌드말차맛68g,20251001,30,2,20065,원주상온센터(K7),3024.0,0.0,0.0,42.0,288.0,202.0,92.0,104.0,14.0,6.0,26.0,0.0,6.0,0.0,532.0,94,678.0,1127.0,2000.0,해태,비스킷류,크래커
128548,해태)에이스샌드말차맛68g,20251001,30,2,20075,인천상온센터,4272.0,0.0,42.0,464.0,334.0,232.0,162.0,92.0,48.0,34.0,26.0,12.0,0.0,0.0,1072.0,160,782.0,1127.0,2000.0,해태,비스킷류,크래커
128548,해태)에이스샌드말차맛68g,20251001,30,2,20079,A광주상온센터,3744.0,0.0,34.0,184.0,258.0,150.0,150.0,60.0,52.0,12.0,6.0,6.0,6.0,0.0,626.0,115,693.0,1127.0,2000.0,해태,비스킷류,크래커
128548,해태)에이스샌드말차맛68g,20251001,30,2,20080,A의왕상온센터,3864.0,0.0,96.0,358.0,346.0,192.0,148.0,182.0,68.0,18.0,14.0,6.0,0.0,0.0,992.0,172,724.0,1127.0,2000.0,해태,비스킷류,크래커
128548,해태)에이스샌드말차맛68g,20251001,30,2,20081,A양산상온센터,3864.0,0.0,28.0,226.0,274.0,174.0,98.0,90.0,58.0,2.0,14.0,0.0,6.0,0.0,702.0,126,811.0,1127.0,2000.0,해태,비스킷류,크래커
128548,해태)에이스샌드말차맛68g,20251001,30,2,20083,김제상온센터,2664.0,0.0,28.0,164.0,184.0,158.0,60.0,50.0,10.0,0.0,8.0,10.0,0.0,0.0,534.0,106,594.0,1127.0,2000.0,해태,비스킷류,크래커
128548,해태)에이스샌드말차맛68g,20251001,30,2,20084,천안상온센터,2352.0,0.0,0.0,40.0,266.0,132.0,64.0,56.0,46.0,24.0,12.0,14.0,0.0,0.0,438.0,82,557.0,1127.0,2000.0,해태,비스킷류,크래커
128548,해태)에이스샌드말차맛68g,20251001,30,2,20085,인천B상온센터,5304.0,0.0,30.0,302.0,370.0,242.0,224.0,116.0,48.0,32.0,10.0,0.0,0.0,0.0,944.0,153,800.0,1127.0,2000.0,해태,비스킷류,크래커
128578,오리온)땅콩강정147g,20251001,5,6,20006,성남센터,1566.0,0.0,0.0,0.0,132.0,132.0,102.0,36.0,0.0,0.0,0.0,0.0,0.0,0.0,264.0,45,703.0,1682.0,2900.0,오리온,스낵류,전통스낵
128578,오리온)땅콩강정147g,20251001,5,6,20007,대구센터,1638.0,0.0,0.0,156.0,180.0,126.0,78.0,18.0,0.0,0.0,0.0,0.0,0.0,0.0,462.0,82,929.0,1682.0,2900.0,오리온,스낵류,전통스낵
128578,오리온)땅콩강정147g,20251001,5,6,20010,양주센터,1944.0,0.0,0.0,102.0,252.0,96.0,90.0,30.0,6.0,0.0,0.0,0.0,6.0,0.0,450.0,79,967.0,1682.0,2900.0,오리온,스낵류,전통스낵
128578,오리온)땅콩강정147g,20251001,5,6,20017,울산상온센터(K7),972.0,0.0,0.0,72.0,54.0,48.0,18.0,18.0,0.0,0.0,6.0,6.0,0.0,0.0,174.0,30,667.0,1682.0,2900.0,오리온,스낵류,전통스낵
128578,오리온)땅콩강정147g,20251001,5,6,20033,제주상온센터,360.0,0.0,0.0,0.0,66.0,48.0,30.0,6.0,0.0,0.0,0.0,0.0,0.0,0.0,114.0,18,296.0,1682.0,2900.0,오리온,스낵류,전통스낵
128578,오리온)땅콩강정147g,20251001,5,6,20034,구성상온센터,2052.0,0.0,0.0,0.0,288.0,138.0,36.0,90.0,12.0,0.0,0.0,6.0,0.0,0.0,426.0,72,872.0,1682.0,2900.0,오리온,스낵류,전통스낵
128578,오리온)땅콩강정147g,20251001,5,6,20050,세종상온센터,1386.0,0.0,0.0,144.0,216.0,90.0,84.0,36.0,0.0,0.0,0.0,0.0,0.0,0.0,450.0,78,880.0,1682.0,2900.0,오리온,스낵류,전통스낵
128578,오리온)땅콩강정147g,20251001,5,6,20065,원주상온센터(K7),918.0,0.0,0.0,0.0,96.0,102.0,12.0,24.0,6.0,0.0,12.0,0.0,0.0,0.0,198.0,34,678.0,1682.0,2900.0,오리온,스낵류,전통스낵
128578,오리온)땅콩강정147g,20251001,5,6,20075,인천상온센터,1296.0,0.0,0.0,138.0,162.0,102.0,48.0,12.0,0.0,0.0,0.0,0.0,0.0,0.0,402.0,69,782.0,1682.0,2900.0,오리온,스낵류,전통스낵
128578,오리온)땅콩강정147g,20251001,5,6,20079,A광주상온센터,1134.0,0.0,0.0,90.0,126.0,78.0,42.0,12.0,6.0,0.0,0.0,0.0,0.0,0.0,294.0,49,693.0,1682.0,2900.0,오리온,스낵류,전통스낵
128578,오리온)땅콩강정147g,20251001,5,6,20080,A의왕상온센터,1170.0,0.0,0.0,66.0,120.0,132.0,90.0,30.0,0.0,0.0,0.0,0.0,0.0,0.0,318.0,54,724.0,1682.0,2900.0,오리온,스낵류,전통스낵
128578,오리온)땅콩강정147g,20251001,5,6,20081,A양산상온센터,1170.0,0.0,0.0,90.0,114.0,60.0,42.0,18.0,0.0,0.0,0.0,0.0,0.0,0.0,264.0,50,811.0,1682.0,2900.0,오리온,스낵류,전통스낵
128578,오리온)땅콩강정147g,20251001,5,6,20083,김제상온센터,810.0,0.0,0.0,72.0,90.0,90.0,42.0,12.0,0.0,0.0,0.0,0.0,0.0,0.0,252.0,43,594.0,1682.0,2900.0,오리온,스낵류,전통스낵
128578,오리온)땅콩강정147g,20251001,5,6,20084,천안상온센터,720.0,0.0,0.0,0.0,120.0,66.0,42.0,6.0,0.0,6.0,0.0,0.0,0.0,0.0,186.0,32,557.0,1682.0,2900.0,오리온,스낵류,전통스낵
128578,오리온)땅콩강정147g,20251001,5,6,20085,인천B상온센터,1602.0,0.0,0.0,78.0,150.0,78.0,96.0,18.0,12.0,12.0,0.0,0.0,0.0,0.0,306.0,53,800.0,1682.0,2900.0,오리온,스낵류,전통스낵
128579,글로브)밀크쌀과자우유맛56g(미니),20251001,15,12,20006,성남센터,2916.0,0.0,0.0,0.0,552.0,300.0,276.0,120.0,48.0,24.0,0.0,48.0,0.0,0.0,852.0,69,703.0,777.0,1500.0,글로브,스낵류,전통스낵
128579,글로브)밀크쌀과자우유맛56g(미니),20251001,15,12,20007,대구센터,3048.0,0.0,0.0,324.0,324.0,300.0,228.0,168.0,72.0,48.0,36.0,132.0,0.0,0.0,948.0,87,929.0,777.0,1500.0,글로브,스낵류,전통스낵
128579,글로브)밀크쌀과자우유맛56g(미니),20251001,15,12,20010,양주센터,3624.0,0.0,0.0,204.0,540.0,288.0,252.0,156.0,24.0,84.0,48.0,24.0,0.0,0.0,1032.0,90,967.0,777.0,1500.0,글로브,스낵류,전통스낵
128579,글로브)밀크쌀과자우유맛56g(미니),20251001,15,12,20017,울산상온센터(K7),1812.0,0.0,0.0,192.0,168.0,96.0,108.0,72.0,84.0,0.0,72.0,12.0,0.0,0.0,456.0,40,667.0,777.0,1500.0,글로브,스낵류,전통스낵
128579,글로브)밀크쌀과자우유맛56g(미니),20251001,15,12,20033,제주상온센터,672.0,0.0,0.0,0.0,228.0,120.0,96.0,24.0,12.0,0.0,24.0,0.0,0.0,0.0,348.0,30,296.0,777.0,1500.0,글로브,스낵류,전통스낵
128579,글로브)밀크쌀과자우유맛56g(미니),20251001,15,12,20034,구성상온센터,3816.0,0.0,0.0,0.0,852.0,324.0,240.0,180.0,132.0,0.0,12.0,48.0,0.0,0.0,1176.0,101,872.0,777.0,1500.0,글로브,스낵류,전통스낵
128579,글로브)밀크쌀과자우유맛56g(미니),20251001,15,12,20050,세종상온센터,2580.0,0.0,0.0,336.0,492.0,168.0,108.0,96.0,60.0,36.0,12.0,0.0,0.0,0.0,996.0,94,880.0,777.0,1500.0,글로브,스낵류,전통스낵
128579,글로브)밀크쌀과자우유맛56g(미니),20251001,15,12,20065,원주상온센터(K7),1692.0,0.0,0.0,0.0,276.0,204.0,120.0,72.0,36.0,12.0,36.0,12.0,0.0,0.0,480.0,42,678.0,777.0,1500.0,글로브,스낵류,전통스낵
128579,글로브)밀크쌀과자우유맛56g(미니),20251001,15,12,20075,인천상온센터,2400.0,0.0,0.0,276.0,396.0,168.0,84.0,48.0,60.0,12.0,12.0,0.0,0.0,0.0,840.0,75,782.0,777.0,1500.0,글로브,스낵류,전통스낵
128579,글로브)밀크쌀과자우유맛56g(미니),20251001,15,12,20079,A광주상온센터,2088.0,0.0,0.0,144.0,216.0,144.0,96.0,36.0,60.0,24.0,12.0,12.0,0.0,0.0,504.0,48,693.0,777.0,1500.0,글로브,스낵류,전통스낵
128579,글로브)밀크쌀과자우유맛56g(미니),20251001,15,12,20080,A의왕상온센터,2160.0,0.0,0.0,192.0,468.0,252.0,180.0,84.0,36.0,24.0,12.0,12.0,0.0,0.0,912.0,76,724.0,777.0,1500.0,글로브,스낵류,전통스낵
128579,글로브)밀크쌀과자우유맛56g(미니),20251001,15,12,20081,A양산상온센터,2172.0,0.0,0.0,180.0,216.0,132.0,144.0,84.0,48.0,0.0,24.0,0.0,12.0,0.0,528.0,49,811.0,777.0,1500.0,글로브,스낵류,전통스낵
128579,글로브)밀크쌀과자우유맛56g(미니),20251001,15,12,20083,김제상온센터,1488.0,0.0,0.0,132.0,264.0,96.0,48.0,24.0,12.0,0.0,0.0,0.0,0.0,0.0,492.0,43,594.0,777.0,1500.0,글로브,스낵류,전통스낵
128579,글로브)밀크쌀과자우유맛56g(미니),20251001,15,12,20084,천안상온센터,1320.0,0.0,0.0,0.0,324.0,216.0,96.0,36.0,60.0,60.0,12.0,24.0,0.0,0.0,540.0,46,557.0,777.0,1500.0,글로브,스낵류,전통스낵
128579,글로브)밀크쌀과자우유맛56g(미니),20251001,15,12,20085,인천B상온센터,2976.0,0.0,0.0,228.0,288.0,216.0,204.0,84.0,48.0,24.0,36.0,0.0,0.0,0.0,732.0,67,800.0,777.0,1500.0,글로브,스낵류,전통스낵
128580,글로브)밀크쌀과자메론맛56g(미니),20251001,15,12,20006,성남센터,2820.0,0.0,0.0,0.0,624.0,240.0,288.0,168.0,36.0,24.0,12.0,36.0,0.0,0.0,864.0,69,703.0,777.0,1500.0,글로브,스낵류,전통스낵
128580,글로브)밀크쌀과자메론맛56g(미니),20251001,15,12,20007,대구센터,2940.0,0.0,0.0,288.0,408.0,276.0,240.0,96.0,60.0,48.0,36.0,120.0,0.0,0.0,972.0,86,929.0,777.0,1500.0,글로브,스낵류,전통스낵
128580,글로브)밀크쌀과자메론맛56g(미니),20251001,15,12,20010,양주센터,3492.0,0.0,0.0,228.0,456.0,240.0,180.0,120.0,12.0,84.0,48.0,24.0,0.0,0.0,924.0,74,967.0,777.0,1500.0,글로브,스낵류,전통스낵
128580,글로브)밀크쌀과자메론맛56g(미니),20251001,15,12,20017,울산상온센터(K7),1740.0,0.0,0.0,228.0,156.0,120.0,132.0,108.0,72.0,0.0,48.0,12.0,0.0,0.0,504.0,45,667.0,777.0,1500.0,글로브,스낵류,전통스낵
128580,글로브)밀크쌀과자메론맛56g(미니),20251001,15,12,20033,제주상온센터,648.0,0.0,0.0,0.0,204.0,108.0,72.0,24.0,0.0,0.0,24.0,0.0,0.0,0.0,312.0,27,296.0,777.0,1500.0,글로브,스낵류,전통스낵
128580,글로브)밀크쌀과자메론맛56g(미니),20251001,15,12,20034,구성상온센터,3684.0,0.0,0.0,0.0,648.0,300.0,228.0,216.0,132.0,0.0,24.0,36.0,12.0,0.0,948.0,84,872.0,777.0,1500.0,글로브,스낵류,전통스낵
128580,글로브)밀크쌀과자메론맛56g(미니),20251001,15,12,20050,세종상온센터,2484.0,0.0,0.0,348.0,516.0,228.0,120.0,84.0,96.0,24.0,24.0,0.0,0.0,0.0,1092.0,94,880.0,777.0,1500.0,글로브,스낵류,전통스낵
128580,글로브)밀크쌀과자메론맛56g(미니),20251001,15,12,20065,원주상온센터(K7),1632.0,0.0,0.0,0.0,204.0,192.0,96.0,60.0,36.0,0.0,48.0,12.0,0.0,0.0,396.0,36,678.0,777.0,1500.0,글로브,스낵류,전통스낵
128580,글로브)밀크쌀과자메론맛56g(미니),20251001,15,12,20075,인천상온센터,2316.0,0.0,0.0,252.0,372.0,168.0,48.0,60.0,36.0,36.0,12.0,12.0,0.0,0.0,792.0,68,782.0,777.0,1500.0,글로브,스낵류,전통스낵
128580,글로브)밀크쌀과자메론맛56g(미니),20251001,15,12,20079,A광주상온센터,2016.0,0.0,0.0,180.0,216.0,156.0,84.0,48.0,60.0,24.0,36.0,12.0,0.0,0.0,552.0,48,693.0,777.0,1500.0,글로브,스낵류,전통스낵
128580,글로브)밀크쌀과자메론맛56g(미니),20251001,15,12,20080,A의왕상온센터,2088.0,0.0,0.0,192.0,456.0,240.0,168.0,84.0,48.0,12.0,36.0,12.0,0.0,0.0,888.0,75,724.0,777.0,1500.0,글로브,스낵류,전통스낵
128580,글로브)밀크쌀과자메론맛56g(미니),20251001,15,12,20081,A양산상온센터,2088.0,0.0,0.0,180.0,264.0,108.0,96.0,60.0,60.0,12.0,24.0,0.0,12.0,0.0,552.0,47,811.0,777.0,1500.0,글로브,스낵류,전통스낵
128580,글로브)밀크쌀과자메론맛56g(미니),20251001,15,12,20083,김제상온센터,1440.0,0.0,0.0,120.0,240.0,132.0,12.0,36.0,36.0,0.0,12.0,0.0,0.0,0.0,492.0,43,594.0,777.0,1500.0,글로브,스낵류,전통스낵
128580,글로브)밀크쌀과자메론맛56g(미니),20251001,15,12,20084,천안상온센터,1272.0,0.0,0.0,0.0,348.0,192.0,84.0,72.0,48.0,48.0,0.0,24.0,0.0,0.0,540.0,47,557.0,777.0,1500.0,글로브,스낵류,전통스낵
128580,글로브)밀크쌀과자메론맛56g(미니),20251001,15,12,20085,인천B상온센터,2868.0,0.0,0.0,240.0,240.0,252.0,228.0,108.0,48.0,12.0,36.0,0.0,0.0,0.0,732.0,63,800.0,777.0,1500.0,글로브,스낵류,전통스낵
128586,몽뜨)말차라떼캔디27g,20251001,20,16,20006,성남센터,2112.0,0.0,0.0,0.0,544.0,272.0,304.0,96.0,64.0,16.0,0.0,48.0,0.0,0.0,816.0,52,703.0,791.0,1500.0,몽뜨,캔디류,봉지캔디
128586,몽뜨)말차라떼캔디27g,20251001,20,16,20007,대구센터,2304.0,0.0,0.0,240.0,416.0,192.0,176.0,64.0,64.0,48.0,16.0,32.0,0.0,0.0,848.0,55,929.0,791.0,1500.0,몽뜨,캔디류,봉지캔디
128586,몽뜨)말차라떼캔디27g,20251001,20,16,20010,양주센터,2688.0,0.0,0.0,224.0,496.0,192.0,224.0,80.0,32.0,80.0,64.0,32.0,0.0,0.0,912.0,58,967.0,791.0,1500.0,몽뜨,캔디류,봉지캔디
128586,몽뜨)말차라떼캔디27g,20251001,20,16,20017,울산상온센터(K7),1344.0,0.0,0.0,112.0,112.0,192.0,48.0,96.0,64.0,0.0,48.0,0.0,0.0,0.0,416.0,26,667.0,791.0,1500.0,몽뜨,캔디류,봉지캔디
128586,몽뜨)말차라떼캔디27g,20251001,20,16,20033,제주상온센터,576.0,0.0,0.0,0.0,112.0,64.0,48.0,0.0,0.0,16.0,32.0,16.0,0.0,0.0,176.0,11,296.0,791.0,1500.0,몽뜨,캔디류,봉지캔디
128586,몽뜨)말차라떼캔디27g,20251001,20,16,20034,구성상온센터,2880.0,0.0,0.0,0.0,592.0,288.0,128.0,128.0,64.0,16.0,32.0,0.0,0.0,0.0,880.0,56,872.0,791.0,1500.0,몽뜨,캔디류,봉지캔디
128586,몽뜨)말차라떼캔디27g,20251001,20,16,20050,세종상온센터,1920.0,0.0,0.0,256.0,320.0,256.0,112.0,80.0,64.0,0.0,16.0,16.0,0.0,0.0,832.0,53,880.0,791.0,1500.0,몽뜨,캔디류,봉지캔디
128586,몽뜨)말차라떼캔디27g,20251001,20,16,20065,원주상온센터(K7),1344.0,0.0,0.0,0.0,96.0,160.0,64.0,64.0,16.0,0.0,32.0,16.0,0.0,0.0,256.0,16,678.0,791.0,1500.0,몽뜨,캔디류,봉지캔디
128586,몽뜨)말차라떼캔디27g,20251001,20,16,20075,인천상온센터,1728.0,0.0,0.0,304.0,304.0,176.0,64.0,96.0,16.0,32.0,0.0,0.0,0.0,0.0,784.0,51,782.0,791.0,1500.0,몽뜨,캔디류,봉지캔디
128586,몽뜨)말차라떼캔디27g,20251001,20,16,20079,A광주상온센터,1536.0,0.0,0.0,208.0,160.0,208.0,48.0,32.0,0.0,32.0,16.0,16.0,16.0,0.0,576.0,39,693.0,791.0,1500.0,몽뜨,캔디류,봉지캔디
128586,몽뜨)말차라떼캔디27g,20251001,20,16,20080,A의왕상온센터,1728.0,0.0,0.0,224.0,352.0,288.0,144.0,96.0,80.0,16.0,32.0,0.0,0.0,0.0,864.0,57,724.0,791.0,1500.0,몽뜨,캔디류,봉지캔디
128586,몽뜨)말차라떼캔디27g,20251001,20,16,20081,A양산상온센터,1728.0,0.0,0.0,112.0,240.0,176.0,112.0,64.0,32.0,0.0,48.0,0.0,0.0,0.0,528.0,33,811.0,791.0,1500.0,몽뜨,캔디류,봉지캔디
128586,몽뜨)말차라떼캔디27g,20251001,20,16,20083,김제상온센터,1152.0,0.0,0.0,80.0,192.0,160.0,64.0,16.0,16.0,0.0,0.0,16.0,0.0,0.0,432.0,31,594.0,791.0,1500.0,몽뜨,캔디류,봉지캔디
128586,몽뜨)말차라떼캔디27g,20251001,20,16,20084,천안상온센터,960.0,0.0,0.0,0.0,224.0,160.0,80.0,64.0,64.0,16.0,0.0,16.0,0.0,0.0,384.0,26,557.0,791.0,1500.0,몽뜨,캔디류,봉지캔디
128586,몽뜨)말차라떼캔디27g,20251001,20,16,20085,인천B상온센터,2304.0,0.0,0.0,144.0,256.0,208.0,208.0,112.0,32.0,16.0,32.0,0.0,0.0,0.0,608.0,39,800.0,791.0,1500.0,몽뜨,캔디류,봉지캔디
128606,samg)프린세스새콤딸기솜사탕8g,20251001,15,10,20006,성남센터,2040.0,100.0,60.0,60.0,140.0,100.0,70.0,20.0,10.0,20.0,10.0,0.0,0.0,0.0,360.0,49,703.0,949.0,1800.0,samg,캔디류,소프트캔디
128606,samg)프린세스새콤딸기솜사탕8g,20251001,15,10,20007,대구센터,2100.0,150.0,20.0,220.0,190.0,160.0,90.0,50.0,40.0,30.0,0.0,0.0,0.0,0.0,590.0,77,929.0,949.0,1800.0,samg,캔디류,소프트캔디
128606,samg)프린세스새콤딸기솜사탕8g,20251001,15,10,20010,양주센터,2520.0,140.0,10.0,160.0,190.0,100.0,50.0,80.0,20.0,60.0,30.0,10.0,0.0,0.0,460.0,65,967.0,949.0,1800.0,samg,캔디류,소프트캔디
128606,samg)프린세스새콤딸기솜사탕8g,20251001,15,10,20017,울산상온센터(K7),1260.0,160.0,10.0,100.0,140.0,80.0,60.0,50.0,80.0,0.0,10.0,10.0,0.0,0.0,330.0,50,667.0,949.0,1800.0,samg,캔디류,소프트캔디
128606,samg)프린세스새콤딸기솜사탕8g,20251001,15,10,20033,제주상온센터,480.0,60.0,20.0,30.0,60.0,30.0,20.0,30.0,0.0,0.0,10.0,0.0,0.0,0.0,140.0,22,296.0,949.0,1800.0,samg,캔디류,소프트캔디
128606,samg)프린세스새콤딸기솜사탕8g,20251001,15,10,20034,구성상온센터,2640.0,160.0,60.0,80.0,310.0,140.0,70.0,60.0,40.0,0.0,10.0,0.0,0.0,0.0,590.0,67,872.0,949.0,1800.0,samg,캔디류,소프트캔디
128606,samg)프린세스새콤딸기솜사탕8g,20251001,15,10,20050,세종상온센터,1800.0,130.0,40.0,250.0,180.0,120.0,30.0,50.0,20.0,10.0,20.0,10.0,0.0,0.0,590.0,75,880.0,949.0,1800.0,samg,캔디류,소프트캔디
128606,samg)프린세스새콤딸기솜사탕8g,20251001,15,10,20065,원주상온센터(K7),1200.0,150.0,30.0,130.0,120.0,80.0,80.0,20.0,0.0,40.0,20.0,0.0,0.0,0.0,360.0,51,678.0,949.0,1800.0,samg,캔디류,소프트캔디
128606,samg)프린세스새콤딸기솜사탕8g,20251001,15,10,20075,인천상온센터,1680.0,180.0,50.0,160.0,110.0,110.0,60.0,30.0,30.0,30.0,10.0,20.0,0.0,0.0,430.0,61,782.0,949.0,1800.0,samg,캔디류,소프트캔디
128606,samg)프린세스새콤딸기솜사탕8g,20251001,15,10,20079,A광주상온센터,1440.0,100.0,50.0,190.0,160.0,70.0,30.0,10.0,20.0,10.0,0.0,0.0,0.0,0.0,470.0,57,693.0,949.0,1800.0,samg,캔디류,소프트캔디
128606,samg)프린세스새콤딸기솜사탕8g,20251001,15,10,20080,A의왕상온센터,1500.0,140.0,60.0,160.0,140.0,90.0,60.0,10.0,20.0,20.0,20.0,10.0,0.0,0.0,450.0,59,724.0,949.0,1800.0,samg,캔디류,소프트캔디
128606,samg)프린세스새콤딸기솜사탕8g,20251001,15,10,20081,A양산상온센터,1500.0,150.0,40.0,130.0,130.0,70.0,50.0,70.0,20.0,10.0,10.0,0.0,10.0,0.0,370.0,53,811.0,949.0,1800.0,samg,캔디류,소프트캔디
128606,samg)프린세스새콤딸기솜사탕8g,20251001,15,10,20083,김제상온센터,1020.0,50.0,10.0,80.0,130.0,60.0,60.0,40.0,0.0,0.0,10.0,0.0,0.0,0.0,280.0,34,594.0,949.0,1800.0,samg,캔디류,소프트캔디
128606,samg)프린세스새콤딸기솜사탕8g,20251001,15,10,20084,천안상온센터,900.0,50.0,50.0,20.0,110.0,80.0,20.0,20.0,0.0,10.0,20.0,20.0,0.0,0.0,260.0,32,557.0,949.0,1800.0,samg,캔디류,소프트캔디
128606,samg)프린세스새콤딸기솜사탕8g,20251001,15,10,20085,인천B상온센터,2040.0,100.0,50.0,80.0,160.0,60.0,70.0,40.0,0.0,0.0,30.0,0.0,0.0,0.0,350.0,47,800.0,949.0,1800.0,samg,캔디류,소프트캔디
128631,선우)베이커리초콜릿39g,20251001,20,10,20006,성남센터,1320.0,0.0,0.0,60.0,240.0,110.0,110.0,20.0,30.0,20.0,0.0,40.0,0.0,0.0,410.0,43,703.0,1250.0,2500.0,선우,초콜릿,볼초콜릿
128631,선우)베이커리초콜릿39g,20251001,20,10,20007,대구센터,1440.0,0.0,50.0,170.0,200.0,120.0,80.0,20.0,0.0,10.0,20.0,0.0,0.0,0.0,540.0,58,929.0,1250.0,2500.0,선우,초콜릿,볼초콜릿
128631,선우)베이커리초콜릿39g,20251001,20,10,20010,양주센터,1680.0,0.0,20.0,190.0,260.0,60.0,90.0,50.0,10.0,50.0,10.0,30.0,0.0,0.0,530.0,53,967.0,1250.0,2500.0,선우,초콜릿,볼초콜릿
128631,선우)베이커리초콜릿39g,20251001,20,10,20017,울산상온센터(K7),840.0,0.0,0.0,130.0,70.0,40.0,40.0,10.0,10.0,10.0,20.0,0.0,0.0,0.0,240.0,24,667.0,1250.0,2500.0,선우,초콜릿,볼초콜릿
128631,선우)베이커리초콜릿39g,20251001,20,10,20033,제주상온센터,360.0,0.0,0.0,40.0,60.0,10.0,50.0,10.0,20.0,10.0,0.0,0.0,0.0,0.0,110.0,13,296.0,1250.0,2500.0,선우,초콜릿,볼초콜릿
128631,선우)베이커리초콜릿39g,20251001,20,10,20034,구성상온센터,1800.0,0.0,0.0,60.0,270.0,150.0,80.0,40.0,30.0,10.0,30.0,10.0,0.0,0.0,480.0,50,872.0,1250.0,2500.0,선우,초콜릿,볼초콜릿
128631,선우)베이커리초콜릿39g,20251001,20,10,20050,세종상온센터,1200.0,0.0,60.0,200.0,220.0,130.0,60.0,0.0,0.0,10.0,0.0,0.0,0.0,0.0,610.0,62,880.0,1250.0,2500.0,선우,초콜릿,볼초콜릿
128631,선우)베이커리초콜릿39g,20251001,20,10,20065,원주상온센터(K7),840.0,0.0,0.0,40.0,100.0,120.0,50.0,20.0,10.0,0.0,20.0,10.0,0.0,0.0,260.0,28,678.0,1250.0,2500.0,선우,초콜릿,볼초콜릿
128631,선우)베이커리초콜릿39g,20251001,20,10,20075,인천상온센터,1080.0,0.0,60.0,250.0,190.0,70.0,60.0,40.0,10.0,20.0,0.0,0.0,0.0,0.0,570.0,56,782.0,1250.0,2500.0,선우,초콜릿,볼초콜릿
128631,선우)베이커리초콜릿39g,20251001,20,10,20079,A광주상온센터,960.0,0.0,20.0,120.0,100.0,40.0,10.0,20.0,10.0,10.0,10.0,10.0,0.0,0.0,280.0,29,693.0,1250.0,2500.0,선우,초콜릿,볼초콜릿
128631,선우)베이커리초콜릿39g,20251001,20,10,20080,A의왕상온센터,1080.0,0.0,50.0,150.0,190.0,150.0,60.0,40.0,10.0,20.0,20.0,10.0,0.0,0.0,540.0,54,724.0,1250.0,2500.0,선우,초콜릿,볼초콜릿
128631,선우)베이커리초콜릿39g,20251001,20,10,20081,A양산상온센터,1080.0,0.0,10.0,150.0,140.0,80.0,60.0,30.0,0.0,0.0,0.0,0.0,10.0,0.0,380.0,39,811.0,1250.0,2500.0,선우,초콜릿,볼초콜릿
128631,선우)베이커리초콜릿39g,20251001,20,10,20083,김제상온센터,720.0,0.0,10.0,70.0,120.0,50.0,30.0,20.0,0.0,0.0,0.0,0.0,0.0,0.0,250.0,25,594.0,1250.0,2500.0,선우,초콜릿,볼초콜릿
128631,선우)베이커리초콜릿39g,20251001,20,10,20084,천안상온센터,600.0,0.0,0.0,30.0,160.0,90.0,40.0,20.0,20.0,0.0,0.0,20.0,0.0,0.0,280.0,29,557.0,1250.0,2500.0,선우,초콜릿,볼초콜릿
128631,선우)베이커리초콜릿39g,20251001,20,10,20085,인천B상온센터,1440.0,0.0,20.0,160.0,200.0,110.0,90.0,50.0,20.0,10.0,0.0,0.0,0.0,0.0,490.0,51,800.0,1250.0,2500.0,선우,초콜릿,볼초콜릿
128728,선우)코아타초코웨이퍼52g,20251015,20,12,20006,성남센터,2520.0,360.0,36.0,60.0,228.0,144.0,180.0,84.0,108.0,0.0,24.0,0.0,0.0,0.0,468.0,71,700.0,1500.0,3000.0,선우,비스킷류,쿠키
128728,선우)코아타초코웨이퍼52g,20251015,20,12,20007,대구센터,2640.0,240.0,72.0,120.0,120.0,204.0,48.0,108.0,108.0,12.0,24.0,12.0,0.0,0.0,516.0,68,926.0,1500.0,3000.0,선우,비스킷류,쿠키
128728,선우)코아타초코웨이퍼52g,20251015,20,12,20010,양주센터,3120.0,288.0,60.0,168.0,216.0,168.0,156.0,120.0,84.0,0.0,12.0,0.0,12.0,0.0,612.0,78,966.0,1500.0,3000.0,선우,비스킷류,쿠키
128728,선우)코아타초코웨이퍼52g,20251015,20,12,20017,울산상온센터(K7),1560.0,180.0,48.0,72.0,120.0,60.0,36.0,120.0,36.0,24.0,48.0,12.0,0.0,0.0,300.0,42,666.0,1500.0,3000.0,선우,비스킷류,쿠키
128728,선우)코아타초코웨이퍼52g,20251015,20,12,20033,제주상온센터,960.0,84.0,60.0,48.0,36.0,36.0,132.0,24.0,24.0,12.0,24.0,12.0,0.0,0.0,180.0,22,294.0,1500.0,3000.0,선우,비스킷류,쿠키
128728,선우)코아타초코웨이퍼52g,20251015,20,12,20034,구성상온센터,3360.0,168.0,48.0,24.0,264.0,204.0,168.0,36.0,48.0,36.0,12.0,24.0,0.0,0.0,540.0,60,870.0,1500.0,3000.0,선우,비스킷류,쿠키
128728,선우)코아타초코웨이퍼52g,20251015,20,12,20050,세종상온센터,2280.0,204.0,48.0,108.0,168.0,132.0,132.0,108.0,60.0,0.0,48.0,0.0,0.0,0.0,456.0,56,881.0,1500.0,3000.0,선우,비스킷류,쿠키
128728,선우)코아타초코웨이퍼52g,20251015,20,12,20065,원주상온센터(K7),1560.0,156.0,36.0,12.0,96.0,84.0,108.0,36.0,120.0,24.0,24.0,12.0,0.0,0.0,228.0,31,672.0,1500.0,3000.0,선우,비스킷류,쿠키
128728,선우)코아타초코웨이퍼52g,20251015,20,12,20075,인천상온센터,2160.0,192.0,48.0,84.0,240.0,84.0,132.0,156.0,36.0,36.0,36.0,24.0,0.0,0.0,456.0,57,781.0,1500.0,3000.0,선우,비스킷류,쿠키
128728,선우)코아타초코웨이퍼52g,20251015,20,12,20079,A광주상온센터,1800.0,72.0,48.0,60.0,108.0,48.0,0.0,24.0,24.0,0.0,24.0,0.0,0.0,0.0,264.0,28,686.0,1500.0,3000.0,선우,비스킷류,쿠키
128728,선우)코아타초코웨이퍼52g,20251015,20,12,20080,A의왕상온센터,1920.0,168.0,36.0,120.0,120.0,144.0,168.0,36.0,72.0,24.0,60.0,0.0,0.0,0.0,420.0,52,720.0,1500.0,3000.0,선우,비스킷류,쿠키
128728,선우)코아타초코웨이퍼52g,20251015,20,12,20081,A양산상온센터,1920.0,264.0,24.0,48.0,132.0,48.0,48.0,72.0,72.0,12.0,24.0,24.0,0.0,0.0,252.0,47,808.0,1500.0,3000.0,선우,비스킷류,쿠키
128728,선우)코아타초코웨이퍼52g,20251015,20,12,20083,김제상온센터,1320.0,144.0,0.0,0.0,48.0,36.0,36.0,24.0,0.0,0.0,36.0,0.0,0.0,0.0,84.0,19,590.0,1500.0,3000.0,선우,비스킷류,쿠키
128728,선우)코아타초코웨이퍼52g,20251015,20,12,20084,천안상온센터,1200.0,120.0,36.0,12.0,96.0,24.0,84.0,72.0,84.0,36.0,12.0,24.0,0.0,0.0,168.0,24,555.0,1500.0,3000.0,선우,비스킷류,쿠키
128728,선우)코아타초코웨이퍼52g,20251015,20,12,20085,인천B상온센터,2640.0,228.0,24.0,84.0,168.0,120.0,96.0,36.0,96.0,12.0,36.0,0.0,0.0,0.0,396.0,56,795.0,1500.0,3000.0,선우,비스킷류,쿠키
128731,시원)슬램덩크검볼,20251001,15,12,20006,성남센터,432.0,0.0,0.0,0.0,0.0,0.0,0.0,48.0,48.0,12.0,36.0,144.0,24.0,0.0,0.0,0,703.0,1814.0,3500.0,시원,캔디류,토이캔디
128731,시원)슬램덩크검볼,20251001,15,12,20007,대구센터,432.0,0.0,0.0,0.0,0.0,0.0,36.0,72.0,72.0,72.0,144.0,156.0,0.0,0.0,0.0,0,929.0,1814.0,3500.0,시원,캔디류,토이캔디
128731,시원)슬램덩크검볼,20251001,15,12,20010,양주센터,432.0,0.0,0.0,0.0,0.0,0.0,12.0,48.0,60.0,60.0,216.0,144.0,0.0,0.0,0.0,0,967.0,1814.0,3500.0,시원,캔디류,토이캔디
128731,시원)슬램덩크검볼,20251001,15,12,20017,울산상온센터(K7),288.0,0.0,0.0,0.0,0.0,0.0,12.0,36.0,60.0,0.0,96.0,72.0,12.0,0.0,0.0,0,667.0,1814.0,3500.0,시원,캔디류,토이캔디
128731,시원)슬램덩크검볼,20251001,15,12,20033,제주상온센터,144.0,0.0,0.0,0.0,0.0,0.0,0.0,48.0,24.0,12.0,24.0,60.0,12.0,0.0,0.0,0,296.0,1814.0,3500.0,시원,캔디류,토이캔디
128731,시원)슬램덩크검볼,20251001,15,12,20034,구성상온센터,432.0,0.0,0.0,0.0,0.0,0.0,0.0,84.0,84.0,48.0,48.0,240.0,12.0,0.0,0.0,0,872.0,1814.0,3500.0,시원,캔디류,토이캔디
128731,시원)슬램덩크검볼,20251001,15,12,20050,세종상온센터,288.0,0.0,0.0,0.0,0.0,0.0,60.0,60.0,84.0,24.0,168.0,132.0,12.0,0.0,0.0,0,880.0,1814.0,3500.0,시원,캔디류,토이캔디
128731,시원)슬램덩크검볼,20251001,15,12,20065,원주상온센터(K7),288.0,0.0,0.0,0.0,0.0,0.0,0.0,72.0,36.0,72.0,84.0,216.0,24.0,0.0,0.0,0,678.0,1814.0,3500.0,시원,캔디류,토이캔디
128731,시원)슬램덩크검볼,20251001,15,12,20075,인천상온센터,288.0,0.0,0.0,0.0,0.0,0.0,24.0,60.0,36.0,72.0,84.0,96.0,0.0,0.0,0.0,0,782.0,1814.0,3500.0,시원,캔디류,토이캔디
128731,시원)슬램덩크검볼,20251001,15,12,20079,A광주상온센터,288.0,0.0,0.0,0.0,0.0,0.0,12.0,24.0,36.0,24.0,156.0,120.0,24.0,0.0,0.0,0,693.0,1814.0,3500.0,시원,캔디류,토이캔디
128731,시원)슬램덩크검볼,20251001,15,12,20080,A의왕상온센터,288.0,0.0,0.0,0.0,0.0,0.0,12.0,48.0,84.0,84.0,156.0,84.0,0.0,0.0,0.0,0,724.0,1814.0,3500.0,시원,캔디류,토이캔디
128731,시원)슬램덩크검볼,20251001,15,12,20081,A양산상온센터,288.0,0.0,0.0,0.0,0.0,0.0,12.0,36.0,24.0,36.0,156.0,108.0,0.0,0.0,0.0,0,811.0,1814.0,3500.0,시원,캔디류,토이캔디
128731,시원)슬램덩크검볼,20251001,15,12,20083,김제상온센터,288.0,0.0,0.0,0.0,0.0,0.0,0.0,36.0,12.0,24.0,72.0,72.0,12.0,0.0,0.0,0,594.0,1814.0,3500.0,시원,캔디류,토이캔디
128731,시원)슬램덩크검볼,20251001,15,12,20084,천안상온센터,144.0,0.0,0.0,0.0,0.0,0.0,0.0,36.0,60.0,48.0,48.0,144.0,12.0,0.0,0.0,0,557.0,1814.0,3500.0,시원,캔디류,토이캔디
128731,시원)슬램덩크검볼,20251001,15,12,20085,인천B상온센터,432.0,0.0,0.0,0.0,0.0,0.0,36.0,84.0,12.0,36.0,96.0,72.0,0.0,0.0,0.0,0,800.0,1814.0,3500.0,시원,캔디류,토이캔디
128770,선우)황금고구마칩60g,20251015,10,16,20006,성남센터,1392.0,0.0,0.0,0.0,0.0,0.0,64.0,304.0,256.0,32.0,48.0,48.0,0.0,0.0,0.0,0,700.0,1318.0,2500.0,선우,스낵류,일반스낵
128770,선우)황금고구마칩60g,20251015,10,16,20007,대구센터,1456.0,0.0,0.0,0.0,0.0,144.0,160.0,336.0,144.0,32.0,80.0,32.0,0.0,0.0,144.0,9,926.0,1318.0,2500.0,선우,스낵류,일반스낵
128770,선우)황금고구마칩60g,20251015,10,16,20010,양주센터,1728.0,0.0,0.0,0.0,0.0,80.0,224.0,304.0,192.0,96.0,64.0,16.0,16.0,0.0,80.0,5,966.0,1318.0,2500.0,선우,스낵류,일반스낵
128770,선우)황금고구마칩60g,20251015,10,16,20017,울산상온센터(K7),864.0,0.0,0.0,0.0,0.0,80.0,176.0,272.0,80.0,32.0,64.0,16.0,0.0,0.0,80.0,5,666.0,1318.0,2500.0,선우,스낵류,일반스낵
128770,선우)황금고구마칩60g,20251015,10,16,20033,제주상온센터,320.0,0.0,0.0,0.0,0.0,0.0,32.0,160.0,48.0,16.0,0.0,32.0,0.0,0.0,0.0,0,294.0,1318.0,2500.0,선우,스낵류,일반스낵
128770,선우)황금고구마칩60g,20251015,10,16,20034,구성상온센터,1824.0,0.0,0.0,0.0,0.0,0.0,112.0,224.0,288.0,112.0,96.0,240.0,0.0,0.0,0.0,0,870.0,1318.0,2500.0,선우,스낵류,일반스낵
128770,선우)황금고구마칩60g,20251015,10,16,20050,세종상온센터,1232.0,0.0,0.0,0.0,0.0,48.0,256.0,320.0,128.0,48.0,96.0,16.0,0.0,0.0,48.0,4,881.0,1318.0,2500.0,선우,스낵류,일반스낵
128770,선우)황금고구마칩60g,20251015,10,16,20065,원주상온센터(K7),816.0,0.0,0.0,0.0,0.0,0.0,160.0,144.0,176.0,48.0,48.0,32.0,0.0,0.0,0.0,0,672.0,1318.0,2500.0,선우,스낵류,일반스낵
128770,선우)황금고구마칩60g,20251015,10,16,20075,인천상온센터,1152.0,0.0,0.0,0.0,0.0,144.0,240.0,240.0,112.0,112.0,128.0,16.0,0.0,0.0,144.0,9,781.0,1318.0,2500.0,선우,스낵류,일반스낵
128770,선우)황금고구마칩60g,20251015,10,16,20079,A광주상온센터,1008.0,0.0,0.0,0.0,0.0,48.0,96.0,96.0,16.0,32.0,64.0,32.0,0.0,0.0,48.0,3,686.0,1318.0,2500.0,선우,스낵류,일반스낵
128770,선우)황금고구마칩60g,20251015,10,16,20080,A의왕상온센터,1040.0,0.0,0.0,0.0,0.0,16.0,208.0,144.0,144.0,32.0,112.0,16.0,0.0,0.0,16.0,1,720.0,1318.0,2500.0,선우,스낵류,일반스낵
128770,선우)황금고구마칩60g,20251015,10,16,20081,A양산상온센터,1040.0,0.0,0.0,0.0,0.0,32.0,112.0,256.0,128.0,80.0,64.0,16.0,0.0,0.0,32.0,2,808.0,1318.0,2500.0,선우,스낵류,일반스낵
128770,선우)황금고구마칩60g,20251015,10,16,20083,김제상온센터,720.0,0.0,0.0,0.0,0.0,32.0,80.0,128.0,48.0,32.0,48.0,0.0,0.0,0.0,32.0,4,590.0,1318.0,2500.0,선우,스낵류,일반스낵
128770,선우)황금고구마칩60g,20251015,10,16,20084,천안상온센터,640.0,0.0,0.0,0.0,0.0,0.0,48.0,224.0,144.0,128.0,80.0,80.0,32.0,0.0,0.0,0,555.0,1318.0,2500.0,선우,스낵류,일반스낵
128770,선우)황금고구마칩60g,20251015,10,16,20085,인천B상온센터,1424.0,0.0,0.0,0.0,0.0,48.0,224.0,160.0,64.0,48.0,64.0,48.0,0.0,0.0,48.0,3,795.0,1318.0,2500.0,선우,스낵류,일반스낵
128788,오뚜기)뿌셔뿌셔불고기맛팝콘40g,20251015,25,12,20006,성남센터,2088.0,0.0,0.0,0.0,0.0,0.0,96.0,216.0,264.0,24.0,24.0,48.0,0.0,0.0,0.0,0,700.0,1091.0,2000.0,오뚜기,스낵류,옥수수스낵
128788,오뚜기)뿌셔뿌셔불고기맛팝콘40g,20251015,25,12,20007,대구센터,2172.0,0.0,0.0,0.0,0.0,96.0,228.0,516.0,228.0,84.0,252.0,84.0,0.0,0.0,96.0,8,926.0,1091.0,2000.0,오뚜기,스낵류,옥수수스낵
128788,오뚜기)뿌셔뿌셔불고기맛팝콘40g,20251015,25,12,20010,양주센터,2592.0,0.0,0.0,0.0,0.0,48.0,204.0,312.0,204.0,84.0,96.0,24.0,24.0,0.0,48.0,4,966.0,1091.0,2000.0,오뚜기,스낵류,옥수수스낵
128788,오뚜기)뿌셔뿌셔불고기맛팝콘40g,20251015,25,12,20017,울산상온센터(K7),1296.0,0.0,0.0,0.0,0.0,108.0,192.0,312.0,108.0,72.0,120.0,36.0,0.0,0.0,108.0,8,666.0,1091.0,2000.0,오뚜기,스낵류,옥수수스낵
128788,오뚜기)뿌셔뿌셔불고기맛팝콘40g,20251015,25,12,20033,제주상온센터,480.0,0.0,0.0,0.0,0.0,0.0,60.0,108.0,36.0,24.0,24.0,60.0,0.0,0.0,0.0,0,294.0,1091.0,2000.0,오뚜기,스낵류,옥수수스낵
128788,오뚜기)뿌셔뿌셔불고기맛팝콘40g,20251015,25,12,20034,구성상온센터,2724.0,0.0,0.0,0.0,0.0,0.0,156.0,264.0,348.0,108.0,132.0,216.0,0.0,0.0,0.0,0,870.0,1091.0,2000.0,오뚜기,스낵류,옥수수스낵
128788,오뚜기)뿌셔뿌셔불고기맛팝콘40g,20251015,25,12,20050,세종상온센터,1848.0,0.0,0.0,0.0,0.0,48.0,228.0,312.0,216.0,84.0,96.0,12.0,0.0,0.0,48.0,5,881.0,1091.0,2000.0,오뚜기,스낵류,옥수수스낵
128788,오뚜기)뿌셔뿌셔불고기맛팝콘40g,20251015,25,12,20065,원주상온센터(K7),1212.0,0.0,0.0,0.0,0.0,0.0,144.0,132.0,216.0,84.0,60.0,72.0,0.0,0.0,0.0,0,672.0,1091.0,2000.0,오뚜기,스낵류,옥수수스낵
128788,오뚜기)뿌셔뿌셔불고기맛팝콘40g,20251015,25,12,20075,인천상온센터,1716.0,0.0,0.0,0.0,0.0,120.0,204.0,228.0,108.0,108.0,84.0,36.0,0.0,0.0,120.0,10,781.0,1091.0,2000.0,오뚜기,스낵류,옥수수스낵
128788,오뚜기)뿌셔뿌셔불고기맛팝콘40g,20251015,25,12,20079,A광주상온센터,1500.0,0.0,0.0,0.0,0.0,72.0,96.0,204.0,84.0,48.0,60.0,36.0,0.0,0.0,72.0,6,686.0,1091.0,2000.0,오뚜기,스낵류,옥수수스낵
128788,오뚜기)뿌셔뿌셔불고기맛팝콘40g,20251015,25,12,20080,A의왕상온센터,1548.0,0.0,0.0,0.0,0.0,60.0,192.0,228.0,180.0,60.0,96.0,36.0,0.0,0.0,60.0,5,720.0,1091.0,2000.0,오뚜기,스낵류,옥수수스낵
128788,오뚜기)뿌셔뿌셔불고기맛팝콘40g,20251015,25,12,20081,A양산상온센터,1548.0,0.0,0.0,0.0,0.0,24.0,228.0,264.0,144.0,24.0,72.0,24.0,0.0,0.0,24.0,2,808.0,1091.0,2000.0,오뚜기,스낵류,옥수수스낵
128788,오뚜기)뿌셔뿌셔불고기맛팝콘40g,20251015,25,12,20083,김제상온센터,1068.0,0.0,0.0,0.0,0.0,60.0,72.0,144.0,84.0,36.0,48.0,0.0,0.0,0.0,60.0,4,590.0,1091.0,2000.0,오뚜기,스낵류,옥수수스낵
128788,오뚜기)뿌셔뿌셔불고기맛팝콘40g,20251015,25,12,20084,천안상온센터,948.0,0.0,0.0,0.0,0.0,0.0,48.0,288.0,252.0,96.0,84.0,108.0,12.0,0.0,0.0,0,555.0,1091.0,2000.0,오뚜기,스낵류,옥수수스낵
128788,오뚜기)뿌셔뿌셔불고기맛팝콘40g,20251015,25,12,20085,인천B상온센터,2124.0,0.0,0.0,0.0,0.0,48.0,156.0,180.0,192.0,36.0,108.0,60.0,0.0,0.0,48.0,4,795.0,1091.0,2000.0,오뚜기,스낵류,옥수수스낵
128789,농심)포테토칩K양념치킨맛50g,20251015,50,16,20006,성남센터,6944.0,656.0,112.0,80.0,496.0,400.0,400.0,192.0,336.0,16.0,16.0,80.0,0.0,0.0,1088.0,108,700.0,945.0,1700.0,농심,스낵류,일반스낵
128789,농심)포테토칩K양념치킨맛50g,20251015,50,16,20007,대구센터,7248.0,704.0,96.0,352.0,560.0,512.0,272.0,768.0,400.0,112.0,128.0,160.0,0.0,0.0,1520.0,139,926.0,945.0,1700.0,농심,스낵류,일반스낵
128789,농심)포테토칩K양념치킨맛50g,20251015,50,16,20010,양주센터,8624.0,656.0,176.0,368.0,432.0,336.0,416.0,272.0,256.0,64.0,96.0,32.0,32.0,0.0,1312.0,123,966.0,945.0,1700.0,농심,스낵류,일반스낵
128789,농심)포테토칩K양념치킨맛50g,20251015,50,16,20017,울산상온센터(K7),4288.0,512.0,176.0,128.0,368.0,224.0,128.0,256.0,112.0,16.0,128.0,64.0,16.0,0.0,896.0,87,666.0,945.0,1700.0,농심,스낵류,일반스낵
128789,농심)포테토칩K양념치킨맛50g,20251015,50,16,20033,제주상온센터,1584.0,176.0,64.0,64.0,64.0,112.0,48.0,112.0,32.0,16.0,32.0,48.0,0.0,0.0,304.0,32,294.0,945.0,1700.0,농심,스낵류,일반스낵
128789,농심)포테토칩K양념치킨맛50g,20251015,50,16,20034,구성상온센터,9072.0,528.0,144.0,64.0,640.0,496.0,352.0,256.0,416.0,80.0,128.0,176.0,0.0,0.0,1344.0,117,870.0,945.0,1700.0,농심,스낵류,일반스낵
128789,농심)포테토칩K양념치킨맛50g,20251015,50,16,20050,세종상온센터,6128.0,416.0,144.0,352.0,416.0,368.0,336.0,352.0,240.0,96.0,176.0,48.0,0.0,0.0,1280.0,107,881.0,945.0,1700.0,농심,스낵류,일반스낵
128789,농심)포테토칩K양념치킨맛50g,20251015,50,16,20065,원주상온센터(K7),4032.0,320.0,128.0,112.0,288.0,288.0,272.0,128.0,192.0,32.0,48.0,32.0,0.0,0.0,816.0,72,672.0,945.0,1700.0,농심,스낵류,일반스낵
128789,농심)포테토칩K양념치킨맛50g,20251015,50,16,20075,인천상온센터,5696.0,576.0,64.0,144.0,576.0,400.0,272.0,256.0,80.0,48.0,128.0,48.0,0.0,0.0,1184.0,113,781.0,945.0,1700.0,농심,스낵류,일반스낵
128789,농심)포테토칩K양념치킨맛50g,20251015,50,16,20079,A광주상온센터,4976.0,272.0,80.0,224.0,304.0,176.0,160.0,64.0,144.0,48.0,80.0,48.0,0.0,0.0,784.0,66,686.0,945.0,1700.0,농심,스낵류,일반스낵
128789,농심)포테토칩K양념치킨맛50g,20251015,50,16,20080,A의왕상온센터,5136.0,608.0,64.0,336.0,400.0,320.0,400.0,224.0,80.0,48.0,128.0,112.0,0.0,0.0,1120.0,109,720.0,945.0,1700.0,농심,스낵류,일반스낵
128789,농심)포테토칩K양념치킨맛50g,20251015,50,16,20081,A양산상온센터,5152.0,512.0,48.0,240.0,304.0,288.0,176.0,160.0,112.0,64.0,80.0,32.0,0.0,0.0,880.0,89,808.0,945.0,1700.0,농심,스낵류,일반스낵
128789,농심)포테토칩K양념치킨맛50g,20251015,50,16,20083,김제상온센터,3536.0,288.0,48.0,128.0,192.0,128.0,96.0,128.0,48.0,64.0,64.0,0.0,0.0,0.0,496.0,53,590.0,945.0,1700.0,농심,스낵류,일반스낵
128789,농심)포테토칩K양념치킨맛50g,20251015,50,16,20084,천안상온센터,3136.0,256.0,112.0,64.0,224.0,112.0,176.0,192.0,240.0,160.0,16.0,80.0,0.0,0.0,512.0,48,555.0,945.0,1700.0,농심,스낵류,일반스낵
128789,농심)포테토칩K양념치킨맛50g,20251015,50,16,20085,인천B상온센터,7072.0,576.0,112.0,304.0,384.0,224.0,288.0,224.0,272.0,48.0,128.0,48.0,0.0,0.0,1024.0,100,795.0,945.0,1700.0,농심,스낵류,일반스낵
128790,드림)훈와리군고구마27g,20251015,10,10,20006,성남센터,700.0,0.0,0.0,0.0,0.0,0.0,0.0,0.0,110.0,30.0,10.0,40.0,0.0,0.0,0.0,0,700.0,1472.0,2700.0,드림,젤리류,수입젤리
128790,드림)훈와리군고구마27g,20251015,10,10,20007,대구센터,730.0,0.0,0.0,0.0,0.0,0.0,0.0,50.0,70.0,50.0,40.0,30.0,0.0,0.0,0.0,0,926.0,1472.0,2700.0,드림,젤리류,수입젤리
128790,드림)훈와리군고구마27g,20251015,10,10,20010,양주센터,870.0,0.0,0.0,0.0,0.0,0.0,0.0,10.0,80.0,40.0,30.0,20.0,10.0,0.0,0.0,0,966.0,1472.0,2700.0,드림,젤리류,수입젤리
128790,드림)훈와리군고구마27g,20251015,10,10,20017,울산상온센터(K7),430.0,0.0,0.0,0.0,0.0,0.0,0.0,10.0,20.0,40.0,50.0,20.0,0.0,0.0,0.0,0,666.0,1472.0,2700.0,드림,젤리류,수입젤리
128790,드림)훈와리군고구마27g,20251015,10,10,20033,제주상온센터,160.0,0.0,0.0,0.0,0.0,0.0,0.0,0.0,30.0,0.0,0.0,10.0,0.0,0.0,0.0,0,294.0,1472.0,2700.0,드림,젤리류,수입젤리
128790,드림)훈와리군고구마27g,20251015,10,10,20034,구성상온센터,910.0,0.0,0.0,0.0,0.0,0.0,0.0,0.0,60.0,50.0,20.0,20.0,0.0,0.0,0.0,0,870.0,1472.0,2700.0,드림,젤리류,수입젤리
128790,드림)훈와리군고구마27g,20251015,10,10,20050,세종상온센터,620.0,0.0,0.0,0.0,0.0,0.0,0.0,50.0,40.0,70.0,20.0,20.0,0.0,0.0,0.0,0,880.0,1472.0,2700.0,드림,젤리류,수입젤리
128790,드림)훈와리군고구마27g,20251015,10,10,20065,원주상온센터(K7),410.0,0.0,0.0,0.0,0.0,0.0,0.0,0.0,120.0,50.0,20.0,10.0,0.0,0.0,0.0,0,672.0,1472.0,2700.0,드림,젤리류,수입젤리
128790,드림)훈와리군고구마27g,20251015,10,10,20075,인천상온센터,570.0,0.0,0.0,0.0,0.0,0.0,0.0,70.0,70.0,20.0,50.0,0.0,0.0,0.0,0.0,0,781.0,1472.0,2700.0,드림,젤리류,수입젤리
128790,드림)훈와리군고구마27g,20251015,10,10,20079,A광주상온센터,500.0,0.0,0.0,0.0,0.0,0.0,0.0,30.0,0.0,0.0,30.0,0.0,0.0,0.0,0.0,0,686.0,1472.0,2700.0,드림,젤리류,수입젤리
128790,드림)훈와리군고구마27g,20251015,10,10,20080,A의왕상온센터,520.0,0.0,0.0,0.0,0.0,0.0,0.0,50.0,50.0,10.0,30.0,10.0,0.0,0.0,0.0,0,720.0,1472.0,2700.0,드림,젤리류,수입젤리
128790,드림)훈와리군고구마27g,20251015,10,10,20081,A양산상온센터,520.0,0.0,0.0,0.0,0.0,0.0,0.0,40.0,30.0,10.0,10.0,10.0,0.0,0.0,0.0,0,808.0,1472.0,2700.0,드림,젤리류,수입젤리
128790,드림)훈와리군고구마27g,20251015,10,10,20083,김제상온센터,360.0,0.0,0.0,0.0,0.0,0.0,0.0,10.0,10.0,10.0,30.0,0.0,0.0,0.0,0.0,0,590.0,1472.0,2700.0,드림,젤리류,수입젤리
128790,드림)훈와리군고구마27g,20251015,10,10,20084,천안상온센터,320.0,0.0,0.0,0.0,0.0,0.0,0.0,0.0,0.0,60.0,0.0,40.0,10.0,0.0,0.0,0,555.0,1472.0,2700.0,드림,젤리류,수입젤리
128790,드림)훈와리군고구마27g,20251015,10,10,20085,인천B상온센터,710.0,0.0,0.0,0.0,0.0,0.0,0.0,30.0,80.0,30.0,150.0,30.0,0.0,0.0,0.0,0,795.0,1472.0,2700.0,드림,젤리류,수입젤리
128793,해태)에이스샌드체다치즈맛204g,20251015,30,4,20006,성남센터,1572.0,164.0,28.0,32.0,128.0,88.0,88.0,48.0,60.0,0.0,4.0,20.0,0.0,0.0,276.0,91,700.0,2705.0,4800.0,해태,비스킷류,크래커
128793,해태)에이스샌드체다치즈맛204g,20251015,30,4,20007,대구센터,1632.0,180.0,16.0,88.0,156.0,104.0,68.0,116.0,56.0,32.0,20.0,24.0,0.0,0.0,364.0,131,926.0,2705.0,4800.0,해태,비스킷류,크래커
128793,해태)에이스샌드체다치즈맛204g,20251015,30,4,20010,양주센터,1944.0,216.0,52.0,76.0,140.0,104.0,112.0,64.0,52.0,20.0,24.0,12.0,8.0,0.0,372.0,128,966.0,2705.0,4800.0,해태,비스킷류,크래커
128793,해태)에이스샌드체다치즈맛204g,20251015,30,4,20017,울산상온센터(K7),972.0,88.0,48.0,36.0,88.0,76.0,20.0,40.0,20.0,12.0,28.0,12.0,4.0,0.0,248.0,78,666.0,2705.0,4800.0,해태,비스킷류,크래커
128793,해태)에이스샌드체다치즈맛204g,20251015,30,4,20033,제주상온센터,360.0,44.0,12.0,16.0,20.0,36.0,24.0,20.0,12.0,12.0,12.0,8.0,0.0,0.0,84.0,30,294.0,2705.0,4800.0,해태,비스킷류,크래커
128793,해태)에이스샌드체다치즈맛204g,20251015,30,4,20034,구성상온센터,2052.0,124.0,32.0,16.0,156.0,136.0,92.0,60.0,108.0,24.0,28.0,44.0,0.0,0.0,340.0,110,870.0,2705.0,4800.0,해태,비스킷류,크래커
128793,해태)에이스샌드체다치즈맛204g,20251015,30,4,20050,세종상온센터,1380.0,124.0,36.0,68.0,64.0,108.0,76.0,96.0,52.0,24.0,20.0,12.0,0.0,0.0,276.0,96,881.0,2705.0,4800.0,해태,비스킷류,크래커
128793,해태)에이스샌드체다치즈맛204g,20251015,30,4,20065,원주상온센터(K7),912.0,108.0,32.0,32.0,60.0,76.0,72.0,44.0,84.0,20.0,16.0,12.0,0.0,0.0,200.0,73,672.0,2705.0,4800.0,해태,비스킷류,크래커
128793,해태)에이스샌드체다치즈맛204g,20251015,30,4,20075,인천상온센터,1284.0,132.0,12.0,52.0,140.0,104.0,68.0,44.0,32.0,16.0,28.0,4.0,0.0,0.0,308.0,109,781.0,2705.0,4800.0,해태,비스킷류,크래커
128793,해태)에이스샌드체다치즈맛204g,20251015,30,4,20079,A광주상온센터,1128.0,68.0,16.0,56.0,96.0,48.0,40.0,24.0,24.0,8.0,12.0,8.0,0.0,0.0,216.0,68,686.0,2705.0,4800.0,해태,비스킷류,크래커
128793,해태)에이스샌드체다치즈맛204g,20251015,30,4,20080,A의왕상온센터,1164.0,120.0,24.0,80.0,88.0,88.0,88.0,64.0,24.0,12.0,28.0,40.0,0.0,0.0,280.0,95,720.0,2705.0,4800.0,해태,비스킷류,크래커
128793,해태)에이스샌드체다치즈맛204g,20251015,30,4,20081,A양산상온센터,1164.0,120.0,20.0,52.0,68.0,52.0,48.0,68.0,44.0,12.0,20.0,4.0,0.0,0.0,192.0,80,808.0,2705.0,4800.0,해태,비스킷류,크래커
128793,해태)에이스샌드체다치즈맛204g,20251015,30,4,20083,김제상온센터,804.0,60.0,8.0,20.0,36.0,44.0,16.0,36.0,12.0,16.0,16.0,0.0,0.0,0.0,108.0,45,590.0,2705.0,4800.0,해태,비스킷류,크래커
128793,해태)에이스샌드체다치즈맛204g,20251015,30,4,20084,천안상온센터,708.0,80.0,24.0,8.0,48.0,28.0,56.0,56.0,60.0,36.0,8.0,32.0,0.0,0.0,108.0,46,555.0,2705.0,4800.0,해태,비스킷류,크래커
128793,해태)에이스샌드체다치즈맛204g,20251015,30,4,20085,인천B상온센터,1596.0,140.0,32.0,52.0,116.0,68.0,84.0,72.0,72.0,0.0,56.0,20.0,0.0,0.0,268.0,95,795.0,2705.0,4800.0,해태,비스킷류,크래커
128811,나무)도라에몽딸기콘15g,20251105,60,20,20006,성남센터,1440.0,0.0,0.0,0.0,100.0,120.0,80.0,20.0,60.0,0.0,40.0,0.0,20.0,0.0,220.0,12,701.0,421.0,800.0,나무,비스킷류,쿠키
128811,나무)도라에몽딸기콘15g,20251105,60,20,20007,대구센터,1440.0,0.0,0.0,80.0,160.0,160.0,140.0,40.0,0.0,0.0,20.0,0.0,0.0,0.0,400.0,22,927.0,421.0,800.0,나무,비스킷류,쿠키
128811,나무)도라에몽딸기콘15g,20251105,60,20,20010,양주센터,1680.0,0.0,0.0,180.0,100.0,40.0,60.0,80.0,60.0,0.0,0.0,0.0,0.0,0.0,320.0,17,967.0,421.0,800.0,나무,비스킷류,쿠키
128811,나무)도라에몽딸기콘15g,20251105,60,20,20017,울산상온센터(K7),960.0,0.0,0.0,100.0,260.0,20.0,60.0,40.0,20.0,0.0,60.0,0.0,0.0,0.0,380.0,19,665.0,421.0,800.0,나무,비스킷류,쿠키
128811,나무)도라에몽딸기콘15g,20251105,60,20,20033,제주상온센터,480.0,0.0,0.0,0.0,80.0,60.0,80.0,20.0,0.0,0.0,0.0,0.0,0.0,0.0,140.0,7,295.0,421.0,800.0,나무,비스킷류,쿠키
128811,나무)도라에몽딸기콘15g,20251105,60,20,20034,구성상온센터,1920.0,0.0,0.0,0.0,100.0,220.0,80.0,40.0,40.0,0.0,0.0,0.0,0.0,0.0,320.0,18,869.0,421.0,800.0,나무,비스킷류,쿠키
128811,나무)도라에몽딸기콘15g,20251105,60,20,20050,세종상온센터,1200.0,0.0,0.0,80.0,240.0,40.0,60.0,40.0,20.0,0.0,40.0,0.0,0.0,0.0,360.0,18,876.0,421.0,800.0,나무,비스킷류,쿠키
128811,나무)도라에몽딸기콘15g,20251105,60,20,20065,원주상온센터(K7),960.0,0.0,0.0,0.0,80.0,20.0,20.0,100.0,0.0,0.0,40.0,20.0,0.0,0.0,100.0,5,673.0,421.0,800.0,나무,비스킷류,쿠키
128811,나무)도라에몽딸기콘15g,20251105,60,20,20075,인천상온센터,1200.0,0.0,0.0,0.0,320.0,160.0,60.0,0.0,20.0,20.0,0.0,0.0,0.0,0.0,480.0,23,784.0,421.0,800.0,나무,비스킷류,쿠키
128811,나무)도라에몽딸기콘15g,20251105,60,20,20079,A광주상온센터,960.0,0.0,0.0,120.0,120.0,200.0,0.0,40.0,20.0,0.0,20.0,0.0,0.0,0.0,440.0,23,685.0,421.0,800.0,나무,비스킷류,쿠키
128811,나무)도라에몽딸기콘15g,20251105,60,20,20080,A의왕상온센터,960.0,0.0,0.0,0.0,100.0,180.0,140.0,0.0,0.0,0.0,0.0,0.0,0.0,0.0,280.0,15,722.0,421.0,800.0,나무,비스킷류,쿠키
128811,나무)도라에몽딸기콘15g,20251105,60,20,20081,A양산상온센터,960.0,0.0,0.0,60.0,120.0,160.0,40.0,0.0,20.0,20.0,0.0,0.0,0.0,0.0,340.0,22,807.0,421.0,800.0,나무,비스킷류,쿠키
128811,나무)도라에몽딸기콘15g,20251105,60,20,20083,김제상온센터,720.0,0.0,0.0,80.0,100.0,160.0,80.0,40.0,0.0,0.0,20.0,0.0,0.0,0.0,340.0,17,588.0,421.0,800.0,나무,비스킷류,쿠키
128811,나무)도라에몽딸기콘15g,20251105,60,20,20084,천안상온센터,720.0,0.0,0.0,0.0,120.0,80.0,60.0,0.0,0.0,0.0,0.0,20.0,0.0,0.0,200.0,12,555.0,421.0,800.0,나무,비스킷류,쿠키
128811,나무)도라에몽딸기콘15g,20251105,60,20,20085,인천B상온센터,1440.0,0.0,0.0,0.0,140.0,100.0,40.0,40.0,60.0,0.0,20.0,0.0,0.0,0.0,240.0,13,795.0,421.0,800.0,나무,비스킷류,쿠키
128834,몽뜨)타르트젤리35g,20251022,20,15,20006,성남센터,2880.0,225.0,105.0,120.0,495.0,225.0,90.0,90.0,75.0,60.0,30.0,15.0,0.0,0.0,945.0,79,702.0,633.0,1200.0,몽뜨,젤리류,수입젤리
128834,몽뜨)타르트젤리35g,20251022,20,15,20007,대구센터,3060.0,270.0,165.0,390.0,240.0,240.0,45.0,105.0,30.0,30.0,15.0,15.0,0.0,0.0,1035.0,89,926.0,633.0,1200.0,몽뜨,젤리류,수입젤리
128834,몽뜨)타르트젤리35g,20251022,20,15,20010,양주센터,3600.0,195.0,120.0,270.0,360.0,240.0,120.0,30.0,15.0,0.0,15.0,15.0,0.0,0.0,990.0,84,968.0,633.0,1200.0,몽뜨,젤리류,수입젤리
128834,몽뜨)타르트젤리35g,20251022,20,15,20017,울산상온센터(K7),1800.0,135.0,90.0,180.0,255.0,75.0,45.0,105.0,15.0,0.0,0.0,0.0,0.0,0.0,600.0,52,665.0,633.0,1200.0,몽뜨,젤리류,수입젤리
128834,몽뜨)타르트젤리35g,20251022,20,15,20033,제주상온센터,720.0,105.0,45.0,15.0,105.0,60.0,30.0,0.0,0.0,0.0,0.0,0.0,0.0,0.0,225.0,23,295.0,633.0,1200.0,몽뜨,젤리류,수입젤리
128834,몽뜨)타르트젤리35g,20251022,20,15,20034,구성상온센터,3780.0,195.0,75.0,120.0,480.0,90.0,105.0,45.0,105.0,30.0,45.0,45.0,0.0,0.0,765.0,66,871.0,633.0,1200.0,몽뜨,젤리류,수입젤리
128834,몽뜨)타르트젤리35g,20251022,20,15,20050,세종상온센터,2700.0,135.0,150.0,300.0,270.0,165.0,75.0,60.0,45.0,0.0,0.0,30.0,0.0,0.0,885.0,69,880.0,633.0,1200.0,몽뜨,젤리류,수입젤리
128834,몽뜨)타르트젤리35g,20251022,20,15,20065,원주상온센터(K7),1800.0,75.0,90.0,75.0,255.0,105.0,135.0,30.0,30.0,15.0,15.0,45.0,15.0,0.0,525.0,41,672.0,633.0,1200.0,몽뜨,젤리류,수입젤리
128834,몽뜨)타르트젤리35g,20251022,20,15,20075,인천상온센터,2520.0,150.0,120.0,210.0,285.0,120.0,30.0,15.0,30.0,15.0,0.0,0.0,0.0,0.0,735.0,62,784.0,633.0,1200.0,몽뜨,젤리류,수입젤리
128834,몽뜨)타르트젤리35g,20251022,20,15,20079,A광주상온센터,2160.0,105.0,45.0,210.0,165.0,75.0,90.0,0.0,15.0,30.0,30.0,0.0,0.0,0.0,495.0,42,686.0,633.0,1200.0,몽뜨,젤리류,수입젤리
128834,몽뜨)타르트젤리35g,20251022,20,15,20080,A의왕상온센터,2160.0,210.0,120.0,210.0,240.0,75.0,105.0,45.0,30.0,30.0,60.0,0.0,0.0,0.0,645.0,58,720.0,633.0,1200.0,몽뜨,젤리류,수입젤리
128834,몽뜨)타르트젤리35g,20251022,20,15,20081,A양산상온센터,2160.0,90.0,75.0,165.0,195.0,120.0,60.0,15.0,45.0,0.0,60.0,30.0,0.0,0.0,555.0,47,805.0,633.0,1200.0,몽뜨,젤리류,수입젤리
128834,몽뜨)타르트젤리35g,20251022,20,15,20083,김제상온센터,1620.0,75.0,60.0,195.0,150.0,90.0,30.0,30.0,15.0,0.0,0.0,0.0,0.0,0.0,495.0,39,589.0,633.0,1200.0,몽뜨,젤리류,수입젤리
128834,몽뜨)타르트젤리35g,20251022,20,15,20084,천안상온센터,1440.0,105.0,60.0,45.0,165.0,15.0,60.0,15.0,45.0,30.0,30.0,15.0,0.0,0.0,285.0,28,555.0,633.0,1200.0,몽뜨,젤리류,수입젤리
128834,몽뜨)타르트젤리35g,20251022,20,15,20085,인천B상온센터,3060.0,270.0,180.0,150.0,240.0,45.0,75.0,60.0,45.0,0.0,0.0,45.0,0.0,0.0,615.0,63,796.0,633.0,1200.0,몽뜨,젤리류,수입젤리
128850,해태)생생감자칩강원옥수수맛80g,20251022,30,12,20006,성남센터,4164.0,120.0,108.0,168.0,456.0,216.0,144.0,156.0,108.0,36.0,36.0,0.0,0.0,0.0,948.0,91,702.0,1691.0,3000.0,해태,스낵류,감자스낵
128850,해태)생생감자칩강원옥수수맛80g,20251022,30,12,20007,대구센터,4344.0,180.0,156.0,516.0,348.0,252.0,156.0,132.0,84.0,84.0,12.0,12.0,0.0,0.0,1272.0,124,926.0,1691.0,3000.0,해태,스낵류,감자스낵
128850,해태)생생감자칩강원옥수수맛80g,20251022,30,12,20010,양주센터,5172.0,108.0,120.0,444.0,432.0,288.0,240.0,144.0,72.0,12.0,48.0,24.0,0.0,0.0,1284.0,118,968.0,1691.0,3000.0,해태,스낵류,감자스낵
128850,해태)생생감자칩강원옥수수맛80g,20251022,30,12,20017,울산상온센터(K7),2580.0,72.0,120.0,252.0,168.0,132.0,84.0,48.0,12.0,36.0,36.0,0.0,0.0,0.0,672.0,68,665.0,1691.0,3000.0,해태,스낵류,감자스낵
128850,해태)생생감자칩강원옥수수맛80g,20251022,30,12,20033,제주상온센터,948.0,24.0,36.0,48.0,72.0,108.0,36.0,12.0,12.0,12.0,24.0,0.0,0.0,0.0,264.0,27,295.0,1691.0,3000.0,해태,스낵류,감자스낵
128850,해태)생생감자칩강원옥수수맛80g,20251022,30,12,20034,구성상온센터,5448.0,60.0,168.0,180.0,648.0,240.0,324.0,48.0,120.0,24.0,60.0,12.0,0.0,0.0,1236.0,114,871.0,1691.0,3000.0,해태,스낵류,감자스낵
128850,해태)생생감자칩강원옥수수맛80g,20251022,30,12,20050,세종상온센터,3684.0,132.0,120.0,276.0,276.0,240.0,60.0,72.0,60.0,48.0,12.0,24.0,0.0,0.0,912.0,93,880.0,1691.0,3000.0,해태,스낵류,감자스낵
128850,해태)생생감자칩강원옥수수맛80g,20251022,30,12,20065,원주상온센터(K7),6960.0,60.0,72.0,144.0,348.0,504.0,252.0,144.0,192.0,36.0,12.0,24.0,0.0,0.0,1068.0,89,672.0,1691.0,3000.0,해태,스낵류,감자스낵
128850,해태)생생감자칩강원옥수수맛80g,20251022,30,12,20075,인천상온센터,3420.0,180.0,72.0,264.0,372.0,156.0,84.0,24.0,12.0,36.0,24.0,0.0,0.0,0.0,864.0,89,784.0,1691.0,3000.0,해태,스낵류,감자스낵
128850,해태)생생감자칩강원옥수수맛80g,20251022,30,12,20079,A광주상온센터,2988.0,84.0,72.0,156.0,216.0,192.0,120.0,60.0,0.0,12.0,0.0,0.0,0.0,0.0,636.0,64,686.0,1691.0,3000.0,해태,스낵류,감자스낵
128850,해태)생생감자칩강원옥수수맛80g,20251022,30,12,20080,A의왕상온센터,3084.0,120.0,192.0,336.0,432.0,180.0,144.0,288.0,24.0,60.0,12.0,0.0,0.0,0.0,1140.0,113,720.0,1691.0,3000.0,해태,스낵류,감자스낵
128850,해태)생생감자칩강원옥수수맛80g,20251022,30,12,20081,A양산상온센터,3096.0,96.0,168.0,264.0,264.0,120.0,156.0,96.0,24.0,0.0,12.0,24.0,0.0,0.0,816.0,78,805.0,1691.0,3000.0,해태,스낵류,감자스낵
128850,해태)생생감자칩강원옥수수맛80g,20251022,30,12,20083,김제상온센터,2124.0,60.0,48.0,72.0,72.0,96.0,72.0,60.0,24.0,0.0,0.0,0.0,0.0,0.0,288.0,31,589.0,1691.0,3000.0,해태,스낵류,감자스낵
128850,해태)생생감자칩강원옥수수맛80g,20251022,30,12,20084,천안상온센터,1884.0,48.0,72.0,84.0,252.0,84.0,84.0,24.0,60.0,60.0,12.0,12.0,0.0,0.0,492.0,45,555.0,1691.0,3000.0,해태,스낵류,감자스낵
128850,해태)생생감자칩강원옥수수맛80g,20251022,30,12,20085,인천B상온센터,4248.0,168.0,192.0,300.0,276.0,180.0,132.0,48.0,60.0,12.0,0.0,24.0,0.0,0.0,948.0,99,796.0,1691.0,3000.0,해태,스낵류,감자스낵
128870,롯데)빈츠프리미어말차102g,20251029,30,2,20006,성남센터,3480.0,130.0,422.0,738.0,722.0,728.0,396.0,160.0,192.0,36.0,22.0,52.0,6.0,0.0,2610.0,206,701.0,2074.0,3500.0,롯데,비스킷류,크래커
128870,롯데)빈츠프리미어말차102g,20251029,30,2,20007,대구센터,3620.0,168.0,120.0,466.0,534.0,352.0,242.0,162.0,98.0,4.0,10.0,4.0,0.0,0.0,1472.0,256,927.0,2074.0,3500.0,롯데,비스킷류,크래커
128870,롯데)빈츠프리미어말차102g,20251029,30,2,20010,양주센터,4320.0,696.0,226.0,814.0,552.0,348.0,436.0,184.0,78.0,32.0,168.0,10.0,0.0,0.0,1940.0,251,968.0,2074.0,3500.0,롯데,비스킷류,크래커
128870,롯데)빈츠프리미어말차102g,20251029,30,2,20017,울산상온센터(K7),2160.0,122.0,224.0,338.0,226.0,142.0,142.0,86.0,70.0,28.0,8.0,2.0,0.0,0.0,930.0,146,667.0,2074.0,3500.0,롯데,비스킷류,크래커
128870,롯데)빈츠프리미어말차102g,20251029,30,2,20033,제주상온센터,1600.0,52.0,74.0,26.0,154.0,126.0,128.0,78.0,130.0,4.0,4.0,4.0,0.0,0.0,380.0,65,295.0,2074.0,3500.0,롯데,비스킷류,크래커
128870,롯데)빈츠프리미어말차102g,20251029,30,2,20034,구성상온센터,4540.0,298.0,188.0,322.0,556.0,392.0,236.0,210.0,102.0,4.0,12.0,24.0,0.0,0.0,1458.0,230,870.0,2074.0,3500.0,롯데,비스킷류,크래커
128870,롯데)빈츠프리미어말차102g,20251029,30,2,20050,세종상온센터,3080.0,176.0,80.0,230.0,380.0,162.0,146.0,34.0,10.0,10.0,22.0,34.0,4.0,0.0,852.0,207,877.0,2074.0,3500.0,롯데,비스킷류,크래커
128870,롯데)빈츠프리미어말차102g,20251029,30,2,20065,원주상온센터(K7),2020.0,102.0,78.0,200.0,186.0,104.0,64.0,26.0,36.0,0.0,10.0,10.0,0.0,0.0,568.0,112,673.0,2074.0,3500.0,롯데,비스킷류,크래커
128870,롯데)빈츠프리미어말차102g,20251029,30,2,20075,인천상온센터,2860.0,404.0,118.0,108.0,524.0,350.0,242.0,128.0,68.0,30.0,8.0,6.0,4.0,0.0,1100.0,178,784.0,2074.0,3500.0,롯데,비스킷류,크래커
128870,롯데)빈츠프리미어말차102g,20251029,30,2,20079,A광주상온센터,2500.0,44.0,38.0,150.0,150.0,182.0,132.0,80.0,6.0,16.0,20.0,0.0,0.0,0.0,520.0,121,685.0,2074.0,3500.0,롯데,비스킷류,크래커
128870,롯데)빈츠프리미어말차102g,20251029,30,2,20080,A의왕상온센터,2580.0,100.0,356.0,82.0,974.0,344.0,388.0,112.0,92.0,6.0,46.0,64.0,0.0,0.0,1756.0,185,722.0,2074.0,3500.0,롯데,비스킷류,크래커
128870,롯데)빈츠프리미어말차102g,20251029,30,2,20081,A양산상온센터,2580.0,72.0,72.0,208.0,212.0,188.0,102.0,132.0,42.0,2.0,8.0,2.0,0.0,0.0,680.0,161,806.0,2074.0,3500.0,롯데,비스킷류,크래커
128870,롯데)빈츠프리미어말차102g,20251029,30,2,20083,김제상온센터,1780.0,58.0,12.0,98.0,112.0,120.0,100.0,66.0,16.0,6.0,14.0,12.0,0.0,0.0,342.0,100,588.0,2074.0,3500.0,롯데,비스킷류,크래커
128870,롯데)빈츠프리미어말차102g,20251029,30,2,20084,천안상온센터,1580.0,64.0,20.0,72.0,262.0,96.0,86.0,34.0,46.0,20.0,4.0,8.0,0.0,0.0,450.0,103,555.0,2074.0,3500.0,롯데,비스킷류,크래커
128870,롯데)빈츠프리미어말차102g,20251029,30,2,20085,인천B상온센터,3540.0,168.0,132.0,150.0,816.0,368.0,208.0,338.0,96.0,8.0,28.0,0.0,0.0,0.0,1466.0,190,796.0,2074.0,3500.0,롯데,비스킷류,크래커
128922,스위트)알포트카카오사브레52g,20251029,20,10,20006,성남센터,2880.0,290.0,80.0,80.0,510.0,300.0,180.0,110.0,90.0,70.0,10.0,30.0,10.0,0.0,970.0,97,701.0,1909.0,3500.0,스위트,초콜릿,판초콜릿
128922,스위트)알포트카카오사브레52g,20251029,20,10,20007,대구센터,3000.0,240.0,50.0,190.0,150.0,80.0,60.0,30.0,40.0,0.0,0.0,0.0,0.0,0.0,470.0,74,927.0,1909.0,3500.0,스위트,초콜릿,판초콜릿
128922,스위트)알포트카카오사브레52g,20251029,20,10,20010,양주센터,3480.0,360.0,120.0,270.0,280.0,110.0,140.0,90.0,30.0,20.0,30.0,0.0,0.0,0.0,780.0,102,968.0,1909.0,3500.0,스위트,초콜릿,판초콜릿
128922,스위트)알포트카카오사브레52g,20251029,20,10,20017,울산상온센터(K7),1800.0,220.0,50.0,130.0,100.0,70.0,50.0,60.0,10.0,20.0,20.0,0.0,0.0,0.0,350.0,59,667.0,1909.0,3500.0,스위트,초콜릿,판초콜릿
128922,스위트)알포트카카오사브레52g,20251029,20,10,20033,제주상온센터,720.0,70.0,10.0,10.0,20.0,160.0,30.0,10.0,0.0,10.0,0.0,10.0,0.0,0.0,200.0,17,295.0,1909.0,3500.0,스위트,초콜릿,판초콜릿
128922,스위트)알포트카카오사브레52g,20251029,20,10,20034,구성상온센터,3720.0,230.0,100.0,100.0,350.0,160.0,110.0,90.0,30.0,0.0,10.0,10.0,0.0,0.0,710.0,84,870.0,1909.0,3500.0,스위트,초콜릿,판초콜릿
128922,스위트)알포트카카오사브레52g,20251029,20,10,20050,세종상온센터,2520.0,210.0,30.0,120.0,200.0,70.0,30.0,30.0,40.0,0.0,20.0,10.0,0.0,0.0,420.0,62,877.0,1909.0,3500.0,스위트,초콜릿,판초콜릿
128922,스위트)알포트카카오사브레52g,20251029,20,10,20065,원주상온센터(K7),1680.0,180.0,60.0,190.0,180.0,130.0,60.0,10.0,10.0,0.0,10.0,0.0,0.0,0.0,560.0,50,673.0,1909.0,3500.0,스위트,초콜릿,판초콜릿
128922,스위트)알포트카카오사브레52g,20251029,20,10,20075,인천상온센터,2280.0,200.0,30.0,120.0,420.0,160.0,70.0,70.0,30.0,10.0,20.0,0.0,0.0,0.0,730.0,76,784.0,1909.0,3500.0,스위트,초콜릿,판초콜릿
128922,스위트)알포트카카오사브레52g,20251029,20,10,20079,A광주상온센터,2040.0,40.0,10.0,130.0,60.0,60.0,50.0,10.0,0.0,0.0,0.0,0.0,0.0,0.0,260.0,33,685.0,1909.0,3500.0,스위트,초콜릿,판초콜릿
128922,스위트)알포트카카오사브레52g,20251029,20,10,20080,A의왕상온센터,2160.0,210.0,50.0,10.0,270.0,130.0,60.0,50.0,50.0,0.0,40.0,0.0,0.0,0.0,460.0,65,722.0,1909.0,3500.0,스위트,초콜릿,판초콜릿
128922,스위트)알포트카카오사브레52g,20251029,20,10,20081,A양산상온센터,2160.0,140.0,60.0,190.0,90.0,100.0,60.0,30.0,20.0,0.0,10.0,20.0,0.0,0.0,440.0,61,806.0,1909.0,3500.0,스위트,초콜릿,판초콜릿
128922,스위트)알포트카카오사브레52g,20251029,20,10,20083,김제상온센터,1320.0,50.0,10.0,30.0,80.0,60.0,20.0,40.0,0.0,0.0,10.0,10.0,0.0,0.0,180.0,24,588.0,1909.0,3500.0,스위트,초콜릿,판초콜릿
128922,스위트)알포트카카오사브레52g,20251029,20,10,20084,천안상온센터,1320.0,120.0,0.0,30.0,120.0,80.0,30.0,20.0,0.0,20.0,0.0,10.0,0.0,0.0,230.0,37,555.0,1909.0,3500.0,스위트,초콜릿,판초콜릿
128922,스위트)알포트카카오사브레52g,20251029,20,10,20085,인천B상온센터,2880.0,270.0,20.0,160.0,380.0,170.0,230.0,50.0,30.0,30.0,20.0,0.0,0.0,0.0,730.0,88,796.0,1909.0,3500.0,스위트,초콜릿,판초콜릿
128936,롯데)짱셔요스위티자몽46g,20251029,30,12,20006,성남센터,5232.0,156.0,144.0,168.0,672.0,396.0,168.0,168.0,60.0,84.0,0.0,36.0,24.0,0.0,1380.0,129,701.0,711.0,1200.0,롯데,젤리류,국산젤리
128936,롯데)짱셔요스위티자몽46g,20251029,30,12,20007,대구센터,5472.0,216.0,204.0,444.0,588.0,408.0,252.0,156.0,156.0,24.0,12.0,0.0,0.0,0.0,1644.0,159,927.0,711.0,1200.0,롯데,젤리류,국산젤리
128936,롯데)짱셔요스위티자몽46g,20251029,30,12,20010,양주센터,6480.0,252.0,156.0,600.0,672.0,360.0,216.0,144.0,72.0,24.0,24.0,12.0,0.0,0.0,1788.0,172,968.0,711.0,1200.0,롯데,젤리류,국산젤리
128936,롯데)짱셔요스위티자몽46g,20251029,30,12,20017,울산상온센터(K7),3216.0,144.0,132.0,312.0,216.0,204.0,120.0,84.0,48.0,36.0,36.0,0.0,0.0,0.0,864.0,85,667.0,711.0,1200.0,롯데,젤리류,국산젤리
128936,롯데)짱셔요스위티자몽46g,20251029,30,12,20033,제주상온센터,2400.0,72.0,96.0,60.0,108.0,48.0,24.0,12.0,0.0,12.0,12.0,12.0,0.0,0.0,312.0,35,295.0,711.0,1200.0,롯데,젤리류,국산젤리
128936,롯데)짱셔요스위티자몽46g,20251029,30,12,20034,구성상온센터,6816.0,300.0,204.0,192.0,684.0,300.0,216.0,204.0,144.0,12.0,0.0,12.0,12.0,0.0,1380.0,138,870.0,711.0,1200.0,롯데,젤리류,국산젤리
128936,롯데)짱셔요스위티자몽46g,20251029,30,12,20050,세종상온센터,4608.0,216.0,108.0,384.0,540.0,204.0,168.0,72.0,24.0,12.0,36.0,36.0,0.0,0.0,1236.0,128,877.0,711.0,1200.0,롯데,젤리류,국산젤리
128936,롯데)짱셔요스위티자몽46g,20251029,30,12,20065,원주상온센터(K7),3024.0,144.0,108.0,240.0,348.0,216.0,84.0,48.0,96.0,12.0,24.0,36.0,0.0,0.0,912.0,90,673.0,711.0,1200.0,롯데,젤리류,국산젤리
128936,롯데)짱셔요스위티자몽46g,20251029,30,12,20075,인천상온센터,4272.0,156.0,108.0,132.0,564.0,264.0,156.0,72.0,24.0,36.0,12.0,0.0,0.0,0.0,1068.0,105,784.0,711.0,1200.0,롯데,젤리류,국산젤리
128936,롯데)짱셔요스위티자몽46g,20251029,30,12,20079,A광주상온센터,3744.0,144.0,60.0,336.0,264.0,228.0,180.0,72.0,12.0,48.0,60.0,0.0,0.0,0.0,888.0,90,685.0,711.0,1200.0,롯데,젤리류,국산젤리
128936,롯데)짱셔요스위티자몽46g,20251029,30,12,20080,A의왕상온센터,3888.0,96.0,144.0,96.0,840.0,240.0,324.0,108.0,24.0,48.0,72.0,24.0,0.0,0.0,1320.0,119,722.0,711.0,1200.0,롯데,젤리류,국산젤리
128936,롯데)짱셔요스위티자몽46g,20251029,30,12,20081,A양산상온센터,3888.0,168.0,132.0,240.0,264.0,240.0,192.0,108.0,48.0,0.0,24.0,36.0,0.0,0.0,876.0,90,806.0,711.0,1200.0,롯데,젤리류,국산젤리
128936,롯데)짱셔요스위티자몽46g,20251029,30,12,20083,김제상온센터,2688.0,132.0,60.0,144.0,240.0,252.0,132.0,108.0,24.0,0.0,24.0,48.0,0.0,0.0,696.0,72,588.0,711.0,1200.0,롯데,젤리류,국산젤리
128936,롯데)짱셔요스위티자몽46g,20251029,30,12,20084,천안상온센터,2352.0,120.0,24.0,156.0,432.0,192.0,108.0,36.0,48.0,12.0,0.0,24.0,0.0,0.0,804.0,80,555.0,711.0,1200.0,롯데,젤리류,국산젤리
128936,롯데)짱셔요스위티자몽46g,20251029,30,12,20085,인천B상온센터,5328.0,108.0,96.0,180.0,636.0,252.0,228.0,120.0,48.0,12.0,12.0,0.0,0.0,0.0,1164.0,108,796.0,711.0,1200.0,롯데,젤리류,국산젤리
128937,롯데)짱셔요깔라만시45g,20251029,30,12,20006,성남센터,4704.0,156.0,132.0,144.0,636.0,396.0,156.0,156.0,48.0,84.0,0.0,36.0,24.0,0.0,1308.0,124,701.0,711.0,1200.0,롯데,젤리류,국산젤리
128937,롯데)짱셔요깔라만시45g,20251029,30,12,20007,대구센터,4896.0,192.0,204.0,348.0,480.0,300.0,228.0,204.0,132.0,24.0,0.0,0.0,0.0,0.0,1332.0,131,927.0,711.0,1200.0,롯데,젤리류,국산젤리
128937,롯데)짱셔요깔라만시45g,20251029,30,12,20010,양주센터,5856.0,264.0,120.0,528.0,564.0,348.0,192.0,144.0,72.0,24.0,36.0,12.0,0.0,0.0,1560.0,151,968.0,711.0,1200.0,롯데,젤리류,국산젤리
128937,롯데)짱셔요깔라만시45g,20251029,30,12,20017,울산상온센터(K7),2928.0,96.0,84.0,288.0,228.0,216.0,132.0,72.0,36.0,36.0,36.0,0.0,0.0,0.0,816.0,77,667.0,711.0,1200.0,롯데,젤리류,국산젤리
128937,롯데)짱셔요깔라만시45g,20251029,30,12,20033,제주상온센터,2208.0,72.0,84.0,60.0,72.0,36.0,36.0,12.0,0.0,12.0,12.0,12.0,0.0,0.0,252.0,30,295.0,711.0,1200.0,롯데,젤리류,국산젤리
128937,롯데)짱셔요깔라만시45g,20251029,30,12,20034,구성상온센터,6144.0,240.0,216.0,204.0,660.0,252.0,252.0,168.0,120.0,12.0,0.0,12.0,12.0,0.0,1332.0,129,870.0,711.0,1200.0,롯데,젤리류,국산젤리
128937,롯데)짱셔요깔라만시45g,20251029,30,12,20050,세종상온센터,4176.0,204.0,84.0,312.0,468.0,204.0,192.0,72.0,24.0,12.0,12.0,36.0,0.0,0.0,1068.0,111,877.0,711.0,1200.0,롯데,젤리류,국산젤리
128937,롯데)짱셔요깔라만시45g,20251029,30,12,20065,원주상온센터(K7),2736.0,144.0,144.0,204.0,324.0,144.0,72.0,48.0,72.0,0.0,24.0,36.0,0.0,0.0,816.0,82,673.0,711.0,1200.0,롯데,젤리류,국산젤리
128937,롯데)짱셔요깔라만시45g,20251029,30,12,20075,인천상온센터,3888.0,144.0,96.0,120.0,492.0,264.0,120.0,72.0,12.0,24.0,12.0,0.0,0.0,0.0,972.0,96,784.0,711.0,1200.0,롯데,젤리류,국산젤리
128937,롯데)짱셔요깔라만시45g,20251029,30,12,20079,A광주상온센터,3360.0,132.0,36.0,348.0,240.0,204.0,204.0,72.0,12.0,36.0,24.0,0.0,0.0,0.0,828.0,81,685.0,711.0,1200.0,롯데,젤리류,국산젤리
128937,롯데)짱셔요깔라만시45g,20251029,30,12,20080,A의왕상온센터,3504.0,96.0,156.0,84.0,744.0,240.0,204.0,108.0,36.0,36.0,60.0,24.0,0.0,0.0,1224.0,110,722.0,711.0,1200.0,롯데,젤리류,국산젤리
128937,롯데)짱셔요깔라만시45g,20251029,30,12,20081,A양산상온센터,3504.0,132.0,96.0,264.0,240.0,204.0,156.0,96.0,48.0,0.0,12.0,36.0,0.0,0.0,804.0,80,806.0,711.0,1200.0,롯데,젤리류,국산젤리
128937,롯데)짱셔요깔라만시45g,20251029,30,12,20083,김제상온센터,2400.0,120.0,60.0,132.0,240.0,228.0,96.0,120.0,24.0,12.0,24.0,36.0,0.0,0.0,660.0,65,588.0,711.0,1200.0,롯데,젤리류,국산젤리
128937,롯데)짱셔요깔라만시45g,20251029,30,12,20084,천안상온센터,2112.0,96.0,36.0,132.0,324.0,168.0,72.0,36.0,24.0,12.0,0.0,24.0,0.0,0.0,660.0,67,555.0,711.0,1200.0,롯데,젤리류,국산젤리
128937,롯데)짱셔요깔라만시45g,20251029,30,12,20085,인천B상온센터,4800.0,108.0,96.0,180.0,576.0,240.0,216.0,132.0,60.0,24.0,12.0,0.0,0.0,0.0,1092.0,102,796.0,711.0,1200.0,롯데,젤리류,국산젤리
128938,농심)츄파춥스젤리사워튜브90g,20251029,30,8,20006,성남센터,4896.0,112.0,88.0,120.0,488.0,256.0,120.0,128.0,32.0,56.0,8.0,16.0,8.0,0.0,952.0,133,701.0,1037.0,2000.0,농심,젤리류,수입젤리
128938,농심)츄파춥스젤리사워튜브90g,20251029,30,8,20007,대구센터,5088.0,176.0,184.0,416.0,480.0,336.0,232.0,192.0,104.0,8.0,8.0,0.0,0.0,0.0,1416.0,196,927.0,1037.0,2000.0,농심,젤리류,수입젤리
128938,농심)츄파춥스젤리사워튜브90g,20251029,30,8,20010,양주센터,6048.0,232.0,136.0,400.0,504.0,280.0,232.0,128.0,48.0,16.0,48.0,8.0,0.0,0.0,1320.0,191,968.0,1037.0,2000.0,농심,젤리류,수입젤리
128938,농심)츄파춥스젤리사워튜브90g,20251029,30,8,20017,울산상온센터(K7),3024.0,168.0,112.0,296.0,216.0,160.0,96.0,64.0,32.0,16.0,16.0,0.0,0.0,0.0,784.0,115,666.0,1037.0,2000.0,농심,젤리류,수입젤리
128938,농심)츄파춥스젤리사워튜브90g,20251029,30,8,20033,제주상온센터,1104.0,64.0,64.0,48.0,120.0,56.0,32.0,8.0,8.0,16.0,16.0,0.0,0.0,0.0,288.0,45,295.0,1037.0,2000.0,농심,젤리류,수입젤리
128938,농심)츄파춥스젤리사워튜브90g,20251029,30,8,20034,구성상온센터,6384.0,200.0,184.0,184.0,560.0,256.0,216.0,176.0,80.0,0.0,16.0,16.0,8.0,0.0,1184.0,170,869.0,1037.0,2000.0,농심,젤리류,수입젤리
128938,농심)츄파춥스젤리사워튜브90g,20251029,30,8,20050,세종상온센터,4320.0,176.0,96.0,312.0,408.0,160.0,168.0,56.0,32.0,0.0,32.0,24.0,0.0,0.0,976.0,146,877.0,1037.0,2000.0,농심,젤리류,수입젤리
128938,농심)츄파춥스젤리사워튜브90g,20251029,30,8,20065,원주상온센터(K7),2832.0,112.0,120.0,176.0,288.0,176.0,96.0,32.0,72.0,0.0,24.0,16.0,0.0,0.0,760.0,108,673.0,1037.0,2000.0,농심,젤리류,수입젤리
128938,농심)츄파춥스젤리사워튜브90g,20251029,30,8,20075,인천상온센터,4032.0,160.0,96.0,120.0,480.0,192.0,200.0,112.0,32.0,8.0,8.0,8.0,0.0,0.0,888.0,128,784.0,1037.0,2000.0,농심,젤리류,수입젤리
128938,농심)츄파춥스젤리사워튜브90g,20251029,30,8,20079,A광주상온센터,3504.0,96.0,48.0,296.0,184.0,176.0,136.0,72.0,24.0,48.0,24.0,0.0,0.0,0.0,704.0,100,685.0,1037.0,2000.0,농심,젤리류,수입젤리
128938,농심)츄파춥스젤리사워튜브90g,20251029,30,8,20080,A의왕상온센터,3600.0,88.0,128.0,104.0,608.0,248.0,184.0,96.0,40.0,24.0,24.0,16.0,0.0,0.0,1088.0,141,722.0,1037.0,2000.0,농심,젤리류,수입젤리
128938,농심)츄파춥스젤리사워튜브90g,20251029,30,8,20081,A양산상온센터,3648.0,136.0,136.0,240.0,280.0,208.0,160.0,112.0,32.0,16.0,8.0,16.0,0.0,0.0,864.0,122,806.0,1037.0,2000.0,농심,젤리류,수입젤리
128938,농심)츄파춥스젤리사워튜브90g,20251029,30,8,20083,김제상온센터,2496.0,96.0,56.0,184.0,248.0,184.0,136.0,56.0,24.0,0.0,24.0,16.0,0.0,0.0,672.0,95,588.0,1037.0,2000.0,농심,젤리류,수입젤리
128938,농심)츄파춥스젤리사워튜브90g,20251029,30,8,20084,천안상온센터,2208.0,96.0,16.0,128.0,360.0,144.0,72.0,48.0,32.0,24.0,8.0,24.0,0.0,0.0,648.0,95,555.0,1037.0,2000.0,농심,젤리류,수입젤리
128938,농심)츄파춥스젤리사워튜브90g,20251029,30,8,20085,인천B상온센터,4992.0,88.0,96.0,136.0,496.0,168.0,128.0,72.0,40.0,16.0,16.0,0.0,0.0,0.0,896.0,123,795.0,1037.0,2000.0,농심,젤리류,수입젤리
128939,매크로)하이츄프리미엄홋카이도멜론맛 32g,20251029,30,10,20006,성남센터,3120.0,100.0,130.0,120.0,360.0,230.0,110.0,80.0,30.0,50.0,0.0,40.0,0.0,0.0,840.0,96,701.0,1055.0,2000.0,매크로,캔디류,소프트캔디
128939,매크로)하이츄프리미엄홋카이도멜론맛 32g,20251029,30,10,20007,대구센터,3240.0,150.0,120.0,290.0,310.0,120.0,110.0,110.0,80.0,20.0,10.0,0.0,0.0,0.0,840.0,102,927.0,1055.0,2000.0,매크로,캔디류,소프트캔디
128939,매크로)하이츄프리미엄홋카이도멜론맛 32g,20251029,30,10,20010,양주센터,3840.0,150.0,100.0,300.0,400.0,160.0,120.0,70.0,30.0,20.0,20.0,0.0,0.0,0.0,960.0,112,968.0,1055.0,2000.0,매크로,캔디류,소프트캔디
128939,매크로)하이츄프리미엄홋카이도멜론맛 32g,20251029,30,10,20017,울산상온센터(K7),1920.0,110.0,90.0,180.0,190.0,80.0,120.0,100.0,30.0,30.0,30.0,0.0,0.0,0.0,540.0,67,667.0,1055.0,2000.0,매크로,캔디류,소프트캔디
128939,매크로)하이츄프리미엄홋카이도멜론맛 32g,20251029,30,10,20033,제주상온센터,720.0,40.0,40.0,20.0,40.0,40.0,30.0,0.0,0.0,0.0,10.0,0.0,0.0,0.0,140.0,20,295.0,1055.0,2000.0,매크로,캔디류,소프트캔디
128939,매크로)하이츄프리미엄홋카이도멜론맛 32g,20251029,30,10,20034,구성상온센터,4080.0,160.0,190.0,110.0,290.0,230.0,90.0,110.0,80.0,10.0,0.0,10.0,0.0,0.0,820.0,98,870.0,1055.0,2000.0,매크로,캔디류,소프트캔디
128939,매크로)하이츄프리미엄홋카이도멜론맛 32g,20251029,30,10,20050,세종상온센터,2760.0,110.0,70.0,210.0,260.0,120.0,50.0,40.0,30.0,0.0,20.0,10.0,0.0,0.0,660.0,80,877.0,1055.0,2000.0,매크로,캔디류,소프트캔디
128939,매크로)하이츄프리미엄홋카이도멜론맛 32g,20251029,30,10,20065,원주상온센터(K7),1800.0,170.0,100.0,190.0,200.0,120.0,60.0,10.0,10.0,0.0,30.0,10.0,0.0,0.0,610.0,60,673.0,1055.0,2000.0,매크로,캔디류,소프트캔디
128939,매크로)하이츄프리미엄홋카이도멜론맛 32g,20251029,30,10,20075,인천상온센터,2520.0,190.0,80.0,90.0,340.0,250.0,80.0,50.0,20.0,0.0,10.0,0.0,0.0,0.0,760.0,87,784.0,1055.0,2000.0,매크로,캔디류,소프트캔디
128939,매크로)하이츄프리미엄홋카이도멜론맛 32g,20251029,30,10,20079,A광주상온센터,2280.0,70.0,70.0,210.0,120.0,100.0,50.0,20.0,0.0,20.0,20.0,0.0,0.0,0.0,500.0,54,685.0,1055.0,2000.0,매크로,캔디류,소프트캔디
128939,매크로)하이츄프리미엄홋카이도멜론맛 32g,20251029,30,10,20080,A의왕상온센터,2280.0,70.0,90.0,50.0,510.0,200.0,160.0,60.0,40.0,20.0,30.0,30.0,0.0,0.0,850.0,92,722.0,1055.0,2000.0,매크로,캔디류,소프트캔디
128939,매크로)하이츄프리미엄홋카이도멜론맛 32g,20251029,30,10,20081,A양산상온센터,2280.0,90.0,80.0,210.0,180.0,90.0,80.0,30.0,20.0,0.0,20.0,10.0,0.0,0.0,560.0,65,806.0,1055.0,2000.0,매크로,캔디류,소프트캔디
128939,매크로)하이츄프리미엄홋카이도멜론맛 32g,20251029,30,10,20083,김제상온센터,1560.0,70.0,10.0,100.0,160.0,120.0,30.0,30.0,10.0,0.0,0.0,10.0,0.0,0.0,390.0,44,588.0,1055.0,2000.0,매크로,캔디류,소프트캔디
128939,매크로)하이츄프리미엄홋카이도멜론맛 32g,20251029,30,10,20084,천안상온센터,1440.0,50.0,20.0,80.0,200.0,220.0,40.0,20.0,10.0,10.0,10.0,10.0,0.0,0.0,520.0,47,555.0,1055.0,2000.0,매크로,캔디류,소프트캔디
128939,매크로)하이츄프리미엄홋카이도멜론맛 32g,20251029,30,10,20085,인천B상온센터,3120.0,130.0,60.0,150.0,370.0,160.0,100.0,70.0,40.0,20.0,10.0,0.0,0.0,0.0,740.0,79,796.0,1055.0,2000.0,매크로,캔디류,소프트캔디
128947,미성)해씨초콜릿 30g,20251029,20,12,20006,성남센터,3648.0,192.0,72.0,132.0,360.0,204.0,72.0,96.0,48.0,36.0,12.0,24.0,0.0,0.0,768.0,86,701.0,790.0,1500.0,미성,초콜릿,봉지초콜릿
128947,미성)해씨초콜릿 30g,20251029,20,12,20007,대구센터,3840.0,312.0,144.0,336.0,336.0,228.0,144.0,120.0,108.0,24.0,12.0,0.0,0.0,0.0,1044.0,118,927.0,790.0,1500.0,미성,초콜릿,봉지초콜릿
128947,미성)해씨초콜릿 30g,20251029,20,12,20010,양주센터,4560.0,276.0,84.0,324.0,480.0,180.0,108.0,84.0,60.0,36.0,24.0,12.0,0.0,0.0,1068.0,119,968.0,790.0,1500.0,미성,초콜릿,봉지초콜릿
128947,미성)해씨초콜릿 30g,20251029,20,12,20017,울산상온센터(K7),2256.0,228.0,84.0,240.0,144.0,96.0,156.0,48.0,36.0,48.0,24.0,0.0,0.0,0.0,564.0,69,667.0,790.0,1500.0,미성,초콜릿,봉지초콜릿
128947,미성)해씨초콜릿 30g,20251029,20,12,20033,제주상온센터,864.0,84.0,48.0,72.0,132.0,48.0,24.0,24.0,0.0,12.0,0.0,12.0,0.0,0.0,300.0,35,295.0,790.0,1500.0,미성,초콜릿,봉지초콜릿
128947,미성)해씨초콜릿 30g,20251029,20,12,20034,구성상온센터,4800.0,216.0,156.0,132.0,396.0,216.0,168.0,108.0,84.0,12.0,0.0,24.0,0.0,0.0,900.0,99,870.0,790.0,1500.0,미성,초콜릿,봉지초콜릿
128947,미성)해씨초콜릿 30g,20251029,20,12,20050,세종상온센터,3264.0,300.0,48.0,276.0,348.0,204.0,120.0,60.0,60.0,12.0,36.0,12.0,0.0,0.0,876.0,106,877.0,790.0,1500.0,미성,초콜릿,봉지초콜릿
128947,미성)해씨초콜릿 30g,20251029,20,12,20065,원주상온센터(K7),2112.0,180.0,84.0,132.0,312.0,120.0,96.0,24.0,84.0,24.0,48.0,12.0,0.0,0.0,648.0,72,673.0,790.0,1500.0,미성,초콜릿,봉지초콜릿
128947,미성)해씨초콜릿 30g,20251029,20,12,20075,인천상온센터,3024.0,204.0,48.0,120.0,420.0,216.0,96.0,60.0,12.0,12.0,12.0,0.0,0.0,0.0,804.0,84,784.0,790.0,1500.0,미성,초콜릿,봉지초콜릿
128947,미성)해씨초콜릿 30g,20251029,20,12,20079,A광주상온센터,2640.0,96.0,60.0,252.0,120.0,120.0,108.0,96.0,12.0,48.0,12.0,0.0,0.0,0.0,552.0,59,685.0,790.0,1500.0,미성,초콜릿,봉지초콜릿
128947,미성)해씨초콜릿 30g,20251029,20,12,20080,A의왕상온센터,2736.0,216.0,108.0,120.0,432.0,192.0,192.0,84.0,60.0,12.0,36.0,12.0,0.0,0.0,852.0,92,722.0,790.0,1500.0,미성,초콜릿,봉지초콜릿
128947,미성)해씨초콜릿 30g,20251029,20,12,20081,A양산상온센터,2736.0,324.0,72.0,252.0,156.0,96.0,84.0,60.0,12.0,0.0,0.0,12.0,0.0,0.0,576.0,80,806.0,790.0,1500.0,미성,초콜릿,봉지초콜릿
128947,미성)해씨초콜릿 30g,20251029,20,12,20083,김제상온센터,1872.0,108.0,12.0,96.0,180.0,240.0,72.0,48.0,24.0,0.0,24.0,24.0,0.0,0.0,528.0,55,588.0,790.0,1500.0,미성,초콜릿,봉지초콜릿
128947,미성)해씨초콜릿 30g,20251029,20,12,20084,천안상온센터,1680.0,216.0,12.0,84.0,252.0,180.0,72.0,24.0,36.0,12.0,12.0,12.0,0.0,0.0,528.0,69,555.0,790.0,1500.0,미성,초콜릿,봉지초콜릿
128947,미성)해씨초콜릿 30g,20251029,20,12,20085,인천B상온센터,3744.0,180.0,72.0,84.0,540.0,144.0,168.0,108.0,36.0,0.0,12.0,12.0,0.0,0.0,840.0,88,796.0,790.0,1500.0,미성,초콜릿,봉지초콜릿
128949,미성)스톤초콜릿30g,20251029,20,12,20006,성남센터,3168.0,180.0,72.0,120.0,360.0,132.0,60.0,72.0,36.0,36.0,0.0,24.0,0.0,0.0,684.0,75,701.0,790.0,1500.0,미성,초콜릿,봉지초콜릿
128949,미성)스톤초콜릿30g,20251029,20,12,20007,대구센터,3264.0,264.0,132.0,240.0,264.0,168.0,120.0,120.0,72.0,24.0,12.0,0.0,0.0,0.0,804.0,98,927.0,790.0,1500.0,미성,초콜릿,봉지초콜릿
128949,미성)스톤초콜릿30g,20251029,20,12,20010,양주센터,3888.0,252.0,84.0,240.0,444.0,132.0,132.0,84.0,36.0,48.0,12.0,12.0,0.0,0.0,900.0,99,968.0,790.0,1500.0,미성,초콜릿,봉지초콜릿
128949,미성)스톤초콜릿30g,20251029,20,12,20017,울산상온센터(K7),1968.0,228.0,36.0,180.0,96.0,96.0,108.0,48.0,24.0,36.0,24.0,0.0,0.0,0.0,408.0,56,667.0,790.0,1500.0,미성,초콜릿,봉지초콜릿
128949,미성)스톤초콜릿30g,20251029,20,12,20033,제주상온센터,720.0,72.0,36.0,36.0,96.0,36.0,24.0,12.0,12.0,0.0,0.0,12.0,0.0,0.0,204.0,24,295.0,790.0,1500.0,미성,초콜릿,봉지초콜릿
128949,미성)스톤초콜릿30g,20251029,20,12,20034,구성상온센터,4128.0,228.0,156.0,132.0,288.0,156.0,156.0,108.0,72.0,12.0,0.0,24.0,0.0,0.0,732.0,82,870.0,790.0,1500.0,미성,초콜릿,봉지초콜릿
128949,미성)스톤초콜릿30g,20251029,20,12,20050,세종상온센터,2784.0,216.0,36.0,228.0,228.0,144.0,72.0,72.0,36.0,0.0,36.0,12.0,0.0,0.0,636.0,74,877.0,790.0,1500.0,미성,초콜릿,봉지초콜릿
128949,미성)스톤초콜릿30g,20251029,20,12,20065,원주상온센터(K7),1824.0,156.0,72.0,144.0,216.0,120.0,84.0,24.0,60.0,0.0,24.0,12.0,0.0,0.0,552.0,59,673.0,790.0,1500.0,미성,초콜릿,봉지초콜릿
128949,미성)스톤초콜릿30g,20251029,20,12,20075,인천상온센터,2592.0,216.0,24.0,108.0,336.0,156.0,60.0,48.0,24.0,12.0,0.0,0.0,0.0,0.0,624.0,70,784.0,790.0,1500.0,미성,초콜릿,봉지초콜릿
128949,미성)스톤초콜릿30g,20251029,20,12,20079,A광주상온센터,2256.0,120.0,48.0,216.0,84.0,108.0,60.0,72.0,0.0,36.0,12.0,0.0,0.0,0.0,456.0,50,685.0,790.0,1500.0,미성,초콜릿,봉지초콜릿
128949,미성)스톤초콜릿30g,20251029,20,12,20080,A의왕상온센터,2352.0,204.0,72.0,60.0,420.0,72.0,132.0,108.0,48.0,12.0,24.0,24.0,0.0,0.0,624.0,75,722.0,790.0,1500.0,미성,초콜릿,봉지초콜릿
128949,미성)스톤초콜릿30g,20251029,20,12,20081,A양산상온센터,2352.0,300.0,72.0,204.0,132.0,72.0,108.0,60.0,12.0,0.0,12.0,12.0,0.0,0.0,480.0,66,806.0,790.0,1500.0,미성,초콜릿,봉지초콜릿
128949,미성)스톤초콜릿30g,20251029,20,12,20083,김제상온센터,1632.0,84.0,12.0,60.0,156.0,180.0,36.0,36.0,24.0,0.0,24.0,24.0,0.0,0.0,408.0,42,588.0,790.0,1500.0,미성,초콜릿,봉지초콜릿
128949,미성)스톤초콜릿30g,20251029,20,12,20084,천안상온센터,1440.0,156.0,12.0,84.0,216.0,96.0,72.0,24.0,48.0,12.0,12.0,12.0,0.0,0.0,408.0,53,555.0,790.0,1500.0,미성,초콜릿,봉지초콜릿
128949,미성)스톤초콜릿30g,20251029,20,12,20085,인천B상온센터,3216.0,144.0,84.0,108.0,420.0,120.0,156.0,96.0,24.0,0.0,24.0,12.0,0.0,0.0,732.0,75,796.0,790.0,1500.0,미성,초콜릿,봉지초콜릿
128952,삼양)맹구짱구85g,20251022,20,12,20006,성남센터,3852.0,0.0,0.0,0.0,0.0,0.0,0.0,60.0,168.0,84.0,120.0,588.0,24.0,0.0,0.0,0,702.0,850.0,1700.0,삼양,스낵류,일반스낵
128952,삼양)맹구짱구85g,20251022,20,12,20007,대구센터,4020.0,0.0,0.0,0.0,0.0,0.0,48.0,156.0,240.0,156.0,504.0,372.0,36.0,0.0,0.0,0,926.0,850.0,1700.0,삼양,스낵류,일반스낵
128952,삼양)맹구짱구85g,20251022,20,12,20010,양주센터,4788.0,0.0,0.0,0.0,0.0,0.0,72.0,96.0,228.0,156.0,540.0,528.0,0.0,0.0,0.0,0,968.0,850.0,1700.0,삼양,스낵류,일반스낵
128952,삼양)맹구짱구85g,20251022,20,12,20017,울산상온센터(K7),2388.0,0.0,0.0,0.0,0.0,0.0,36.0,120.0,156.0,96.0,384.0,228.0,36.0,0.0,0.0,0,665.0,850.0,1700.0,삼양,스낵류,일반스낵
128952,삼양)맹구짱구85g,20251022,20,12,20033,제주상온센터,876.0,0.0,0.0,0.0,0.0,0.0,0.0,48.0,60.0,1284.0,48.0,156.0,12.0,0.0,0.0,0,295.0,850.0,1700.0,삼양,스낵류,일반스낵
128952,삼양)맹구짱구85g,20251022,20,12,20034,구성상온센터,5040.0,0.0,0.0,0.0,0.0,0.0,0.0,156.0,216.0,192.0,240.0,720.0,24.0,0.0,0.0,0,871.0,850.0,1700.0,삼양,스낵류,일반스낵
128952,삼양)맹구짱구85g,20251022,20,12,20050,세종상온센터,3408.0,0.0,0.0,0.0,0.0,0.0,24.0,108.0,144.0,72.0,360.0,372.0,36.0,0.0,0.0,0,880.0,850.0,1700.0,삼양,스낵류,일반스낵
128952,삼양)맹구짱구85g,20251022,20,12,20065,원주상온센터(K7),2232.0,0.0,0.0,0.0,0.0,0.0,0.0,60.0,180.0,156.0,192.0,348.0,12.0,0.0,0.0,0,672.0,850.0,1700.0,삼양,스낵류,일반스낵
128952,삼양)맹구짱구85g,20251022,20,12,20075,인천상온센터,3168.0,0.0,0.0,0.0,0.0,0.0,24.0,120.0,108.0,72.0,360.0,252.0,12.0,0.0,0.0,0,784.0,850.0,1700.0,삼양,스낵류,일반스낵
128952,삼양)맹구짱구85g,20251022,20,12,20079,A광주상온센터,2760.0,0.0,0.0,0.0,0.0,0.0,12.0,84.0,84.0,48.0,324.0,168.0,24.0,0.0,0.0,0,686.0,850.0,1700.0,삼양,스낵류,일반스낵
128952,삼양)맹구짱구85g,20251022,20,12,20080,A의왕상온센터,2856.0,0.0,0.0,0.0,0.0,0.0,60.0,132.0,168.0,144.0,408.0,264.0,24.0,0.0,0.0,0,720.0,850.0,1700.0,삼양,스낵류,일반스낵
128952,삼양)맹구짱구85g,20251022,20,12,20081,A양산상온센터,2868.0,0.0,0.0,0.0,0.0,0.0,36.0,156.0,168.0,84.0,288.0,240.0,0.0,0.0,0.0,0,805.0,850.0,1700.0,삼양,스낵류,일반스낵
128952,삼양)맹구짱구85g,20251022,20,12,20083,김제상온센터,1968.0,0.0,0.0,0.0,0.0,0.0,12.0,108.0,60.0,36.0,204.0,168.0,0.0,0.0,0.0,0,589.0,850.0,1700.0,삼양,스낵류,일반스낵
128952,삼양)맹구짱구85g,20251022,20,12,20084,천안상온센터,1740.0,0.0,0.0,0.0,0.0,0.0,0.0,108.0,180.0,36.0,132.0,336.0,48.0,0.0,0.0,0,555.0,850.0,1700.0,삼양,스낵류,일반스낵
128952,삼양)맹구짱구85g,20251022,20,12,20085,인천B상온센터,3924.0,0.0,0.0,0.0,0.0,0.0,24.0,156.0,96.0,144.0,288.0,288.0,0.0,0.0,0.0,0,796.0,850.0,1700.0,삼양,스낵류,일반스낵
128953,해태)생생감자칩스리라차마요맛55g,20251031,50,16,20006,성남센터,8816.0,336.0,720.0,384.0,176.0,176.0,64.0,0.0,16.0,32.0,16.0,160.0,0.0,0.0,1456.0,115,701.0,958.0,1700.0,해태,스낵류,감자스낵
128953,해태)생생감자칩스리라차마요맛55g,20251031,50,16,20007,대구센터,9200.0,704.0,528.0,384.0,432.0,192.0,144.0,32.0,0.0,0.0,16.0,0.0,0.0,0.0,1536.0,147,927.0,958.0,1700.0,해태,스낵류,감자스낵
128953,해태)생생감자칩스리라차마요맛55g,20251031,50,16,20010,양주센터,10944.0,704.0,656.0,464.0,320.0,144.0,96.0,16.0,16.0,0.0,0.0,0.0,0.0,0.0,1584.0,150,968.0,958.0,1700.0,해태,스낵류,감자스낵
128953,해태)생생감자칩스리라차마요맛55g,20251031,50,16,20017,울산상온센터(K7),5456.0,672.0,464.0,288.0,256.0,192.0,0.0,0.0,16.0,0.0,0.0,0.0,0.0,0.0,1200.0,122,667.0,958.0,1700.0,해태,스낵류,감자스낵
128953,해태)생생감자칩스리라차마요맛55g,20251031,50,16,20033,제주상온센터,2000.0,80.0,176.0,96.0,112.0,0.0,16.0,48.0,0.0,16.0,16.0,16.0,0.0,0.0,384.0,31,295.0,958.0,1700.0,해태,스낵류,감자스낵
128953,해태)생생감자칩스리라차마요맛55g,20251031,50,16,20034,구성상온센터,11520.0,416.0,1088.0,304.0,224.0,144.0,128.0,16.0,16.0,32.0,0.0,96.0,0.0,0.0,1760.0,141,870.0,958.0,1700.0,해태,스낵류,감자스낵
128953,해태)생생감자칩스리라차마요맛55g,20251031,50,16,20050,세종상온센터,7792.0,528.0,480.0,208.0,192.0,96.0,48.0,16.0,64.0,32.0,16.0,0.0,0.0,0.0,976.0,102,877.0,958.0,1700.0,해태,스낵류,감자스낵
128953,해태)생생감자칩스리라차마요맛55g,20251031,50,16,20065,원주상온센터(K7),5120.0,224.0,432.0,144.0,176.0,32.0,64.0,32.0,16.0,16.0,16.0,0.0,0.0,0.0,784.0,69,673.0,958.0,1700.0,해태,스낵류,감자스낵
128953,해태)생생감자칩스리라차마요맛55g,20251031,50,16,20075,인천상온센터,7248.0,208.0,624.0,320.0,160.0,176.0,64.0,48.0,0.0,48.0,96.0,16.0,0.0,0.0,1280.0,98,784.0,958.0,1700.0,해태,스낵류,감자스낵
128953,해태)생생감자칩스리라차마요맛55g,20251031,50,16,20079,A광주상온센터,6304.0,352.0,240.0,528.0,224.0,176.0,0.0,32.0,16.0,96.0,272.0,48.0,0.0,0.0,1168.0,99,685.0,958.0,1700.0,해태,스낵류,감자스낵
128953,해태)생생감자칩스리라차마요맛55g,20251031,50,16,20080,A의왕상온센터,6528.0,208.0,832.0,288.0,304.0,160.0,80.0,0.0,32.0,16.0,0.0,144.0,0.0,0.0,1584.0,117,722.0,958.0,1700.0,해태,스낵류,감자스낵
128953,해태)생생감자칩스리라차마요맛55g,20251031,50,16,20081,A양산상온센터,6544.0,448.0,256.0,176.0,112.0,96.0,0.0,16.0,128.0,144.0,256.0,16.0,0.0,0.0,640.0,80,806.0,958.0,1700.0,해태,스낵류,감자스낵
128953,해태)생생감자칩스리라차마요맛55g,20251031,50,16,20083,김제상온센터,4496.0,176.0,160.0,176.0,64.0,48.0,32.0,0.0,16.0,32.0,48.0,0.0,0.0,0.0,448.0,40,588.0,958.0,1700.0,해태,스낵류,감자스낵
128953,해태)생생감자칩스리라차마요맛55g,20251031,50,16,20084,천안상온센터,3984.0,208.0,400.0,256.0,64.0,32.0,80.0,32.0,16.0,16.0,0.0,0.0,0.0,0.0,752.0,62,555.0,958.0,1700.0,해태,스낵류,감자스낵
128953,해태)생생감자칩스리라차마요맛55g,20251031,50,16,20085,인천B상온센터,8976.0,384.0,656.0,384.0,288.0,80.0,112.0,16.0,0.0,112.0,32.0,0.0,0.0,0.0,1408.0,120,796.0,958.0,1700.0,해태,스낵류,감자스낵
128954,오리온)무뚝뚝감자칩올리브앤솔트52g,20251029,30,14,20006,성남센터,9716.0,0.0,112.0,238.0,840.0,378.0,168.0,126.0,84.0,56.0,0.0,28.0,0.0,0.0,1568.0,113,701.0,1160.0,2000.0,오리온,스낵류,감자스낵
128954,오리온)무뚝뚝감자칩올리브앤솔트52g,20251029,30,14,20007,대구센터,10136.0,0.0,126.0,658.0,560.0,476.0,238.0,252.0,168.0,42.0,14.0,28.0,0.0,0.0,1820.0,135,927.0,1160.0,2000.0,오리온,스낵류,감자스낵
128954,오리온)무뚝뚝감자칩올리브앤솔트52g,20251029,30,14,20010,양주센터,12068.0,42.0,168.0,644.0,728.0,364.0,210.0,168.0,112.0,28.0,28.0,0.0,0.0,0.0,1904.0,143,968.0,1160.0,2000.0,오리온,스낵류,감자스낵
128954,오리온)무뚝뚝감자칩올리브앤솔트52g,20251029,30,14,20017,울산상온센터(K7),6020.0,42.0,112.0,420.0,280.0,210.0,168.0,84.0,14.0,42.0,42.0,0.0,0.0,0.0,1022.0,81,667.0,1160.0,2000.0,오리온,스낵류,감자스낵
128954,오리온)무뚝뚝감자칩올리브앤솔트52g,20251029,30,14,20033,제주상온센터,2212.0,0.0,28.0,126.0,210.0,98.0,112.0,0.0,14.0,14.0,0.0,14.0,0.0,0.0,462.0,34,295.0,1160.0,2000.0,오리온,스낵류,감자스낵
128954,오리온)무뚝뚝감자칩올리브앤솔트52g,20251029,30,14,20034,구성상온센터,12712.0,0.0,56.0,490.0,1120.0,392.0,350.0,252.0,112.0,28.0,56.0,0.0,0.0,0.0,2058.0,153,870.0,1160.0,2000.0,오리온,스낵류,감자스낵
128954,오리온)무뚝뚝감자칩올리브앤솔트52g,20251029,30,14,20050,세종상온센터,8596.0,0.0,126.0,532.0,602.0,266.0,168.0,126.0,56.0,28.0,28.0,28.0,0.0,0.0,1526.0,112,877.0,1160.0,2000.0,오리온,스낵류,감자스낵
128954,오리온)무뚝뚝감자칩올리브앤솔트52g,20251029,30,14,20065,원주상온센터(K7),5628.0,0.0,28.0,224.0,392.0,210.0,140.0,56.0,84.0,28.0,28.0,28.0,0.0,0.0,854.0,62,673.0,1160.0,2000.0,오리온,스낵류,감자스낵
128954,오리온)무뚝뚝감자칩올리브앤솔트52g,20251029,30,14,20075,인천상온센터,7980.0,0.0,70.0,280.0,770.0,196.0,210.0,140.0,70.0,28.0,14.0,14.0,0.0,0.0,1316.0,95,784.0,1160.0,2000.0,오리온,스낵류,감자스낵
128954,오리온)무뚝뚝감자칩올리브앤솔트52g,20251029,30,14,20079,A광주상온센터,6972.0,28.0,14.0,364.0,294.0,224.0,196.0,56.0,14.0,14.0,42.0,0.0,0.0,0.0,896.0,68,685.0,1160.0,2000.0,오리온,스낵류,감자스낵
128954,오리온)무뚝뚝감자칩올리브앤솔트52g,20251029,30,14,20080,A의왕상온센터,7196.0,0.0,42.0,182.0,896.0,322.0,224.0,84.0,98.0,56.0,70.0,14.0,0.0,0.0,1442.0,104,722.0,1160.0,2000.0,오리온,스낵류,감자스낵
128954,오리온)무뚝뚝감자칩올리브앤솔트52g,20251029,30,14,20081,A양산상온센터,7224.0,42.0,70.0,546.0,420.0,210.0,168.0,154.0,42.0,14.0,42.0,42.0,0.0,0.0,1246.0,96,806.0,1160.0,2000.0,오리온,스낵류,감자스낵
128954,오리온)무뚝뚝감자칩올리브앤솔트52g,20251029,30,14,20083,김제상온센터,4956.0,0.0,28.0,238.0,168.0,182.0,98.0,98.0,28.0,0.0,14.0,14.0,0.0,0.0,616.0,46,588.0,1160.0,2000.0,오리온,스낵류,감자스낵
128954,오리온)무뚝뚝감자칩올리브앤솔트52g,20251029,30,14,20084,천안상온센터,4396.0,0.0,14.0,238.0,406.0,140.0,112.0,56.0,42.0,42.0,28.0,14.0,0.0,0.0,798.0,58,555.0,1160.0,2000.0,오리온,스낵류,감자스낵
128954,오리온)무뚝뚝감자칩올리브앤솔트52g,20251029,30,14,20085,인천B상온센터,9912.0,0.0,42.0,336.0,588.0,280.0,238.0,84.0,98.0,28.0,14.0,14.0,0.0,0.0,1246.0,93,796.0,1160.0,2000.0,오리온,스낵류,감자스낵
128955,크라운)쟈키쟈키70G,20251029,20,16,20006,성남센터,6256.0,0.0,80.0,256.0,928.0,368.0,160.0,128.0,48.0,16.0,16.0,16.0,0.0,0.0,1632.0,106,701.0,993.0,1700.0,크라운,스낵류,일반스낵
128955,크라운)쟈키쟈키70G,20251029,20,16,20007,대구센터,6528.0,16.0,112.0,800.0,784.0,464.0,304.0,288.0,176.0,16.0,16.0,16.0,0.0,0.0,2160.0,147,927.0,993.0,1700.0,크라운,스낵류,일반스낵
128955,크라운)쟈키쟈키70G,20251029,20,16,20010,양주센터,7760.0,32.0,208.0,656.0,768.0,448.0,208.0,224.0,176.0,32.0,32.0,16.0,0.0,0.0,2080.0,139,968.0,993.0,1700.0,크라운,스낵류,일반스낵
128955,크라운)쟈키쟈키70G,20251029,20,16,20017,울산상온센터(K7),3872.0,32.0,128.0,512.0,400.0,192.0,192.0,128.0,48.0,16.0,48.0,0.0,0.0,0.0,1232.0,86,667.0,993.0,1700.0,크라운,스낵류,일반스낵
128955,크라운)쟈키쟈키70G,20251029,20,16,20033,제주상온센터,1424.0,0.0,16.0,144.0,208.0,112.0,144.0,16.0,48.0,16.0,0.0,0.0,0.0,0.0,480.0,34,295.0,993.0,1700.0,크라운,스낵류,일반스낵
128955,크라운)쟈키쟈키70G,20251029,20,16,20034,구성상온센터,8176.0,0.0,32.0,496.0,1248.0,432.0,304.0,288.0,160.0,16.0,48.0,0.0,48.0,0.0,2208.0,149,870.0,993.0,1700.0,크라운,스낵류,일반스낵
128955,크라운)쟈키쟈키70G,20251029,20,16,20050,세종상온센터,5520.0,16.0,128.0,544.0,784.0,304.0,256.0,96.0,112.0,16.0,64.0,16.0,0.0,0.0,1760.0,118,877.0,993.0,1700.0,크라운,스낵류,일반스낵
128955,크라운)쟈키쟈키70G,20251029,20,16,20065,원주상온센터(K7),3632.0,0.0,32.0,336.0,544.0,304.0,240.0,80.0,80.0,32.0,64.0,48.0,0.0,0.0,1216.0,75,673.0,993.0,1700.0,크라운,스낵류,일반스낵
128955,크라운)쟈키쟈키70G,20251029,20,16,20075,인천상온센터,5136.0,0.0,64.0,320.0,976.0,320.0,256.0,176.0,80.0,16.0,0.0,16.0,16.0,0.0,1680.0,107,784.0,993.0,1700.0,크라운,스낵류,일반스낵
128955,크라운)쟈키쟈키70G,20251029,20,16,20079,A광주상온센터,4480.0,32.0,32.0,496.0,272.0,432.0,160.0,128.0,32.0,32.0,48.0,0.0,0.0,0.0,1232.0,83,685.0,993.0,1700.0,크라운,스낵류,일반스낵
128955,크라운)쟈키쟈키70G,20251029,20,16,20080,A의왕상온센터,4624.0,0.0,48.0,320.0,928.0,464.0,400.0,80.0,112.0,0.0,32.0,0.0,0.0,0.0,1760.0,111,722.0,993.0,1700.0,크라운,스낵류,일반스낵
128955,크라운)쟈키쟈키70G,20251029,20,16,20081,A양산상온센터,4640.0,80.0,48.0,560.0,464.0,288.0,224.0,96.0,64.0,64.0,16.0,32.0,0.0,0.0,1360.0,93,806.0,993.0,1700.0,크라운,스낵류,일반스낵
128955,크라운)쟈키쟈키70G,20251029,20,16,20083,김제상온센터,3184.0,16.0,80.0,256.0,384.0,224.0,256.0,80.0,48.0,32.0,0.0,32.0,0.0,0.0,944.0,64,588.0,993.0,1700.0,크라운,스낵류,일반스낵
128955,크라운)쟈키쟈키70G,20251029,20,16,20084,천안상온센터,2816.0,0.0,48.0,320.0,592.0,272.0,144.0,128.0,80.0,48.0,16.0,32.0,0.0,0.0,1232.0,80,555.0,993.0,1700.0,크라운,스낵류,일반스낵
128955,크라운)쟈키쟈키70G,20251029,20,16,20085,인천B상온센터,6368.0,0.0,80.0,352.0,896.0,304.0,256.0,160.0,48.0,16.0,16.0,32.0,0.0,0.0,1632.0,110,796.0,993.0,1700.0,크라운,스낵류,일반스낵
128956,크라운)스모키베이컨칩70g,20251029,15,16,20006,성남센터,6112.0,0.0,80.0,256.0,800.0,336.0,176.0,128.0,80.0,48.0,0.0,16.0,0.0,0.0,1472.0,96,701.0,993.0,1700.0,크라운,스낵류,일반스낵
128956,크라운)스모키베이컨칩70g,20251029,15,16,20007,대구센터,6384.0,16.0,160.0,768.0,736.0,528.0,400.0,256.0,160.0,16.0,32.0,16.0,0.0,0.0,2192.0,146,927.0,993.0,1700.0,크라운,스낵류,일반스낵
128956,크라운)스모키베이컨칩70g,20251029,15,16,20010,양주센터,7584.0,32.0,224.0,736.0,816.0,480.0,192.0,192.0,160.0,32.0,64.0,16.0,0.0,0.0,2256.0,146,968.0,993.0,1700.0,크라운,스낵류,일반스낵
128956,크라운)스모키베이컨칩70g,20251029,15,16,20017,울산상온센터(K7),3776.0,16.0,112.0,512.0,480.0,192.0,176.0,112.0,48.0,32.0,32.0,0.0,0.0,0.0,1296.0,84,667.0,993.0,1700.0,크라운,스낵류,일반스낵
128956,크라운)스모키베이컨칩70g,20251029,15,16,20033,제주상온센터,1392.0,0.0,0.0,160.0,192.0,80.0,144.0,32.0,0.0,16.0,0.0,0.0,0.0,0.0,432.0,29,295.0,993.0,1700.0,크라운,스낵류,일반스낵
128956,크라운)스모키베이컨칩70g,20251029,15,16,20034,구성상온센터,7984.0,0.0,64.0,480.0,1280.0,496.0,368.0,304.0,256.0,64.0,48.0,0.0,32.0,0.0,2320.0,152,870.0,993.0,1700.0,크라운,스낵류,일반스낵
128956,크라운)스모키베이컨칩70g,20251029,15,16,20050,세종상온센터,5392.0,16.0,160.0,496.0,688.0,288.0,336.0,96.0,96.0,32.0,64.0,32.0,0.0,0.0,1632.0,105,877.0,993.0,1700.0,크라운,스낵류,일반스낵
128956,크라운)스모키베이컨칩70g,20251029,15,16,20065,원주상온센터(K7),3552.0,0.0,32.0,288.0,592.0,304.0,192.0,64.0,128.0,32.0,32.0,48.0,0.0,0.0,1216.0,75,673.0,993.0,1700.0,크라운,스낵류,일반스낵
128956,크라운)스모키베이컨칩70g,20251029,15,16,20075,인천상온센터,5024.0,0.0,80.0,320.0,960.0,256.0,272.0,112.0,96.0,16.0,0.0,0.0,16.0,0.0,1616.0,105,784.0,993.0,1700.0,크라운,스낵류,일반스낵
128956,크라운)스모키베이컨칩70g,20251029,15,16,20079,A광주상온센터,4368.0,16.0,48.0,352.0,320.0,304.0,112.0,128.0,64.0,16.0,48.0,0.0,0.0,0.0,1024.0,68,685.0,993.0,1700.0,크라운,스낵류,일반스낵
128956,크라운)스모키베이컨칩70g,20251029,15,16,20080,A의왕상온센터,4528.0,0.0,16.0,224.0,992.0,560.0,448.0,80.0,128.0,32.0,96.0,0.0,0.0,0.0,1792.0,114,722.0,993.0,1700.0,크라운,스낵류,일반스낵
128956,크라운)스모키베이컨칩70g,20251029,15,16,20081,A양산상온센터,4544.0,80.0,32.0,528.0,416.0,304.0,240.0,160.0,32.0,32.0,48.0,48.0,0.0,0.0,1280.0,84,806.0,993.0,1700.0,크라운,스낵류,일반스낵
128956,크라운)스모키베이컨칩70g,20251029,15,16,20083,김제상온센터,3120.0,16.0,128.0,304.0,256.0,224.0,224.0,96.0,48.0,32.0,16.0,16.0,0.0,0.0,912.0,62,588.0,993.0,1700.0,크라운,스낵류,일반스낵
128956,크라운)스모키베이컨칩70g,20251029,15,16,20084,천안상온센터,2752.0,0.0,64.0,256.0,640.0,272.0,176.0,112.0,112.0,32.0,32.0,32.0,0.0,0.0,1232.0,79,555.0,993.0,1700.0,크라운,스낵류,일반스낵
128956,크라운)스모키베이컨칩70g,20251029,15,16,20085,인천B상온센터,6224.0,0.0,48.0,304.0,784.0,256.0,240.0,112.0,64.0,16.0,64.0,48.0,16.0,0.0,1392.0,91,796.0,993.0,1700.0,크라운,스낵류,일반스낵
128958,시원)치즈아몬드스낵80g,20251029,10,6,20006,성남센터,1152.0,0.0,30.0,54.0,162.0,114.0,90.0,54.0,42.0,6.0,12.0,6.0,6.0,0.0,360.0,62,701.0,2900.0,5500.0,시원,스낵류,일반스낵
128958,시원)치즈아몬드스낵80g,20251029,10,6,20007,대구센터,1200.0,6.0,18.0,48.0,90.0,54.0,48.0,18.0,6.0,6.0,6.0,0.0,0.0,0.0,210.0,38,927.0,2900.0,5500.0,시원,스낵류,일반스낵
128958,시원)치즈아몬드스낵80g,20251029,10,6,20010,양주센터,1424.0,6.0,66.0,96.0,138.0,72.0,60.0,66.0,6.0,18.0,0.0,0.0,0.0,0.0,372.0,63,968.0,2900.0,5500.0,시원,스낵류,일반스낵
128958,시원)치즈아몬드스낵80g,20251029,10,6,20017,울산상온센터(K7),720.0,6.0,30.0,54.0,60.0,42.0,18.0,12.0,0.0,0.0,18.0,6.0,0.0,0.0,186.0,34,667.0,2900.0,5500.0,시원,스낵류,일반스낵
128958,시원)치즈아몬드스낵80g,20251029,10,6,20033,제주상온센터,272.0,0.0,0.0,12.0,24.0,6.0,18.0,0.0,0.0,0.0,0.0,0.0,0.0,0.0,42.0,8,295.0,2900.0,5500.0,시원,스낵류,일반스낵
128958,시원)치즈아몬드스낵80g,20251029,10,6,20034,구성상온센터,1504.0,0.0,12.0,72.0,108.0,60.0,60.0,48.0,6.0,6.0,18.0,12.0,0.0,0.0,252.0,47,870.0,2900.0,5500.0,시원,스낵류,일반스낵
128958,시원)치즈아몬드스낵80g,20251029,10,6,20050,세종상온센터,1024.0,0.0,48.0,54.0,102.0,48.0,36.0,12.0,0.0,0.0,6.0,0.0,0.0,0.0,252.0,44,877.0,2900.0,5500.0,시원,스낵류,일반스낵
128958,시원)치즈아몬드스낵80g,20251029,10,6,20065,원주상온센터(K7),672.0,0.0,12.0,210.0,78.0,150.0,36.0,18.0,0.0,6.0,6.0,0.0,0.0,0.0,450.0,35,673.0,2900.0,5500.0,시원,스낵류,일반스낵
128958,시원)치즈아몬드스낵80g,20251029,10,6,20075,인천상온센터,944.0,0.0,6.0,30.0,180.0,24.0,72.0,30.0,18.0,6.0,6.0,12.0,0.0,0.0,240.0,40,784.0,2900.0,5500.0,시원,스낵류,일반스낵
128958,시원)치즈아몬드스낵80g,20251029,10,6,20079,A광주상온센터,832.0,6.0,12.0,72.0,42.0,96.0,114.0,12.0,0.0,0.0,12.0,0.0,0.0,0.0,222.0,39,685.0,2900.0,5500.0,시원,스낵류,일반스낵
128958,시원)치즈아몬드스낵80g,20251029,10,6,20080,A의왕상온센터,848.0,0.0,0.0,36.0,114.0,132.0,126.0,12.0,18.0,0.0,0.0,12.0,0.0,0.0,282.0,51,722.0,2900.0,5500.0,시원,스낵류,일반스낵
128958,시원)치즈아몬드스낵80g,20251029,10,6,20081,A양산상온센터,864.0,24.0,18.0,132.0,30.0,36.0,30.0,18.0,12.0,0.0,12.0,6.0,0.0,0.0,216.0,40,806.0,2900.0,5500.0,시원,스낵류,일반스낵
128958,시원)치즈아몬드스낵80g,20251029,10,6,20083,김제상온센터,592.0,6.0,6.0,30.0,24.0,60.0,12.0,6.0,6.0,0.0,0.0,6.0,0.0,0.0,120.0,21,588.0,2900.0,5500.0,시원,스낵류,일반스낵
128958,시원)치즈아몬드스낵80g,20251029,10,6,20084,천안상온센터,528.0,0.0,6.0,48.0,48.0,36.0,18.0,6.0,24.0,0.0,6.0,24.0,0.0,0.0,138.0,24,555.0,2900.0,5500.0,시원,스낵류,일반스낵
128958,시원)치즈아몬드스낵80g,20251029,10,6,20085,인천B상온센터,1168.0,0.0,6.0,48.0,114.0,60.0,60.0,36.0,12.0,0.0,0.0,0.0,0.0,0.0,228.0,40,796.0,2900.0,5500.0,시원,스낵류,일반스낵
128959,시원)치즈의장난65g,20251029,10,6,20006,성남센터,1104.0,0.0,30.0,48.0,162.0,102.0,90.0,48.0,42.0,6.0,12.0,6.0,12.0,0.0,342.0,59,701.0,2109.0,4000.0,시원,스낵류,일반스낵
128959,시원)치즈의장난65g,20251029,10,6,20007,대구센터,1152.0,0.0,12.0,42.0,78.0,54.0,48.0,24.0,6.0,18.0,6.0,0.0,0.0,0.0,186.0,33,927.0,2109.0,4000.0,시원,스낵류,일반스낵
128959,시원)치즈의장난65g,20251029,10,6,20010,양주센터,1360.0,6.0,60.0,114.0,132.0,60.0,60.0,66.0,0.0,18.0,0.0,0.0,0.0,0.0,366.0,63,968.0,2109.0,4000.0,시원,스낵류,일반스낵
128959,시원)치즈의장난65g,20251029,10,6,20017,울산상온센터(K7),688.0,6.0,30.0,54.0,66.0,42.0,12.0,18.0,0.0,0.0,18.0,6.0,0.0,0.0,192.0,36,667.0,2109.0,4000.0,시원,스낵류,일반스낵
128959,시원)치즈의장난65g,20251029,10,6,20033,제주상온센터,256.0,0.0,0.0,12.0,30.0,6.0,18.0,0.0,0.0,0.0,0.0,0.0,0.0,0.0,48.0,9,295.0,2109.0,4000.0,시원,스낵류,일반스낵
128959,시원)치즈의장난65g,20251029,10,6,20034,구성상온센터,1440.0,0.0,6.0,72.0,120.0,60.0,54.0,66.0,6.0,6.0,18.0,6.0,0.0,0.0,258.0,47,870.0,2109.0,4000.0,시원,스낵류,일반스낵
128959,시원)치즈의장난65g,20251029,10,6,20050,세종상온센터,976.0,0.0,42.0,60.0,78.0,54.0,30.0,12.0,0.0,0.0,6.0,0.0,0.0,0.0,234.0,41,877.0,2109.0,4000.0,시원,스낵류,일반스낵
128959,시원)치즈의장난65g,20251029,10,6,20065,원주상온센터(K7),640.0,0.0,12.0,216.0,66.0,144.0,36.0,18.0,0.0,6.0,6.0,0.0,0.0,0.0,438.0,33,673.0,2109.0,4000.0,시원,스낵류,일반스낵
128959,시원)치즈의장난65g,20251029,10,6,20075,인천상온센터,912.0,0.0,12.0,36.0,168.0,30.0,78.0,30.0,18.0,6.0,6.0,6.0,0.0,0.0,246.0,41,784.0,2109.0,4000.0,시원,스낵류,일반스낵
128959,시원)치즈의장난65g,20251029,10,6,20079,A광주상온센터,784.0,6.0,6.0,72.0,42.0,108.0,114.0,30.0,0.0,0.0,6.0,0.0,0.0,0.0,228.0,40,685.0,2109.0,4000.0,시원,스낵류,일반스낵
128959,시원)치즈의장난65g,20251029,10,6,20080,A의왕상온센터,816.0,0.0,0.0,36.0,120.0,120.0,120.0,24.0,18.0,0.0,0.0,12.0,0.0,0.0,276.0,48,722.0,2109.0,4000.0,시원,스낵류,일반스낵
128959,시원)치즈의장난65g,20251029,10,6,20081,A양산상온센터,816.0,24.0,18.0,96.0,30.0,36.0,36.0,24.0,18.0,0.0,6.0,6.0,0.0,0.0,180.0,36,806.0,2109.0,4000.0,시원,스낵류,일반스낵
128959,시원)치즈의장난65g,20251029,10,6,20083,김제상온센터,560.0,6.0,6.0,24.0,18.0,48.0,12.0,6.0,6.0,0.0,0.0,6.0,0.0,0.0,96.0,19,588.0,2109.0,4000.0,시원,스낵류,일반스낵
128959,시원)치즈의장난65g,20251029,10,6,20084,천안상온센터,496.0,0.0,6.0,42.0,42.0,30.0,6.0,6.0,18.0,0.0,6.0,12.0,0.0,0.0,120.0,21,555.0,2109.0,4000.0,시원,스낵류,일반스낵
128959,시원)치즈의장난65g,20251029,10,6,20085,인천B상온센터,1120.0,0.0,6.0,54.0,120.0,60.0,72.0,36.0,12.0,0.0,0.0,0.0,0.0,0.0,240.0,42,796.0,2109.0,4000.0,시원,스낵류,일반스낵
128961,하리보)골드배렌펀에디션80g,20251029,20,2,20006,성남센터,4706.0,100.0,130.0,188.0,374.0,228.0,130.0,94.0,62.0,34.0,12.0,12.0,14.0,0.0,920.0,133,701.0,1100.0,2200.0,하리보,젤리류,수입젤리
128961,하리보)골드배렌펀에디션80g,20251029,20,2,20007,대구센터,4888.0,192.0,146.0,372.0,418.0,300.0,190.0,186.0,116.0,18.0,4.0,6.0,0.0,0.0,1236.0,210,927.0,1100.0,2200.0,하리보,젤리류,수입젤리
128961,하리보)골드배렌펀에디션80g,20251029,20,2,20010,양주센터,5824.0,170.0,130.0,382.0,402.0,266.0,212.0,156.0,54.0,24.0,34.0,0.0,0.0,0.0,1180.0,212,968.0,1100.0,2200.0,하리보,젤리류,수입젤리
128961,하리보)골드배렌펀에디션80g,20251029,20,2,20017,울산상온센터(K7),2912.0,130.0,130.0,290.0,220.0,146.0,134.0,58.0,24.0,32.0,18.0,0.0,0.0,0.0,786.0,143,667.0,1100.0,2200.0,하리보,젤리류,수입젤리
128961,하리보)골드배렌펀에디션80g,20251029,20,2,20033,제주상온센터,1066.0,46.0,58.0,50.0,122.0,34.0,46.0,12.0,0.0,6.0,12.0,0.0,0.0,0.0,264.0,46,295.0,1100.0,2200.0,하리보,젤리류,수입젤리
128961,하리보)골드배렌펀에디션80g,20251029,20,2,20034,구성상온센터,6136.0,198.0,144.0,156.0,498.0,230.0,188.0,150.0,92.0,34.0,10.0,12.0,6.0,0.0,1028.0,181,870.0,1100.0,2200.0,하리보,젤리류,수입젤리
128961,하리보)골드배렌펀에디션80g,20251029,20,2,20050,세종상온센터,4160.0,148.0,80.0,308.0,386.0,120.0,134.0,52.0,32.0,6.0,12.0,18.0,0.0,0.0,894.0,171,877.0,1100.0,2200.0,하리보,젤리류,수입젤리
128961,하리보)골드배렌펀에디션80g,20251029,20,2,20065,원주상온센터(K7),2730.0,108.0,94.0,166.0,388.0,158.0,102.0,40.0,68.0,0.0,26.0,18.0,0.0,0.0,806.0,118,673.0,1100.0,2200.0,하리보,젤리류,수입젤리
128961,하리보)골드배렌펀에디션80g,20251029,20,2,20075,인천상온센터,3848.0,154.0,78.0,122.0,424.0,242.0,180.0,88.0,36.0,8.0,16.0,0.0,0.0,0.0,866.0,151,784.0,1100.0,2200.0,하리보,젤리류,수입젤리
128961,하리보)골드배렌펀에디션80g,20251029,20,2,20079,A광주상온센터,3354.0,92.0,54.0,248.0,170.0,226.0,134.0,84.0,38.0,30.0,24.0,0.0,0.0,0.0,698.0,125,685.0,1100.0,2200.0,하리보,젤리류,수입젤리
128961,하리보)골드배렌펀에디션80g,20251029,20,2,20080,A의왕상온센터,3484.0,72.0,122.0,84.0,464.0,208.0,160.0,76.0,60.0,16.0,12.0,16.0,0.0,0.0,878.0,148,722.0,1100.0,2200.0,하리보,젤리류,수입젤리
128961,하리보)골드배렌펀에디션80g,20251029,20,2,20081,A양산상온센터,3484.0,138.0,76.0,240.0,266.0,182.0,96.0,66.0,22.0,6.0,6.0,8.0,0.0,0.0,764.0,145,806.0,1100.0,2200.0,하리보,젤리류,수입젤리
128961,하리보)골드배렌펀에디션80g,20251029,20,2,20083,김제상온센터,2392.0,122.0,36.0,106.0,198.0,132.0,118.0,130.0,14.0,16.0,28.0,12.0,0.0,0.0,472.0,90,588.0,1100.0,2200.0,하리보,젤리류,수입젤리
128961,하리보)골드배렌펀에디션80g,20251029,20,2,20084,천안상온센터,2132.0,78.0,12.0,110.0,274.0,124.0,50.0,46.0,48.0,18.0,18.0,16.0,0.0,0.0,520.0,100,555.0,1100.0,2200.0,하리보,젤리류,수입젤리
128961,하리보)골드배렌펀에디션80g,20251029,20,2,20085,인천B상온센터,4784.0,94.0,104.0,126.0,374.0,166.0,134.0,68.0,38.0,16.0,24.0,0.0,0.0,0.0,770.0,139,796.0,1100.0,2200.0,하리보,젤리류,수입젤리
129026,농심)린도볼밀크5P,20251105,20,8,20006,성남센터,768.0,0.0,0.0,0.0,48.0,120.0,72.0,16.0,16.0,0.0,16.0,0.0,0.0,0.0,168.0,22,701.0,3050.0,6100.0,농심,초콜릿,볼초콜릿
129026,농심)린도볼밀크5P,20251105,20,8,20007,대구센터,768.0,0.0,0.0,16.0,56.0,24.0,16.0,24.0,0.0,8.0,0.0,0.0,0.0,0.0,96.0,13,927.0,3050.0,6100.0,농심,초콜릿,볼초콜릿
129026,농심)린도볼밀크5P,20251105,20,8,20010,양주센터,960.0,0.0,0.0,104.0,80.0,56.0,64.0,8.0,8.0,16.0,8.0,0.0,0.0,0.0,240.0,28,967.0,3050.0,6100.0,농심,초콜릿,볼초콜릿
129026,농심)린도볼밀크5P,20251105,20,8,20017,울산상온센터(K7),432.0,0.0,0.0,16.0,24.0,8.0,8.0,8.0,0.0,8.0,8.0,0.0,0.0,0.0,48.0,6,665.0,3050.0,6100.0,농심,초콜릿,볼초콜릿
129026,농심)린도볼밀크5P,20251105,20,8,20033,제주상온센터,192.0,0.0,0.0,0.0,24.0,8.0,8.0,0.0,0.0,0.0,0.0,0.0,0.0,0.0,32.0,4,295.0,3050.0,6100.0,농심,초콜릿,볼초콜릿
129026,농심)린도볼밀크5P,20251105,20,8,20034,구성상온센터,1008.0,0.0,0.0,0.0,72.0,72.0,24.0,8.0,16.0,0.0,16.0,0.0,0.0,0.0,144.0,19,869.0,3050.0,6100.0,농심,초콜릿,볼초콜릿
129026,농심)린도볼밀크5P,20251105,20,8,20050,세종상온센터,672.0,0.0,0.0,40.0,56.0,0.0,8.0,16.0,8.0,8.0,16.0,0.0,0.0,0.0,96.0,12,876.0,3050.0,6100.0,농심,초콜릿,볼초콜릿
129026,농심)린도볼밀크5P,20251105,20,8,20065,원주상온센터(K7),480.0,0.0,0.0,0.0,64.0,56.0,16.0,16.0,0.0,8.0,8.0,80.0,0.0,0.0,120.0,15,673.0,3050.0,6100.0,농심,초콜릿,볼초콜릿
129026,농심)린도볼밀크5P,20251105,20,8,20075,인천상온센터,672.0,0.0,0.0,0.0,144.0,32.0,40.0,24.0,32.0,0.0,0.0,0.0,0.0,0.0,176.0,21,784.0,3050.0,6100.0,농심,초콜릿,볼초콜릿
129026,농심)린도볼밀크5P,20251105,20,8,20079,A광주상온센터,528.0,0.0,0.0,24.0,32.0,16.0,0.0,0.0,8.0,0.0,24.0,0.0,0.0,0.0,72.0,10,685.0,3050.0,6100.0,농심,초콜릿,볼초콜릿
129026,농심)린도볼밀크5P,20251105,20,8,20080,A의왕상온센터,528.0,0.0,0.0,0.0,64.0,56.0,48.0,40.0,16.0,0.0,0.0,0.0,0.0,0.0,120.0,16,722.0,3050.0,6100.0,농심,초콜릿,볼초콜릿
129026,농심)린도볼밀크5P,20251105,20,8,20081,A양산상온센터,528.0,0.0,0.0,32.0,24.0,24.0,16.0,8.0,0.0,0.0,0.0,0.0,0.0,0.0,80.0,13,807.0,3050.0,6100.0,농심,초콜릿,볼초콜릿
129026,농심)린도볼밀크5P,20251105,20,8,20083,김제상온센터,384.0,0.0,0.0,24.0,16.0,8.0,16.0,8.0,0.0,0.0,8.0,0.0,0.0,0.0,48.0,6,588.0,3050.0,6100.0,농심,초콜릿,볼초콜릿
129026,농심)린도볼밀크5P,20251105,20,8,20084,천안상온센터,384.0,0.0,0.0,0.0,32.0,72.0,16.0,24.0,0.0,0.0,0.0,0.0,0.0,0.0,104.0,13,555.0,3050.0,6100.0,농심,초콜릿,볼초콜릿
129026,농심)린도볼밀크5P,20251105,20,8,20085,인천B상온센터,768.0,0.0,0.0,0.0,88.0,48.0,32.0,8.0,8.0,0.0,16.0,8.0,0.0,0.0,136.0,19,795.0,3050.0,6100.0,농심,초콜릿,볼초콜릿
129170,고운벗)2M츄라피레몬콜라70g,20251105,20,10,20006,성남센터,1920.0,0.0,0.0,0.0,170.0,130.0,70.0,80.0,30.0,10.0,20.0,20.0,10.0,0.0,300.0,29,701.0,1000.0,2000.0,고운벗,젤리류,국산젤리
129170,고운벗)2M츄라피레몬콜라70g,20251105,20,10,20007,대구센터,1840.0,0.0,0.0,170.0,280.0,270.0,140.0,90.0,70.0,10.0,20.0,0.0,0.0,0.0,720.0,73,927.0,1000.0,2000.0,고운벗,젤리류,국산젤리
129170,고운벗)2M츄라피레몬콜라70g,20251105,20,10,20010,양주센터,2400.0,0.0,0.0,210.0,160.0,110.0,100.0,70.0,60.0,10.0,10.0,0.0,0.0,0.0,480.0,49,967.0,1000.0,2000.0,고운벗,젤리류,국산젤리
129170,고운벗)2M츄라피레몬콜라70g,20251105,20,10,20017,울산상온센터(K7),1120.0,0.0,0.0,110.0,160.0,120.0,120.0,20.0,30.0,0.0,50.0,0.0,10.0,0.0,390.0,38,665.0,1000.0,2000.0,고운벗,젤리류,국산젤리
129170,고운벗)2M츄라피레몬콜라70g,20251105,20,10,20033,제주상온센터,400.0,0.0,0.0,0.0,100.0,60.0,20.0,0.0,10.0,10.0,10.0,0.0,0.0,0.0,160.0,16,295.0,1000.0,2000.0,고운벗,젤리류,국산젤리
129170,고운벗)2M츄라피레몬콜라70g,20251105,20,10,20034,구성상온센터,2480.0,0.0,0.0,0.0,280.0,170.0,70.0,80.0,50.0,0.0,40.0,0.0,0.0,0.0,450.0,44,869.0,1000.0,2000.0,고운벗,젤리류,국산젤리
129170,고운벗)2M츄라피레몬콜라70g,20251105,20,10,20050,세종상온센터,1680.0,0.0,0.0,170.0,230.0,50.0,70.0,70.0,30.0,10.0,50.0,10.0,0.0,0.0,450.0,48,876.0,1000.0,2000.0,고운벗,젤리류,국산젤리
129170,고운벗)2M츄라피레몬콜라70g,20251105,20,10,20065,원주상온센터(K7),1200.0,0.0,0.0,0.0,160.0,150.0,80.0,80.0,30.0,10.0,40.0,10.0,0.0,0.0,310.0,32,673.0,1000.0,2000.0,고운벗,젤리류,국산젤리
129170,고운벗)2M츄라피레몬콜라70g,20251105,20,10,20075,인천상온센터,1680.0,0.0,0.0,0.0,280.0,160.0,90.0,60.0,40.0,10.0,20.0,0.0,0.0,0.0,440.0,44,784.0,1000.0,2000.0,고운벗,젤리류,국산젤리
129170,고운벗)2M츄라피레몬콜라70g,20251105,20,10,20079,A광주상온센터,1280.0,0.0,0.0,120.0,140.0,160.0,50.0,10.0,20.0,0.0,50.0,20.0,0.0,0.0,420.0,44,685.0,1000.0,2000.0,고운벗,젤리류,국산젤리
129170,고운벗)2M츄라피레몬콜라70g,20251105,20,10,20080,A의왕상온센터,1360.0,0.0,0.0,0.0,260.0,170.0,110.0,60.0,40.0,10.0,20.0,0.0,0.0,0.0,430.0,43,722.0,1000.0,2000.0,고운벗,젤리류,국산젤리
129170,고운벗)2M츄라피레몬콜라70g,20251105,20,10,20081,A양산상온센터,1280.0,0.0,0.0,70.0,240.0,130.0,40.0,20.0,10.0,30.0,20.0,0.0,0.0,0.0,440.0,46,807.0,1000.0,2000.0,고운벗,젤리류,국산젤리
129170,고운벗)2M츄라피레몬콜라70g,20251105,20,10,20083,김제상온센터,880.0,0.0,0.0,90.0,80.0,110.0,60.0,40.0,30.0,0.0,20.0,0.0,0.0,0.0,280.0,28,588.0,1000.0,2000.0,고운벗,젤리류,국산젤리
129170,고운벗)2M츄라피레몬콜라70g,20251105,20,10,20084,천안상온센터,960.0,0.0,0.0,0.0,220.0,170.0,70.0,10.0,20.0,0.0,0.0,10.0,0.0,0.0,390.0,40,555.0,1000.0,2000.0,고운벗,젤리류,국산젤리
129170,고운벗)2M츄라피레몬콜라70g,20251105,20,10,20085,인천B상온센터,1920.0,0.0,0.0,0.0,240.0,150.0,70.0,30.0,20.0,10.0,30.0,0.0,0.0,0.0,390.0,39,795.0,1000.0,2000.0,고운벗,젤리류,국산젤리
129172,오뚜기)찍어먹는뿌셔뿌셔구운양파맛90g,20251105,25,6,20006,성남센터,3480.0,0.0,0.0,0.0,420.0,330.0,192.0,90.0,90.0,18.0,48.0,6.0,36.0,0.0,750.0,74,701.0,818.0,1500.0,오뚜기,스낵류,일반스낵
129172,오뚜기)찍어먹는뿌셔뿌셔구운양파맛90g,20251105,25,6,20007,대구센터,3360.0,0.0,0.0,282.0,546.0,462.0,210.0,108.0,72.0,36.0,36.0,24.0,0.0,0.0,1290.0,147,927.0,818.0,1500.0,오뚜기,스낵류,일반스낵
129172,오뚜기)찍어먹는뿌셔뿌셔구운양파맛90g,20251105,25,6,20010,양주센터,4416.0,0.0,0.0,396.0,318.0,186.0,186.0,186.0,96.0,66.0,66.0,12.0,0.0,0.0,900.0,97,967.0,818.0,1500.0,오뚜기,스낵류,일반스낵
129172,오뚜기)찍어먹는뿌셔뿌셔구운양파맛90g,20251105,25,6,20017,울산상온센터(K7),1968.0,0.0,0.0,150.0,294.0,258.0,132.0,42.0,24.0,24.0,60.0,36.0,12.0,0.0,702.0,78,665.0,818.0,1500.0,오뚜기,스낵류,일반스낵
129172,오뚜기)찍어먹는뿌셔뿌셔구운양파맛90g,20251105,25,6,20033,제주상온센터,744.0,0.0,0.0,0.0,144.0,102.0,54.0,0.0,24.0,6.0,0.0,12.0,0.0,0.0,246.0,28,295.0,818.0,1500.0,오뚜기,스낵류,일반스낵
129172,오뚜기)찍어먹는뿌셔뿌셔구운양파맛90g,20251105,25,6,20034,구성상온센터,4536.0,0.0,0.0,0.0,744.0,426.0,150.0,102.0,78.0,6.0,84.0,36.0,12.0,0.0,1170.0,121,869.0,818.0,1500.0,오뚜기,스낵류,일반스낵
129172,오뚜기)찍어먹는뿌셔뿌셔구운양파맛90g,20251105,25,6,20050,세종상온센터,3048.0,0.0,0.0,342.0,456.0,210.0,174.0,78.0,42.0,12.0,72.0,18.0,0.0,0.0,1008.0,115,876.0,818.0,1500.0,오뚜기,스낵류,일반스낵
129172,오뚜기)찍어먹는뿌셔뿌셔구운양파맛90g,20251105,25,6,20065,원주상온센터(K7),2112.0,0.0,0.0,0.0,282.0,204.0,108.0,144.0,30.0,30.0,66.0,24.0,0.0,0.0,486.0,57,673.0,818.0,1500.0,오뚜기,스낵류,일반스낵
129172,오뚜기)찍어먹는뿌셔뿌셔구운양파맛90g,20251105,25,6,20075,인천상온센터,3000.0,0.0,0.0,0.0,516.0,324.0,132.0,96.0,126.0,24.0,12.0,12.0,0.0,0.0,840.0,89,784.0,818.0,1500.0,오뚜기,스낵류,일반스낵
129172,오뚜기)찍어먹는뿌셔뿌셔구운양파맛90g,20251105,25,6,20079,A광주상온센터,2256.0,0.0,0.0,192.0,264.0,288.0,78.0,48.0,48.0,18.0,66.0,18.0,0.0,0.0,744.0,84,685.0,818.0,1500.0,오뚜기,스낵류,일반스낵
129172,오뚜기)찍어먹는뿌셔뿌셔구운양파맛90g,20251105,25,6,20080,A의왕상온센터,2424.0,0.0,0.0,0.0,588.0,324.0,240.0,108.0,30.0,48.0,78.0,12.0,12.0,0.0,912.0,93,722.0,818.0,1500.0,오뚜기,스낵류,일반스낵
129172,오뚜기)찍어먹는뿌셔뿌셔구운양파맛90g,20251105,25,6,20081,A양산상온센터,2400.0,0.0,0.0,168.0,480.0,270.0,102.0,72.0,42.0,36.0,18.0,0.0,0.0,0.0,918.0,102,807.0,818.0,1500.0,오뚜기,스낵류,일반스낵
129172,오뚜기)찍어먹는뿌셔뿌셔구운양파맛90g,20251105,25,6,20083,김제상온센터,1632.0,0.0,0.0,168.0,186.0,180.0,150.0,72.0,18.0,18.0,36.0,0.0,0.0,0.0,534.0,64,588.0,818.0,1500.0,오뚜기,스낵류,일반스낵
129172,오뚜기)찍어먹는뿌셔뿌셔구운양파맛90g,20251105,25,6,20084,천안상온센터,1704.0,0.0,0.0,0.0,342.0,264.0,150.0,48.0,54.0,48.0,12.0,6.0,0.0,0.0,606.0,67,555.0,818.0,1500.0,오뚜기,스낵류,일반스낵
129172,오뚜기)찍어먹는뿌셔뿌셔구운양파맛90g,20251105,25,6,20085,인천B상온센터,3528.0,0.0,0.0,0.0,438.0,342.0,132.0,114.0,72.0,12.0,42.0,24.0,0.0,0.0,780.0,88,795.0,818.0,1500.0,오뚜기,스낵류,일반스낵
129174,SAMG)프린세스아름핑하트젤리50g,20251105,20,10,20006,성남센터,1880.0,0.0,0.0,0.0,150.0,130.0,120.0,40.0,40.0,20.0,20.0,10.0,10.0,0.0,280.0,26,701.0,1036.0,2000.0,SAMG,젤리류,국산젤리
129174,SAMG)프린세스아름핑하트젤리50g,20251105,20,10,20007,대구센터,1840.0,0.0,0.0,220.0,250.0,240.0,100.0,40.0,40.0,30.0,0.0,10.0,0.0,0.0,710.0,68,927.0,1036.0,2000.0,SAMG,젤리류,국산젤리
129174,SAMG)프린세스아름핑하트젤리50g,20251105,20,10,20010,양주센터,2400.0,0.0,0.0,190.0,170.0,130.0,50.0,80.0,30.0,30.0,10.0,0.0,0.0,0.0,490.0,48,967.0,1036.0,2000.0,SAMG,젤리류,국산젤리
129174,SAMG)프린세스아름핑하트젤리50g,20251105,20,10,20017,울산상온센터(K7),1080.0,0.0,0.0,60.0,90.0,100.0,60.0,10.0,30.0,20.0,40.0,20.0,0.0,0.0,250.0,26,665.0,1036.0,2000.0,SAMG,젤리류,국산젤리
129174,SAMG)프린세스아름핑하트젤리50g,20251105,20,10,20033,제주상온센터,400.0,0.0,0.0,0.0,110.0,60.0,20.0,10.0,20.0,0.0,20.0,0.0,0.0,0.0,170.0,18,295.0,1036.0,2000.0,SAMG,젤리류,국산젤리
129174,SAMG)프린세스아름핑하트젤리50g,20251105,20,10,20034,구성상온센터,2440.0,0.0,0.0,0.0,290.0,100.0,50.0,50.0,10.0,0.0,40.0,0.0,0.0,0.0,390.0,38,869.0,1036.0,2000.0,SAMG,젤리류,국산젤리
129174,SAMG)프린세스아름핑하트젤리50g,20251105,20,10,20050,세종상온센터,1640.0,0.0,0.0,130.0,190.0,80.0,70.0,40.0,20.0,10.0,30.0,10.0,0.0,0.0,400.0,46,876.0,1036.0,2000.0,SAMG,젤리류,국산젤리
129174,SAMG)프린세스아름핑하트젤리50g,20251105,20,10,20065,원주상온센터(K7),1160.0,0.0,0.0,130.0,100.0,60.0,70.0,10.0,0.0,30.0,30.0,0.0,0.0,0.0,290.0,31,673.0,1036.0,2000.0,SAMG,젤리류,국산젤리
129174,SAMG)프린세스아름핑하트젤리50g,20251105,20,10,20075,인천상온센터,1640.0,0.0,0.0,0.0,300.0,130.0,90.0,80.0,20.0,20.0,20.0,10.0,0.0,0.0,430.0,45,784.0,1036.0,2000.0,SAMG,젤리류,국산젤리
129174,SAMG)프린세스아름핑하트젤리50g,20251105,20,10,20079,A광주상온센터,1240.0,0.0,0.0,120.0,100.0,160.0,20.0,30.0,10.0,0.0,70.0,10.0,0.0,0.0,380.0,39,685.0,1036.0,2000.0,SAMG,젤리류,국산젤리
129174,SAMG)프린세스아름핑하트젤리50g,20251105,20,10,20080,A의왕상온센터,1320.0,0.0,0.0,0.0,180.0,100.0,110.0,60.0,20.0,20.0,20.0,10.0,10.0,0.0,280.0,30,722.0,1036.0,2000.0,SAMG,젤리류,국산젤리
129174,SAMG)프린세스아름핑하트젤리50g,20251105,20,10,20081,A양산상온센터,1280.0,0.0,0.0,80.0,220.0,150.0,60.0,30.0,20.0,30.0,30.0,0.0,0.0,0.0,450.0,48,807.0,1036.0,2000.0,SAMG,젤리류,국산젤리
129174,SAMG)프린세스아름핑하트젤리50g,20251105,20,10,20083,김제상온센터,880.0,0.0,0.0,40.0,50.0,100.0,70.0,20.0,10.0,0.0,20.0,0.0,0.0,0.0,190.0,20,588.0,1036.0,2000.0,SAMG,젤리류,국산젤리
129174,SAMG)프린세스아름핑하트젤리50g,20251105,20,10,20084,천안상온센터,920.0,0.0,0.0,0.0,180.0,110.0,50.0,40.0,20.0,10.0,0.0,10.0,0.0,0.0,290.0,28,555.0,1036.0,2000.0,SAMG,젤리류,국산젤리
129174,SAMG)프린세스아름핑하트젤리50g,20251105,20,10,20085,인천B상온센터,1920.0,0.0,0.0,0.0,210.0,110.0,50.0,40.0,30.0,0.0,20.0,10.0,0.0,0.0,320.0,33,795.0,1036.0,2000.0,SAMG,젤리류,국산젤리
129178,훼밀리)크레페마시멜로팝35g,20251105,20,12,20006,성남센터,1728.0,0.0,0.0,0.0,108.0,108.0,72.0,60.0,24.0,12.0,24.0,12.0,12.0,0.0,216.0,18,701.0,900.0,1800.0,훼밀리,캔디류,봉지캔디
129178,훼밀리)크레페마시멜로팝35g,20251105,20,12,20007,대구센터,1656.0,0.0,0.0,180.0,192.0,228.0,132.0,48.0,12.0,0.0,12.0,0.0,0.0,0.0,600.0,52,927.0,900.0,1800.0,훼밀리,캔디류,봉지캔디
129178,훼밀리)크레페마시멜로팝35g,20251105,20,12,20010,양주센터,2160.0,0.0,0.0,132.0,132.0,108.0,48.0,48.0,48.0,60.0,12.0,0.0,0.0,0.0,372.0,32,967.0,900.0,1800.0,훼밀리,캔디류,봉지캔디
129178,훼밀리)크레페마시멜로팝35g,20251105,20,12,20017,울산상온센터(K7),1008.0,0.0,0.0,60.0,132.0,156.0,60.0,24.0,12.0,24.0,36.0,0.0,0.0,0.0,348.0,30,665.0,900.0,1800.0,훼밀리,캔디류,봉지캔디
129178,훼밀리)크레페마시멜로팝35g,20251105,20,12,20033,제주상온센터,360.0,0.0,0.0,0.0,72.0,60.0,36.0,0.0,12.0,12.0,0.0,0.0,0.0,0.0,132.0,11,295.0,900.0,1800.0,훼밀리,캔디류,봉지캔디
129178,훼밀리)크레페마시멜로팝35g,20251105,20,12,20034,구성상온센터,2232.0,0.0,0.0,0.0,252.0,96.0,96.0,36.0,24.0,0.0,72.0,0.0,0.0,0.0,348.0,30,869.0,900.0,1800.0,훼밀리,캔디류,봉지캔디
129178,훼밀리)크레페마시멜로팝35g,20251105,20,12,20050,세종상온센터,1512.0,0.0,0.0,168.0,228.0,96.0,84.0,36.0,24.0,12.0,48.0,12.0,0.0,0.0,492.0,42,876.0,900.0,1800.0,훼밀리,캔디류,봉지캔디
129178,훼밀리)크레페마시멜로팝35g,20251105,20,12,20065,원주상온센터(K7),1080.0,0.0,0.0,0.0,96.0,156.0,36.0,144.0,36.0,12.0,48.0,48.0,0.0,0.0,252.0,21,673.0,900.0,1800.0,훼밀리,캔디류,봉지캔디
129178,훼밀리)크레페마시멜로팝35g,20251105,20,12,20075,인천상온센터,1512.0,0.0,0.0,0.0,276.0,120.0,48.0,72.0,12.0,12.0,24.0,0.0,0.0,0.0,396.0,33,784.0,900.0,1800.0,훼밀리,캔디류,봉지캔디
129178,훼밀리)크레페마시멜로팝35g,20251105,20,12,20079,A광주상온센터,1152.0,0.0,0.0,168.0,108.0,168.0,60.0,24.0,24.0,12.0,60.0,0.0,0.0,0.0,444.0,37,685.0,900.0,1800.0,훼밀리,캔디류,봉지캔디
129178,훼밀리)크레페마시멜로팝35g,20251105,20,12,20080,A의왕상온센터,1224.0,0.0,0.0,0.0,180.0,108.0,84.0,48.0,12.0,24.0,24.0,12.0,0.0,0.0,288.0,26,722.0,900.0,1800.0,훼밀리,캔디류,봉지캔디
129178,훼밀리)크레페마시멜로팝35g,20251105,20,12,20081,A양산상온센터,1152.0,0.0,0.0,48.0,192.0,156.0,72.0,24.0,24.0,12.0,12.0,12.0,0.0,0.0,396.0,36,807.0,900.0,1800.0,훼밀리,캔디류,봉지캔디
129178,훼밀리)크레페마시멜로팝35g,20251105,20,12,20083,김제상온센터,792.0,0.0,0.0,84.0,72.0,120.0,96.0,12.0,36.0,12.0,24.0,0.0,0.0,0.0,276.0,23,588.0,900.0,1800.0,훼밀리,캔디류,봉지캔디
129178,훼밀리)크레페마시멜로팝35g,20251105,20,12,20084,천안상온센터,864.0,0.0,0.0,0.0,168.0,120.0,72.0,24.0,36.0,0.0,0.0,0.0,0.0,0.0,288.0,25,555.0,900.0,1800.0,훼밀리,캔디류,봉지캔디
129178,훼밀리)크레페마시멜로팝35g,20251105,20,12,20085,인천B상온센터,1728.0,0.0,0.0,0.0,144.0,84.0,72.0,36.0,24.0,0.0,24.0,0.0,0.0,0.0,228.0,20,795.0,900.0,1800.0,훼밀리,캔디류,봉지캔디
129179,드림)마치사과같은젤리53g,20251105,20,12,20006,성남센터,2304.0,0.0,0.0,0.0,240.0,216.0,156.0,72.0,84.0,12.0,48.0,12.0,0.0,0.0,456.0,38,701.0,1213.0,2300.0,드림,젤리류,국산젤리
129179,드림)마치사과같은젤리53g,20251105,20,12,20007,대구센터,2208.0,0.0,0.0,180.0,264.0,288.0,120.0,96.0,48.0,12.0,12.0,24.0,0.0,0.0,732.0,62,927.0,1213.0,2300.0,드림,젤리류,국산젤리
129179,드림)마치사과같은젤리53g,20251105,20,12,20010,양주센터,2880.0,0.0,0.0,324.0,288.0,180.0,120.0,48.0,48.0,60.0,24.0,0.0,0.0,0.0,792.0,64,967.0,1213.0,2300.0,드림,젤리류,국산젤리
129179,드림)마치사과같은젤리53g,20251105,20,12,20017,울산상온센터(K7),1344.0,0.0,0.0,84.0,108.0,180.0,84.0,12.0,0.0,12.0,60.0,0.0,0.0,0.0,372.0,33,665.0,1213.0,2300.0,드림,젤리류,국산젤리
129179,드림)마치사과같은젤리53g,20251105,20,12,20033,제주상온센터,480.0,0.0,0.0,0.0,108.0,60.0,24.0,12.0,12.0,12.0,12.0,0.0,0.0,0.0,168.0,14,295.0,1213.0,2300.0,드림,젤리류,국산젤리
129179,드림)마치사과같은젤리53g,20251105,20,12,20034,구성상온센터,2976.0,0.0,0.0,0.0,396.0,264.0,120.0,24.0,12.0,0.0,72.0,0.0,0.0,0.0,660.0,56,869.0,1213.0,2300.0,드림,젤리류,국산젤리
129179,드림)마치사과같은젤리53g,20251105,20,12,20050,세종상온센터,2016.0,0.0,0.0,240.0,300.0,72.0,84.0,24.0,36.0,36.0,24.0,24.0,0.0,0.0,612.0,52,876.0,1213.0,2300.0,드림,젤리류,국산젤리
129179,드림)마치사과같은젤리53g,20251105,20,12,20065,원주상온센터(K7),1440.0,0.0,0.0,0.0,144.0,144.0,60.0,96.0,24.0,0.0,48.0,12.0,0.0,0.0,288.0,25,673.0,1213.0,2300.0,드림,젤리류,국산젤리
129179,드림)마치사과같은젤리53g,20251105,20,12,20075,인천상온센터,2016.0,0.0,0.0,0.0,324.0,132.0,108.0,60.0,36.0,12.0,12.0,0.0,0.0,0.0,456.0,38,784.0,1213.0,2300.0,드림,젤리류,국산젤리
129179,드림)마치사과같은젤리53g,20251105,20,12,20079,A광주상온센터,1536.0,0.0,0.0,192.0,144.0,168.0,72.0,12.0,24.0,12.0,60.0,0.0,0.0,0.0,504.0,43,685.0,1213.0,2300.0,드림,젤리류,국산젤리
129179,드림)마치사과같은젤리53g,20251105,20,12,20080,A의왕상온센터,1632.0,0.0,0.0,0.0,300.0,204.0,120.0,84.0,0.0,24.0,12.0,0.0,12.0,0.0,504.0,44,722.0,1213.0,2300.0,드림,젤리류,국산젤리
129179,드림)마치사과같은젤리53g,20251105,20,12,20081,A양산상온센터,1536.0,0.0,0.0,108.0,204.0,216.0,60.0,0.0,12.0,36.0,12.0,0.0,0.0,0.0,528.0,47,807.0,1213.0,2300.0,드림,젤리류,국산젤리
129179,드림)마치사과같은젤리53g,20251105,20,12,20083,김제상온센터,1056.0,0.0,0.0,84.0,108.0,120.0,96.0,24.0,0.0,12.0,24.0,12.0,0.0,0.0,312.0,27,588.0,1213.0,2300.0,드림,젤리류,국산젤리
129179,드림)마치사과같은젤리53g,20251105,20,12,20084,천안상온센터,1152.0,0.0,0.0,0.0,156.0,144.0,36.0,60.0,0.0,0.0,0.0,12.0,0.0,0.0,300.0,25,555.0,1213.0,2300.0,드림,젤리류,국산젤리
129179,드림)마치사과같은젤리53g,20251105,20,12,20085,인천B상온센터,2304.0,0.0,0.0,0.0,324.0,240.0,84.0,72.0,24.0,0.0,24.0,12.0,0.0,0.0,564.0,47,795.0,1213.0,2300.0,드림,젤리류,국산젤리
129344,미성)허쉬그레인쿠키40g,20251112,20,10,20006,성남센터,960.0,300.0,20.0,30.0,20.0,0.0,50.0,70.0,160.0,330.0,120.0,10.0,10.0,0.0,70.0,51,761.0,1054.0,2000.0,미성,비스킷류,쿠키
129344,미성)허쉬그레인쿠키40g,20251112,20,10,20007,대구센터,960.0,200.0,10.0,30.0,0.0,40.0,60.0,110.0,220.0,290.0,40.0,10.0,0.0,0.0,80.0,42,930.0,1054.0,2000.0,미성,비스킷류,쿠키
129344,미성)허쉬그레인쿠키40g,20251112,20,10,20010,양주센터,1200.0,250.0,50.0,20.0,10.0,40.0,30.0,90.0,210.0,260.0,60.0,0.0,0.0,0.0,120.0,42,1055.0,1054.0,2000.0,미성,비스킷류,쿠키
129344,미성)허쉬그레인쿠키40g,20251112,20,10,20017,울산상온센터(K7),540.0,170.0,10.0,10.0,0.0,20.0,50.0,80.0,160.0,40.0,70.0,0.0,0.0,0.0,40.0,27,665.0,1054.0,2000.0,미성,비스킷류,쿠키
129344,미성)허쉬그레인쿠키40g,20251112,20,10,20033,제주상온센터,240.0,70.0,10.0,0.0,0.0,10.0,10.0,40.0,50.0,50.0,30.0,0.0,0.0,0.0,20.0,9,295.0,1054.0,2000.0,미성,비스킷류,쿠키
129344,미성)허쉬그레인쿠키40g,20251112,20,10,20034,구성상온센터,1260.0,160.0,0.0,50.0,0.0,0.0,40.0,20.0,140.0,330.0,180.0,30.0,0.0,0.0,50.0,27,949.0,1054.0,2000.0,미성,비스킷류,쿠키
129344,미성)허쉬그레인쿠키40g,20251112,20,10,20050,세종상온센터,840.0,170.0,20.0,30.0,0.0,40.0,30.0,60.0,220.0,150.0,60.0,30.0,0.0,0.0,90.0,31,931.0,1054.0,2000.0,미성,비스킷류,쿠키
129344,미성)허쉬그레인쿠키40g,20251112,20,10,20065,원주상온센터(K7),600.0,70.0,0.0,20.0,0.0,0.0,40.0,10.0,40.0,100.0,100.0,10.0,0.0,0.0,20.0,11,753.0,1054.0,2000.0,미성,비스킷류,쿠키
129344,미성)허쉬그레인쿠키40g,20251112,20,10,20075,인천상온센터,840.0,160.0,10.0,20.0,10.0,10.0,90.0,50.0,120.0,300.0,60.0,10.0,0.0,0.0,50.0,30,902.0,1054.0,2000.0,미성,비스킷류,쿠키
129344,미성)허쉬그레인쿠키40g,20251112,20,10,20079,A광주상온센터,660.0,50.0,0.0,20.0,10.0,30.0,20.0,70.0,100.0,50.0,40.0,0.0,0.0,0.0,60.0,13,681.0,1054.0,2000.0,미성,비스킷류,쿠키
129344,미성)허쉬그레인쿠키40g,20251112,20,10,20080,A의왕상온센터,660.0,170.0,0.0,10.0,10.0,0.0,70.0,60.0,110.0,210.0,90.0,10.0,10.0,0.0,20.0,26,725.0,1054.0,2000.0,미성,비스킷류,쿠키
129344,미성)허쉬그레인쿠키40g,20251112,20,10,20081,A양산상온센터,660.0,90.0,0.0,0.0,0.0,40.0,20.0,40.0,210.0,170.0,10.0,0.0,0.0,0.0,40.0,18,805.0,1054.0,2000.0,미성,비스킷류,쿠키
129344,미성)허쉬그레인쿠키40g,20251112,20,10,20083,김제상온센터,480.0,90.0,30.0,30.0,0.0,0.0,40.0,50.0,60.0,90.0,50.0,0.0,0.0,0.0,60.0,17,584.0,1054.0,2000.0,미성,비스킷류,쿠키
129344,미성)허쉬그레인쿠키40g,20251112,20,10,20084,천안상온센터,480.0,70.0,0.0,10.0,0.0,0.0,10.0,60.0,20.0,100.0,80.0,0.0,0.0,0.0,10.0,8,656.0,1054.0,2000.0,미성,비스킷류,쿠키
129344,미성)허쉬그레인쿠키40g,20251112,20,10,20085,인천B상온센터,960.0,180.0,0.0,0.0,30.0,10.0,80.0,100.0,90.0,270.0,160.0,0.0,0.0,0.0,40.0,29,870.0,1054.0,2000.0,미성,비스킷류,쿠키
129389,훼밀리)젤리팝시클20g,20251112,10,24,20006,성남센터,4032.0,0.0,0.0,0.0,216.0,216.0,240.0,96.0,48.0,0.0,0.0,0.0,0.0,0.0,432.0,18,761.0,400.0,800.0,훼밀리,젤리류,수입젤리
129389,훼밀리)젤리팝시클20g,20251112,10,24,20007,대구센터,3744.0,0.0,0.0,288.0,672.0,360.0,288.0,144.0,72.0,24.0,24.0,0.0,0.0,0.0,1320.0,60,930.0,400.0,800.0,훼밀리,젤리류,수입젤리
129389,훼밀리)젤리팝시클20g,20251112,10,24,20010,양주센터,4896.0,0.0,0.0,264.0,336.0,312.0,264.0,120.0,48.0,72.0,48.0,0.0,0.0,0.0,912.0,39,1055.0,400.0,800.0,훼밀리,젤리류,수입젤리
129389,훼밀리)젤리팝시클20g,20251112,10,24,20017,울산상온센터(K7),2304.0,0.0,0.0,120.0,360.0,264.0,96.0,72.0,96.0,24.0,24.0,0.0,0.0,0.0,744.0,33,665.0,400.0,800.0,훼밀리,젤리류,수입젤리
129389,훼밀리)젤리팝시클20g,20251112,10,24,20033,제주상온센터,864.0,0.0,0.0,0.0,144.0,120.0,48.0,96.0,0.0,0.0,24.0,0.0,0.0,0.0,264.0,11,295.0,400.0,800.0,훼밀리,젤리류,수입젤리
129389,훼밀리)젤리팝시클20g,20251112,10,24,20034,구성상온센터,5184.0,0.0,0.0,0.0,600.0,408.0,240.0,120.0,96.0,24.0,0.0,0.0,24.0,0.0,1008.0,45,949.0,400.0,800.0,훼밀리,젤리류,수입젤리
129389,훼밀리)젤리팝시클20g,20251112,10,24,20050,세종상온센터,3456.0,0.0,0.0,432.0,528.0,264.0,192.0,48.0,0.0,48.0,96.0,24.0,0.0,0.0,1224.0,51,931.0,400.0,800.0,훼밀리,젤리류,수입젤리
129389,훼밀리)젤리팝시클20g,20251112,10,24,20065,원주상온센터(K7),2592.0,0.0,0.0,0.0,408.0,552.0,192.0,72.0,120.0,72.0,48.0,48.0,0.0,0.0,960.0,42,753.0,400.0,800.0,훼밀리,젤리류,수입젤리
129389,훼밀리)젤리팝시클20g,20251112,10,24,20075,인천상온센터,3456.0,0.0,0.0,0.0,432.0,360.0,96.0,144.0,96.0,0.0,24.0,48.0,0.0,0.0,792.0,34,902.0,400.0,800.0,훼밀리,젤리류,수입젤리
129389,훼밀리)젤리팝시클20g,20251112,10,24,20079,A광주상온센터,2592.0,0.0,0.0,168.0,408.0,240.0,144.0,24.0,72.0,72.0,48.0,0.0,0.0,0.0,816.0,34,681.0,400.0,800.0,훼밀리,젤리류,수입젤리
129389,훼밀리)젤리팝시클20g,20251112,10,24,20080,A의왕상온센터,2880.0,0.0,0.0,0.0,432.0,240.0,216.0,120.0,24.0,0.0,0.0,24.0,24.0,0.0,672.0,29,725.0,400.0,800.0,훼밀리,젤리류,수입젤리
129389,훼밀리)젤리팝시클20g,20251112,10,24,20081,A양산상온센터,2880.0,0.0,0.0,192.0,312.0,312.0,312.0,144.0,24.0,24.0,24.0,0.0,0.0,0.0,816.0,34,805.0,400.0,800.0,훼밀리,젤리류,수입젤리
129389,훼밀리)젤리팝시클20g,20251112,10,24,20083,김제상온센터,2016.0,0.0,0.0,144.0,312.0,336.0,168.0,96.0,24.0,0.0,48.0,0.0,0.0,0.0,792.0,33,584.0,400.0,800.0,훼밀리,젤리류,수입젤리
129389,훼밀리)젤리팝시클20g,20251112,10,24,20084,천안상온센터,2016.0,0.0,0.0,0.0,360.0,264.0,96.0,72.0,120.0,24.0,24.0,24.0,0.0,0.0,624.0,27,656.0,400.0,800.0,훼밀리,젤리류,수입젤리
129389,훼밀리)젤리팝시클20g,20251112,10,24,20085,인천B상온센터,4032.0,0.0,0.0,0.0,288.0,120.0,120.0,24.0,0.0,0.0,24.0,48.0,0.0,0.0,408.0,20,870.0,400.0,800.0,훼밀리,젤리류,수입젤리
129390,피치)스퀴즈팝구미딸기맛72g,20251112,1,8,20006,성남센터,960.0,0.0,0.0,0.0,72.0,64.0,72.0,32.0,40.0,8.0,8.0,0.0,0.0,0.0,136.0,17,761.0,1850.0,3700.0,피치,젤리류,수입젤리
129390,피치)스퀴즈팝구미딸기맛72g,20251112,1,8,20007,대구센터,960.0,0.0,0.0,80.0,128.0,120.0,64.0,16.0,8.0,8.0,8.0,0.0,0.0,0.0,328.0,43,930.0,1850.0,3700.0,피치,젤리류,수입젤리
129390,피치)스퀴즈팝구미딸기맛72g,20251112,1,8,20010,양주센터,1152.0,0.0,0.0,64.0,136.0,80.0,64.0,24.0,8.0,24.0,24.0,0.0,0.0,0.0,280.0,35,1055.0,1850.0,3700.0,피치,젤리류,수입젤리
129390,피치)스퀴즈팝구미딸기맛72g,20251112,1,8,20017,울산상온센터(K7),576.0,0.0,0.0,72.0,96.0,56.0,48.0,24.0,16.0,16.0,8.0,8.0,0.0,0.0,224.0,29,665.0,1850.0,3700.0,피치,젤리류,수입젤리
129390,피치)스퀴즈팝구미딸기맛72g,20251112,1,8,20033,제주상온센터,192.0,0.0,0.0,0.0,56.0,24.0,16.0,32.0,0.0,0.0,0.0,0.0,0.0,0.0,80.0,10,295.0,1850.0,3700.0,피치,젤리류,수입젤리
129390,피치)스퀴즈팝구미딸기맛72g,20251112,1,8,20034,구성상온센터,1248.0,0.0,0.0,0.0,144.0,136.0,72.0,32.0,16.0,8.0,8.0,0.0,8.0,0.0,280.0,36,949.0,1850.0,3700.0,피치,젤리류,수입젤리
129390,피치)스퀴즈팝구미딸기맛72g,20251112,1,8,20050,세종상온센터,864.0,0.0,0.0,56.0,176.0,96.0,8.0,16.0,0.0,8.0,16.0,8.0,0.0,0.0,328.0,42,931.0,1850.0,3700.0,피치,젤리류,수입젤리
129390,피치)스퀴즈팝구미딸기맛72g,20251112,1,8,20065,원주상온센터(K7),576.0,0.0,0.0,0.0,72.0,176.0,56.0,32.0,8.0,16.0,8.0,16.0,0.0,0.0,248.0,31,753.0,1850.0,3700.0,피치,젤리류,수입젤리
129390,피치)스퀴즈팝구미딸기맛72g,20251112,1,8,20075,인천상온센터,864.0,0.0,0.0,0.0,112.0,128.0,56.0,32.0,40.0,0.0,8.0,16.0,0.0,0.0,240.0,30,902.0,1850.0,3700.0,피치,젤리류,수입젤리
129390,피치)스퀴즈팝구미딸기맛72g,20251112,1,8,20079,A광주상온센터,672.0,0.0,0.0,48.0,112.0,48.0,40.0,8.0,24.0,16.0,8.0,0.0,0.0,0.0,208.0,26,681.0,1850.0,3700.0,피치,젤리류,수입젤리
129390,피치)스퀴즈팝구미딸기맛72g,20251112,1,8,20080,A의왕상온센터,672.0,0.0,0.0,0.0,128.0,72.0,64.0,40.0,16.0,0.0,16.0,8.0,8.0,0.0,200.0,27,725.0,1850.0,3700.0,피치,젤리류,수입젤리
129390,피치)스퀴즈팝구미딸기맛72g,20251112,1,8,20081,A양산상온센터,672.0,0.0,0.0,40.0,104.0,88.0,48.0,24.0,16.0,16.0,8.0,0.0,0.0,0.0,232.0,30,805.0,1850.0,3700.0,피치,젤리류,수입젤리
129390,피치)스퀴즈팝구미딸기맛72g,20251112,1,8,20083,김제상온센터,480.0,0.0,0.0,48.0,64.0,48.0,40.0,32.0,8.0,0.0,16.0,0.0,0.0,0.0,160.0,20,584.0,1850.0,3700.0,피치,젤리류,수입젤리
129390,피치)스퀴즈팝구미딸기맛72g,20251112,1,8,20084,천안상온센터,480.0,0.0,0.0,0.0,96.0,48.0,24.0,32.0,32.0,0.0,16.0,8.0,0.0,0.0,144.0,19,656.0,1850.0,3700.0,피치,젤리류,수입젤리
129390,피치)스퀴즈팝구미딸기맛72g,20251112,1,8,20085,인천B상온센터,960.0,0.0,0.0,0.0,120.0,40.0,40.0,40.0,24.0,0.0,8.0,8.0,0.0,0.0,160.0,21,870.0,1850.0,3700.0,피치,젤리류,수입젤리
129391,피치)스퀴즈팝구미포도맛72g,20251112,20,8,20006,성남센터,960.0,0.0,0.0,0.0,72.0,64.0,64.0,32.0,32.0,8.0,8.0,0.0,0.0,0.0,136.0,17,761.0,1850.0,3700.0,피치,젤리류,수입젤리
129391,피치)스퀴즈팝구미포도맛72g,20251112,20,8,20007,대구센터,960.0,0.0,0.0,72.0,120.0,120.0,72.0,24.0,16.0,16.0,8.0,0.0,0.0,0.0,312.0,42,930.0,1850.0,3700.0,피치,젤리류,수입젤리
129391,피치)스퀴즈팝구미포도맛72g,20251112,20,8,20010,양주센터,1152.0,0.0,0.0,56.0,136.0,80.0,48.0,24.0,8.0,24.0,24.0,0.0,0.0,0.0,272.0,34,1055.0,1850.0,3700.0,피치,젤리류,수입젤리
129391,피치)스퀴즈팝구미포도맛72g,20251112,20,8,20017,울산상온센터(K7),576.0,0.0,0.0,64.0,96.0,48.0,48.0,40.0,16.0,16.0,8.0,0.0,0.0,0.0,208.0,26,665.0,1850.0,3700.0,피치,젤리류,수입젤리
129391,피치)스퀴즈팝구미포도맛72g,20251112,20,8,20033,제주상온센터,192.0,0.0,0.0,0.0,56.0,8.0,32.0,32.0,0.0,0.0,0.0,0.0,0.0,0.0,64.0,8,295.0,1850.0,3700.0,피치,젤리류,수입젤리
129391,피치)스퀴즈팝구미포도맛72g,20251112,20,8,20034,구성상온센터,1248.0,0.0,0.0,0.0,144.0,136.0,80.0,32.0,8.0,8.0,8.0,0.0,8.0,0.0,280.0,37,949.0,1850.0,3700.0,피치,젤리류,수입젤리
129391,피치)스퀴즈팝구미포도맛72g,20251112,20,8,20050,세종상온센터,864.0,0.0,0.0,64.0,160.0,96.0,8.0,16.0,0.0,8.0,16.0,8.0,0.0,0.0,320.0,42,931.0,1850.0,3700.0,피치,젤리류,수입젤리
129391,피치)스퀴즈팝구미포도맛72g,20251112,20,8,20065,원주상온센터(K7),576.0,0.0,0.0,0.0,72.0,168.0,56.0,24.0,8.0,16.0,8.0,16.0,0.0,0.0,240.0,31,753.0,1850.0,3700.0,피치,젤리류,수입젤리
129391,피치)스퀴즈팝구미포도맛72g,20251112,20,8,20075,인천상온센터,864.0,0.0,0.0,0.0,96.0,128.0,64.0,32.0,40.0,0.0,8.0,16.0,0.0,0.0,224.0,28,902.0,1850.0,3700.0,피치,젤리류,수입젤리
129391,피치)스퀴즈팝구미포도맛72g,20251112,20,8,20079,A광주상온센터,672.0,0.0,0.0,48.0,112.0,48.0,40.0,8.0,24.0,8.0,8.0,0.0,0.0,0.0,208.0,26,681.0,1850.0,3700.0,피치,젤리류,수입젤리
129391,피치)스퀴즈팝구미포도맛72g,20251112,20,8,20080,A의왕상온센터,672.0,0.0,0.0,0.0,128.0,72.0,64.0,32.0,24.0,0.0,16.0,8.0,8.0,0.0,200.0,26,725.0,1850.0,3700.0,피치,젤리류,수입젤리
129391,피치)스퀴즈팝구미포도맛72g,20251112,20,8,20081,A양산상온센터,672.0,0.0,0.0,40.0,104.0,80.0,48.0,16.0,16.0,16.0,0.0,0.0,0.0,0.0,224.0,28,805.0,1850.0,3700.0,피치,젤리류,수입젤리
129391,피치)스퀴즈팝구미포도맛72g,20251112,20,8,20083,김제상온센터,480.0,0.0,0.0,56.0,56.0,48.0,56.0,32.0,8.0,0.0,16.0,0.0,0.0,0.0,160.0,20,584.0,1850.0,3700.0,피치,젤리류,수입젤리
129391,피치)스퀴즈팝구미포도맛72g,20251112,20,8,20084,천안상온센터,480.0,0.0,0.0,0.0,96.0,40.0,16.0,32.0,32.0,0.0,8.0,8.0,0.0,0.0,136.0,18,656.0,1850.0,3700.0,피치,젤리류,수입젤리
129391,피치)스퀴즈팝구미포도맛72g,20251112,20,8,20085,인천B상온센터,960.0,0.0,0.0,0.0,120.0,40.0,40.0,40.0,16.0,0.0,8.0,8.0,0.0,0.0,160.0,21,870.0,1850.0,3700.0,피치,젤리류,수입젤리
129393,SAMG)프린세스하츄핑왕관젤리50g,20251112,20,10,20006,성남센터,1880.0,0.0,0.0,0.0,140.0,90.0,130.0,40.0,40.0,20.0,20.0,0.0,0.0,0.0,230.0,24,761.0,1055.0,2000.0,SAMG,젤리류,국산젤리
129393,SAMG)프린세스하츄핑왕관젤리50g,20251112,20,10,20007,대구센터,1840.0,0.0,0.0,130.0,250.0,160.0,80.0,150.0,40.0,20.0,30.0,0.0,0.0,0.0,540.0,51,930.0,1055.0,2000.0,SAMG,젤리류,국산젤리
129393,SAMG)프린세스하츄핑왕관젤리50g,20251112,20,10,20010,양주센터,2400.0,0.0,0.0,130.0,120.0,130.0,120.0,70.0,30.0,20.0,20.0,0.0,0.0,0.0,380.0,38,1055.0,1055.0,2000.0,SAMG,젤리류,국산젤리
129393,SAMG)프린세스하츄핑왕관젤리50g,20251112,20,10,20017,울산상온센터(K7),1080.0,0.0,0.0,50.0,80.0,100.0,100.0,70.0,20.0,20.0,10.0,0.0,0.0,0.0,230.0,25,665.0,1055.0,2000.0,SAMG,젤리류,국산젤리
129393,SAMG)프린세스하츄핑왕관젤리50g,20251112,20,10,20033,제주상온센터,400.0,0.0,0.0,10.0,70.0,30.0,50.0,50.0,0.0,10.0,10.0,0.0,0.0,0.0,110.0,12,295.0,1055.0,2000.0,SAMG,젤리류,국산젤리
129393,SAMG)프린세스하츄핑왕관젤리50g,20251112,20,10,20034,구성상온센터,2440.0,0.0,0.0,0.0,210.0,180.0,70.0,70.0,30.0,10.0,50.0,0.0,0.0,0.0,390.0,37,949.0,1055.0,2000.0,SAMG,젤리류,국산젤리
129393,SAMG)프린세스하츄핑왕관젤리50g,20251112,20,10,20050,세종상온센터,1640.0,0.0,0.0,120.0,270.0,130.0,80.0,70.0,0.0,10.0,40.0,10.0,0.0,0.0,520.0,51,931.0,1055.0,2000.0,SAMG,젤리류,국산젤리
129393,SAMG)프린세스하츄핑왕관젤리50g,20251112,20,10,20065,원주상온센터(K7),1160.0,0.0,0.0,60.0,210.0,50.0,40.0,0.0,10.0,30.0,20.0,0.0,0.0,0.0,320.0,33,753.0,1055.0,2000.0,SAMG,젤리류,국산젤리
129393,SAMG)프린세스하츄핑왕관젤리50g,20251112,20,10,20075,인천상온센터,1640.0,0.0,0.0,0.0,250.0,170.0,70.0,40.0,40.0,10.0,20.0,20.0,0.0,0.0,420.0,41,902.0,1055.0,2000.0,SAMG,젤리류,국산젤리
129393,SAMG)프린세스하츄핑왕관젤리50g,20251112,20,10,20079,A광주상온센터,1240.0,0.0,0.0,90.0,120.0,110.0,80.0,30.0,20.0,10.0,10.0,10.0,0.0,0.0,320.0,32,681.0,1055.0,2000.0,SAMG,젤리류,국산젤리
129393,SAMG)프린세스하츄핑왕관젤리50g,20251112,20,10,20080,A의왕상온센터,1320.0,0.0,0.0,0.0,250.0,140.0,40.0,30.0,0.0,20.0,10.0,10.0,0.0,0.0,390.0,36,725.0,1055.0,2000.0,SAMG,젤리류,국산젤리
129393,SAMG)프린세스하츄핑왕관젤리50g,20251112,20,10,20081,A양산상온센터,1280.0,0.0,0.0,90.0,130.0,80.0,100.0,70.0,20.0,10.0,0.0,10.0,0.0,0.0,300.0,33,805.0,1055.0,2000.0,SAMG,젤리류,국산젤리
129393,SAMG)프린세스하츄핑왕관젤리50g,20251112,20,10,20083,김제상온센터,880.0,0.0,0.0,50.0,80.0,110.0,130.0,50.0,10.0,10.0,10.0,10.0,0.0,0.0,240.0,25,584.0,1055.0,2000.0,SAMG,젤리류,국산젤리
129393,SAMG)프린세스하츄핑왕관젤리50g,20251112,20,10,20084,천안상온센터,920.0,0.0,0.0,0.0,170.0,50.0,60.0,50.0,20.0,10.0,10.0,0.0,0.0,0.0,220.0,21,656.0,1055.0,2000.0,SAMG,젤리류,국산젤리
129393,SAMG)프린세스하츄핑왕관젤리50g,20251112,20,10,20085,인천B상온센터,1920.0,0.0,0.0,0.0,180.0,110.0,90.0,20.0,30.0,10.0,0.0,0.0,0.0,0.0,290.0,30,870.0,1055.0,2000.0,SAMG,젤리류,국산젤리
129401,하늘)틴비스133g,20251112,30,2,20006,성남센터,1044.0,0.0,0.0,42.0,184.0,80.0,86.0,60.0,24.0,4.0,6.0,0.0,0.0,0.0,306.0,60,761.0,1555.0,3000.0,하늘,비스킷류,크래커
129401,하늘)틴비스133g,20251112,30,2,20007,대구센터,1026.0,0.0,18.0,116.0,154.0,66.0,16.0,52.0,18.0,22.0,18.0,0.0,0.0,0.0,354.0,70,930.0,1555.0,3000.0,하늘,비스킷류,크래커
129401,하늘)틴비스133g,20251112,30,2,20010,양주센터,1332.0,0.0,20.0,164.0,148.0,94.0,90.0,32.0,18.0,10.0,8.0,16.0,0.0,0.0,426.0,84,1055.0,1555.0,3000.0,하늘,비스킷류,크래커
129401,하늘)틴비스133g,20251112,30,2,20017,울산상온센터(K7),594.0,0.0,6.0,84.0,46.0,56.0,30.0,24.0,0.0,2.0,2.0,2.0,0.0,0.0,192.0,43,665.0,1555.0,3000.0,하늘,비스킷류,크래커
129401,하늘)틴비스133g,20251112,30,2,20033,제주상온센터,234.0,0.0,0.0,12.0,46.0,32.0,18.0,12.0,12.0,6.0,0.0,0.0,0.0,0.0,90.0,19,295.0,1555.0,3000.0,하늘,비스킷류,크래커
129401,하늘)틴비스133g,20251112,30,2,20034,구성상온센터,1368.0,0.0,0.0,30.0,210.0,112.0,52.0,42.0,26.0,6.0,14.0,6.0,6.0,0.0,352.0,70,949.0,1555.0,3000.0,하늘,비스킷류,크래커
129401,하늘)틴비스133g,20251112,30,2,20050,세종상온센터,918.0,0.0,18.0,122.0,172.0,92.0,44.0,28.0,14.0,6.0,30.0,2.0,0.0,0.0,404.0,81,931.0,1555.0,3000.0,하늘,비스킷류,크래커
129401,하늘)틴비스133g,20251112,30,2,20065,원주상온센터(K7),648.0,0.0,0.0,10.0,64.0,86.0,20.0,20.0,8.0,12.0,34.0,6.0,0.0,0.0,160.0,36,753.0,1555.0,3000.0,하늘,비스킷류,크래커
129401,하늘)틴비스133g,20251112,30,2,20075,인천상온센터,900.0,0.0,0.0,36.0,154.0,96.0,50.0,46.0,18.0,6.0,0.0,12.0,0.0,0.0,286.0,56,902.0,1555.0,3000.0,하늘,비스킷류,크래커
129401,하늘)틴비스133g,20251112,30,2,20079,A광주상온센터,684.0,0.0,18.0,48.0,98.0,34.0,42.0,28.0,38.0,8.0,4.0,0.0,0.0,0.0,198.0,42,681.0,1555.0,3000.0,하늘,비스킷류,크래커
129401,하늘)틴비스133g,20251112,30,2,20080,A의왕상온센터,738.0,0.0,0.0,40.0,190.0,100.0,54.0,30.0,26.0,6.0,16.0,8.0,6.0,0.0,330.0,70,725.0,1555.0,3000.0,하늘,비스킷류,크래커
129401,하늘)틴비스133g,20251112,30,2,20081,A양산상온센터,720.0,0.0,0.0,90.0,100.0,42.0,26.0,22.0,8.0,2.0,8.0,0.0,0.0,0.0,232.0,46,805.0,1555.0,3000.0,하늘,비스킷류,크래커
129401,하늘)틴비스133g,20251112,30,2,20083,김제상온센터,504.0,0.0,6.0,38.0,50.0,28.0,28.0,14.0,2.0,0.0,18.0,0.0,0.0,0.0,122.0,26,584.0,1555.0,3000.0,하늘,비스킷류,크래커
129401,하늘)틴비스133g,20251112,30,2,20084,천안상온센터,522.0,0.0,0.0,22.0,80.0,86.0,20.0,20.0,30.0,6.0,0.0,4.0,0.0,0.0,188.0,44,656.0,1555.0,3000.0,하늘,비스킷류,크래커
129401,하늘)틴비스133g,20251112,30,2,20085,인천B상온센터,1062.0,0.0,0.0,62.0,160.0,42.0,44.0,22.0,20.0,8.0,18.0,12.0,0.0,0.0,264.0,57,870.0,1555.0,3000.0,하늘,비스킷류,크래커
129402,하늘)틴비스피넛133g,20251112,30,2,20006,성남센터,1026.0,0.0,0.0,36.0,184.0,80.0,74.0,58.0,24.0,4.0,12.0,0.0,0.0,0.0,300.0,60,761.0,1555.0,3000.0,하늘,비스킷류,크래커
129402,하늘)틴비스피넛133g,20251112,30,2,20007,대구센터,1008.0,0.0,18.0,120.0,148.0,60.0,24.0,40.0,20.0,22.0,18.0,0.0,0.0,0.0,346.0,69,930.0,1555.0,3000.0,하늘,비스킷류,크래커
129402,하늘)틴비스피넛133g,20251112,30,2,20010,양주센터,1314.0,0.0,20.0,164.0,134.0,112.0,82.0,26.0,18.0,10.0,4.0,12.0,0.0,0.0,430.0,88,1055.0,1555.0,3000.0,하늘,비스킷류,크래커
129402,하늘)틴비스피넛133g,20251112,30,2,20017,울산상온센터(K7),594.0,0.0,6.0,84.0,38.0,42.0,32.0,24.0,0.0,4.0,4.0,0.0,0.0,0.0,170.0,39,665.0,1555.0,3000.0,하늘,비스킷류,크래커
129402,하늘)틴비스피넛133g,20251112,30,2,20033,제주상온센터,234.0,0.0,0.0,18.0,36.0,32.0,12.0,12.0,14.0,6.0,0.0,0.0,0.0,0.0,86.0,19,295.0,1555.0,3000.0,하늘,비스킷류,크래커
129402,하늘)틴비스피넛133g,20251112,30,2,20034,구성상온센터,1350.0,0.0,0.0,24.0,196.0,108.0,58.0,36.0,32.0,6.0,14.0,6.0,6.0,0.0,328.0,65,949.0,1555.0,3000.0,하늘,비스킷류,크래커
129402,하늘)틴비스피넛133g,20251112,30,2,20050,세종상온센터,900.0,0.0,12.0,102.0,172.0,64.0,44.0,18.0,14.0,6.0,42.0,2.0,0.0,0.0,350.0,74,931.0,1555.0,3000.0,하늘,비스킷류,크래커
129402,하늘)틴비스피넛133g,20251112,30,2,20065,원주상온센터(K7),630.0,0.0,0.0,16.0,76.0,88.0,20.0,22.0,8.0,12.0,34.0,6.0,0.0,0.0,180.0,39,753.0,1555.0,3000.0,하늘,비스킷류,크래커
129402,하늘)틴비스피넛133g,20251112,30,2,20075,인천상온센터,900.0,0.0,0.0,34.0,150.0,88.0,50.0,50.0,24.0,6.0,0.0,12.0,0.0,0.0,272.0,55,902.0,1555.0,3000.0,하늘,비스킷류,크래커
129402,하늘)틴비스피넛133g,20251112,30,2,20079,A광주상온센터,666.0,0.0,18.0,40.0,92.0,34.0,36.0,22.0,38.0,16.0,2.0,0.0,0.0,0.0,184.0,39,681.0,1555.0,3000.0,하늘,비스킷류,크래커
129402,하늘)틴비스피넛133g,20251112,30,2,20080,A의왕상온센터,720.0,0.0,0.0,30.0,182.0,100.0,42.0,24.0,26.0,6.0,16.0,8.0,6.0,0.0,312.0,66,725.0,1555.0,3000.0,하늘,비스킷류,크래커
129402,하늘)틴비스피넛133g,20251112,30,2,20081,A양산상온센터,720.0,0.0,0.0,90.0,106.0,48.0,24.0,22.0,8.0,2.0,14.0,0.0,0.0,0.0,244.0,49,805.0,1555.0,3000.0,하늘,비스킷류,크래커
129402,하늘)틴비스피넛133g,20251112,30,2,20083,김제상온센터,486.0,0.0,6.0,38.0,56.0,32.0,16.0,14.0,2.0,0.0,12.0,0.0,0.0,0.0,132.0,28,584.0,1555.0,3000.0,하늘,비스킷류,크래커
129402,하늘)틴비스피넛133g,20251112,30,2,20084,천안상온센터,504.0,0.0,0.0,20.0,80.0,80.0,24.0,14.0,30.0,6.0,4.0,2.0,0.0,0.0,180.0,42,656.0,1555.0,3000.0,하늘,비스킷류,크래커
129402,하늘)틴비스피넛133g,20251112,30,2,20085,인천B상온센터,1044.0,0.0,0.0,62.0,168.0,42.0,44.0,28.0,12.0,8.0,18.0,12.0,0.0,0.0,272.0,59,870.0,1555.0,3000.0,하늘,비스킷류,크래커
129524,로투스)비스코프샌드오리지널110g,20251203,30,5,20006,성남센터,192.0,0.0,0.0,0.0,100.0,185.0,95.0,55.0,15.0,19.0,25.0,10.0,0.0,0.0,285.0,54,763.0,1745.0,3200.0,로투스,비스킷류,크래커
129524,로투스)비스코프샌드오리지널110g,20251203,30,5,20007,대구센터,192.0,0.0,0.0,60.0,115.0,110.0,70.0,73.0,15.0,20.0,12.0,5.0,0.0,0.0,285.0,58,928.0,1745.0,3200.0,로투스,비스킷류,크래커
129524,로투스)비스코프샌드오리지널110g,20251203,30,5,20010,양주센터,240.0,0.0,0.0,50.0,120.0,130.0,100.0,40.0,15.0,7.0,10.0,5.0,0.0,0.0,300.0,58,1053.0,1745.0,3200.0,로투스,비스킷류,크래커
129524,로투스)비스코프샌드오리지널110g,20251203,30,5,20017,울산상온센터(K7),144.0,0.0,0.0,55.0,70.0,115.0,35.0,20.0,0.0,5.0,15.0,0.0,0.0,0.0,240.0,48,661.0,1745.0,3200.0,로투스,비스킷류,크래커
129524,로투스)비스코프샌드오리지널110g,20251203,30,5,20033,제주상온센터,48.0,0.0,0.0,0.0,50.0,20.0,35.0,10.0,10.0,1.0,0.0,10.0,0.0,0.0,70.0,13,294.0,1745.0,3200.0,로투스,비스킷류,크래커
129524,로투스)비스코프샌드오리지널110g,20251203,30,5,20034,구성상온센터,288.0,0.0,0.0,0.0,53.0,145.0,100.0,35.0,25.0,15.0,30.0,18.0,0.0,0.0,198.0,39,949.0,1745.0,3200.0,로투스,비스킷류,크래커
129524,로투스)비스코프샌드오리지널110g,20251203,30,5,20050,세종상온센터,192.0,0.0,0.0,20.0,155.0,140.0,40.0,40.0,25.0,5.0,3.0,0.0,0.0,0.0,315.0,63,930.0,1745.0,3200.0,로투스,비스킷류,크래커
129524,로투스)비스코프샌드오리지널110g,20251203,30,5,20065,원주상온센터(K7),144.0,0.0,0.0,0.0,105.0,90.0,50.0,15.0,28.0,0.0,7.0,8.0,0.0,0.0,195.0,39,749.0,1745.0,3200.0,로투스,비스킷류,크래커
129524,로투스)비스코프샌드오리지널110g,20251203,30,5,20075,인천상온센터,192.0,0.0,0.0,0.0,95.0,135.0,50.0,15.0,18.0,8.0,10.0,20.0,0.0,0.0,230.0,46,900.0,1745.0,3200.0,로투스,비스킷류,크래커
129524,로투스)비스코프샌드오리지널110g,20251203,30,5,20079,A광주상온센터,144.0,0.0,0.0,45.0,45.0,85.0,30.0,10.0,10.0,15.0,10.0,0.0,0.0,0.0,175.0,36,682.0,1745.0,3200.0,로투스,비스킷류,크래커
129524,로투스)비스코프샌드오리지널110g,20251203,30,5,20080,A의왕상온센터,144.0,0.0,0.0,0.0,70.0,110.0,95.0,45.0,15.0,20.0,5.0,5.0,10.0,0.0,180.0,40,727.0,1745.0,3200.0,로투스,비스킷류,크래커
129524,로투스)비스코프샌드오리지널110g,20251203,30,5,20081,A양산상온센터,144.0,0.0,0.0,45.0,70.0,95.0,25.0,25.0,20.0,0.0,16.0,10.0,0.0,0.0,210.0,43,803.0,1745.0,3200.0,로투스,비스킷류,크래커
129524,로투스)비스코프샌드오리지널110g,20251203,30,5,20083,김제상온센터,96.0,0.0,0.0,25.0,10.0,70.0,30.0,20.0,10.0,0.0,0.0,0.0,0.0,0.0,105.0,24,582.0,1745.0,3200.0,로투스,비스킷류,크래커
129524,로투스)비스코프샌드오리지널110g,20251203,30,5,20084,천안상온센터,96.0,0.0,0.0,0.0,65.0,90.0,45.0,35.0,25.0,15.0,22.0,5.0,0.0,0.0,155.0,33,653.0,1745.0,3200.0,로투스,비스킷류,크래커
129524,로투스)비스코프샌드오리지널110g,20251203,30,5,20085,인천B상온센터,192.0,0.0,0.0,0.0,130.0,115.0,85.0,40.0,13.0,25.0,10.0,0.0,2.0,0.0,245.0,50,870.0,1745.0,3200.0,로투스,비스킷류,크래커
129551,대진)콜라향츄잉캔디13g,20251119,20,30,20006,성남센터,7560.0,120.0,60.0,90.0,480.0,240.0,60.0,30.0,30.0,30.0,90.0,0.0,0.0,0.0,870.0,34,761.0,259.0,500.0,대진,캔디류,토이캔디
129551,대진)콜라향츄잉캔디13g,20251119,20,30,20007,대구센터,8640.0,390.0,210.0,300.0,450.0,390.0,150.0,60.0,90.0,60.0,30.0,30.0,0.0,0.0,1350.0,59,925.0,259.0,500.0,대진,캔디류,토이캔디
129551,대진)콜라향츄잉캔디13g,20251119,20,30,20010,양주센터,10800.0,180.0,180.0,210.0,390.0,150.0,60.0,120.0,30.0,30.0,0.0,0.0,0.0,0.0,930.0,37,1054.0,259.0,500.0,대진,캔디류,토이캔디
129551,대진)콜라향츄잉캔디13g,20251119,20,30,20017,울산상온센터(K7),4860.0,150.0,180.0,120.0,150.0,90.0,60.0,30.0,30.0,30.0,0.0,30.0,0.0,0.0,540.0,25,662.0,259.0,500.0,대진,캔디류,토이캔디
129551,대진)콜라향츄잉캔디13g,20251119,20,30,20033,제주상온센터,2160.0,150.0,90.0,0.0,30.0,30.0,0.0,0.0,30.0,0.0,0.0,0.0,0.0,0.0,150.0,10,295.0,259.0,500.0,대진,캔디류,토이캔디
129551,대진)콜라향츄잉캔디13g,20251119,20,30,20034,구성상온센터,11340.0,210.0,210.0,270.0,390.0,210.0,120.0,120.0,90.0,0.0,30.0,30.0,0.0,0.0,1080.0,43,950.0,259.0,500.0,대진,캔디류,토이캔디
129551,대진)콜라향츄잉캔디13g,20251119,20,30,20050,세종상온센터,7560.0,330.0,180.0,480.0,330.0,210.0,60.0,60.0,90.0,0.0,0.0,0.0,0.0,0.0,1200.0,51,929.0,259.0,500.0,대진,캔디류,토이캔디
129551,대진)콜라향츄잉캔디13g,20251119,20,30,20065,원주상온센터(K7),5400.0,150.0,120.0,240.0,480.0,150.0,150.0,120.0,30.0,0.0,30.0,60.0,0.0,0.0,990.0,38,753.0,259.0,500.0,대진,캔디류,토이캔디
129551,대진)콜라향츄잉캔디13g,20251119,20,30,20075,인천상온센터,8100.0,180.0,150.0,180.0,600.0,150.0,180.0,60.0,0.0,0.0,0.0,0.0,0.0,0.0,1080.0,45,902.0,259.0,500.0,대진,캔디류,토이캔디
129551,대진)콜라향츄잉캔디13g,20251119,20,30,20079,A광주상온센터,5400.0,120.0,180.0,210.0,360.0,210.0,90.0,90.0,0.0,0.0,30.0,0.0,0.0,0.0,960.0,37,683.0,259.0,500.0,대진,캔디류,토이캔디
129551,대진)콜라향츄잉캔디13g,20251119,20,30,20080,A의왕상온센터,5940.0,60.0,150.0,180.0,510.0,240.0,240.0,150.0,60.0,30.0,90.0,30.0,0.0,0.0,1080.0,39,726.0,259.0,500.0,대진,캔디류,토이캔디
129551,대진)콜라향츄잉캔디13g,20251119,20,30,20081,A양산상온센터,6480.0,120.0,60.0,300.0,390.0,120.0,30.0,60.0,30.0,60.0,30.0,0.0,0.0,0.0,870.0,33,802.0,259.0,500.0,대진,캔디류,토이캔디
129551,대진)콜라향츄잉캔디13g,20251119,20,30,20083,김제상온센터,4320.0,30.0,120.0,270.0,210.0,150.0,90.0,30.0,60.0,60.0,0.0,0.0,0.0,0.0,750.0,27,584.0,259.0,500.0,대진,캔디류,토이캔디
129551,대진)콜라향츄잉캔디13g,20251119,20,30,20084,천안상온센터,4320.0,90.0,150.0,120.0,120.0,120.0,120.0,30.0,0.0,0.0,90.0,60.0,0.0,0.0,510.0,23,653.0,259.0,500.0,대진,캔디류,토이캔디
129551,대진)콜라향츄잉캔디13g,20251119,20,30,20085,인천B상온센터,8100.0,30.0,180.0,150.0,390.0,210.0,90.0,0.0,0.0,30.0,0.0,0.0,0.0,0.0,930.0,35,869.0,259.0,500.0,대진,캔디류,토이캔디
129553,일신)바주카쥬시드롭구미57g,20251119,30,12,20006,성남센터,1440.0,24.0,12.0,24.0,204.0,84.0,36.0,0.0,0.0,12.0,48.0,0.0,0.0,0.0,324.0,33,761.0,2000.0,4000.0,일신,젤리류,수입젤리
129553,일신)바주카쥬시드롭구미57g,20251119,30,12,20007,대구센터,1728.0,120.0,48.0,108.0,216.0,132.0,96.0,36.0,12.0,36.0,0.0,12.0,0.0,0.0,504.0,52,925.0,2000.0,4000.0,일신,젤리류,수입젤리
129553,일신)바주카쥬시드롭구미57g,20251119,30,12,20010,양주센터,2160.0,120.0,84.0,156.0,132.0,96.0,48.0,36.0,0.0,24.0,0.0,24.0,0.0,0.0,468.0,49,1054.0,2000.0,4000.0,일신,젤리류,수입젤리
129553,일신)바주카쥬시드롭구미57g,20251119,30,12,20017,울산상온센터(K7),1008.0,48.0,72.0,108.0,48.0,60.0,12.0,24.0,24.0,36.0,12.0,12.0,0.0,0.0,288.0,28,662.0,2000.0,4000.0,일신,젤리류,수입젤리
129553,일신)바주카쥬시드롭구미57g,20251119,30,12,20033,제주상온센터,432.0,60.0,36.0,0.0,36.0,12.0,36.0,0.0,24.0,0.0,0.0,0.0,0.0,0.0,84.0,12,295.0,2000.0,4000.0,일신,젤리류,수입젤리
129553,일신)바주카쥬시드롭구미57g,20251119,30,12,20034,구성상온센터,2304.0,24.0,60.0,108.0,204.0,96.0,84.0,36.0,0.0,0.0,0.0,0.0,0.0,0.0,468.0,44,950.0,2000.0,4000.0,일신,젤리류,수입젤리
129553,일신)바주카쥬시드롭구미57g,20251119,30,12,20050,세종상온센터,1584.0,108.0,48.0,204.0,192.0,60.0,48.0,60.0,0.0,12.0,12.0,0.0,0.0,0.0,504.0,52,929.0,2000.0,4000.0,일신,젤리류,수입젤리
129553,일신)바주카쥬시드롭구미57g,20251119,30,12,20065,원주상온센터(K7),1152.0,24.0,24.0,60.0,156.0,60.0,84.0,48.0,24.0,24.0,12.0,0.0,0.0,0.0,300.0,30,753.0,2000.0,4000.0,일신,젤리류,수입젤리
129553,일신)바주카쥬시드롭구미57g,20251119,30,12,20075,인천상온센터,1728.0,96.0,24.0,72.0,156.0,84.0,72.0,24.0,0.0,12.0,0.0,0.0,0.0,0.0,336.0,38,902.0,2000.0,4000.0,일신,젤리류,수입젤리
129553,일신)바주카쥬시드롭구미57g,20251119,30,12,20079,A광주상온센터,1152.0,48.0,48.0,72.0,60.0,36.0,24.0,36.0,0.0,12.0,0.0,0.0,0.0,0.0,216.0,23,683.0,2000.0,4000.0,일신,젤리류,수입젤리
129553,일신)바주카쥬시드롭구미57g,20251119,30,12,20080,A의왕상온센터,1296.0,72.0,72.0,24.0,192.0,48.0,60.0,48.0,12.0,0.0,0.0,0.0,0.0,0.0,336.0,38,726.0,2000.0,4000.0,일신,젤리류,수입젤리
129553,일신)바주카쥬시드롭구미57g,20251119,30,12,20081,A양산상온센터,1296.0,24.0,36.0,108.0,156.0,60.0,12.0,36.0,0.0,24.0,0.0,0.0,0.0,0.0,360.0,32,802.0,2000.0,4000.0,일신,젤리류,수입젤리
129553,일신)바주카쥬시드롭구미57g,20251119,30,12,20083,김제상온센터,864.0,48.0,36.0,12.0,72.0,96.0,12.0,0.0,36.0,0.0,12.0,12.0,0.0,0.0,216.0,22,584.0,2000.0,4000.0,일신,젤리류,수입젤리
129553,일신)바주카쥬시드롭구미57g,20251119,30,12,20084,천안상온센터,864.0,24.0,72.0,24.0,72.0,60.0,60.0,24.0,12.0,0.0,0.0,12.0,0.0,0.0,228.0,23,653.0,2000.0,4000.0,일신,젤리류,수입젤리
129553,일신)바주카쥬시드롭구미57g,20251119,30,12,20085,인천B상온센터,1584.0,0.0,72.0,12.0,132.0,60.0,84.0,12.0,24.0,0.0,12.0,0.0,0.0,0.0,276.0,24,869.0,2000.0,4000.0,일신,젤리류,수입젤리
129561,선우)이름찾기초콜릿48g,20251119,40,1,20006,성남센터,2112.0,59.0,36.0,72.0,276.0,108.0,84.0,48.0,96.0,12.0,24.0,24.0,0.0,0.0,492.0,44,761.0,1527.0,2800.0,선우,초콜릿,봉지초콜릿
129561,선우)이름찾기초콜릿48g,20251119,40,1,20007,대구센터,2400.0,277.0,72.0,180.0,312.0,156.0,96.0,48.0,60.0,72.0,12.0,24.0,0.0,0.0,720.0,78,925.0,1527.0,2800.0,선우,초콜릿,봉지초콜릿
129561,선우)이름찾기초콜릿48g,20251119,40,1,20010,양주센터,3168.0,204.0,144.0,288.0,288.0,120.0,120.0,96.0,36.0,36.0,0.0,24.0,0.0,0.0,840.0,79,1054.0,1527.0,2800.0,선우,초콜릿,봉지초콜릿
129561,선우)이름찾기초콜릿48g,20251119,40,1,20017,울산상온센터(K7),1440.0,108.0,60.0,132.0,156.0,48.0,36.0,48.0,48.0,24.0,12.0,0.0,0.0,0.0,396.0,44,662.0,1527.0,2800.0,선우,초콜릿,봉지초콜릿
129561,선우)이름찾기초콜릿48g,20251119,40,1,20033,제주상온센터,576.0,60.0,60.0,36.0,60.0,24.0,36.0,12.0,12.0,0.0,12.0,12.0,0.0,0.0,180.0,21,295.0,1527.0,2800.0,선우,초콜릿,봉지초콜릿
129561,선우)이름찾기초콜릿48g,20251119,40,1,20034,구성상온센터,3264.0,89.0,132.0,96.0,504.0,168.0,108.0,48.0,36.0,0.0,0.0,12.0,0.0,0.0,900.0,65,950.0,1527.0,2800.0,선우,초콜릿,봉지초콜릿
129561,선우)이름찾기초콜릿48g,20251119,40,1,20050,세종상온센터,2208.0,144.0,48.0,288.0,216.0,144.0,84.0,36.0,12.0,12.0,24.0,0.0,0.0,0.0,696.0,72,929.0,1527.0,2800.0,선우,초콜릿,봉지초콜릿
129561,선우)이름찾기초콜릿48g,20251119,40,1,20065,원주상온센터(K7),1536.0,43.0,84.0,60.0,180.0,96.0,120.0,36.0,36.0,24.0,24.0,12.0,0.0,0.0,420.0,42,753.0,1527.0,2800.0,선우,초콜릿,봉지초콜릿
129561,선우)이름찾기초콜릿48g,20251119,40,1,20075,인천상온센터,2400.0,136.0,132.0,120.0,228.0,84.0,72.0,60.0,12.0,12.0,0.0,12.0,0.0,0.0,564.0,60,902.0,1527.0,2800.0,선우,초콜릿,봉지초콜릿
129561,선우)이름찾기초콜릿48g,20251119,40,1,20079,A광주상온센터,1536.0,108.0,60.0,84.0,204.0,60.0,24.0,24.0,36.0,24.0,0.0,0.0,0.0,0.0,408.0,43,683.0,1527.0,2800.0,선우,초콜릿,봉지초콜릿
129561,선우)이름찾기초콜릿48g,20251119,40,1,20080,A의왕상온센터,1728.0,48.0,96.0,72.0,384.0,96.0,48.0,108.0,36.0,24.0,0.0,12.0,0.0,0.0,648.0,61,726.0,1527.0,2800.0,선우,초콜릿,봉지초콜릿
129561,선우)이름찾기초콜릿48g,20251119,40,1,20081,A양산상온센터,1920.0,84.0,60.0,192.0,204.0,84.0,72.0,72.0,24.0,12.0,12.0,0.0,0.0,0.0,540.0,54,802.0,1527.0,2800.0,선우,초콜릿,봉지초콜릿
129561,선우)이름찾기초콜릿48g,20251119,40,1,20083,김제상온센터,1152.0,24.0,12.0,60.0,156.0,120.0,60.0,24.0,48.0,0.0,12.0,12.0,0.0,0.0,348.0,29,584.0,1527.0,2800.0,선우,초콜릿,봉지초콜릿
129561,선우)이름찾기초콜릿48g,20251119,40,1,20084,천안상온센터,1248.0,60.0,72.0,48.0,156.0,48.0,48.0,36.0,36.0,24.0,12.0,24.0,0.0,0.0,324.0,33,653.0,1527.0,2800.0,선우,초콜릿,봉지초콜릿
129561,선우)이름찾기초콜릿48g,20251119,40,1,20085,인천B상온센터,2304.0,12.0,108.0,168.0,204.0,72.0,72.0,36.0,0.0,24.0,12.0,0.0,0.0,0.0,552.0,46,869.0,1527.0,2800.0,선우,초콜릿,봉지초콜릿
129562,농심)멘토스필링베리굿37g,20251119,50,24,20006,성남센터,10512.0,288.0,120.0,288.0,1656.0,600.0,480.0,240.0,192.0,24.0,72.0,0.0,0.0,0.0,2664.0,124,761.0,470.0,900.0,농심,캔디류,소프트캔디
129562,농심)멘토스필링베리굿37g,20251119,50,24,20007,대구센터,11952.0,792.0,312.0,1008.0,1344.0,816.0,552.0,360.0,216.0,96.0,72.0,96.0,0.0,0.0,3480.0,178,925.0,470.0,900.0,농심,캔디류,소프트캔디
129562,농심)멘토스필링베리굿37g,20251119,50,24,20010,양주센터,15696.0,600.0,504.0,984.0,1368.0,624.0,528.0,408.0,144.0,48.0,72.0,24.0,0.0,0.0,3480.0,168,1054.0,470.0,900.0,농심,캔디류,소프트캔디
129562,농심)멘토스필링베리굿37g,20251119,50,24,20017,울산상온센터(K7),7056.0,384.0,312.0,768.0,816.0,456.0,96.0,192.0,48.0,48.0,24.0,72.0,0.0,0.0,2352.0,114,662.0,470.0,900.0,농심,캔디류,소프트캔디
129562,농심)멘토스필링베리굿37g,20251119,50,24,20033,제주상온센터,2736.0,216.0,216.0,120.0,336.0,144.0,48.0,24.0,24.0,0.0,24.0,48.0,0.0,0.0,816.0,44,295.0,470.0,900.0,농심,캔디류,소프트캔디
129562,농심)멘토스필링베리굿37g,20251119,50,24,20034,구성상온센터,16128.0,480.0,408.0,480.0,1656.0,624.0,576.0,312.0,168.0,48.0,48.0,24.0,48.0,0.0,3168.0,155,950.0,470.0,900.0,농심,캔디류,소프트캔디
129562,농심)멘토스필링베리굿37g,20251119,50,24,20050,세종상온센터,10800.0,576.0,240.0,840.0,1152.0,576.0,312.0,240.0,144.0,72.0,48.0,24.0,0.0,0.0,2808.0,140,929.0,470.0,900.0,농심,캔디류,소프트캔디
129562,농심)멘토스필링베리굿37g,20251119,50,24,20065,원주상온센터(K7),7488.0,216.0,216.0,264.0,792.0,384.0,432.0,168.0,48.0,120.0,24.0,24.0,0.0,0.0,1656.0,79,753.0,470.0,900.0,농심,캔디류,소프트캔디
129562,농심)멘토스필링베리굿37g,20251119,50,24,20075,인천상온센터,11808.0,528.0,336.0,408.0,1344.0,552.0,336.0,144.0,144.0,48.0,120.0,48.0,0.0,0.0,2640.0,131,902.0,470.0,900.0,농심,캔디류,소프트캔디
129562,농심)멘토스필링베리굿37g,20251119,50,24,20079,A광주상온센터,7632.0,264.0,240.0,624.0,816.0,480.0,336.0,192.0,48.0,72.0,24.0,0.0,0.0,0.0,2160.0,101,683.0,470.0,900.0,농심,캔디류,소프트캔디
129562,농심)멘토스필링베리굿37g,20251119,50,24,20080,A의왕상온센터,8640.0,360.0,432.0,408.0,1728.0,528.0,552.0,288.0,144.0,24.0,72.0,72.0,24.0,0.0,3096.0,145,726.0,470.0,900.0,농심,캔디류,소프트캔디
129562,농심)멘토스필링베리굿37g,20251119,50,24,20081,A양산상온센터,9504.0,528.0,288.0,624.0,888.0,264.0,120.0,216.0,120.0,72.0,72.0,0.0,0.0,0.0,2064.0,111,802.0,470.0,900.0,농심,캔디류,소프트캔디
129562,농심)멘토스필링베리굿37g,20251119,50,24,20083,김제상온센터,5760.0,144.0,192.0,408.0,552.0,384.0,192.0,48.0,192.0,48.0,24.0,24.0,0.0,0.0,1536.0,72,584.0,470.0,900.0,농심,캔디류,소프트캔디
129562,농심)멘토스필링베리굿37g,20251119,50,24,20084,천안상온센터,6048.0,240.0,408.0,96.0,624.0,288.0,432.0,120.0,168.0,24.0,96.0,48.0,0.0,0.0,1416.0,69,653.0,470.0,900.0,농심,캔디류,소프트캔디
129562,농심)멘토스필링베리굿37g,20251119,50,24,20085,인천B상온센터,11376.0,312.0,504.0,480.0,1320.0,552.0,384.0,96.0,96.0,96.0,24.0,24.0,0.0,0.0,2856.0,131,869.0,470.0,900.0,농심,캔디류,소프트캔디
129563,미성)제로슈가마시멜로우50g,20251119,20,3,20006,성남센터,1080.0,15.0,18.0,33.0,156.0,30.0,51.0,21.0,48.0,0.0,12.0,0.0,0.0,0.0,237.0,47,761.0,1054.0,2000.0,미성,캔디류,봉지캔디
129563,미성)제로슈가마시멜로우50g,20251119,20,3,20007,대구센터,1224.0,114.0,36.0,96.0,111.0,93.0,78.0,48.0,24.0,15.0,6.0,0.0,0.0,0.0,336.0,85,925.0,1054.0,2000.0,미성,캔디류,봉지캔디
129563,미성)제로슈가마시멜로우50g,20251119,20,3,20010,양주센터,1608.0,57.0,51.0,93.0,111.0,63.0,30.0,69.0,0.0,18.0,0.0,0.0,0.0,0.0,318.0,70,1054.0,1054.0,2000.0,미성,캔디류,봉지캔디
129563,미성)제로슈가마시멜로우50g,20251119,20,3,20017,울산상온센터(K7),720.0,30.0,33.0,75.0,72.0,33.0,12.0,18.0,21.0,3.0,3.0,6.0,0.0,0.0,213.0,45,662.0,1054.0,2000.0,미성,캔디류,봉지캔디
129563,미성)제로슈가마시멜로우50g,20251119,20,3,20033,제주상온센터,288.0,36.0,30.0,3.0,24.0,33.0,9.0,18.0,3.0,3.0,0.0,3.0,0.0,0.0,90.0,25,295.0,1054.0,2000.0,미성,캔디류,봉지캔디
129563,미성)제로슈가마시멜로우50g,20251119,20,3,20034,구성상온센터,1656.0,39.0,42.0,51.0,150.0,81.0,54.0,36.0,27.0,0.0,6.0,6.0,6.0,0.0,324.0,69,950.0,1054.0,2000.0,미성,캔디류,봉지캔디
129563,미성)제로슈가마시멜로우50g,20251119,20,3,20050,세종상온센터,1104.0,48.0,12.0,108.0,123.0,54.0,36.0,27.0,9.0,3.0,18.0,0.0,0.0,0.0,297.0,67,929.0,1054.0,2000.0,미성,캔디류,봉지캔디
129563,미성)제로슈가마시멜로우50g,20251119,20,3,20065,원주상온센터(K7),768.0,24.0,36.0,30.0,99.0,42.0,51.0,33.0,12.0,18.0,6.0,6.0,0.0,0.0,207.0,51,753.0,1054.0,2000.0,미성,캔디류,봉지캔디
129563,미성)제로슈가마시멜로우50g,20251119,20,3,20075,인천상온센터,1224.0,30.0,30.0,48.0,141.0,60.0,33.0,18.0,6.0,6.0,3.0,0.0,0.0,0.0,279.0,65,902.0,1054.0,2000.0,미성,캔디류,봉지캔디
129563,미성)제로슈가마시멜로우50g,20251119,20,3,20079,A광주상온센터,792.0,33.0,6.0,78.0,60.0,63.0,21.0,15.0,0.0,6.0,0.0,0.0,0.0,0.0,207.0,47,683.0,1054.0,2000.0,미성,캔디류,봉지캔디
129563,미성)제로슈가마시멜로우50g,20251119,20,3,20080,A의왕상온센터,888.0,15.0,33.0,57.0,186.0,54.0,30.0,36.0,6.0,0.0,6.0,0.0,0.0,0.0,330.0,67,726.0,1054.0,2000.0,미성,캔디류,봉지캔디
129563,미성)제로슈가마시멜로우50g,20251119,20,3,20081,A양산상온센터,984.0,33.0,15.0,84.0,96.0,18.0,18.0,24.0,12.0,9.0,9.0,0.0,0.0,0.0,213.0,48,802.0,1054.0,2000.0,미성,캔디류,봉지캔디
129563,미성)제로슈가마시멜로우50g,20251119,20,3,20083,김제상온센터,600.0,18.0,12.0,30.0,69.0,36.0,6.0,6.0,18.0,6.0,3.0,0.0,0.0,0.0,147.0,31,584.0,1054.0,2000.0,미성,캔디류,봉지캔디
129563,미성)제로슈가마시멜로우50g,20251119,20,3,20084,천안상온센터,624.0,24.0,30.0,15.0,60.0,18.0,36.0,18.0,15.0,0.0,12.0,3.0,0.0,0.0,123.0,27,653.0,1054.0,2000.0,미성,캔디류,봉지캔디
129563,미성)제로슈가마시멜로우50g,20251119,20,3,20085,인천B상온센터,1176.0,9.0,48.0,54.0,150.0,36.0,54.0,12.0,3.0,9.0,0.0,0.0,0.0,0.0,288.0,60,869.0,1054.0,2000.0,미성,캔디류,봉지캔디
129565,투데이)씬피넛버터샌드80g,20251203,30,4,20006,성남센터,2064.0,256.0,48.0,56.0,280.0,200.0,64.0,40.0,24.0,16.0,28.0,28.0,0.0,0.0,584.0,106,763.0,1318.0,2500.0,투데이,비스킷류,크래커
129565,투데이)씬피넛버터샌드80g,20251203,30,4,20007,대구센터,2352.0,232.0,40.0,208.0,148.0,168.0,96.0,28.0,36.0,32.0,0.0,0.0,0.0,0.0,564.0,106,928.0,1318.0,2500.0,투데이,비스킷류,크래커
129565,투데이)씬피넛버터샌드80g,20251203,30,4,20010,양주센터,3096.0,312.0,60.0,296.0,236.0,144.0,84.0,56.0,36.0,24.0,20.0,0.0,0.0,0.0,736.0,121,1053.0,1318.0,2500.0,투데이,비스킷류,크래커
129565,투데이)씬피넛버터샌드80g,20251203,30,4,20017,울산상온센터(K7),1392.0,180.0,36.0,136.0,84.0,60.0,12.0,4.0,0.0,0.0,16.0,0.0,0.0,0.0,316.0,68,661.0,1318.0,2500.0,투데이,비스킷류,크래커
129565,투데이)씬피넛버터샌드80g,20251203,30,4,20033,제주상온센터,1056.0,92.0,0.0,4.0,104.0,36.0,20.0,16.0,28.0,0.0,12.0,0.0,0.0,0.0,144.0,28,294.0,1318.0,2500.0,투데이,비스킷류,크래커
129565,투데이)씬피넛버터샌드80g,20251203,30,4,20034,구성상온센터,3168.0,216.0,56.0,116.0,232.0,164.0,140.0,28.0,28.0,0.0,20.0,4.0,0.0,0.0,568.0,107,949.0,1318.0,2500.0,투데이,비스킷류,크래커
129565,투데이)씬피넛버터샌드80g,20251203,30,4,20050,세종상온센터,2136.0,264.0,20.0,200.0,256.0,132.0,36.0,36.0,28.0,12.0,16.0,4.0,0.0,0.0,608.0,122,930.0,1318.0,2500.0,투데이,비스킷류,크래커
129565,투데이)씬피넛버터샌드80g,20251203,30,4,20065,원주상온센터(K7),1488.0,124.0,36.0,56.0,156.0,96.0,56.0,16.0,28.0,4.0,8.0,20.0,0.0,0.0,344.0,59,749.0,1318.0,2500.0,투데이,비스킷류,크래커
129565,투데이)씬피넛버터샌드80g,20251203,30,4,20075,인천상온센터,2328.0,232.0,20.0,60.0,264.0,140.0,28.0,32.0,4.0,16.0,0.0,12.0,0.0,0.0,484.0,96,900.0,1318.0,2500.0,투데이,비스킷류,크래커
129565,투데이)씬피넛버터샌드80g,20251203,30,4,20079,A광주상온센터,1488.0,100.0,12.0,132.0,92.0,60.0,28.0,28.0,4.0,4.0,4.0,4.0,0.0,0.0,296.0,53,682.0,1318.0,2500.0,투데이,비스킷류,크래커
129565,투데이)씬피넛버터샌드80g,20251203,30,4,20080,A의왕상온센터,1704.0,264.0,76.0,40.0,288.0,76.0,36.0,84.0,44.0,16.0,16.0,12.0,4.0,0.0,480.0,104,727.0,1318.0,2500.0,투데이,비스킷류,크래커
129565,투데이)씬피넛버터샌드80g,20251203,30,4,20081,A양산상온센터,1872.0,212.0,56.0,124.0,196.0,68.0,40.0,8.0,16.0,0.0,0.0,12.0,0.0,0.0,444.0,82,803.0,1318.0,2500.0,투데이,비스킷류,크래커
129565,투데이)씬피넛버터샌드80g,20251203,30,4,20083,김제상온센터,1152.0,120.0,12.0,44.0,48.0,52.0,24.0,28.0,24.0,0.0,0.0,0.0,0.0,0.0,156.0,38,582.0,1318.0,2500.0,투데이,비스킷류,크래커
129565,투데이)씬피넛버터샌드80g,20251203,30,4,20084,천안상온센터,1200.0,204.0,24.0,0.0,176.0,140.0,44.0,44.0,12.0,28.0,16.0,4.0,0.0,0.0,340.0,70,653.0,1318.0,2500.0,투데이,비스킷류,크래커
129565,투데이)씬피넛버터샌드80g,20251203,30,4,20085,인천B상온센터,2256.0,224.0,32.0,60.0,224.0,124.0,80.0,76.0,16.0,12.0,12.0,0.0,4.0,0.0,440.0,95,870.0,1318.0,2500.0,투데이,비스킷류,크래커
129566,해태)에이스샌드우유크림51g,20251126,50,6,20006,성남센터,6648.0,216.0,42.0,36.0,402.0,204.0,216.0,84.0,174.0,6.0,48.0,24.0,0.0,0.0,684.0,145,763.0,818.0,1500.0,해태,비스킷류,크래커
129566,해태)에이스샌드우유크림51g,20251126,50,6,20007,대구센터,7608.0,312.0,60.0,360.0,360.0,216.0,180.0,156.0,102.0,18.0,12.0,12.0,0.0,0.0,996.0,215,926.0,818.0,1500.0,해태,비스킷류,크래커
129566,해태)에이스샌드우유크림51g,20251126,50,6,20010,양주센터,9960.0,246.0,96.0,390.0,324.0,120.0,198.0,120.0,54.0,30.0,36.0,18.0,0.0,0.0,930.0,191,1053.0,818.0,1500.0,해태,비스킷류,크래커
129566,해태)에이스샌드우유크림51g,20251126,50,6,20017,울산상온센터(K7),4440.0,240.0,36.0,174.0,156.0,150.0,66.0,90.0,42.0,18.0,12.0,12.0,0.0,0.0,516.0,126,661.0,818.0,1500.0,해태,비스킷류,크래커
129566,해태)에이스샌드우유크림51g,20251126,50,6,20033,제주상온센터,1680.0,96.0,30.0,18.0,102.0,42.0,54.0,42.0,12.0,12.0,6.0,6.0,0.0,0.0,192.0,51,294.0,818.0,1500.0,해태,비스킷류,크래커
129566,해태)에이스샌드우유크림51g,20251126,50,6,20034,구성상온센터,10248.0,246.0,72.0,90.0,432.0,180.0,240.0,138.0,48.0,24.0,18.0,66.0,12.0,0.0,774.0,167,950.0,818.0,1500.0,해태,비스킷류,크래커
129566,해태)에이스샌드우유크림51g,20251126,50,6,20050,세종상온센터,6864.0,288.0,108.0,282.0,288.0,180.0,114.0,108.0,18.0,12.0,30.0,18.0,6.0,0.0,858.0,181,929.0,818.0,1500.0,해태,비스킷류,크래커
129566,해태)에이스샌드우유크림51g,20251126,50,6,20065,원주상온센터(K7),4776.0,96.0,30.0,150.0,174.0,96.0,90.0,30.0,30.0,18.0,18.0,18.0,6.0,0.0,450.0,94,750.0,818.0,1500.0,해태,비스킷류,크래커
129566,해태)에이스샌드우유크림51g,20251126,50,6,20075,인천상온센터,7512.0,216.0,48.0,60.0,384.0,138.0,156.0,114.0,48.0,30.0,18.0,30.0,6.0,0.0,630.0,137,902.0,818.0,1500.0,해태,비스킷류,크래커
129566,해태)에이스샌드우유크림51g,20251126,50,6,20079,A광주상온센터,4800.0,138.0,48.0,144.0,180.0,120.0,66.0,96.0,18.0,36.0,6.0,12.0,0.0,0.0,492.0,105,683.0,818.0,1500.0,해태,비스킷류,크래커
129566,해태)에이스샌드우유크림51g,20251126,50,6,20080,A의왕상온센터,5472.0,294.0,54.0,72.0,408.0,180.0,150.0,90.0,36.0,24.0,30.0,24.0,6.0,0.0,714.0,157,727.0,818.0,1500.0,해태,비스킷류,크래커
129566,해태)에이스샌드우유크림51g,20251126,50,6,20081,A양산상온센터,6048.0,216.0,54.0,168.0,180.0,120.0,72.0,96.0,24.0,6.0,12.0,18.0,0.0,0.0,522.0,125,804.0,818.0,1500.0,해태,비스킷류,크래커
129566,해태)에이스샌드우유크림51g,20251126,50,6,20083,김제상온센터,3648.0,120.0,24.0,114.0,114.0,114.0,102.0,60.0,48.0,0.0,30.0,18.0,0.0,0.0,366.0,78,583.0,818.0,1500.0,해태,비스킷류,크래커
129566,해태)에이스샌드우유크림51g,20251126,50,6,20084,천안상온센터,3840.0,204.0,42.0,24.0,246.0,72.0,90.0,54.0,54.0,12.0,6.0,30.0,0.0,0.0,384.0,98,653.0,818.0,1500.0,해태,비스킷류,크래커
129566,해태)에이스샌드우유크림51g,20251126,50,6,20085,인천B상온센터,7224.0,216.0,90.0,78.0,348.0,114.0,144.0,120.0,48.0,18.0,12.0,54.0,6.0,0.0,630.0,137,869.0,818.0,1500.0,해태,비스킷류,크래커
129632,G)잭슨스고구마칩씨솔트28g,20251126,20,16,20006,성남센터,11264.0,240.0,320.0,80.0,304.0,144.0,192.0,96.0,64.0,16.0,64.0,0.0,0.0,0.0,848.0,76,763.0,1230.0,2500.0,G,스낵류,감자스낵
129632,G)잭슨스고구마칩씨솔트28g,20251126,20,16,20010,양주센터,12000.0,64.0,128.0,256.0,256.0,48.0,176.0,224.0,80.0,16.0,32.0,0.0,0.0,0.0,688.0,52,1053.0,1230.0,2500.0,G,스낵류,감자스낵
129632,G)잭슨스고구마칩씨솔트28g,20251126,20,16,20034,구성상온센터,8000.0,16.0,32.0,48.0,384.0,128.0,112.0,32.0,16.0,32.0,0.0,32.0,0.0,0.0,592.0,47,950.0,1230.0,2500.0,G,스낵류,감자스낵
129632,G)잭슨스고구마칩씨솔트28g,20251126,20,16,20065,원주상온센터(K7),5728.0,32.0,64.0,192.0,208.0,32.0,48.0,16.0,0.0,16.0,0.0,0.0,0.0,0.0,496.0,36,750.0,1230.0,2500.0,G,스낵류,감자스낵
129632,G)잭슨스고구마칩씨솔트28g,20251126,20,16,20075,인천상온센터,9664.0,96.0,112.0,144.0,208.0,176.0,64.0,144.0,0.0,16.0,0.0,16.0,0.0,0.0,640.0,51,902.0,1230.0,2500.0,G,스낵류,감자스낵
129632,G)잭슨스고구마칩씨솔트28g,20251126,20,16,20080,A의왕상온센터,7200.0,64.0,96.0,96.0,512.0,128.0,128.0,16.0,32.0,0.0,0.0,0.0,0.0,0.0,832.0,58,727.0,1230.0,2500.0,G,스낵류,감자스낵
129632,G)잭슨스고구마칩씨솔트28g,20251126,20,16,20085,인천B상온센터,6944.0,128.0,64.0,112.0,288.0,176.0,80.0,64.0,0.0,32.0,16.0,16.0,0.0,0.0,640.0,51,869.0,1230.0,2500.0,G,스낵류,감자스낵
129633,G)잭슨스고구마칩할라피뇨28g,20251126,20,16,20006,성남센터,11200.0,192.0,256.0,64.0,208.0,128.0,176.0,80.0,80.0,16.0,48.0,0.0,0.0,0.0,656.0,58,763.0,1230.0,2500.0,G,스낵류,감자스낵
129633,G)잭슨스고구마칩할라피뇨28g,20251126,20,16,20010,양주센터,11856.0,48.0,112.0,224.0,192.0,0.0,112.0,192.0,64.0,16.0,32.0,0.0,0.0,0.0,528.0,38,1053.0,1230.0,2500.0,G,스낵류,감자스낵
129633,G)잭슨스고구마칩할라피뇨28g,20251126,20,16,20034,구성상온센터,9600.0,16.0,16.0,32.0,320.0,112.0,80.0,32.0,16.0,16.0,0.0,16.0,0.0,0.0,480.0,37,950.0,1230.0,2500.0,G,스낵류,감자스낵
129633,G)잭슨스고구마칩할라피뇨28g,20251126,20,16,20075,인천상온센터,9872.0,48.0,112.0,112.0,112.0,128.0,48.0,144.0,0.0,16.0,0.0,16.0,0.0,0.0,464.0,34,902.0,1230.0,2500.0,G,스낵류,감자스낵
129633,G)잭슨스고구마칩할라피뇨28g,20251126,20,16,20080,A의왕상온센터,9280.0,80.0,96.0,48.0,448.0,96.0,80.0,32.0,16.0,0.0,0.0,0.0,0.0,0.0,688.0,50,727.0,1230.0,2500.0,G,스낵류,감자스낵
129633,G)잭슨스고구마칩할라피뇨28g,20251126,20,16,20085,인천B상온센터,8992.0,112.0,64.0,112.0,192.0,144.0,96.0,48.0,0.0,32.0,16.0,16.0,0.0,0.0,512.0,41,869.0,1230.0,2500.0,G,스낵류,감자스낵
129639,해태)홈런볼초코4번들164g,20251126,30,4,20006,성남센터,480.0,4.0,0.0,8.0,56.0,20.0,20.0,24.0,12.0,4.0,12.0,4.0,0.0,0.0,84.0,24,763.0,3654.0,6700.0,해태,비스킷류,쿠키
129639,해태)홈런볼초코4번들164g,20251126,30,4,20007,대구센터,552.0,36.0,4.0,48.0,20.0,28.0,4.0,4.0,8.0,0.0,0.0,0.0,0.0,0.0,100.0,36,926.0,3654.0,6700.0,해태,비스킷류,쿠키
129639,해태)홈런볼초코4번들164g,20251126,30,4,20010,양주센터,720.0,40.0,8.0,24.0,28.0,16.0,12.0,12.0,0.0,4.0,0.0,4.0,0.0,0.0,76.0,29,1053.0,3654.0,6700.0,해태,비스킷류,쿠키
129639,해태)홈런볼초코4번들164g,20251126,30,4,20017,울산상온센터(K7),324.0,16.0,8.0,20.0,20.0,12.0,4.0,0.0,8.0,4.0,4.0,0.0,0.0,0.0,60.0,23,661.0,3654.0,6700.0,해태,비스킷류,쿠키
129639,해태)홈런볼초코4번들164g,20251126,30,4,20033,제주상온센터,120.0,8.0,0.0,0.0,0.0,0.0,0.0,4.0,0.0,0.0,0.0,0.0,0.0,0.0,0.0,5,294.0,3654.0,6700.0,해태,비스킷류,쿠키
129639,해태)홈런볼초코4번들164g,20251126,30,4,20034,구성상온센터,732.0,16.0,4.0,4.0,36.0,32.0,16.0,8.0,4.0,12.0,0.0,4.0,4.0,0.0,76.0,26,950.0,3654.0,6700.0,해태,비스킷류,쿠키
129639,해태)홈런볼초코4번들164g,20251126,30,4,20050,세종상온센터,492.0,40.0,8.0,32.0,36.0,16.0,40.0,16.0,0.0,0.0,0.0,0.0,0.0,0.0,92.0,37,929.0,3654.0,6700.0,해태,비스킷류,쿠키
129639,해태)홈런볼초코4번들164g,20251126,30,4,20065,원주상온센터(K7),348.0,24.0,8.0,20.0,32.0,16.0,4.0,8.0,8.0,4.0,8.0,4.0,0.0,0.0,76.0,27,750.0,3654.0,6700.0,해태,비스킷류,쿠키
129639,해태)홈런볼초코4번들164g,20251126,30,4,20075,인천상온센터,540.0,20.0,8.0,8.0,44.0,28.0,8.0,24.0,8.0,4.0,0.0,0.0,0.0,0.0,88.0,29,902.0,3654.0,6700.0,해태,비스킷류,쿠키
129639,해태)홈런볼초코4번들164g,20251126,30,4,20079,A광주상온센터,348.0,20.0,12.0,8.0,12.0,20.0,16.0,4.0,4.0,0.0,0.0,0.0,0.0,0.0,52.0,21,683.0,3654.0,6700.0,해태,비스킷류,쿠키
129639,해태)홈런볼초코4번들164g,20251126,30,4,20080,A의왕상온센터,396.0,28.0,8.0,4.0,28.0,20.0,20.0,4.0,0.0,0.0,0.0,0.0,0.0,0.0,60.0,23,727.0,3654.0,6700.0,해태,비스킷류,쿠키
129639,해태)홈런볼초코4번들164g,20251126,30,4,20081,A양산상온센터,432.0,8.0,8.0,28.0,8.0,12.0,16.0,4.0,4.0,4.0,8.0,0.0,0.0,0.0,56.0,17,804.0,3654.0,6700.0,해태,비스킷류,쿠키
129639,해태)홈런볼초코4번들164g,20251126,30,4,20083,김제상온센터,264.0,8.0,8.0,4.0,16.0,20.0,28.0,0.0,4.0,0.0,4.0,0.0,0.0,0.0,48.0,14,583.0,3654.0,6700.0,해태,비스킷류,쿠키
129639,해태)홈런볼초코4번들164g,20251126,30,4,20084,천안상온센터,276.0,20.0,8.0,4.0,32.0,24.0,20.0,4.0,12.0,0.0,0.0,4.0,0.0,0.0,68.0,25,653.0,3654.0,6700.0,해태,비스킷류,쿠키
129639,해태)홈런볼초코4번들164g,20251126,30,4,20085,인천B상온센터,516.0,28.0,12.0,12.0,32.0,16.0,28.0,16.0,0.0,0.0,0.0,0.0,0.0,0.0,72.0,26,869.0,3654.0,6700.0,해태,비스킷류,쿠키
129650,G)아모스4D드레스업구미56g,20251126,50,8,20006,성남센터,2048.0,120.0,16.0,48.0,192.0,88.0,144.0,48.0,88.0,24.0,56.0,224.0,0.0,0.0,344.0,61,763.0,1000.0,2000.0,G,젤리류,수입젤리
129650,G)아모스4D드레스업구미56g,20251126,50,8,20007,대구센터,2432.0,128.0,56.0,184.0,152.0,160.0,88.0,80.0,72.0,0.0,64.0,8.0,0.0,0.0,552.0,88,926.0,1000.0,2000.0,G,젤리류,수입젤리
129650,G)아모스4D드레스업구미56g,20251126,50,8,20010,양주센터,3200.0,128.0,32.0,48.0,392.0,120.0,248.0,136.0,72.0,40.0,48.0,8.0,0.0,0.0,592.0,93,1053.0,1000.0,2000.0,G,젤리류,수입젤리
129650,G)아모스4D드레스업구미56g,20251126,50,8,20017,울산상온센터(K7),1792.0,128.0,24.0,104.0,56.0,136.0,192.0,72.0,32.0,16.0,16.0,8.0,0.0,0.0,320.0,57,661.0,1000.0,2000.0,G,젤리류,수입젤리
129650,G)아모스4D드레스업구미56g,20251126,50,8,20033,제주상온센터,896.0,48.0,32.0,8.0,72.0,16.0,120.0,72.0,0.0,0.0,0.0,0.0,0.0,0.0,128.0,25,294.0,1000.0,2000.0,G,젤리류,수입젤리
129650,G)아모스4D드레스업구미56g,20251126,50,8,20034,구성상온센터,2560.0,112.0,48.0,32.0,360.0,72.0,136.0,112.0,64.0,8.0,24.0,24.0,0.0,0.0,512.0,80,950.0,1000.0,2000.0,G,젤리류,수입젤리
129650,G)아모스4D드레스업구미56g,20251126,50,8,20050,세종상온센터,2304.0,160.0,40.0,72.0,168.0,96.0,144.0,136.0,40.0,8.0,16.0,16.0,0.0,0.0,376.0,69,929.0,1000.0,2000.0,G,젤리류,수입젤리
129650,G)아모스4D드레스업구미56g,20251126,50,8,20065,원주상온센터(K7),1280.0,64.0,32.0,64.0,104.0,56.0,56.0,96.0,32.0,8.0,8.0,16.0,0.0,0.0,256.0,41,750.0,1000.0,2000.0,G,젤리류,수입젤리
129650,G)아모스4D드레스업구미56g,20251126,50,8,20075,인천상온센터,2560.0,152.0,32.0,16.0,232.0,80.0,200.0,72.0,8.0,0.0,0.0,8.0,0.0,0.0,360.0,67,902.0,1000.0,2000.0,G,젤리류,수입젤리
129650,G)아모스4D드레스업구미56g,20251126,50,8,20079,A광주상온센터,2048.0,96.0,48.0,96.0,120.0,216.0,136.0,104.0,8.0,0.0,16.0,0.0,0.0,0.0,480.0,73,683.0,1000.0,2000.0,G,젤리류,수입젤리
129650,G)아모스4D드레스업구미56g,20251126,50,8,20080,A의왕상온센터,2560.0,200.0,24.0,40.0,224.0,88.0,152.0,48.0,32.0,8.0,8.0,40.0,8.0,0.0,376.0,74,727.0,1000.0,2000.0,G,젤리류,수입젤리
129650,G)아모스4D드레스업구미56g,20251126,50,8,20081,A양산상온센터,1536.0,96.0,24.0,96.0,72.0,80.0,120.0,96.0,16.0,16.0,0.0,8.0,0.0,0.0,272.0,48,804.0,1000.0,2000.0,G,젤리류,수입젤리
129650,G)아모스4D드레스업구미56g,20251126,50,8,20083,김제상온센터,1280.0,40.0,16.0,32.0,104.0,88.0,104.0,32.0,40.0,0.0,0.0,0.0,0.0,0.0,240.0,36,583.0,1000.0,2000.0,G,젤리류,수입젤리
129650,G)아모스4D드레스업구미56g,20251126,50,8,20084,천안상온센터,1536.0,88.0,24.0,32.0,120.0,64.0,56.0,32.0,40.0,0.0,0.0,16.0,0.0,0.0,240.0,45,653.0,1000.0,2000.0,G,젤리류,수입젤리
129650,G)아모스4D드레스업구미56g,20251126,50,8,20085,인천B상온센터,1792.0,120.0,24.0,72.0,152.0,96.0,88.0,56.0,24.0,0.0,16.0,8.0,0.0,0.0,344.0,60,869.0,1000.0,2000.0,G,젤리류,수입젤리
129651,G)아모스4D베리믹스구미56g,20251126,50,8,20006,성남센터,2048.0,144.0,24.0,48.0,184.0,88.0,144.0,48.0,96.0,24.0,56.0,216.0,0.0,0.0,344.0,62,763.0,1000.0,2000.0,G,젤리류,수입젤리
129651,G)아모스4D베리믹스구미56g,20251126,50,8,20007,대구센터,2432.0,128.0,56.0,168.0,136.0,136.0,112.0,64.0,72.0,0.0,64.0,8.0,0.0,0.0,496.0,85,926.0,1000.0,2000.0,G,젤리류,수입젤리
129651,G)아모스4D베리믹스구미56g,20251126,50,8,20010,양주센터,3200.0,128.0,32.0,40.0,376.0,128.0,232.0,120.0,56.0,40.0,40.0,8.0,0.0,0.0,576.0,92,1053.0,1000.0,2000.0,G,젤리류,수입젤리
129651,G)아모스4D베리믹스구미56g,20251126,50,8,20017,울산상온센터(K7),1792.0,128.0,24.0,96.0,48.0,128.0,152.0,80.0,32.0,24.0,24.0,8.0,0.0,0.0,296.0,54,661.0,1000.0,2000.0,G,젤리류,수입젤리
129651,G)아모스4D베리믹스구미56g,20251126,50,8,20033,제주상온센터,896.0,48.0,24.0,8.0,72.0,16.0,80.0,32.0,8.0,0.0,0.0,0.0,0.0,0.0,120.0,24,294.0,1000.0,2000.0,G,젤리류,수입젤리
129651,G)아모스4D베리믹스구미56g,20251126,50,8,20034,구성상온센터,2560.0,112.0,32.0,32.0,352.0,64.0,128.0,112.0,56.0,8.0,16.0,24.0,0.0,0.0,480.0,78,950.0,1000.0,2000.0,G,젤리류,수입젤리
129651,G)아모스4D베리믹스구미56g,20251126,50,8,20050,세종상온센터,2304.0,136.0,40.0,72.0,160.0,96.0,144.0,160.0,40.0,8.0,24.0,16.0,0.0,0.0,368.0,65,929.0,1000.0,2000.0,G,젤리류,수입젤리
129651,G)아모스4D베리믹스구미56g,20251126,50,8,20065,원주상온센터(K7),1280.0,64.0,32.0,56.0,112.0,48.0,56.0,88.0,24.0,16.0,16.0,16.0,0.0,0.0,248.0,39,750.0,1000.0,2000.0,G,젤리류,수입젤리
129651,G)아모스4D베리믹스구미56g,20251126,50,8,20075,인천상온센터,2560.0,168.0,32.0,32.0,216.0,88.0,192.0,80.0,16.0,8.0,0.0,8.0,0.0,0.0,368.0,69,902.0,1000.0,2000.0,G,젤리류,수입젤리
129651,G)아모스4D베리믹스구미56g,20251126,50,8,20079,A광주상온센터,2048.0,96.0,48.0,88.0,112.0,200.0,152.0,96.0,8.0,0.0,16.0,0.0,0.0,0.0,448.0,69,683.0,1000.0,2000.0,G,젤리류,수입젤리
129651,G)아모스4D베리믹스구미56g,20251126,50,8,20080,A의왕상온센터,2560.0,208.0,32.0,56.0,224.0,88.0,112.0,40.0,24.0,8.0,8.0,32.0,0.0,0.0,400.0,78,727.0,1000.0,2000.0,G,젤리류,수입젤리
129651,G)아모스4D베리믹스구미56g,20251126,50,8,20081,A양산상온센터,1536.0,96.0,32.0,72.0,72.0,72.0,136.0,88.0,16.0,16.0,0.0,0.0,0.0,0.0,248.0,43,804.0,1000.0,2000.0,G,젤리류,수입젤리
129651,G)아모스4D베리믹스구미56g,20251126,50,8,20083,김제상온센터,1280.0,40.0,16.0,24.0,104.0,72.0,112.0,32.0,40.0,0.0,0.0,0.0,0.0,0.0,216.0,33,583.0,1000.0,2000.0,G,젤리류,수입젤리
129651,G)아모스4D베리믹스구미56g,20251126,50,8,20084,천안상온센터,1536.0,88.0,32.0,32.0,112.0,72.0,32.0,16.0,32.0,0.0,0.0,8.0,0.0,0.0,248.0,47,653.0,1000.0,2000.0,G,젤리류,수입젤리
129651,G)아모스4D베리믹스구미56g,20251126,50,8,20085,인천B상온센터,1792.0,128.0,24.0,64.0,160.0,80.0,88.0,56.0,24.0,0.0,16.0,8.0,0.0,0.0,328.0,58,869.0,1000.0,2000.0,G,젤리류,수입젤리
129672,나무)포켓몬츄잉팝스젤리,20251126,20,12,20006,성남센터,1440.0,120.0,24.0,48.0,120.0,96.0,108.0,48.0,72.0,0.0,48.0,12.0,0.0,0.0,288.0,35,763.0,1250.0,2500.0,나무,젤리류,수입젤리
129672,나무)포켓몬츄잉팝스젤리,20251126,20,12,20007,대구센터,1632.0,168.0,24.0,192.0,168.0,60.0,48.0,108.0,36.0,0.0,0.0,12.0,0.0,0.0,444.0,55,926.0,1250.0,2500.0,나무,젤리류,수입젤리
129672,나무)포켓몬츄잉팝스젤리,20251126,20,12,20010,양주센터,2208.0,108.0,48.0,156.0,192.0,96.0,144.0,48.0,12.0,12.0,48.0,0.0,0.0,0.0,492.0,56,1053.0,1250.0,2500.0,나무,젤리류,수입젤리
129672,나무)포켓몬츄잉팝스젤리,20251126,20,12,20017,울산상온센터(K7),960.0,84.0,12.0,36.0,60.0,48.0,24.0,12.0,36.0,24.0,24.0,0.0,0.0,0.0,156.0,24,661.0,1250.0,2500.0,나무,젤리류,수입젤리
129672,나무)포켓몬츄잉팝스젤리,20251126,20,12,20033,제주상온센터,384.0,96.0,12.0,0.0,60.0,36.0,36.0,12.0,0.0,0.0,0.0,0.0,0.0,0.0,108.0,18,294.0,1250.0,2500.0,나무,젤리류,수입젤리
129672,나무)포켓몬츄잉팝스젤리,20251126,20,12,20034,구성상온센터,2208.0,84.0,48.0,12.0,216.0,48.0,84.0,84.0,24.0,36.0,0.0,24.0,0.0,0.0,324.0,36,950.0,1250.0,2500.0,나무,젤리류,수입젤리
129672,나무)포켓몬츄잉팝스젤리,20251126,20,12,20050,세종상온센터,1536.0,132.0,48.0,108.0,96.0,84.0,120.0,72.0,24.0,0.0,0.0,12.0,0.0,0.0,336.0,43,929.0,1250.0,2500.0,나무,젤리류,수입젤리
129672,나무)포켓몬츄잉팝스젤리,20251126,20,12,20065,원주상온센터(K7),1056.0,84.0,36.0,60.0,120.0,48.0,60.0,24.0,0.0,0.0,36.0,12.0,0.0,0.0,264.0,31,750.0,1250.0,2500.0,나무,젤리류,수입젤리
129672,나무)포켓몬츄잉팝스젤리,20251126,20,12,20075,인천상온센터,1632.0,108.0,48.0,36.0,216.0,72.0,72.0,24.0,0.0,24.0,0.0,0.0,0.0,0.0,372.0,41,902.0,1250.0,2500.0,나무,젤리류,수입젤리
129672,나무)포켓몬츄잉팝스젤리,20251126,20,12,20079,A광주상온센터,1056.0,108.0,24.0,108.0,96.0,72.0,36.0,12.0,12.0,12.0,0.0,12.0,0.0,0.0,300.0,40,683.0,1250.0,2500.0,나무,젤리류,수입젤리
129672,나무)포켓몬츄잉팝스젤리,20251126,20,12,20080,A의왕상온센터,1248.0,132.0,36.0,24.0,228.0,60.0,84.0,36.0,12.0,12.0,24.0,12.0,0.0,0.0,348.0,43,727.0,1250.0,2500.0,나무,젤리류,수입젤리
129672,나무)포켓몬츄잉팝스젤리,20251126,20,12,20081,A양산상온센터,1344.0,72.0,36.0,108.0,96.0,36.0,96.0,48.0,36.0,12.0,12.0,0.0,0.0,0.0,276.0,33,804.0,1250.0,2500.0,나무,젤리류,수입젤리
129672,나무)포켓몬츄잉팝스젤리,20251126,20,12,20083,김제상온센터,864.0,72.0,12.0,48.0,84.0,60.0,60.0,36.0,0.0,0.0,0.0,12.0,0.0,0.0,204.0,25,583.0,1250.0,2500.0,나무,젤리류,수입젤리
129672,나무)포켓몬츄잉팝스젤리,20251126,20,12,20084,천안상온센터,864.0,108.0,24.0,24.0,108.0,84.0,48.0,0.0,24.0,0.0,0.0,12.0,0.0,0.0,240.0,31,653.0,1250.0,2500.0,나무,젤리류,수입젤리
129672,나무)포켓몬츄잉팝스젤리,20251126,20,12,20085,인천B상온센터,1632.0,84.0,48.0,60.0,156.0,60.0,84.0,36.0,24.0,12.0,24.0,12.0,0.0,0.0,324.0,34,869.0,1250.0,2500.0,나무,젤리류,수입젤리
129676,PB)허니바나나맛HBMchips72g,20251126,70,16,20006,성남센터,21456.0,160.0,80.0,80.0,1552.0,592.0,2816.0,2016.0,2144.0,64.0,80.0,864.0,16.0,0.0,2304.0,101,763.0,1021.0,2000.0,PB,스낵류,옥수수스낵
129676,PB)허니바나나맛HBMchips72g,20251126,70,16,20007,대구센터,24576.0,48.0,112.0,368.0,464.0,2288.0,3872.0,2736.0,1472.0,64.0,272.0,272.0,0.0,0.0,3232.0,190,926.0,1021.0,2000.0,PB,스낵류,옥수수스낵
129676,PB)허니바나나맛HBMchips72g,20251126,70,16,20010,양주센터,32240.0,32.0,176.0,1280.0,1136.0,2384.0,3344.0,1968.0,1552.0,32.0,336.0,336.0,0.0,0.0,4976.0,270,1053.0,1021.0,2000.0,PB,스낵류,옥수수스낵
129676,PB)허니바나나맛HBMchips72g,20251126,70,16,20017,울산상온센터(K7),14368.0,64.0,48.0,320.0,544.0,1936.0,2560.0,2384.0,1056.0,32.0,352.0,480.0,0.0,0.0,2848.0,127,661.0,1021.0,2000.0,PB,스낵류,옥수수스낵
129676,PB)허니바나나맛HBMchips72g,20251126,70,16,20033,제주상온센터,160.0,32.0,32.0,0.0,32.0,80.0,1584.0,1200.0,720.0,0.0,0.0,64.0,0.0,0.0,144.0,11,294.0,1021.0,2000.0,PB,스낵류,옥수수스낵
129676,PB)허니바나나맛HBMchips72g,20251126,70,16,20034,구성상온센터,33136.0,96.0,48.0,64.0,1216.0,928.0,3056.0,2224.0,2368.0,16.0,32.0,1440.0,48.0,0.0,2256.0,120,950.0,1021.0,2000.0,PB,스낵류,옥수수스낵
129676,PB)허니바나나맛HBMchips72g,20251126,70,16,20050,세종상온센터,22208.0,80.0,128.0,480.0,736.0,2112.0,2912.0,2448.0,3056.0,96.0,1088.0,816.0,0.0,0.0,3456.0,187,929.0,1021.0,2000.0,PB,스낵류,옥수수스낵
129676,PB)허니바나나맛HBMchips72g,20251126,70,16,20065,원주상온센터(K7),15408.0,32.0,48.0,32.0,496.0,272.0,784.0,2384.0,656.0,32.0,32.0,1296.0,16.0,0.0,848.0,55,750.0,1021.0,2000.0,PB,스낵류,옥수수스낵
129676,PB)허니바나나맛HBMchips72g,20251126,70,16,20075,인천상온센터,24272.0,144.0,80.0,64.0,352.0,400.0,2608.0,1776.0,1744.0,48.0,0.0,656.0,16.0,0.0,896.0,59,902.0,1021.0,2000.0,PB,스낵류,옥수수스낵
129676,PB)허니바나나맛HBMchips72g,20251126,70,16,20079,A광주상온센터,15552.0,112.0,32.0,320.0,368.0,1792.0,3760.0,2816.0,1264.0,16.0,48.0,96.0,0.0,0.0,2512.0,126,683.0,1021.0,2000.0,PB,스낵류,옥수수스낵
129676,PB)허니바나나맛HBMchips72g,20251126,70,16,20080,A의왕상온센터,17664.0,80.0,64.0,64.0,928.0,448.0,2880.0,1584.0,1568.0,48.0,16.0,752.0,0.0,0.0,1504.0,90,727.0,1021.0,2000.0,PB,스낵류,옥수수스낵
129676,PB)허니바나나맛HBMchips72g,20251126,70,16,20081,A양산상온센터,19584.0,32.0,64.0,416.0,288.0,2240.0,3392.0,3184.0,1280.0,16.0,336.0,256.0,16.0,0.0,3008.0,161,804.0,1021.0,2000.0,PB,스낵류,옥수수스낵
129676,PB)허니바나나맛HBMchips72g,20251126,70,16,20083,김제상온센터,11824.0,96.0,32.0,992.0,880.0,2544.0,2592.0,1536.0,816.0,16.0,416.0,176.0,16.0,0.0,4448.0,195,583.0,1021.0,2000.0,PB,스낵류,옥수수스낵
129676,PB)허니바나나맛HBMchips72g,20251126,70,16,20084,천안상온센터,12448.0,32.0,48.0,32.0,384.0,288.0,1808.0,1184.0,720.0,32.0,16.0,624.0,0.0,0.0,752.0,41,653.0,1021.0,2000.0,PB,스낵류,옥수수스낵
129676,PB)허니바나나맛HBMchips72g,20251126,70,16,20085,인천B상온센터,23392.0,80.0,48.0,32.0,464.0,912.0,2576.0,1760.0,1568.0,64.0,80.0,848.0,16.0,0.0,1456.0,80,869.0,1021.0,2000.0,PB,스낵류,옥수수스낵
129679,CJ)오마이갓김치시즈닝팝콘80g,20251203,80,12,20006,성남센터,1896.0,240.0,96.0,48.0,264.0,132.0,48.0,36.0,12.0,12.0,36.0,24.0,0.0,0.0,540.0,65,763.0,958.0,1900.0,CJ,스낵류,일반스낵
129679,CJ)오마이갓김치시즈닝팝콘80g,20251203,80,12,20007,대구센터,2172.0,144.0,72.0,192.0,192.0,144.0,108.0,60.0,24.0,12.0,0.0,0.0,0.0,0.0,600.0,67,928.0,958.0,1900.0,CJ,스낵류,일반스낵
129679,CJ)오마이갓김치시즈닝팝콘80g,20251203,80,12,20010,양주센터,2844.0,132.0,48.0,312.0,168.0,48.0,60.0,48.0,12.0,24.0,24.0,12.0,0.0,0.0,576.0,61,1053.0,958.0,1900.0,CJ,스낵류,일반스낵
129679,CJ)오마이갓김치시즈닝팝콘80g,20251203,80,12,20017,울산상온센터(K7),1272.0,120.0,48.0,120.0,108.0,60.0,0.0,0.0,0.0,12.0,48.0,0.0,0.0,0.0,336.0,42,661.0,958.0,1900.0,CJ,스낵류,일반스낵
129679,CJ)오마이갓김치시즈닝팝콘80g,20251203,80,12,20033,제주상온센터,480.0,36.0,12.0,24.0,36.0,36.0,0.0,12.0,12.0,0.0,0.0,0.0,12.0,0.0,108.0,14,294.0,958.0,1900.0,CJ,스낵류,일반스낵
129679,CJ)오마이갓김치시즈닝팝콘80g,20251203,80,12,20034,구성상온센터,2928.0,156.0,60.0,72.0,252.0,72.0,84.0,24.0,48.0,0.0,24.0,0.0,0.0,0.0,456.0,53,949.0,958.0,1900.0,CJ,스낵류,일반스낵
129679,CJ)오마이갓김치시즈닝팝콘80g,20251203,80,12,20050,세종상온센터,1968.0,240.0,24.0,144.0,252.0,96.0,36.0,36.0,24.0,12.0,0.0,0.0,0.0,0.0,516.0,68,930.0,958.0,1900.0,CJ,스낵류,일반스낵
129679,CJ)오마이갓김치시즈닝팝콘80g,20251203,80,12,20065,원주상온센터(K7),1368.0,48.0,36.0,48.0,120.0,144.0,48.0,24.0,48.0,0.0,0.0,12.0,0.0,0.0,348.0,34,749.0,958.0,1900.0,CJ,스낵류,일반스낵
129679,CJ)오마이갓김치시즈닝팝콘80g,20251203,80,12,20075,인천상온센터,2148.0,144.0,36.0,48.0,264.0,168.0,12.0,36.0,0.0,12.0,0.0,0.0,0.0,0.0,516.0,58,900.0,958.0,1900.0,CJ,스낵류,일반스낵
129679,CJ)오마이갓김치시즈닝팝콘80g,20251203,80,12,20079,A광주상온센터,1380.0,60.0,24.0,132.0,72.0,96.0,48.0,12.0,0.0,12.0,24.0,0.0,0.0,0.0,324.0,34,682.0,958.0,1900.0,CJ,스낵류,일반스낵
129679,CJ)오마이갓김치시즈닝팝콘80g,20251203,80,12,20080,A의왕상온센터,1560.0,144.0,60.0,24.0,312.0,96.0,48.0,12.0,12.0,0.0,12.0,12.0,12.0,0.0,492.0,60,727.0,958.0,1900.0,CJ,스낵류,일반스낵
129679,CJ)오마이갓김치시즈닝팝콘80g,20251203,80,12,20081,A양산상온센터,1728.0,144.0,36.0,96.0,156.0,48.0,12.0,0.0,24.0,0.0,12.0,0.0,0.0,0.0,336.0,44,803.0,958.0,1900.0,CJ,스낵류,일반스낵
129679,CJ)오마이갓김치시즈닝팝콘80g,20251203,80,12,20083,김제상온센터,1044.0,72.0,0.0,48.0,60.0,48.0,24.0,0.0,12.0,0.0,0.0,0.0,0.0,0.0,156.0,20,582.0,958.0,1900.0,CJ,스낵류,일반스낵
129679,CJ)오마이갓김치시즈닝팝콘80g,20251203,80,12,20084,천안상온센터,1104.0,156.0,48.0,12.0,108.0,108.0,24.0,12.0,24.0,24.0,24.0,12.0,0.0,0.0,276.0,39,653.0,958.0,1900.0,CJ,스낵류,일반스낵
129679,CJ)오마이갓김치시즈닝팝콘80g,20251203,80,12,20085,인천B상온센터,2064.0,168.0,48.0,60.0,252.0,96.0,36.0,72.0,24.0,12.0,0.0,0.0,0.0,0.0,456.0,56,870.0,958.0,1900.0,CJ,스낵류,일반스낵
129729,G)컨트리맘딸기초콜릿12입,20251203,40,2,20006,성남센터,4000.0,146.0,46.0,32.0,328.0,262.0,72.0,44.0,60.0,8.0,6.0,32.0,0.0,0.0,668.0,177,763.0,3000.0,5500.0,G,비스킷류,쿠키
129729,G)컨트리맘딸기초콜릿12입,20251203,40,2,20007,대구센터,2320.0,90.0,34.0,132.0,138.0,130.0,74.0,32.0,32.0,10.0,6.0,6.0,0.0,0.0,434.0,130,928.0,3000.0,5500.0,G,비스킷류,쿠키
129729,G)컨트리맘딸기초콜릿12입,20251203,40,2,20010,양주센터,4420.0,162.0,56.0,218.0,242.0,172.0,190.0,70.0,6.0,8.0,16.0,10.0,0.0,0.0,688.0,203,1053.0,3000.0,5500.0,G,비스킷류,쿠키
129729,G)컨트리맘딸기초콜릿12입,20251203,40,2,20017,울산상온센터(K7),2180.0,68.0,16.0,116.0,120.0,154.0,46.0,30.0,2.0,0.0,18.0,6.0,0.0,0.0,406.0,120,661.0,3000.0,5500.0,G,비스킷류,쿠키
129729,G)컨트리맘딸기초콜릿12입,20251203,40,2,20033,제주상온센터,760.0,12.0,0.0,0.0,48.0,46.0,42.0,60.0,6.0,0.0,6.0,0.0,0.0,0.0,94.0,21,294.0,3000.0,5500.0,G,비스킷류,쿠키
129729,G)컨트리맘딸기초콜릿12입,20251203,40,2,20034,구성상온센터,3040.0,148.0,92.0,38.0,228.0,80.0,60.0,32.0,12.0,0.0,20.0,10.0,0.0,0.0,438.0,129,949.0,3000.0,5500.0,G,비스킷류,쿠키
129729,G)컨트리맘딸기초콜릿12입,20251203,40,2,20050,세종상온센터,2000.0,126.0,0.0,122.0,112.0,42.0,50.0,10.0,4.0,6.0,6.0,0.0,0.0,0.0,276.0,101,930.0,3000.0,5500.0,G,비스킷류,쿠키
129729,G)컨트리맘딸기초콜릿12입,20251203,40,2,20065,원주상온센터(K7),2880.0,26.0,20.0,82.0,320.0,112.0,36.0,76.0,16.0,12.0,0.0,26.0,0.0,0.0,534.0,76,749.0,3000.0,5500.0,G,비스킷류,쿠키
129729,G)컨트리맘딸기초콜릿12입,20251203,40,2,20075,인천상온센터,2760.0,120.0,10.0,38.0,214.0,180.0,20.0,24.0,0.0,8.0,1248.0,2.0,0.0,0.0,442.0,112,900.0,3000.0,5500.0,G,비스킷류,쿠키
129729,G)컨트리맘딸기초콜릿12입,20251203,40,2,20079,A광주상온센터,1400.0,76.0,0.0,56.0,74.0,188.0,108.0,30.0,6.0,2.0,12.0,4.0,0.0,0.0,318.0,112,682.0,3000.0,5500.0,G,비스킷류,쿠키
129729,G)컨트리맘딸기초콜릿12입,20251203,40,2,20080,A의왕상온센터,3520.0,56.0,40.0,66.0,228.0,152.0,70.0,20.0,8.0,0.0,6.0,12.0,6.0,0.0,486.0,123,727.0,3000.0,5500.0,G,비스킷류,쿠키
129729,G)컨트리맘딸기초콜릿12입,20251203,40,2,20081,A양산상온센터,1400.0,64.0,6.0,88.0,146.0,98.0,26.0,10.0,6.0,0.0,4.0,6.0,0.0,0.0,338.0,106,803.0,3000.0,5500.0,G,비스킷류,쿠키
129729,G)컨트리맘딸기초콜릿12입,20251203,40,2,20083,김제상온센터,1120.0,92.0,8.0,66.0,30.0,52.0,26.0,6.0,14.0,12.0,14.0,0.0,0.0,0.0,156.0,77,582.0,3000.0,5500.0,G,비스킷류,쿠키
129729,G)컨트리맘딸기초콜릿12입,20251203,40,2,20084,천안상온센터,1360.0,72.0,12.0,10.0,72.0,82.0,38.0,6.0,24.0,12.0,14.0,2.0,0.0,0.0,176.0,53,653.0,3000.0,5500.0,G,비스킷류,쿠키
129729,G)컨트리맘딸기초콜릿12입,20251203,40,2,20085,인천B상온센터,3400.0,120.0,20.0,40.0,260.0,170.0,62.0,14.0,6.0,22.0,0.0,8.0,0.0,0.0,490.0,113,870.0,3000.0,5500.0,G,비스킷류,쿠키
129808,고운벗)바나나머랭쿠키40g,20251203,40,4,20006,성남센터,480.0,0.0,0.0,0.0,20.0,100.0,32.0,32.0,12.0,4.0,12.0,16.0,4.0,0.0,120.0,33,763.0,1900.0,3800.0,고운벗,비스킷류,쿠키
129808,고운벗)바나나머랭쿠키40g,20251203,40,4,20007,대구센터,552.0,0.0,0.0,36.0,92.0,64.0,44.0,56.0,8.0,8.0,8.0,8.0,0.0,0.0,192.0,52,928.0,1900.0,3800.0,고운벗,비스킷류,쿠키
129808,고운벗)바나나머랭쿠키40g,20251203,40,4,20010,양주센터,720.0,0.0,0.0,40.0,92.0,52.0,48.0,32.0,20.0,8.0,12.0,4.0,0.0,0.0,184.0,48,1053.0,1900.0,3800.0,고운벗,비스킷류,쿠키
129808,고운벗)바나나머랭쿠키40g,20251203,40,4,20017,울산상온센터(K7),336.0,0.0,0.0,32.0,32.0,64.0,4.0,16.0,8.0,0.0,16.0,0.0,0.0,0.0,128.0,34,661.0,1900.0,3800.0,고운벗,비스킷류,쿠키
129808,고운벗)바나나머랭쿠키40g,20251203,40,4,20033,제주상온센터,120.0,0.0,0.0,0.0,24.0,28.0,24.0,4.0,4.0,4.0,4.0,0.0,0.0,0.0,52.0,13,294.0,1900.0,3800.0,고운벗,비스킷류,쿠키
129808,고운벗)바나나머랭쿠키40g,20251203,40,4,20034,구성상온센터,744.0,0.0,0.0,0.0,60.0,68.0,52.0,12.0,16.0,8.0,28.0,4.0,0.0,0.0,128.0,34,949.0,1900.0,3800.0,고운벗,비스킷류,쿠키
129808,고운벗)바나나머랭쿠키40g,20251203,40,4,20050,세종상온센터,504.0,0.0,0.0,16.0,112.0,80.0,48.0,24.0,12.0,4.0,0.0,12.0,0.0,0.0,208.0,55,930.0,1900.0,3800.0,고운벗,비스킷류,쿠키
129808,고운벗)바나나머랭쿠키40g,20251203,40,4,20065,원주상온센터(K7),360.0,0.0,0.0,0.0,60.0,88.0,52.0,12.0,16.0,0.0,4.0,12.0,0.0,0.0,148.0,37,749.0,1900.0,3800.0,고운벗,비스킷류,쿠키
129808,고운벗)바나나머랭쿠키40g,20251203,40,4,20075,인천상온센터,552.0,0.0,0.0,0.0,64.0,116.0,24.0,16.0,12.0,8.0,8.0,4.0,0.0,0.0,180.0,45,900.0,1900.0,3800.0,고운벗,비스킷류,쿠키
129808,고운벗)바나나머랭쿠키40g,20251203,40,4,20079,A광주상온센터,360.0,0.0,0.0,20.0,32.0,44.0,12.0,12.0,4.0,12.0,12.0,0.0,0.0,0.0,96.0,26,682.0,1900.0,3800.0,고운벗,비스킷류,쿠키
129808,고운벗)바나나머랭쿠키40g,20251203,40,4,20080,A의왕상온센터,408.0,0.0,0.0,0.0,48.0,76.0,44.0,24.0,16.0,28.0,12.0,8.0,4.0,0.0,124.0,33,727.0,1900.0,3800.0,고운벗,비스킷류,쿠키
129808,고운벗)바나나머랭쿠키40g,20251203,40,4,20081,A양산상온센터,432.0,0.0,0.0,24.0,48.0,68.0,28.0,16.0,20.0,0.0,16.0,0.0,0.0,0.0,140.0,38,803.0,1900.0,3800.0,고운벗,비스킷류,쿠키
129808,고운벗)바나나머랭쿠키40g,20251203,40,4,20083,김제상온센터,264.0,0.0,0.0,12.0,36.0,24.0,52.0,20.0,8.0,4.0,12.0,4.0,0.0,0.0,72.0,17,582.0,1900.0,3800.0,고운벗,비스킷류,쿠키
129808,고운벗)바나나머랭쿠키40g,20251203,40,4,20084,천안상온센터,288.0,0.0,0.0,0.0,32.0,80.0,40.0,32.0,8.0,8.0,4.0,4.0,0.0,0.0,112.0,30,653.0,1900.0,3800.0,고운벗,비스킷류,쿠키
129808,고운벗)바나나머랭쿠키40g,20251203,40,4,20085,인천B상온센터,528.0,0.0,0.0,0.0,48.0,108.0,72.0,20.0,16.0,4.0,4.0,0.0,0.0,0.0,156.0,40,870.0,1900.0,3800.0,고운벗,비스킷류,쿠키
129809,고운벗)말차머랭쿠키40g,20251203,40,4,20006,성남센터,528.0,0.0,0.0,0.0,24.0,112.0,40.0,32.0,20.0,4.0,16.0,16.0,4.0,0.0,136.0,35,763.0,1900.0,3800.0,고운벗,비스킷류,쿠키
129809,고운벗)말차머랭쿠키40g,20251203,40,4,20007,대구센터,600.0,0.0,0.0,36.0,104.0,76.0,36.0,60.0,8.0,4.0,4.0,8.0,0.0,0.0,216.0,55,928.0,1900.0,3800.0,고운벗,비스킷류,쿠키
129809,고운벗)말차머랭쿠키40g,20251203,40,4,20010,양주센터,768.0,0.0,0.0,44.0,104.0,76.0,56.0,36.0,16.0,8.0,12.0,4.0,0.0,0.0,224.0,54,1053.0,1900.0,3800.0,고운벗,비스킷류,쿠키
129809,고운벗)말차머랭쿠키40g,20251203,40,4,20017,울산상온센터(K7),360.0,0.0,0.0,28.0,28.0,72.0,8.0,16.0,4.0,0.0,16.0,0.0,0.0,0.0,128.0,33,661.0,1900.0,3800.0,고운벗,비스킷류,쿠키
129809,고운벗)말차머랭쿠키40g,20251203,40,4,20033,제주상온센터,144.0,0.0,0.0,0.0,20.0,36.0,32.0,8.0,4.0,0.0,4.0,4.0,0.0,0.0,56.0,14,294.0,1900.0,3800.0,고운벗,비스킷류,쿠키
129809,고운벗)말차머랭쿠키40g,20251203,40,4,20034,구성상온센터,792.0,0.0,0.0,0.0,64.0,76.0,44.0,12.0,16.0,8.0,28.0,4.0,0.0,0.0,140.0,36,949.0,1900.0,3800.0,고운벗,비스킷류,쿠키
129809,고운벗)말차머랭쿠키40g,20251203,40,4,20050,세종상온센터,528.0,0.0,0.0,16.0,112.0,76.0,52.0,16.0,4.0,8.0,8.0,16.0,0.0,0.0,204.0,53,930.0,1900.0,3800.0,고운벗,비스킷류,쿠키
129809,고운벗)말차머랭쿠키40g,20251203,40,4,20065,원주상온센터(K7),384.0,0.0,0.0,0.0,60.0,88.0,48.0,12.0,12.0,0.0,4.0,12.0,0.0,0.0,148.0,35,749.0,1900.0,3800.0,고운벗,비스킷류,쿠키
129809,고운벗)말차머랭쿠키40g,20251203,40,4,20075,인천상온센터,576.0,0.0,0.0,0.0,56.0,124.0,32.0,12.0,8.0,8.0,428.0,4.0,0.0,0.0,180.0,45,900.0,1900.0,3800.0,고운벗,비스킷류,쿠키
129809,고운벗)말차머랭쿠키40g,20251203,40,4,20079,A광주상온센터,384.0,0.0,0.0,20.0,32.0,52.0,8.0,12.0,0.0,16.0,20.0,4.0,0.0,0.0,104.0,26,682.0,1900.0,3800.0,고운벗,비스킷류,쿠키
129809,고운벗)말차머랭쿠키40g,20251203,40,4,20080,A의왕상온센터,432.0,0.0,0.0,0.0,56.0,96.0,48.0,28.0,16.0,32.0,12.0,8.0,4.0,0.0,152.0,39,727.0,1900.0,3800.0,고운벗,비스킷류,쿠키
129809,고운벗)말차머랭쿠키40g,20251203,40,4,20081,A양산상온센터,480.0,0.0,0.0,20.0,40.0,72.0,32.0,8.0,12.0,0.0,16.0,0.0,0.0,0.0,132.0,34,803.0,1900.0,3800.0,고운벗,비스킷류,쿠키
129809,고운벗)말차머랭쿠키40g,20251203,40,4,20083,김제상온센터,288.0,0.0,0.0,20.0,32.0,24.0,52.0,12.0,8.0,0.0,8.0,4.0,0.0,0.0,76.0,17,582.0,1900.0,3800.0,고운벗,비스킷류,쿠키
129809,고운벗)말차머랭쿠키40g,20251203,40,4,20084,천안상온센터,312.0,0.0,0.0,0.0,32.0,72.0,32.0,36.0,8.0,8.0,4.0,4.0,0.0,0.0,104.0,28,653.0,1900.0,3800.0,고운벗,비스킷류,쿠키
129809,고운벗)말차머랭쿠키40g,20251203,40,4,20085,인천B상온센터,552.0,0.0,0.0,0.0,44.0,96.0,72.0,20.0,20.0,4.0,4.0,0.0,0.0,0.0,140.0,36,870.0,1900.0,3800.0,고운벗,비스킷류,쿠키
129810,로투스)비스코프37.5g,20251203,20,12,20006,성남센터,1248.0,0.0,0.0,0.0,96.0,348.0,180.0,96.0,48.0,24.0,48.0,36.0,12.0,0.0,444.0,38,763.0,490.0,900.0,로투스,비스킷류,쿠키
129810,로투스)비스코프37.5g,20251203,20,12,20007,대구센터,1440.0,0.0,0.0,72.0,168.0,288.0,144.0,108.0,60.0,24.0,36.0,0.0,0.0,0.0,528.0,45,928.0,490.0,900.0,로투스,비스킷류,쿠키
129810,로투스)비스코프37.5g,20251203,20,12,20010,양주센터,1920.0,0.0,0.0,84.0,204.0,156.0,192.0,84.0,60.0,12.0,60.0,12.0,0.0,0.0,444.0,38,1053.0,490.0,900.0,로투스,비스킷류,쿠키
129810,로투스)비스코프37.5g,20251203,20,12,20017,울산상온센터(K7),864.0,0.0,0.0,132.0,84.0,192.0,12.0,48.0,0.0,0.0,12.0,12.0,0.0,0.0,408.0,34,661.0,490.0,900.0,로투스,비스킷류,쿠키
129810,로투스)비스코프37.5g,20251203,20,12,20033,제주상온센터,384.0,0.0,0.0,0.0,36.0,48.0,84.0,48.0,12.0,12.0,0.0,0.0,0.0,0.0,84.0,7,294.0,490.0,900.0,로투스,비스킷류,쿠키
129810,로투스)비스코프37.5g,20251203,20,12,20034,구성상온센터,1920.0,0.0,0.0,0.0,84.0,228.0,144.0,84.0,36.0,12.0,60.0,24.0,0.0,0.0,312.0,28,949.0,490.0,900.0,로투스,비스킷류,쿠키
129810,로투스)비스코프37.5g,20251203,20,12,20050,세종상온센터,1344.0,0.0,0.0,48.0,252.0,204.0,144.0,48.0,36.0,12.0,24.0,12.0,0.0,0.0,504.0,43,930.0,490.0,900.0,로투스,비스킷류,쿠키
129810,로투스)비스코프37.5g,20251203,20,12,20065,원주상온센터(K7),960.0,0.0,0.0,0.0,156.0,156.0,72.0,24.0,24.0,0.0,0.0,24.0,0.0,0.0,312.0,26,749.0,490.0,900.0,로투스,비스킷류,쿠키
129810,로투스)비스코프37.5g,20251203,20,12,20075,인천상온센터,1440.0,0.0,0.0,0.0,156.0,252.0,144.0,72.0,12.0,12.0,36.0,12.0,0.0,0.0,408.0,36,900.0,490.0,900.0,로투스,비스킷류,쿠키
129810,로투스)비스코프37.5g,20251203,20,12,20079,A광주상온센터,960.0,0.0,0.0,84.0,72.0,96.0,60.0,24.0,12.0,36.0,36.0,24.0,0.0,0.0,252.0,22,682.0,490.0,900.0,로투스,비스킷류,쿠키
129810,로투스)비스코프37.5g,20251203,20,12,20080,A의왕상온센터,1056.0,0.0,0.0,0.0,72.0,180.0,192.0,84.0,24.0,36.0,12.0,24.0,12.0,0.0,252.0,23,727.0,490.0,900.0,로투스,비스킷류,쿠키
129810,로투스)비스코프37.5g,20251203,20,12,20081,A양산상온센터,1152.0,0.0,0.0,48.0,72.0,120.0,60.0,48.0,36.0,0.0,48.0,24.0,0.0,0.0,240.0,20,803.0,490.0,900.0,로투스,비스킷류,쿠키
129810,로투스)비스코프37.5g,20251203,20,12,20083,김제상온센터,768.0,0.0,0.0,12.0,24.0,84.0,48.0,36.0,12.0,0.0,12.0,0.0,0.0,0.0,120.0,10,582.0,490.0,900.0,로투스,비스킷류,쿠키
129810,로투스)비스코프37.5g,20251203,20,12,20084,천안상온센터,768.0,0.0,0.0,0.0,132.0,204.0,24.0,108.0,48.0,12.0,24.0,0.0,0.0,0.0,336.0,30,653.0,490.0,900.0,로투스,비스킷류,쿠키
129810,로투스)비스코프37.5g,20251203,20,12,20085,인천B상온센터,1344.0,0.0,0.0,0.0,180.0,228.0,168.0,84.0,12.0,24.0,36.0,0.0,0.0,0.0,408.0,36,870.0,490.0,900.0,로투스,비스킷류,쿠키
129811,선우)이름찾기초코과자40g,20251210,40,2,20006,성남센터,9.0,130.0,18.0,12.0,148.0,52.0,60.0,28.0,12.0,2.0,18.0,0.0,0.0,0.0,230.0,59,759.0,818.0,1500.0,선우,비스킷류,쿠키
129811,선우)이름찾기초코과자40g,20251210,40,2,20007,대구센터,10.0,214.0,24.0,126.0,192.0,86.0,98.0,76.0,8.0,4.0,6.0,4.0,0.0,0.0,428.0,104,927.0,818.0,1500.0,선우,비스킷류,쿠키
129811,선우)이름찾기초코과자40g,20251210,40,2,20010,양주센터,12.0,196.0,74.0,142.0,212.0,68.0,66.0,38.0,4.0,2.0,6.0,0.0,0.0,0.0,496.0,123,1053.0,818.0,1500.0,선우,비스킷류,쿠키
129811,선우)이름찾기초코과자40g,20251210,40,2,20017,울산상온센터(K7),6.0,110.0,20.0,56.0,84.0,48.0,48.0,46.0,12.0,6.0,14.0,6.0,0.0,0.0,208.0,50,659.0,818.0,1500.0,선우,비스킷류,쿠키
129811,선우)이름찾기초코과자40g,20251210,40,2,20033,제주상온센터,3.0,82.0,6.0,6.0,30.0,6.0,2.0,26.0,0.0,12.0,6.0,4.0,0.0,0.0,48.0,20,294.0,818.0,1500.0,선우,비스킷류,쿠키
129811,선우)이름찾기초코과자40g,20251210,40,2,20034,구성상온센터,12.0,152.0,34.0,44.0,204.0,98.0,18.0,4.0,56.0,8.0,0.0,6.0,6.0,0.0,380.0,88,948.0,818.0,1500.0,선우,비스킷류,쿠키
129811,선우)이름찾기초코과자40g,20251210,40,2,20050,세종상온센터,9.0,152.0,48.0,148.0,130.0,46.0,64.0,12.0,26.0,6.0,0.0,12.0,0.0,0.0,372.0,95,927.0,818.0,1500.0,선우,비스킷류,쿠키
129811,선우)이름찾기초코과자40g,20251210,40,2,20065,원주상온센터(K7),6.0,74.0,32.0,38.0,110.0,68.0,32.0,12.0,20.0,0.0,6.0,0.0,0.0,0.0,248.0,51,748.0,818.0,1500.0,선우,비스킷류,쿠키
129811,선우)이름찾기초코과자40g,20251210,40,2,20075,인천상온센터,9.0,170.0,40.0,14.0,160.0,80.0,48.0,54.0,22.0,14.0,0.0,12.0,0.0,0.0,294.0,79,897.0,818.0,1500.0,선우,비스킷류,쿠키
129811,선우)이름찾기초코과자40g,20251210,40,2,20079,A광주상온센터,6.0,128.0,30.0,94.0,70.0,76.0,48.0,32.0,2.0,0.0,0.0,0.0,0.0,0.0,270.0,71,681.0,818.0,1500.0,선우,비스킷류,쿠키
129811,선우)이름찾기초코과자40g,20251210,40,2,20080,A의왕상온센터,7.0,90.0,46.0,30.0,210.0,48.0,92.0,68.0,20.0,12.0,4.0,6.0,0.0,0.0,334.0,75,725.0,818.0,1500.0,선우,비스킷류,쿠키
129811,선우)이름찾기초코과자40g,20251210,40,2,20081,A양산상온센터,8.0,134.0,10.0,118.0,98.0,92.0,42.0,16.0,12.0,8.0,6.0,0.0,0.0,0.0,318.0,65,801.0,818.0,1500.0,선우,비스킷류,쿠키
129811,선우)이름찾기초코과자40g,20251210,40,2,20083,김제상온센터,5.0,200.0,14.0,42.0,70.0,60.0,18.0,16.0,8.0,6.0,8.0,0.0,0.0,0.0,186.0,69,581.0,818.0,1500.0,선우,비스킷류,쿠키
129811,선우)이름찾기초코과자40g,20251210,40,2,20084,천안상온센터,5.0,148.0,22.0,16.0,90.0,60.0,40.0,10.0,8.0,12.0,0.0,2.0,0.0,0.0,188.0,63,652.0,818.0,1500.0,선우,비스킷류,쿠키
129811,선우)이름찾기초코과자40g,20251210,40,2,20085,인천B상온센터,8.0,128.0,26.0,30.0,152.0,90.0,38.0,40.0,6.0,12.0,6.0,10.0,0.0,0.0,298.0,77,868.0,818.0,1500.0,선우,비스킷류,쿠키
129814,서주)젤리의연금술42g,20251203,15,12,20006,성남센터,1800.0,168.0,48.0,60.0,228.0,144.0,60.0,36.0,48.0,0.0,36.0,12.0,0.0,0.0,480.0,55,763.0,1018.0,2000.0,서주,젤리류,국산젤리
129814,서주)젤리의연금술42g,20251203,15,12,20007,대구센터,2100.0,132.0,36.0,168.0,240.0,180.0,72.0,84.0,24.0,24.0,12.0,0.0,0.0,0.0,624.0,68,928.0,1018.0,2000.0,서주,젤리류,국산젤리
129814,서주)젤리의연금술42g,20251203,15,12,20010,양주센터,2760.0,156.0,120.0,300.0,228.0,60.0,72.0,96.0,36.0,12.0,24.0,0.0,0.0,0.0,708.0,74,1053.0,1018.0,2000.0,서주,젤리류,국산젤리
129814,서주)젤리의연금술42g,20251203,15,12,20017,울산상온센터(K7),1260.0,132.0,24.0,120.0,96.0,60.0,12.0,0.0,12.0,0.0,36.0,12.0,0.0,0.0,300.0,41,661.0,1018.0,2000.0,서주,젤리류,국산젤리
129814,서주)젤리의연금술42g,20251203,15,12,20033,제주상온센터,480.0,48.0,0.0,12.0,48.0,36.0,0.0,12.0,12.0,0.0,12.0,0.0,0.0,0.0,96.0,13,294.0,1018.0,2000.0,서주,젤리류,국산젤리
129814,서주)젤리의연금술42g,20251203,15,12,20034,구성상온센터,2820.0,168.0,48.0,96.0,288.0,144.0,72.0,60.0,12.0,12.0,12.0,0.0,0.0,0.0,576.0,64,949.0,1018.0,2000.0,서주,젤리류,국산젤리
129814,서주)젤리의연금술42g,20251203,15,12,20050,세종상온센터,1920.0,144.0,36.0,192.0,156.0,72.0,84.0,36.0,24.0,0.0,24.0,0.0,0.0,0.0,456.0,54,930.0,1018.0,2000.0,서주,젤리류,국산젤리
129814,서주)젤리의연금술42g,20251203,15,12,20065,원주상온센터(K7),1320.0,48.0,24.0,60.0,132.0,120.0,24.0,36.0,48.0,0.0,0.0,36.0,0.0,0.0,336.0,34,749.0,1018.0,2000.0,서주,젤리류,국산젤리
129814,서주)젤리의연금술42g,20251203,15,12,20075,인천상온센터,2040.0,132.0,60.0,108.0,288.0,144.0,12.0,12.0,36.0,0.0,0.0,12.0,0.0,0.0,600.0,61,900.0,1018.0,2000.0,서주,젤리류,국산젤리
129814,서주)젤리의연금술42g,20251203,15,12,20079,A광주상온센터,1320.0,108.0,24.0,144.0,84.0,60.0,36.0,24.0,0.0,12.0,24.0,0.0,0.0,0.0,312.0,35,682.0,1018.0,2000.0,서주,젤리류,국산젤리
129814,서주)젤리의연금술42g,20251203,15,12,20080,A의왕상온센터,1500.0,132.0,96.0,72.0,288.0,120.0,60.0,36.0,24.0,36.0,12.0,12.0,12.0,0.0,576.0,60,727.0,1018.0,2000.0,서주,젤리류,국산젤리
129814,서주)젤리의연금술42g,20251203,15,12,20081,A양산상온센터,1680.0,108.0,24.0,108.0,144.0,24.0,36.0,0.0,24.0,12.0,48.0,0.0,0.0,0.0,300.0,35,803.0,1018.0,2000.0,서주,젤리류,국산젤리
129814,서주)젤리의연금술42g,20251203,15,12,20083,김제상온센터,1020.0,84.0,12.0,60.0,72.0,24.0,24.0,48.0,12.0,0.0,48.0,0.0,0.0,0.0,168.0,21,582.0,1018.0,2000.0,서주,젤리류,국산젤리
129814,서주)젤리의연금술42g,20251203,15,12,20084,천안상온센터,1080.0,132.0,60.0,36.0,120.0,60.0,0.0,36.0,12.0,36.0,0.0,12.0,0.0,0.0,276.0,38,653.0,1018.0,2000.0,서주,젤리류,국산젤리
129814,서주)젤리의연금술42g,20251203,15,12,20085,인천B상온센터,1980.0,120.0,84.0,84.0,192.0,108.0,96.0,84.0,12.0,12.0,12.0,0.0,0.0,0.0,468.0,50,870.0,1018.0,2000.0,서주,젤리류,국산젤리
129815,SAMG)프린세스하츄핑사우어4D젤리,20251203,20,10,20006,성남센터,1680.0,130.0,50.0,60.0,180.0,90.0,50.0,10.0,10.0,10.0,30.0,10.0,0.0,0.0,380.0,52,763.0,1318.0,2500.0,SAMG,젤리류,국산젤리
129815,SAMG)프린세스하츄핑사우어4D젤리,20251203,20,10,20007,대구센터,1920.0,150.0,50.0,230.0,180.0,110.0,60.0,100.0,20.0,20.0,20.0,10.0,0.0,0.0,570.0,74,928.0,1318.0,2500.0,SAMG,젤리류,국산젤리
129815,SAMG)프린세스하츄핑사우어4D젤리,20251203,20,10,20010,양주센터,2520.0,110.0,70.0,180.0,250.0,100.0,50.0,70.0,20.0,10.0,20.0,0.0,0.0,0.0,600.0,75,1053.0,1318.0,2500.0,SAMG,젤리류,국산젤리
129815,SAMG)프린세스하츄핑사우어4D젤리,20251203,20,10,20017,울산상온센터(K7),1140.0,100.0,30.0,80.0,110.0,30.0,20.0,10.0,0.0,0.0,30.0,20.0,0.0,0.0,250.0,33,661.0,1318.0,2500.0,SAMG,젤리류,국산젤리
129815,SAMG)프린세스하츄핑사우어4D젤리,20251203,20,10,20033,제주상온센터,420.0,20.0,0.0,30.0,70.0,50.0,30.0,20.0,10.0,0.0,0.0,0.0,0.0,0.0,150.0,18,294.0,1318.0,2500.0,SAMG,젤리류,국산젤리
129815,SAMG)프린세스하츄핑사우어4D젤리,20251203,20,10,20034,구성상온센터,2580.0,160.0,20.0,60.0,250.0,100.0,70.0,10.0,0.0,10.0,10.0,10.0,0.0,0.0,430.0,63,949.0,1318.0,2500.0,SAMG,젤리류,국산젤리
129815,SAMG)프린세스하츄핑사우어4D젤리,20251203,20,10,20050,세종상온센터,1740.0,110.0,10.0,190.0,210.0,60.0,30.0,30.0,10.0,0.0,10.0,0.0,0.0,0.0,470.0,60,930.0,1318.0,2500.0,SAMG,젤리류,국산젤리
129815,SAMG)프린세스하츄핑사우어4D젤리,20251203,20,10,20065,원주상온센터(K7),1200.0,60.0,40.0,100.0,80.0,30.0,20.0,70.0,10.0,0.0,30.0,0.0,0.0,0.0,250.0,33,749.0,1318.0,2500.0,SAMG,젤리류,국산젤리
129815,SAMG)프린세스하츄핑사우어4D젤리,20251203,20,10,20075,인천상온센터,1920.0,120.0,50.0,90.0,240.0,100.0,80.0,40.0,10.0,0.0,0.0,0.0,0.0,0.0,480.0,62,900.0,1318.0,2500.0,SAMG,젤리류,국산젤리
129815,SAMG)프린세스하츄핑사우어4D젤리,20251203,20,10,20079,A광주상온센터,1200.0,70.0,10.0,110.0,80.0,100.0,20.0,10.0,10.0,10.0,20.0,0.0,0.0,0.0,300.0,40,682.0,1318.0,2500.0,SAMG,젤리류,국산젤리
129815,SAMG)프린세스하츄핑사우어4D젤리,20251203,20,10,20080,A의왕상온센터,1380.0,60.0,60.0,50.0,230.0,40.0,70.0,20.0,20.0,10.0,0.0,0.0,20.0,0.0,380.0,45,727.0,1318.0,2500.0,SAMG,젤리류,국산젤리
129815,SAMG)프린세스하츄핑사우어4D젤리,20251203,20,10,20081,A양산상온센터,1560.0,120.0,40.0,110.0,110.0,60.0,40.0,0.0,30.0,10.0,30.0,20.0,0.0,0.0,320.0,46,803.0,1318.0,2500.0,SAMG,젤리류,국산젤리
129815,SAMG)프린세스하츄핑사우어4D젤리,20251203,20,10,20083,김제상온센터,960.0,90.0,0.0,60.0,90.0,70.0,20.0,0.0,30.0,10.0,20.0,0.0,0.0,0.0,220.0,32,582.0,1318.0,2500.0,SAMG,젤리류,국산젤리
129815,SAMG)프린세스하츄핑사우어4D젤리,20251203,20,10,20084,천안상온센터,960.0,80.0,30.0,30.0,130.0,40.0,20.0,30.0,10.0,10.0,0.0,10.0,0.0,0.0,230.0,31,653.0,1318.0,2500.0,SAMG,젤리류,국산젤리
129815,SAMG)프린세스하츄핑사우어4D젤리,20251203,20,10,20085,인천B상온센터,1860.0,90.0,40.0,60.0,170.0,130.0,80.0,30.0,10.0,0.0,0.0,0.0,0.0,0.0,400.0,49,870.0,1318.0,2500.0,SAMG,젤리류,국산젤리
129818,딸기키티)초코에빠진딸기60g,20251205,50,5,20006,성남센터,2780.0,0.0,0.0,0.0,0.0,0.0,0.0,0.0,0.0,0.0,0.0,0.0,0.0,0.0,0.0,405,759.0,2265.0,4500.0,딸기키티,초콜릿,봉지초콜릿
129818,딸기키티)초코에빠진딸기60g,20251205,50,5,20007,대구센터,2220.0,0.0,0.0,0.0,0.0,0.0,0.0,0.0,0.0,0.0,0.0,0.0,0.0,0.0,0.0,343,928.0,2265.0,4500.0,딸기키티,초콜릿,봉지초콜릿
129818,딸기키티)초코에빠진딸기60g,20251205,50,5,20010,양주센터,4400.0,0.0,0.0,0.0,0.0,0.0,0.0,0.0,0.0,0.0,0.0,0.0,0.0,0.0,0.0,480,1053.0,2265.0,4500.0,딸기키티,초콜릿,봉지초콜릿
129818,딸기키티)초코에빠진딸기60g,20251205,50,5,20017,울산상온센터(K7),2220.0,0.0,0.0,0.0,0.0,0.0,0.0,0.0,0.0,0.0,0.0,0.0,0.0,0.0,0.0,359,661.0,2265.0,4500.0,딸기키티,초콜릿,봉지초콜릿
129818,딸기키티)초코에빠진딸기60g,20251205,50,5,20033,제주상온센터,1400.0,0.0,0.0,0.0,0.0,0.0,0.0,0.0,0.0,0.0,0.0,0.0,0.0,0.0,0.0,143,294.0,2265.0,4500.0,딸기키티,초콜릿,봉지초콜릿
129818,딸기키티)초코에빠진딸기60g,20251205,50,5,20034,구성상온센터,4800.0,0.0,0.0,0.0,0.0,0.0,0.0,0.0,0.0,0.0,0.0,0.0,0.0,0.0,0.0,421,949.0,2265.0,4500.0,딸기키티,초콜릿,봉지초콜릿
129818,딸기키티)초코에빠진딸기60g,20251205,50,5,20050,세종상온센터,2680.0,0.0,0.0,0.0,0.0,0.0,0.0,0.0,0.0,0.0,0.0,0.0,0.0,0.0,0.0,409,929.0,2265.0,4500.0,딸기키티,초콜릿,봉지초콜릿
129818,딸기키티)초코에빠진딸기60g,20251205,50,5,20065,원주상온센터(K7),2260.0,0.0,0.0,0.0,0.0,0.0,0.0,0.0,0.0,0.0,0.0,0.0,0.0,0.0,0.0,246,749.0,2265.0,4500.0,딸기키티,초콜릿,봉지초콜릿
129818,딸기키티)초코에빠진딸기60g,20251205,50,5,20075,인천상온센터,3500.0,0.0,0.0,0.0,0.0,0.0,0.0,0.0,0.0,0.0,0.0,0.0,0.0,0.0,0.0,342,897.0,2265.0,4500.0,딸기키티,초콜릿,봉지초콜릿
129818,딸기키티)초코에빠진딸기60g,20251205,50,5,20079,A광주상온센터,2000.0,0.0,0.0,0.0,0.0,0.0,0.0,0.0,0.0,0.0,0.0,0.0,0.0,0.0,0.0,407,681.0,2265.0,4500.0,딸기키티,초콜릿,봉지초콜릿
129818,딸기키티)초코에빠진딸기60g,20251205,50,5,20080,A의왕상온센터,3160.0,0.0,0.0,0.0,0.0,0.0,0.0,0.0,0.0,0.0,0.0,0.0,0.0,0.0,0.0,398,725.0,2265.0,4500.0,딸기키티,초콜릿,봉지초콜릿
129818,딸기키티)초코에빠진딸기60g,20251205,50,5,20081,A양산상온센터,2300.0,0.0,0.0,0.0,0.0,0.0,0.0,0.0,0.0,0.0,0.0,0.0,0.0,0.0,0.0,452,802.0,2265.0,4500.0,딸기키티,초콜릿,봉지초콜릿
129818,딸기키티)초코에빠진딸기60g,20251205,50,5,20083,김제상온센터,1620.0,0.0,0.0,0.0,0.0,0.0,0.0,0.0,0.0,0.0,0.0,0.0,0.0,0.0,0.0,312,582.0,2265.0,4500.0,딸기키티,초콜릿,봉지초콜릿
129818,딸기키티)초코에빠진딸기60g,20251205,50,5,20084,천안상온센터,1660.0,0.0,0.0,0.0,0.0,0.0,0.0,0.0,0.0,0.0,0.0,0.0,0.0,0.0,0.0,168,652.0,2265.0,4500.0,딸기키티,초콜릿,봉지초콜릿
129818,딸기키티)초코에빠진딸기60g,20251205,50,5,20085,인천B상온센터,3800.0,0.0,0.0,0.0,0.0,0.0,0.0,0.0,0.0,0.0,0.0,0.0,0.0,0.0,0.0,353,869.0,2265.0,4500.0,딸기키티,초콜릿,봉지초콜릿
129836,네슬레)킷캣미니어처밀크,20251203,30,30,20006,성남센터,6120.0,240.0,480.0,180.0,1020.0,720.0,330.0,150.0,150.0,60.0,120.0,90.0,0.0,0.0,2400.0,89,763.0,382.0,700.0,네슬레,초콜릿,바초콜릿
129836,네슬레)킷캣미니어처밀크,20251203,30,30,20007,대구센터,6840.0,270.0,240.0,960.0,870.0,690.0,210.0,300.0,150.0,120.0,60.0,0.0,0.0,0.0,2760.0,104,928.0,382.0,700.0,네슬레,초콜릿,바초콜릿
129836,네슬레)킷캣미니어처밀크,20251203,30,30,20010,양주센터,9000.0,330.0,180.0,750.0,930.0,270.0,240.0,180.0,150.0,60.0,60.0,30.0,0.0,0.0,2130.0,91,1053.0,382.0,700.0,네슬레,초콜릿,바초콜릿
129836,네슬레)킷캣미니어처밀크,20251203,30,30,20017,울산상온센터(K7),3960.0,240.0,150.0,540.0,330.0,420.0,30.0,60.0,30.0,30.0,60.0,30.0,0.0,0.0,1440.0,62,661.0,382.0,700.0,네슬레,초콜릿,바초콜릿
129836,네슬레)킷캣미니어처밀크,20251203,30,30,20033,제주상온센터,1800.0,30.0,60.0,30.0,180.0,90.0,90.0,90.0,60.0,0.0,60.0,0.0,0.0,0.0,360.0,14,294.0,382.0,700.0,네슬레,초콜릿,바초콜릿
129836,네슬레)킷캣미니어처밀크,20251203,30,30,20034,구성상온센터,9360.0,270.0,330.0,420.0,1200.0,570.0,420.0,210.0,30.0,30.0,90.0,90.0,0.0,0.0,2520.0,98,949.0,382.0,700.0,네슬레,초콜릿,바초콜릿
129836,네슬레)킷캣미니어처밀크,20251203,30,30,20050,세종상온센터,6480.0,330.0,210.0,390.0,1020.0,270.0,390.0,60.0,60.0,30.0,0.0,0.0,0.0,0.0,1890.0,78,930.0,382.0,700.0,네슬레,초콜릿,바초콜릿
129836,네슬레)킷캣미니어처밀크,20251203,30,30,20065,원주상온센터(K7),4320.0,120.0,180.0,240.0,540.0,360.0,210.0,60.0,150.0,0.0,30.0,90.0,0.0,0.0,1320.0,47,749.0,382.0,700.0,네슬레,초콜릿,바초콜릿
129836,네슬레)킷캣미니어처밀크,20251203,30,30,20075,인천상온센터,6840.0,150.0,360.0,360.0,750.0,540.0,300.0,60.0,0.0,30.0,0.0,30.0,0.0,0.0,2010.0,73,900.0,382.0,700.0,네슬레,초콜릿,바초콜릿
129836,네슬레)킷캣미니어처밀크,20251203,30,30,20079,A광주상온센터,4320.0,120.0,60.0,210.0,420.0,270.0,120.0,0.0,60.0,30.0,60.0,0.0,0.0,0.0,960.0,38,682.0,382.0,700.0,네슬레,초콜릿,바초콜릿
129836,네슬레)킷캣미니어처밀크,20251203,30,30,20080,A의왕상온센터,5040.0,150.0,210.0,360.0,1170.0,390.0,180.0,90.0,60.0,90.0,30.0,0.0,30.0,0.0,2130.0,81,727.0,382.0,700.0,네슬레,초콜릿,바초콜릿
129836,네슬레)킷캣미니어처밀크,20251203,30,30,20081,A양산상온센터,5400.0,210.0,210.0,210.0,330.0,240.0,90.0,90.0,60.0,60.0,150.0,90.0,0.0,0.0,990.0,43,803.0,382.0,700.0,네슬레,초콜릿,바초콜릿
129836,네슬레)킷캣미니어처밀크,20251203,30,30,20083,김제상온센터,3600.0,150.0,90.0,270.0,330.0,150.0,120.0,0.0,30.0,30.0,30.0,60.0,0.0,0.0,840.0,33,582.0,382.0,700.0,네슬레,초콜릿,바초콜릿
129836,네슬레)킷캣미니어처밀크,20251203,30,30,20084,천안상온센터,3600.0,150.0,240.0,120.0,660.0,240.0,120.0,30.0,0.0,0.0,0.0,30.0,0.0,0.0,1260.0,51,653.0,382.0,700.0,네슬레,초콜릿,바초콜릿
129836,네슬레)킷캣미니어처밀크,20251203,30,30,20085,인천B상온센터,6480.0,270.0,90.0,90.0,810.0,420.0,300.0,240.0,120.0,0.0,30.0,0.0,0.0,0.0,1410.0,60,870.0,382.0,700.0,네슬레,초콜릿,바초콜릿
129837,크라운)키커바가나슈28g,20251203,30,15,20006,성남센터,5100.0,105.0,225.0,135.0,840.0,585.0,150.0,105.0,60.0,30.0,90.0,75.0,15.0,0.0,1785.0,131,763.0,760.0,1300.0,크라운,초콜릿,바초콜릿
129837,크라운)키커바가나슈28g,20251203,30,15,20007,대구센터,5880.0,300.0,255.0,720.0,720.0,660.0,285.0,225.0,90.0,45.0,45.0,15.0,0.0,0.0,2355.0,183,928.0,760.0,1300.0,크라운,초콜릿,바초콜릿
129837,크라운)키커바가나슈28g,20251203,30,15,20010,양주센터,7680.0,270.0,240.0,765.0,735.0,210.0,285.0,165.0,60.0,30.0,45.0,15.0,0.0,0.0,1950.0,151,1053.0,760.0,1300.0,크라운,초콜릿,바초콜릿
129837,크라운)키커바가나슈28g,20251203,30,15,20017,울산상온센터(K7),3420.0,165.0,165.0,420.0,270.0,300.0,60.0,45.0,45.0,30.0,45.0,0.0,0.0,0.0,1155.0,91,661.0,760.0,1300.0,크라운,초콜릿,바초콜릿
129837,크라운)키커바가나슈28g,20251203,30,15,20033,제주상온센터,1320.0,30.0,60.0,45.0,210.0,75.0,60.0,30.0,30.0,15.0,15.0,0.0,0.0,0.0,390.0,29,294.0,760.0,1300.0,크라운,초콜릿,바초콜릿
129837,크라운)키커바가나슈28g,20251203,30,15,20034,구성상온센터,7860.0,165.0,255.0,285.0,1005.0,540.0,360.0,105.0,90.0,30.0,90.0,60.0,0.0,0.0,2085.0,150,949.0,760.0,1300.0,크라운,초콜릿,바초콜릿
129837,크라운)키커바가나슈28g,20251203,30,15,20050,세종상온센터,5280.0,195.0,165.0,480.0,870.0,210.0,210.0,75.0,90.0,15.0,45.0,30.0,0.0,0.0,1725.0,133,930.0,760.0,1300.0,크라운,초콜릿,바초콜릿
129837,크라운)키커바가나슈28g,20251203,30,15,20065,원주상온센터(K7),3660.0,105.0,165.0,135.0,420.0,210.0,135.0,30.0,105.0,0.0,15.0,30.0,0.0,0.0,930.0,72,749.0,760.0,1300.0,크라운,초콜릿,바초콜릿
129837,크라운)키커바가나슈28g,20251203,30,15,20075,인천상온센터,5760.0,120.0,210.0,240.0,750.0,300.0,255.0,135.0,30.0,15.0,0.0,30.0,15.0,0.0,1500.0,108,900.0,760.0,1300.0,크라운,초콜릿,바초콜릿
129837,크라운)키커바가나슈28g,20251203,30,15,20079,A광주상온센터,3720.0,120.0,90.0,360.0,345.0,285.0,135.0,60.0,15.0,60.0,30.0,30.0,0.0,0.0,1080.0,80,682.0,760.0,1300.0,크라운,초콜릿,바초콜릿
129837,크라운)키커바가나슈28g,20251203,30,15,20080,A의왕상온센터,4200.0,90.0,165.0,195.0,1140.0,480.0,150.0,90.0,60.0,45.0,45.0,30.0,30.0,0.0,1980.0,142,727.0,760.0,1300.0,크라운,초콜릿,바초콜릿
129837,크라운)키커바가나슈28g,20251203,30,15,20081,A양산상온센터,4680.0,165.0,165.0,315.0,360.0,300.0,60.0,75.0,60.0,15.0,90.0,30.0,0.0,0.0,1140.0,90,803.0,760.0,1300.0,크라운,초콜릿,바초콜릿
129837,크라운)키커바가나슈28g,20251203,30,15,20083,김제상온센터,2820.0,105.0,60.0,285.0,255.0,285.0,60.0,30.0,105.0,45.0,15.0,15.0,0.0,0.0,885.0,65,582.0,760.0,1300.0,크라운,초콜릿,바초콜릿
129837,크라운)키커바가나슈28g,20251203,30,15,20084,천안상온센터,3000.0,120.0,180.0,165.0,510.0,225.0,105.0,60.0,30.0,60.0,45.0,30.0,0.0,0.0,1080.0,82,653.0,760.0,1300.0,크라운,초콜릿,바초콜릿
129837,크라운)키커바가나슈28g,20251203,30,15,20085,인천B상온센터,5580.0,195.0,150.0,180.0,855.0,345.0,210.0,135.0,60.0,15.0,15.0,0.0,0.0,0.0,1530.0,117,870.0,760.0,1300.0,크라운,초콜릿,바초콜릿
129840,크라운)키커바크리미밀크28g,20251203,20,15,20006,성남센터,4980.0,105.0,225.0,135.0,795.0,540.0,135.0,120.0,45.0,30.0,75.0,75.0,15.0,0.0,1695.0,123,763.0,760.0,1300.0,크라운,초콜릿,바초콜릿
129840,크라운)키커바크리미밀크28g,20251203,20,15,20007,대구센터,5700.0,270.0,195.0,750.0,720.0,600.0,270.0,210.0,90.0,30.0,30.0,15.0,0.0,0.0,2265.0,173,928.0,760.0,1300.0,크라운,초콜릿,바초콜릿
129840,크라운)키커바크리미밀크28g,20251203,20,15,20010,양주센터,7500.0,240.0,180.0,750.0,735.0,195.0,270.0,135.0,75.0,30.0,75.0,15.0,0.0,0.0,1860.0,141,1053.0,760.0,1300.0,크라운,초콜릿,바초콜릿
129840,크라운)키커바크리미밀크28g,20251203,20,15,20017,울산상온센터(K7),3360.0,135.0,180.0,405.0,225.0,315.0,75.0,60.0,0.0,15.0,45.0,0.0,0.0,0.0,1125.0,88,661.0,760.0,1300.0,크라운,초콜릿,바초콜릿
129840,크라운)키커바크리미밀크28g,20251203,20,15,20033,제주상온센터,1260.0,15.0,45.0,30.0,195.0,75.0,30.0,30.0,30.0,15.0,15.0,0.0,0.0,0.0,345.0,24,294.0,760.0,1300.0,크라운,초콜릿,바초콜릿
129840,크라운)키커바크리미밀크28g,20251203,20,15,20034,구성상온센터,7680.0,165.0,225.0,255.0,975.0,450.0,315.0,105.0,90.0,30.0,120.0,60.0,0.0,0.0,1905.0,137,949.0,760.0,1300.0,크라운,초콜릿,바초콜릿
129840,크라운)키커바크리미밀크28g,20251203,20,15,20050,세종상온센터,5160.0,165.0,135.0,450.0,795.0,240.0,180.0,75.0,75.0,15.0,30.0,15.0,0.0,0.0,1620.0,121,930.0,760.0,1300.0,크라운,초콜릿,바초콜릿
129840,크라운)키커바크리미밀크28g,20251203,20,15,20065,원주상온센터(K7),3600.0,75.0,165.0,135.0,420.0,195.0,120.0,30.0,90.0,0.0,15.0,45.0,0.0,0.0,915.0,68,749.0,760.0,1300.0,크라운,초콜릿,바초콜릿
129840,크라운)키커바크리미밀크28g,20251203,20,15,20075,인천상온센터,5640.0,120.0,225.0,240.0,750.0,285.0,210.0,135.0,15.0,15.0,15.0,30.0,15.0,0.0,1500.0,109,900.0,760.0,1300.0,크라운,초콜릿,바초콜릿
129840,크라운)키커바크리미밀크28g,20251203,20,15,20079,A광주상온센터,3600.0,120.0,90.0,300.0,285.0,285.0,120.0,45.0,15.0,75.0,30.0,45.0,0.0,0.0,960.0,72,682.0,760.0,1300.0,크라운,초콜릿,바초콜릿
129840,크라운)키커바크리미밀크28g,20251203,20,15,20080,A의왕상온센터,4140.0,75.0,150.0,210.0,1080.0,435.0,120.0,105.0,45.0,45.0,30.0,0.0,30.0,0.0,1875.0,131,727.0,760.0,1300.0,크라운,초콜릿,바초콜릿
129840,크라운)키커바크리미밀크28g,20251203,20,15,20081,A양산상온센터,4560.0,165.0,150.0,300.0,345.0,300.0,45.0,45.0,45.0,15.0,75.0,30.0,0.0,0.0,1095.0,88,803.0,760.0,1300.0,크라운,초콜릿,바초콜릿
129840,크라운)키커바크리미밀크28g,20251203,20,15,20083,김제상온센터,2760.0,105.0,45.0,255.0,240.0,270.0,60.0,15.0,105.0,45.0,15.0,15.0,0.0,0.0,810.0,62,582.0,760.0,1300.0,크라운,초콜릿,바초콜릿
129840,크라운)키커바크리미밀크28g,20251203,20,15,20084,천안상온센터,2880.0,75.0,150.0,180.0,450.0,225.0,90.0,45.0,30.0,60.0,30.0,30.0,0.0,0.0,1005.0,75,653.0,760.0,1300.0,크라운,초콜릿,바초콜릿
129840,크라운)키커바크리미밀크28g,20251203,20,15,20085,인천B상온센터,5460.0,180.0,135.0,180.0,825.0,360.0,225.0,135.0,45.0,15.0,15.0,0.0,0.0,0.0,1500.0,114,870.0,760.0,1300.0,크라운,초콜릿,바초콜릿
129845,시원)허니뻥이요90g,20251203,30,12,20006,성남센터,3132.0,264.0,120.0,108.0,336.0,228.0,60.0,60.0,36.0,24.0,48.0,12.0,0.0,0.0,792.0,96,763.0,1050.0,2100.0,시원,스낵류,옥수수스낵
129845,시원)허니뻥이요90g,20251203,30,12,20007,대구센터,3576.0,264.0,120.0,276.0,228.0,216.0,156.0,72.0,36.0,48.0,0.0,0.0,0.0,0.0,840.0,116,928.0,1050.0,2100.0,시원,스낵류,옥수수스낵
129845,시원)허니뻥이요90g,20251203,30,12,20010,양주센터,4704.0,264.0,96.0,444.0,396.0,132.0,180.0,60.0,24.0,24.0,24.0,0.0,0.0,0.0,1068.0,124,1053.0,1050.0,2100.0,시원,스낵류,옥수수스낵
129845,시원)허니뻥이요90g,20251203,30,12,20017,울산상온센터(K7),2100.0,264.0,36.0,180.0,180.0,168.0,12.0,0.0,0.0,0.0,12.0,0.0,0.0,0.0,564.0,82,661.0,1050.0,2100.0,시원,스낵류,옥수수스낵
129845,시원)허니뻥이요90g,20251203,30,12,20033,제주상온센터,792.0,96.0,12.0,48.0,144.0,60.0,0.0,12.0,12.0,0.0,12.0,0.0,0.0,0.0,264.0,36,294.0,1050.0,2100.0,시원,스낵류,옥수수스낵
129845,시원)허니뻥이요90g,20251203,30,12,20034,구성상온센터,4824.0,336.0,48.0,144.0,456.0,252.0,180.0,72.0,48.0,36.0,60.0,24.0,0.0,0.0,900.0,112,949.0,1050.0,2100.0,시원,스낵류,옥수수스낵
129845,시원)허니뻥이요90g,20251203,30,12,20050,세종상온센터,3240.0,348.0,24.0,336.0,372.0,120.0,60.0,36.0,48.0,0.0,12.0,24.0,0.0,0.0,852.0,116,930.0,1050.0,2100.0,시원,스낵류,옥수수스낵
129845,시원)허니뻥이요90g,20251203,30,12,20065,원주상온센터(K7),2244.0,108.0,84.0,120.0,300.0,144.0,60.0,12.0,60.0,12.0,12.0,36.0,0.0,0.0,648.0,71,749.0,1050.0,2100.0,시원,스낵류,옥수수스낵
129845,시원)허니뻥이요90g,20251203,30,12,20075,인천상온센터,3540.0,228.0,84.0,132.0,396.0,120.0,84.0,48.0,24.0,12.0,24.0,0.0,12.0,0.0,732.0,101,900.0,1050.0,2100.0,시원,스낵류,옥수수스낵
129845,시원)허니뻥이요90g,20251203,30,12,20079,A광주상온센터,2268.0,120.0,24.0,228.0,156.0,132.0,48.0,24.0,12.0,36.0,24.0,12.0,0.0,0.0,540.0,66,682.0,1050.0,2100.0,시원,스낵류,옥수수스낵
129845,시원)허니뻥이요90g,20251203,30,12,20080,A의왕상온센터,2580.0,192.0,96.0,108.0,492.0,132.0,84.0,36.0,0.0,24.0,12.0,12.0,12.0,0.0,828.0,103,727.0,1050.0,2100.0,시원,스낵류,옥수수스낵
129845,시원)허니뻥이요90g,20251203,30,12,20081,A양산상온센터,2856.0,216.0,72.0,156.0,204.0,144.0,48.0,36.0,24.0,0.0,12.0,0.0,0.0,0.0,576.0,77,803.0,1050.0,2100.0,시원,스낵류,옥수수스낵
129845,시원)허니뻥이요90g,20251203,30,12,20083,김제상온센터,1728.0,156.0,12.0,144.0,120.0,84.0,36.0,24.0,60.0,0.0,12.0,0.0,0.0,0.0,360.0,47,582.0,1050.0,2100.0,시원,스낵류,옥수수스낵
129845,시원)허니뻥이요90g,20251203,30,12,20084,천안상온센터,1812.0,240.0,60.0,48.0,204.0,156.0,72.0,36.0,36.0,72.0,24.0,12.0,0.0,0.0,468.0,66,653.0,1050.0,2100.0,시원,스낵류,옥수수스낵
129845,시원)허니뻥이요90g,20251203,30,12,20085,인천B상온센터,3408.0,156.0,60.0,108.0,444.0,168.0,84.0,48.0,48.0,12.0,12.0,0.0,0.0,0.0,780.0,82,870.0,1050.0,2100.0,시원,스낵류,옥수수스낵
129853,시원)뻥이요100g,20251203,50,12,20006,성남센터,3984.0,276.0,132.0,72.0,456.0,288.0,72.0,84.0,84.0,24.0,36.0,36.0,0.0,0.0,948.0,105,763.0,1050.0,2100.0,시원,스낵류,옥수수스낵
129853,시원)뻥이요100g,20251203,50,12,20007,대구센터,4560.0,264.0,144.0,444.0,336.0,312.0,192.0,144.0,72.0,48.0,24.0,12.0,0.0,0.0,1236.0,132,928.0,1050.0,2100.0,시원,스낵류,옥수수스낵
129853,시원)뻥이요100g,20251203,50,12,20010,양주센터,5976.0,348.0,144.0,528.0,576.0,168.0,216.0,120.0,72.0,24.0,36.0,0.0,0.0,0.0,1416.0,155,1053.0,1050.0,2100.0,시원,스낵류,옥수수스낵
129853,시원)뻥이요100g,20251203,50,12,20017,울산상온센터(K7),2664.0,276.0,60.0,264.0,192.0,252.0,60.0,36.0,0.0,0.0,48.0,12.0,0.0,0.0,768.0,89,661.0,1050.0,2100.0,시원,스낵류,옥수수스낵
129853,시원)뻥이요100g,20251203,50,12,20033,제주상온센터,996.0,132.0,0.0,36.0,180.0,72.0,60.0,60.0,24.0,0.0,12.0,12.0,0.0,0.0,288.0,38,294.0,1050.0,2100.0,시원,스낵류,옥수수스낵
129853,시원)뻥이요100g,20251203,50,12,20034,구성상온센터,6144.0,480.0,120.0,204.0,756.0,300.0,276.0,96.0,60.0,12.0,72.0,24.0,0.0,0.0,1380.0,157,949.0,1050.0,2100.0,시원,스낵류,옥수수스낵
129853,시원)뻥이요100g,20251203,50,12,20050,세종상온센터,4116.0,372.0,84.0,456.0,576.0,228.0,108.0,84.0,36.0,24.0,12.0,12.0,0.0,0.0,1344.0,150,930.0,1050.0,2100.0,시원,스낵류,옥수수스낵
129853,시원)뻥이요100g,20251203,50,12,20065,원주상온센터(K7),2856.0,264.0,96.0,84.0,420.0,204.0,96.0,48.0,96.0,12.0,12.0,84.0,0.0,0.0,804.0,93,749.0,1050.0,2100.0,시원,스낵류,옥수수스낵
129853,시원)뻥이요100g,20251203,50,12,20075,인천상온센터,4500.0,348.0,120.0,120.0,480.0,300.0,120.0,60.0,24.0,24.0,24.0,0.0,12.0,0.0,1020.0,115,900.0,1050.0,2100.0,시원,스낵류,옥수수스낵
129853,시원)뻥이요100g,20251203,50,12,20079,A광주상온센터,2880.0,216.0,48.0,336.0,204.0,192.0,84.0,48.0,12.0,24.0,48.0,24.0,0.0,0.0,780.0,86,682.0,1050.0,2100.0,시원,스낵류,옥수수스낵
129853,시원)뻥이요100g,20251203,50,12,20080,A의왕상온센터,3276.0,228.0,132.0,120.0,600.0,204.0,144.0,108.0,12.0,24.0,12.0,12.0,12.0,0.0,1056.0,113,727.0,1050.0,2100.0,시원,스낵류,옥수수스낵
129853,시원)뻥이요100g,20251203,50,12,20081,A양산상온센터,3636.0,276.0,60.0,180.0,240.0,156.0,84.0,24.0,24.0,0.0,24.0,0.0,0.0,0.0,636.0,83,803.0,1050.0,2100.0,시원,스낵류,옥수수스낵
129853,시원)뻥이요100g,20251203,50,12,20083,김제상온센터,2196.0,204.0,24.0,192.0,156.0,156.0,84.0,60.0,36.0,24.0,0.0,12.0,0.0,0.0,528.0,63,582.0,1050.0,2100.0,시원,스낵류,옥수수스낵
129853,시원)뻥이요100g,20251203,50,12,20084,천안상온센터,2304.0,348.0,96.0,72.0,240.0,204.0,84.0,24.0,36.0,72.0,24.0,12.0,0.0,0.0,612.0,82,653.0,1050.0,2100.0,시원,스낵류,옥수수스낵
129853,시원)뻥이요100g,20251203,50,12,20085,인천B상온센터,4344.0,264.0,96.0,144.0,420.0,276.0,132.0,84.0,48.0,24.0,12.0,12.0,0.0,0.0,936.0,100,870.0,1050.0,2100.0,시원,스낵류,옥수수스낵
129869,오리온)마켓오구운김톡80G,20251126,40,14,20006,성남센터,6636.0,0.0,0.0,0.0,0.0,0.0,0.0,84.0,266.0,140.0,98.0,574.0,28.0,0.0,0.0,0,763.0,986.0,1700.0,오리온,스낵류,일반스낵
129869,오리온)마켓오구운김톡80G,20251126,40,14,20007,대구센터,7588.0,0.0,0.0,0.0,0.0,0.0,70.0,154.0,98.0,154.0,378.0,308.0,56.0,0.0,0.0,0,927.0,986.0,1700.0,오리온,스낵류,일반스낵
129869,오리온)마켓오구운김톡80G,20251126,40,14,20010,양주센터,9954.0,0.0,0.0,0.0,0.0,0.0,112.0,112.0,98.0,126.0,560.0,266.0,14.0,0.0,0.0,0,1053.0,986.0,1700.0,오리온,스낵류,일반스낵
129869,오리온)마켓오구운김톡80G,20251126,40,14,20017,울산상온센터(K7),4438.0,0.0,0.0,0.0,0.0,0.0,84.0,140.0,154.0,70.0,238.0,168.0,56.0,0.0,0.0,0,661.0,986.0,1700.0,오리온,스낵류,일반스낵
129869,오리온)마켓오구운김톡80G,20251126,40,14,20033,제주상온센터,1666.0,0.0,0.0,0.0,0.0,0.0,0.0,42.0,56.0,14.0,56.0,140.0,0.0,0.0,0.0,0,294.0,986.0,1700.0,오리온,스낵류,일반스낵
129869,오리온)마켓오구운김톡80G,20251126,40,14,20034,구성상온센터,10234.0,0.0,0.0,0.0,0.0,0.0,0.0,210.0,168.0,112.0,168.0,658.0,42.0,0.0,0.0,0,949.0,986.0,1700.0,오리온,스낵류,일반스낵
129869,오리온)마켓오구운김톡80G,20251126,40,14,20050,세종상온센터,6860.0,0.0,0.0,0.0,0.0,0.0,84.0,126.0,140.0,56.0,294.0,378.0,28.0,0.0,0.0,0,929.0,986.0,1700.0,오리온,스낵류,일반스낵
129869,오리온)마켓오구운김톡80G,20251126,40,14,20065,원주상온센터(K7),4760.0,0.0,0.0,0.0,0.0,0.0,0.0,14.0,84.0,112.0,98.0,252.0,42.0,0.0,0.0,0,750.0,986.0,1700.0,오리온,스낵류,일반스낵
129869,오리온)마켓오구운김톡80G,20251126,40,14,20075,인천상온센터,7504.0,0.0,0.0,0.0,0.0,0.0,0.0,70.0,126.0,126.0,196.0,574.0,42.0,0.0,0.0,0,901.0,986.0,1700.0,오리온,스낵류,일반스낵
129869,오리온)마켓오구운김톡80G,20251126,40,14,20079,A광주상온센터,4802.0,0.0,0.0,0.0,0.0,0.0,28.0,70.0,56.0,28.0,294.0,126.0,0.0,0.0,0.0,0,683.0,986.0,1700.0,오리온,스낵류,일반스낵
129869,오리온)마켓오구운김톡80G,20251126,40,14,20080,A의왕상온센터,5460.0,0.0,0.0,0.0,0.0,0.0,0.0,154.0,140.0,84.0,112.0,672.0,42.0,0.0,0.0,0,727.0,986.0,1700.0,오리온,스낵류,일반스낵
129869,오리온)마켓오구운김톡80G,20251126,40,14,20081,A양산상온센터,6048.0,0.0,0.0,0.0,0.0,0.0,56.0,56.0,140.0,98.0,210.0,224.0,0.0,0.0,0.0,0,803.0,986.0,1700.0,오리온,스낵류,일반스낵
129869,오리온)마켓오구운김톡80G,20251126,40,14,20083,김제상온센터,3654.0,0.0,0.0,0.0,0.0,0.0,56.0,70.0,84.0,14.0,112.0,98.0,14.0,0.0,0.0,0,582.0,986.0,1700.0,오리온,스낵류,일반스낵
129869,오리온)마켓오구운김톡80G,20251126,40,14,20084,천안상온센터,3850.0,0.0,0.0,0.0,0.0,0.0,0.0,70.0,182.0,84.0,70.0,308.0,14.0,0.0,0.0,0,653.0,986.0,1700.0,오리온,스낵류,일반스낵
129869,오리온)마켓오구운김톡80G,20251126,40,14,20085,인천B상온센터,7224.0,0.0,0.0,0.0,0.0,0.0,0.0,112.0,154.0,98.0,42.0,406.0,28.0,0.0,0.0,0,869.0,986.0,1700.0,오리온,스낵류,일반스낵
129898,여리수)라멘뽀식이100g,20251203,10,1,20006,성남센터,3792.0,0.0,92.0,97.0,432.0,275.0,144.0,64.0,64.0,32.0,64.0,32.0,32.0,0.0,896.0,66,763.0,777.0,1500.0,여리수,스낵류,일반스낵
129898,여리수)라멘뽀식이100g,20251203,10,1,20007,대구센터,4336.0,3.0,133.0,514.0,433.0,470.0,240.0,144.0,64.0,16.0,32.0,16.0,0.0,0.0,1550.0,112,928.0,777.0,1500.0,여리수,스낵류,일반스낵
129898,여리수)라멘뽀식이100g,20251203,10,1,20010,양주센터,5696.0,16.0,122.0,517.0,473.0,178.0,192.0,64.0,48.0,64.0,48.0,0.0,0.0,0.0,1290.0,94,1053.0,777.0,1500.0,여리수,스낵류,일반스낵
129898,여리수)라멘뽀식이100g,20251203,10,1,20017,울산상온센터(K7),2544.0,16.0,64.0,314.0,263.0,253.0,32.0,32.0,16.0,16.0,32.0,0.0,0.0,0.0,894.0,68,661.0,777.0,1500.0,여리수,스낵류,일반스낵
129898,여리수)라멘뽀식이100g,20251203,10,1,20033,제주상온센터,960.0,0.0,38.0,64.0,179.0,96.0,64.0,32.0,32.0,0.0,16.0,0.0,0.0,0.0,377.0,27,294.0,777.0,1500.0,여리수,스낵류,일반스낵
129898,여리수)라멘뽀식이100g,20251203,10,1,20034,구성상온센터,5856.0,0.0,64.0,251.0,612.0,227.0,192.0,64.0,96.0,48.0,96.0,0.0,16.0,0.0,1154.0,80,949.0,777.0,1500.0,여리수,스낵류,일반스낵
129898,여리수)라멘뽀식이100g,20251203,10,1,20050,세종상온센터,3920.0,16.0,53.0,402.0,491.0,213.0,112.0,80.0,16.0,0.0,48.0,16.0,0.0,0.0,1159.0,87,930.0,777.0,1500.0,여리수,스낵류,일반스낵
129898,여리수)라멘뽀식이100g,20251203,10,1,20065,원주상온센터(K7),2720.0,0.0,48.0,139.0,317.0,216.0,144.0,32.0,64.0,0.0,48.0,80.0,0.0,0.0,720.0,56,749.0,777.0,1500.0,여리수,스낵류,일반스낵
129898,여리수)라멘뽀식이100g,20251203,10,1,20075,인천상온센터,4288.0,0.0,25.0,244.0,456.0,334.0,128.0,96.0,16.0,16.0,16.0,0.0,0.0,0.0,1059.0,79,900.0,777.0,1500.0,여리수,스낵류,일반스낵
129898,여리수)라멘뽀식이100g,20251203,10,1,20079,A광주상온센터,2752.0,32.0,32.0,358.0,327.0,176.0,80.0,80.0,32.0,32.0,48.0,32.0,0.0,0.0,893.0,63,682.0,777.0,1500.0,여리수,스낵류,일반스낵
129898,여리수)라멘뽀식이100g,20251203,10,1,20080,A의왕상온센터,3120.0,0.0,64.0,94.0,633.0,165.0,192.0,32.0,0.0,48.0,0.0,0.0,16.0,0.0,956.0,75,727.0,777.0,1500.0,여리수,스낵류,일반스낵
129898,여리수)라멘뽀식이100g,20251203,10,1,20081,A양산상온센터,3456.0,16.0,58.0,330.0,414.0,122.0,64.0,80.0,64.0,32.0,32.0,16.0,0.0,0.0,924.0,68,803.0,777.0,1500.0,여리수,스낵류,일반스낵
129898,여리수)라멘뽀식이100g,20251203,10,1,20083,김제상온센터,2096.0,16.0,32.0,118.0,137.0,149.0,80.0,0.0,64.0,16.0,32.0,16.0,0.0,0.0,436.0,36,582.0,777.0,1500.0,여리수,스낵류,일반스낵
129898,여리수)라멘뽀식이100g,20251203,10,1,20084,천안상온센터,2208.0,0.0,64.0,128.0,358.0,122.0,112.0,64.0,16.0,16.0,48.0,32.0,0.0,0.0,672.0,54,653.0,777.0,1500.0,여리수,스낵류,일반스낵
129898,여리수)라멘뽀식이100g,20251203,10,1,20085,인천B상온센터,4128.0,0.0,107.0,120.0,486.0,164.0,224.0,144.0,48.0,32.0,32.0,0.0,0.0,0.0,877.0,74,870.0,777.0,1500.0,여리수,스낵류,일반스낵
129921,농심)엑스트라크리미밀크35g,20251210,20,12,20006,성남센터,1536.0,216.0,36.0,48.0,240.0,144.0,108.0,0.0,12.0,0.0,48.0,12.0,0.0,0.0,468.0,65,759.0,1750.0,3500.0,농심,초콜릿,판초콜릿
129921,농심)엑스트라크리미밀크35g,20251210,20,12,20007,대구센터,1776.0,120.0,24.0,96.0,72.0,36.0,60.0,36.0,24.0,12.0,0.0,0.0,0.0,0.0,228.0,29,927.0,1750.0,3500.0,농심,초콜릿,판초콜릿
129921,농심)엑스트라크리미밀크35g,20251210,20,12,20010,양주센터,2160.0,228.0,72.0,180.0,300.0,108.0,36.0,48.0,12.0,12.0,12.0,0.0,0.0,0.0,660.0,77,1053.0,1750.0,3500.0,농심,초콜릿,판초콜릿
129921,농심)엑스트라크리미밀크35g,20251210,20,12,20017,울산상온센터(K7),1056.0,84.0,36.0,72.0,72.0,36.0,24.0,12.0,24.0,24.0,0.0,12.0,0.0,0.0,216.0,27,659.0,1750.0,3500.0,농심,초콜릿,판초콜릿
129921,농심)엑스트라크리미밀크35g,20251210,20,12,20033,제주상온센터,480.0,60.0,12.0,0.0,36.0,24.0,0.0,24.0,0.0,0.0,0.0,0.0,0.0,0.0,72.0,14,294.0,1750.0,3500.0,농심,초콜릿,판초콜릿
129921,농심)엑스트라크리미밀크35g,20251210,20,12,20034,구성상온센터,2160.0,60.0,72.0,96.0,216.0,84.0,72.0,24.0,36.0,12.0,0.0,24.0,12.0,0.0,468.0,44,948.0,1750.0,3500.0,농심,초콜릿,판초콜릿
129921,농심)엑스트라크리미밀크35g,20251210,20,12,20050,세종상온센터,1584.0,156.0,24.0,204.0,192.0,84.0,48.0,0.0,24.0,0.0,0.0,0.0,0.0,0.0,504.0,58,927.0,1750.0,3500.0,농심,초콜릿,판초콜릿
129921,농심)엑스트라크리미밀크35g,20251210,20,12,20065,원주상온센터(K7),1104.0,72.0,24.0,36.0,144.0,36.0,0.0,60.0,12.0,0.0,12.0,0.0,0.0,0.0,240.0,26,748.0,1750.0,3500.0,농심,초콜릿,판초콜릿
129921,농심)엑스트라크리미밀크35g,20251210,20,12,20075,인천상온센터,1632.0,192.0,24.0,60.0,264.0,84.0,60.0,24.0,24.0,24.0,12.0,0.0,0.0,0.0,432.0,53,897.0,1750.0,3500.0,농심,초콜릿,판초콜릿
129921,농심)엑스트라크리미밀크35g,20251210,20,12,20079,A광주상온센터,1104.0,36.0,36.0,84.0,48.0,0.0,0.0,24.0,12.0,0.0,0.0,0.0,0.0,0.0,168.0,18,681.0,1750.0,3500.0,농심,초콜릿,판초콜릿
129921,농심)엑스트라크리미밀크35g,20251210,20,12,20080,A의왕상온센터,1248.0,120.0,24.0,96.0,252.0,84.0,60.0,24.0,12.0,0.0,12.0,12.0,0.0,0.0,456.0,50,725.0,1750.0,3500.0,농심,초콜릿,판초콜릿
129921,농심)엑스트라크리미밀크35g,20251210,20,12,20081,A양산상온센터,1392.0,144.0,24.0,132.0,60.0,48.0,12.0,0.0,0.0,0.0,0.0,0.0,0.0,0.0,264.0,38,801.0,1750.0,3500.0,농심,초콜릿,판초콜릿
129921,농심)엑스트라크리미밀크35g,20251210,20,12,20083,김제상온센터,864.0,72.0,0.0,0.0,36.0,12.0,0.0,12.0,0.0,12.0,0.0,0.0,0.0,0.0,48.0,10,581.0,1750.0,3500.0,농심,초콜릿,판초콜릿
129921,농심)엑스트라크리미밀크35g,20251210,20,12,20084,천안상온센터,912.0,108.0,0.0,48.0,72.0,12.0,24.0,0.0,12.0,12.0,0.0,36.0,0.0,0.0,132.0,26,652.0,1750.0,3500.0,농심,초콜릿,판초콜릿
129921,농심)엑스트라크리미밀크35g,20251210,20,12,20085,인천B상온센터,1488.0,180.0,48.0,36.0,168.0,96.0,108.0,12.0,12.0,12.0,12.0,12.0,0.0,0.0,348.0,48,868.0,1750.0,3500.0,농심,초콜릿,판초콜릿
129925,농심)엑스트라크리미다크35g,20251210,20,12,20006,성남센터,1536.0,204.0,36.0,48.0,240.0,144.0,108.0,0.0,12.0,0.0,48.0,12.0,0.0,0.0,468.0,61,759.0,1750.0,3500.0,농심,초콜릿,판초콜릿
129925,농심)엑스트라크리미다크35g,20251210,20,12,20007,대구센터,1776.0,84.0,24.0,60.0,72.0,24.0,36.0,24.0,24.0,12.0,0.0,0.0,0.0,0.0,180.0,22,927.0,1750.0,3500.0,농심,초콜릿,판초콜릿
129925,농심)엑스트라크리미다크35g,20251210,20,12,20010,양주센터,2160.0,228.0,72.0,156.0,264.0,96.0,24.0,48.0,12.0,0.0,12.0,0.0,0.0,0.0,588.0,70,1053.0,1750.0,3500.0,농심,초콜릿,판초콜릿
129925,농심)엑스트라크리미다크35g,20251210,20,12,20017,울산상온센터(K7),1056.0,72.0,24.0,60.0,60.0,24.0,24.0,12.0,24.0,12.0,0.0,12.0,0.0,0.0,168.0,21,659.0,1750.0,3500.0,농심,초콜릿,판초콜릿
129925,농심)엑스트라크리미다크35g,20251210,20,12,20033,제주상온센터,480.0,48.0,12.0,0.0,24.0,36.0,0.0,24.0,0.0,0.0,0.0,0.0,0.0,0.0,72.0,13,294.0,1750.0,3500.0,농심,초콜릿,판초콜릿
129925,농심)엑스트라크리미다크35g,20251210,20,12,20034,구성상온센터,2160.0,60.0,36.0,96.0,216.0,84.0,72.0,24.0,48.0,12.0,0.0,24.0,12.0,0.0,432.0,41,948.0,1750.0,3500.0,농심,초콜릿,판초콜릿
129925,농심)엑스트라크리미다크35g,20251210,20,12,20050,세종상온센터,1584.0,156.0,24.0,180.0,192.0,72.0,48.0,0.0,12.0,0.0,0.0,0.0,0.0,0.0,468.0,53,927.0,1750.0,3500.0,농심,초콜릿,판초콜릿
129925,농심)엑스트라크리미다크35g,20251210,20,12,20065,원주상온센터(K7),1104.0,36.0,24.0,24.0,144.0,36.0,0.0,48.0,0.0,0.0,12.0,0.0,0.0,0.0,228.0,24,748.0,1750.0,3500.0,농심,초콜릿,판초콜릿
129925,농심)엑스트라크리미다크35g,20251210,20,12,20075,인천상온센터,1632.0,168.0,24.0,60.0,228.0,72.0,48.0,24.0,24.0,24.0,12.0,0.0,0.0,0.0,384.0,47,897.0,1750.0,3500.0,농심,초콜릿,판초콜릿
129925,농심)엑스트라크리미다크35g,20251210,20,12,20079,A광주상온센터,1104.0,36.0,24.0,84.0,48.0,12.0,0.0,36.0,24.0,0.0,0.0,0.0,0.0,0.0,168.0,18,681.0,1750.0,3500.0,농심,초콜릿,판초콜릿
129925,농심)엑스트라크리미다크35g,20251210,20,12,20080,A의왕상온센터,1248.0,120.0,12.0,84.0,228.0,84.0,60.0,24.0,12.0,0.0,12.0,12.0,0.0,0.0,408.0,46,725.0,1750.0,3500.0,농심,초콜릿,판초콜릿
129925,농심)엑스트라크리미다크35g,20251210,20,12,20081,A양산상온센터,1392.0,132.0,12.0,120.0,60.0,48.0,12.0,0.0,0.0,0.0,0.0,0.0,0.0,0.0,240.0,35,801.0,1750.0,3500.0,농심,초콜릿,판초콜릿
129925,농심)엑스트라크리미다크35g,20251210,20,12,20083,김제상온센터,864.0,72.0,0.0,0.0,48.0,12.0,0.0,12.0,0.0,12.0,0.0,0.0,0.0,0.0,60.0,11,581.0,1750.0,3500.0,농심,초콜릿,판초콜릿
129925,농심)엑스트라크리미다크35g,20251210,20,12,20084,천안상온센터,912.0,72.0,0.0,24.0,72.0,12.0,36.0,0.0,12.0,12.0,0.0,12.0,0.0,0.0,108.0,19,652.0,1750.0,3500.0,농심,초콜릿,판초콜릿
129925,농심)엑스트라크리미다크35g,20251210,20,12,20085,인천B상온센터,1488.0,156.0,48.0,24.0,168.0,84.0,108.0,12.0,12.0,24.0,12.0,12.0,0.0,0.0,324.0,44,868.0,1750.0,3500.0,농심,초콜릿,판초콜릿
129943,딸기키티)쫀득모찌파이(딸기향)50g,20251211,20,10,20006,성남센터,6000.0,180.0,1160.0,230.0,980.0,520.0,450.0,0.0,40.0,40.0,10.0,0.0,0.0,0.0,2890.0,310,759.0,474.0,900.0,딸기키티,비스킷류,파이
129943,딸기키티)쫀득모찌파이(딸기향)50g,20251211,20,10,20007,대구센터,6880.0,630.0,450.0,430.0,400.0,390.0,120.0,40.0,10.0,10.0,10.0,10.0,0.0,0.0,1670.0,241,927.0,474.0,900.0,딸기키티,비스킷류,파이
129943,딸기키티)쫀득모찌파이(딸기향)50g,20251211,20,10,20010,양주센터,8560.0,980.0,860.0,480.0,660.0,310.0,110.0,20.0,20.0,0.0,0.0,0.0,0.0,0.0,2310.0,337,1053.0,474.0,900.0,딸기키티,비스킷류,파이
129943,딸기키티)쫀득모찌파이(딸기향)50g,20251211,20,10,20017,울산상온센터(K7),4080.0,570.0,560.0,380.0,720.0,390.0,40.0,30.0,30.0,30.0,40.0,20.0,0.0,0.0,2050.0,264,659.0,474.0,900.0,딸기키티,비스킷류,파이
129943,딸기키티)쫀득모찌파이(딸기향)50g,20251211,20,10,20033,제주상온센터,1520.0,60.0,310.0,30.0,10.0,40.0,10.0,10.0,0.0,0.0,0.0,0.0,0.0,0.0,390.0,48,294.0,474.0,900.0,딸기키티,비스킷류,파이
129943,딸기키티)쫀득모찌파이(딸기향)50g,20251211,20,10,20034,구성상온센터,8480.0,360.0,1070.0,310.0,670.0,160.0,370.0,30.0,10.0,100.0,30.0,0.0,0.0,0.0,2210.0,264,948.0,474.0,900.0,딸기키티,비스킷류,파이
129943,딸기키티)쫀득모찌파이(딸기향)50g,20251211,20,10,20050,세종상온센터,6240.0,950.0,220.0,360.0,190.0,110.0,0.0,0.0,40.0,0.0,30.0,20.0,0.0,0.0,880.0,191,927.0,474.0,900.0,딸기키티,비스킷류,파이
129943,딸기키티)쫀득모찌파이(딸기향)50g,20251211,20,10,20065,원주상온센터(K7),4320.0,110.0,430.0,80.0,340.0,100.0,250.0,0.0,10.0,100.0,0.0,10.0,0.0,0.0,950.0,108,748.0,474.0,900.0,딸기키티,비스킷류,파이
129943,딸기키티)쫀득모찌파이(딸기향)50g,20251211,20,10,20075,인천상온센터,6480.0,180.0,750.0,120.0,300.0,120.0,330.0,20.0,10.0,230.0,180.0,0.0,0.0,0.0,1290.0,154,897.0,474.0,900.0,딸기키티,비스킷류,파이
129943,딸기키티)쫀득모찌파이(딸기향)50g,20251211,20,10,20079,A광주상온센터,4400.0,360.0,290.0,800.0,1140.0,580.0,100.0,10.0,10.0,20.0,0.0,10.0,0.0,0.0,2810.0,322,681.0,474.0,900.0,딸기키티,비스킷류,파이
129943,딸기키티)쫀득모찌파이(딸기향)50g,20251211,20,10,20080,A의왕상온센터,4960.0,200.0,880.0,210.0,560.0,500.0,550.0,50.0,30.0,30.0,20.0,0.0,0.0,0.0,2150.0,241,725.0,474.0,900.0,딸기키티,비스킷류,파이
129943,딸기키티)쫀득모찌파이(딸기향)50g,20251211,20,10,20081,A양산상온센터,5520.0,340.0,240.0,240.0,470.0,130.0,70.0,20.0,50.0,40.0,30.0,0.0,0.0,0.0,1080.0,156,801.0,474.0,900.0,딸기키티,비스킷류,파이
129943,딸기키티)쫀득모찌파이(딸기향)50g,20251211,20,10,20083,김제상온센터,3360.0,400.0,320.0,320.0,290.0,330.0,170.0,0.0,30.0,10.0,40.0,0.0,0.0,0.0,1260.0,176,581.0,474.0,900.0,딸기키티,비스킷류,파이
129943,딸기키티)쫀득모찌파이(딸기향)50g,20251211,20,10,20084,천안상온센터,3520.0,300.0,150.0,220.0,120.0,70.0,30.0,20.0,20.0,0.0,20.0,10.0,0.0,0.0,560.0,94,652.0,474.0,900.0,딸기키티,비스킷류,파이
129943,딸기키티)쫀득모찌파이(딸기향)50g,20251211,20,10,20085,인천B상온센터,5920.0,210.0,700.0,300.0,370.0,250.0,290.0,10.0,10.0,70.0,40.0,0.0,0.0,0.0,1620.0,194,868.0,474.0,900.0,딸기키티,비스킷류,파이
129945,딸기키티)베노프단백질바(딸기치즈)50g,20251217,30,10,20006,성남센터,8910.0,2960.0,10.0,20.0,10.0,180.0,140.0,140.0,60.0,10.0,0.0,10.0,0.0,0.0,220.0,322,757.0,950.0,1900.0,딸기키티,프로틴/시리얼,영양바류
129945,딸기키티)베노프단백질바(딸기치즈)50g,20251217,30,10,20007,대구센터,8640.0,2290.0,20.0,20.0,160.0,160.0,150.0,40.0,60.0,0.0,20.0,0.0,0.0,0.0,360.0,254,927.0,950.0,1900.0,딸기키티,프로틴/시리얼,영양바류
129945,딸기키티)베노프단백질바(딸기치즈)50g,20251217,30,10,20010,양주센터,10710.0,3280.0,20.0,30.0,90.0,220.0,90.0,50.0,20.0,10.0,30.0,0.0,0.0,0.0,360.0,367,1052.0,950.0,1900.0,딸기키티,프로틴/시리얼,영양바류
129945,딸기키티)베노프단백질바(딸기치즈)50g,20251217,30,10,20017,울산상온센터(K7),5040.0,2060.0,30.0,40.0,110.0,80.0,90.0,20.0,20.0,20.0,20.0,0.0,0.0,0.0,260.0,229,658.0,950.0,1900.0,딸기키티,프로틴/시리얼,영양바류
129945,딸기키티)베노프단백질바(딸기치즈)50g,20251217,30,10,20033,제주상온센터,2070.0,460.0,10.0,0.0,10.0,40.0,60.0,20.0,20.0,0.0,0.0,0.0,0.0,0.0,60.0,54,294.0,950.0,1900.0,딸기키티,프로틴/시리얼,영양바류
129945,딸기키티)베노프단백질바(딸기치즈)50g,20251217,30,10,20034,구성상온센터,11160.0,2680.0,20.0,20.0,70.0,190.0,170.0,50.0,60.0,20.0,20.0,0.0,0.0,0.0,300.0,297,948.0,950.0,1900.0,딸기키티,프로틴/시리얼,영양바류
129945,딸기키티)베노프단백질바(딸기치즈)50g,20251217,30,10,20050,세종상온센터,7830.0,1570.0,10.0,50.0,90.0,210.0,60.0,80.0,10.0,0.0,20.0,0.0,0.0,0.0,360.0,201,926.0,950.0,1900.0,딸기키티,프로틴/시리얼,영양바류
129945,딸기키티)베노프단백질바(딸기치즈)50g,20251217,30,10,20065,원주상온센터(K7),6480.0,1160.0,10.0,20.0,70.0,100.0,90.0,20.0,10.0,10.0,40.0,0.0,0.0,0.0,200.0,142,746.0,950.0,1900.0,딸기키티,프로틴/시리얼,영양바류
129945,딸기키티)베노프단백질바(딸기치즈)50g,20251217,30,10,20075,인천상온센터,8100.0,1740.0,30.0,20.0,100.0,100.0,140.0,50.0,30.0,10.0,10.0,10.0,0.0,0.0,250.0,207,896.0,950.0,1900.0,딸기키티,프로틴/시리얼,영양바류
129945,딸기키티)베노프단백질바(딸기치즈)50g,20251217,30,10,20079,A광주상온센터,5130.0,2730.0,20.0,20.0,90.0,330.0,160.0,210.0,50.0,0.0,0.0,0.0,0.0,0.0,460.0,326,681.0,950.0,1900.0,딸기키티,프로틴/시리얼,영양바류
129945,딸기키티)베노프단백질바(딸기치즈)50g,20251217,30,10,20080,A의왕상온센터,6210.0,2410.0,30.0,20.0,30.0,260.0,190.0,120.0,10.0,0.0,10.0,10.0,0.0,0.0,340.0,271,725.0,950.0,1900.0,딸기키티,프로틴/시리얼,영양바류
129945,딸기키티)베노프단백질바(딸기치즈)50g,20251217,30,10,20081,A양산상온센터,6840.0,1070.0,0.0,20.0,130.0,260.0,180.0,10.0,10.0,10.0,10.0,0.0,0.0,0.0,410.0,154,801.0,950.0,1900.0,딸기키티,프로틴/시리얼,영양바류
129945,딸기키티)베노프단백질바(딸기치즈)50g,20251217,30,10,20083,김제상온센터,4140.0,1380.0,10.0,50.0,30.0,210.0,110.0,60.0,40.0,0.0,20.0,0.0,0.0,0.0,300.0,177,581.0,950.0,1900.0,딸기키티,프로틴/시리얼,영양바류
129945,딸기키티)베노프단백질바(딸기치즈)50g,20251217,30,10,20084,천안상온센터,5040.0,850.0,10.0,10.0,10.0,170.0,50.0,60.0,30.0,0.0,0.0,20.0,0.0,0.0,200.0,112,651.0,950.0,1900.0,딸기키티,프로틴/시리얼,영양바류
129945,딸기키티)베노프단백질바(딸기치즈)50g,20251217,30,10,20085,인천B상온센터,8190.0,1880.0,10.0,20.0,50.0,320.0,70.0,210.0,120.0,30.0,10.0,30.0,0.0,0.0,400.0,231,868.0,950.0,1900.0,딸기키티,프로틴/시리얼,영양바류
129947,CJ)비비고붕어빵젤리포도40g,20251210,30,12,20006,성남센터,2040.0,0.0,48.0,144.0,408.0,204.0,108.0,132.0,24.0,0.0,36.0,0.0,0.0,0.0,804.0,68,759.0,622.0,1200.0,CJ,젤리류,국산젤리
129947,CJ)비비고붕어빵젤리포도40g,20251210,30,12,20007,대구센터,2280.0,0.0,48.0,336.0,240.0,96.0,72.0,60.0,60.0,36.0,12.0,12.0,0.0,0.0,720.0,65,927.0,622.0,1200.0,CJ,젤리류,국산젤리
129947,CJ)비비고붕어빵젤리포도40g,20251210,30,12,20010,양주센터,2820.0,24.0,120.0,312.0,360.0,168.0,48.0,72.0,24.0,12.0,24.0,12.0,0.0,0.0,960.0,83,1053.0,622.0,1200.0,CJ,젤리류,국산젤리
129947,CJ)비비고붕어빵젤리포도40g,20251210,30,12,20017,울산상온센터(K7),1380.0,0.0,24.0,120.0,108.0,48.0,48.0,12.0,24.0,24.0,0.0,12.0,0.0,0.0,300.0,25,659.0,622.0,1200.0,CJ,젤리류,국산젤리
129947,CJ)비비고붕어빵젤리포도40g,20251210,30,12,20033,제주상온센터,540.0,0.0,12.0,12.0,96.0,60.0,36.0,0.0,0.0,0.0,12.0,12.0,0.0,0.0,180.0,17,294.0,622.0,1200.0,CJ,젤리류,국산젤리
129947,CJ)비비고붕어빵젤리포도40g,20251210,30,12,20034,구성상온센터,2820.0,0.0,48.0,180.0,300.0,120.0,132.0,24.0,24.0,24.0,36.0,12.0,12.0,0.0,648.0,57,948.0,622.0,1200.0,CJ,젤리류,국산젤리
129947,CJ)비비고붕어빵젤리포도40g,20251210,30,12,20050,세종상온센터,2100.0,24.0,60.0,288.0,240.0,144.0,36.0,48.0,48.0,12.0,12.0,0.0,0.0,0.0,732.0,66,927.0,622.0,1200.0,CJ,젤리류,국산젤리
129947,CJ)비비고붕어빵젤리포도40g,20251210,30,12,20065,원주상온센터(K7),1440.0,0.0,0.0,72.0,264.0,120.0,84.0,48.0,12.0,36.0,12.0,24.0,0.0,0.0,456.0,40,748.0,622.0,1200.0,CJ,젤리류,국산젤리
129947,CJ)비비고붕어빵젤리포도40g,20251210,30,12,20075,인천상온센터,2160.0,0.0,48.0,192.0,360.0,120.0,60.0,48.0,60.0,36.0,0.0,12.0,0.0,0.0,720.0,63,897.0,622.0,1200.0,CJ,젤리류,국산젤리
129947,CJ)비비고붕어빵젤리포도40g,20251210,30,12,20079,A광주상온센터,1440.0,24.0,84.0,132.0,156.0,48.0,0.0,48.0,12.0,12.0,36.0,0.0,0.0,0.0,420.0,38,681.0,622.0,1200.0,CJ,젤리류,국산젤리
129947,CJ)비비고붕어빵젤리포도40g,20251210,30,12,20080,A의왕상온센터,1680.0,0.0,12.0,132.0,324.0,108.0,60.0,48.0,12.0,48.0,24.0,0.0,0.0,0.0,576.0,49,725.0,622.0,1200.0,CJ,젤리류,국산젤리
129947,CJ)비비고붕어빵젤리포도40g,20251210,30,12,20081,A양산상온센터,1860.0,12.0,0.0,168.0,204.0,96.0,48.0,12.0,12.0,0.0,12.0,24.0,0.0,0.0,468.0,43,801.0,622.0,1200.0,CJ,젤리류,국산젤리
129947,CJ)비비고붕어빵젤리포도40g,20251210,30,12,20083,김제상온센터,1140.0,24.0,24.0,60.0,120.0,84.0,12.0,36.0,24.0,12.0,0.0,0.0,0.0,0.0,288.0,28,581.0,622.0,1200.0,CJ,젤리류,국산젤리
129947,CJ)비비고붕어빵젤리포도40g,20251210,30,12,20084,천안상온센터,1200.0,0.0,0.0,96.0,168.0,84.0,48.0,24.0,0.0,12.0,12.0,12.0,0.0,0.0,348.0,31,652.0,622.0,1200.0,CJ,젤리류,국산젤리
129947,CJ)비비고붕어빵젤리포도40g,20251210,30,12,20085,인천B상온센터,1980.0,0.0,36.0,132.0,252.0,216.0,108.0,60.0,12.0,12.0,24.0,12.0,0.0,0.0,636.0,58,868.0,622.0,1200.0,CJ,젤리류,국산젤리
129948,CJ)비비고왕교자젤리복숭아40g,20251210,20,12,20006,성남센터,1920.0,0.0,36.0,144.0,384.0,180.0,108.0,120.0,24.0,0.0,24.0,0.0,0.0,0.0,744.0,64,759.0,622.0,1200.0,CJ,젤리류,국산젤리
129948,CJ)비비고왕교자젤리복숭아40g,20251210,20,12,20007,대구센터,2220.0,0.0,36.0,288.0,228.0,156.0,72.0,48.0,24.0,0.0,12.0,12.0,0.0,0.0,708.0,62,927.0,622.0,1200.0,CJ,젤리류,국산젤리
129948,CJ)비비고왕교자젤리복숭아40g,20251210,20,12,20010,양주센터,2700.0,24.0,96.0,276.0,360.0,156.0,48.0,60.0,12.0,0.0,0.0,0.0,0.0,0.0,888.0,77,1053.0,622.0,1200.0,CJ,젤리류,국산젤리
129948,CJ)비비고왕교자젤리복숭아40g,20251210,20,12,20017,울산상온센터(K7),1320.0,0.0,12.0,120.0,96.0,48.0,48.0,12.0,12.0,0.0,0.0,0.0,0.0,0.0,276.0,23,659.0,622.0,1200.0,CJ,젤리류,국산젤리
129948,CJ)비비고왕교자젤리복숭아40g,20251210,20,12,20033,제주상온센터,480.0,0.0,12.0,24.0,84.0,60.0,12.0,0.0,0.0,0.0,0.0,12.0,0.0,0.0,180.0,16,294.0,622.0,1200.0,CJ,젤리류,국산젤리
129948,CJ)비비고왕교자젤리복숭아40g,20251210,20,12,20034,구성상온센터,2700.0,0.0,36.0,168.0,288.0,120.0,120.0,24.0,24.0,0.0,12.0,0.0,12.0,0.0,612.0,54,948.0,622.0,1200.0,CJ,젤리류,국산젤리
129948,CJ)비비고왕교자젤리복숭아40g,20251210,20,12,20050,세종상온센터,1980.0,24.0,72.0,240.0,240.0,144.0,60.0,24.0,24.0,0.0,12.0,0.0,0.0,0.0,696.0,62,927.0,622.0,1200.0,CJ,젤리류,국산젤리
129948,CJ)비비고왕교자젤리복숭아40g,20251210,20,12,20065,원주상온센터(K7),1380.0,0.0,0.0,84.0,240.0,120.0,60.0,48.0,12.0,0.0,12.0,12.0,0.0,0.0,444.0,37,748.0,622.0,1200.0,CJ,젤리류,국산젤리
129948,CJ)비비고왕교자젤리복숭아40g,20251210,20,12,20075,인천상온센터,2040.0,0.0,48.0,192.0,312.0,96.0,48.0,48.0,36.0,0.0,0.0,0.0,0.0,0.0,648.0,55,897.0,622.0,1200.0,CJ,젤리류,국산젤리
129948,CJ)비비고왕교자젤리복숭아40g,20251210,20,12,20079,A광주상온센터,1380.0,24.0,72.0,120.0,144.0,48.0,0.0,48.0,12.0,0.0,0.0,0.0,0.0,0.0,384.0,35,681.0,622.0,1200.0,CJ,젤리류,국산젤리
129948,CJ)비비고왕교자젤리복숭아40g,20251210,20,12,20080,A의왕상온센터,1560.0,0.0,24.0,108.0,360.0,108.0,60.0,36.0,12.0,0.0,0.0,0.0,0.0,0.0,600.0,52,725.0,622.0,1200.0,CJ,젤리류,국산젤리
129948,CJ)비비고왕교자젤리복숭아40g,20251210,20,12,20081,A양산상온센터,1740.0,12.0,0.0,144.0,180.0,72.0,60.0,12.0,12.0,0.0,12.0,12.0,0.0,0.0,396.0,37,801.0,622.0,1200.0,CJ,젤리류,국산젤리
129948,CJ)비비고왕교자젤리복숭아40g,20251210,20,12,20083,김제상온센터,1080.0,24.0,24.0,36.0,120.0,72.0,12.0,48.0,24.0,0.0,0.0,0.0,0.0,0.0,252.0,24,581.0,622.0,1200.0,CJ,젤리류,국산젤리
129948,CJ)비비고왕교자젤리복숭아40g,20251210,20,12,20084,천안상온센터,1140.0,0.0,0.0,72.0,168.0,84.0,60.0,12.0,0.0,0.0,0.0,0.0,0.0,0.0,324.0,29,652.0,622.0,1200.0,CJ,젤리류,국산젤리
129948,CJ)비비고왕교자젤리복숭아40g,20251210,20,12,20085,인천B상온센터,1860.0,0.0,36.0,132.0,240.0,192.0,96.0,60.0,0.0,0.0,0.0,12.0,0.0,0.0,600.0,54,868.0,622.0,1200.0,CJ,젤리류,국산젤리
129957,CJ)밸런스밀프로틴바(피넛버터)34g,20251224,30,12,20006,성남센터,3360.0,276.0,60.0,120.0,504.0,276.0,84.0,96.0,48.0,12.0,36.0,48.0,0.0,0.0,960.0,106,756.0,1503.0,2900.0,CJ,프로틴/시리얼,영양바류
129957,CJ)밸런스밀프로틴바(피넛버터)34g,20251224,30,12,20007,대구센터,3264.0,204.0,60.0,300.0,240.0,144.0,108.0,72.0,12.0,12.0,36.0,12.0,0.0,0.0,744.0,85,928.0,1503.0,2900.0,CJ,프로틴/시리얼,영양바류
129957,CJ)밸런스밀프로틴바(피넛버터)34g,20251224,30,12,20010,양주센터,4032.0,336.0,96.0,360.0,372.0,144.0,168.0,84.0,12.0,24.0,24.0,12.0,0.0,0.0,972.0,117,1053.0,1503.0,2900.0,CJ,프로틴/시리얼,영양바류
129957,CJ)밸런스밀프로틴바(피넛버터)34g,20251224,30,12,20017,울산상온센터(K7),1920.0,144.0,60.0,108.0,96.0,84.0,48.0,60.0,24.0,12.0,12.0,0.0,0.0,0.0,348.0,42,660.0,1503.0,2900.0,CJ,프로틴/시리얼,영양바류
129957,CJ)밸런스밀프로틴바(피넛버터)34g,20251224,30,12,20033,제주상온센터,768.0,84.0,48.0,12.0,108.0,108.0,24.0,0.0,12.0,0.0,12.0,12.0,0.0,0.0,276.0,31,293.0,1503.0,2900.0,CJ,프로틴/시리얼,영양바류
129957,CJ)밸런스밀프로틴바(피넛버터)34g,20251224,30,12,20034,구성상온센터,4224.0,252.0,72.0,120.0,528.0,240.0,132.0,48.0,24.0,24.0,24.0,36.0,0.0,0.0,960.0,104,948.0,1503.0,2900.0,CJ,프로틴/시리얼,영양바류
129957,CJ)밸런스밀프로틴바(피넛버터)34g,20251224,30,12,20050,세종상온센터,2976.0,276.0,48.0,120.0,276.0,168.0,48.0,72.0,48.0,0.0,24.0,12.0,0.0,0.0,612.0,78,926.0,1503.0,2900.0,CJ,프로틴/시리얼,영양바류
129957,CJ)밸런스밀프로틴바(피넛버터)34g,20251224,30,12,20065,원주상온센터(K7),2496.0,156.0,60.0,144.0,180.0,84.0,60.0,36.0,24.0,12.0,36.0,0.0,0.0,0.0,468.0,54,747.0,1503.0,2900.0,CJ,프로틴/시리얼,영양바류
129957,CJ)밸런스밀프로틴바(피넛버터)34g,20251224,30,12,20075,인천상온센터,3072.0,288.0,72.0,96.0,444.0,96.0,12.0,24.0,24.0,12.0,0.0,12.0,0.0,0.0,708.0,87,897.0,1503.0,2900.0,CJ,프로틴/시리얼,영양바류
129957,CJ)밸런스밀프로틴바(피넛버터)34g,20251224,30,12,20079,A광주상온센터,2016.0,84.0,12.0,156.0,96.0,120.0,0.0,36.0,12.0,0.0,12.0,0.0,0.0,0.0,384.0,42,680.0,1503.0,2900.0,CJ,프로틴/시리얼,영양바류
129957,CJ)밸런스밀프로틴바(피넛버터)34g,20251224,30,12,20080,A의왕상온센터,2400.0,240.0,36.0,120.0,468.0,264.0,108.0,84.0,36.0,12.0,24.0,24.0,0.0,0.0,888.0,99,726.0,1503.0,2900.0,CJ,프로틴/시리얼,영양바류
129957,CJ)밸런스밀프로틴바(피넛버터)34g,20251224,30,12,20081,A양산상온센터,2592.0,192.0,36.0,168.0,180.0,108.0,72.0,36.0,36.0,0.0,24.0,0.0,0.0,0.0,492.0,58,801.0,1503.0,2900.0,CJ,프로틴/시리얼,영양바류
129957,CJ)밸런스밀프로틴바(피넛버터)34g,20251224,30,12,20083,김제상온센터,1632.0,144.0,24.0,60.0,72.0,36.0,36.0,12.0,0.0,0.0,0.0,0.0,0.0,0.0,192.0,28,582.0,1503.0,2900.0,CJ,프로틴/시리얼,영양바류
129957,CJ)밸런스밀프로틴바(피넛버터)34g,20251224,30,12,20084,천안상온센터,1920.0,192.0,36.0,36.0,192.0,132.0,108.0,36.0,36.0,12.0,36.0,12.0,0.0,0.0,396.0,49,651.0,1503.0,2900.0,CJ,프로틴/시리얼,영양바류
129957,CJ)밸런스밀프로틴바(피넛버터)34g,20251224,30,12,20085,인천B상온센터,3168.0,312.0,72.0,132.0,396.0,96.0,132.0,108.0,84.0,12.0,0.0,24.0,0.0,0.0,696.0,85,868.0,1503.0,2900.0,CJ,프로틴/시리얼,영양바류
129958,CJ)밸런스밀프로틴바(말차초코)38g,20251224,30,12,20006,성남센터,3264.0,300.0,60.0,120.0,480.0,300.0,84.0,84.0,48.0,12.0,24.0,36.0,0.0,0.0,960.0,108,756.0,1503.0,2900.0,CJ,프로틴/시리얼,영양바류
129958,CJ)밸런스밀프로틴바(말차초코)38g,20251224,30,12,20007,대구센터,3168.0,228.0,72.0,324.0,252.0,108.0,96.0,84.0,0.0,24.0,36.0,12.0,0.0,0.0,756.0,89,928.0,1503.0,2900.0,CJ,프로틴/시리얼,영양바류
129958,CJ)밸런스밀프로틴바(말차초코)38g,20251224,30,12,20010,양주센터,3936.0,312.0,84.0,360.0,360.0,144.0,168.0,84.0,12.0,12.0,12.0,12.0,0.0,0.0,948.0,110,1053.0,1503.0,2900.0,CJ,프로틴/시리얼,영양바류
129958,CJ)밸런스밀프로틴바(말차초코)38g,20251224,30,12,20017,울산상온센터(K7),1920.0,156.0,48.0,108.0,96.0,96.0,60.0,72.0,24.0,24.0,12.0,0.0,0.0,0.0,348.0,43,660.0,1503.0,2900.0,CJ,프로틴/시리얼,영양바류
129958,CJ)밸런스밀프로틴바(말차초코)38g,20251224,30,12,20033,제주상온센터,768.0,84.0,36.0,24.0,108.0,96.0,24.0,0.0,12.0,0.0,12.0,12.0,0.0,0.0,264.0,29,293.0,1503.0,2900.0,CJ,프로틴/시리얼,영양바류
129958,CJ)밸런스밀프로틴바(말차초코)38g,20251224,30,12,20034,구성상온센터,4128.0,264.0,60.0,108.0,540.0,216.0,120.0,48.0,24.0,24.0,24.0,48.0,0.0,0.0,924.0,102,948.0,1503.0,2900.0,CJ,프로틴/시리얼,영양바류
129958,CJ)밸런스밀프로틴바(말차초코)38g,20251224,30,12,20050,세종상온센터,2880.0,276.0,48.0,180.0,300.0,144.0,48.0,72.0,48.0,0.0,12.0,0.0,0.0,0.0,672.0,81,926.0,1503.0,2900.0,CJ,프로틴/시리얼,영양바류
129958,CJ)밸런스밀프로틴바(말차초코)38g,20251224,30,12,20065,원주상온센터(K7),2400.0,156.0,36.0,120.0,132.0,72.0,48.0,24.0,12.0,12.0,36.0,0.0,0.0,0.0,360.0,46,747.0,1503.0,2900.0,CJ,프로틴/시리얼,영양바류
129958,CJ)밸런스밀프로틴바(말차초코)38g,20251224,30,12,20075,인천상온센터,2976.0,240.0,72.0,120.0,372.0,108.0,24.0,24.0,24.0,12.0,0.0,12.0,0.0,0.0,672.0,81,897.0,1503.0,2900.0,CJ,프로틴/시리얼,영양바류
129958,CJ)밸런스밀프로틴바(말차초코)38g,20251224,30,12,20079,A광주상온센터,1920.0,84.0,12.0,144.0,96.0,96.0,0.0,24.0,0.0,0.0,12.0,0.0,0.0,0.0,348.0,38,680.0,1503.0,2900.0,CJ,프로틴/시리얼,영양바류
129958,CJ)밸런스밀프로틴바(말차초코)38g,20251224,30,12,20080,A의왕상온센터,2304.0,252.0,36.0,132.0,456.0,240.0,144.0,60.0,48.0,12.0,24.0,24.0,0.0,0.0,864.0,96,726.0,1503.0,2900.0,CJ,프로틴/시리얼,영양바류
129958,CJ)밸런스밀프로틴바(말차초코)38g,20251224,30,12,20081,A양산상온센터,2592.0,168.0,24.0,156.0,204.0,72.0,72.0,36.0,0.0,0.0,24.0,0.0,0.0,0.0,456.0,54,801.0,1503.0,2900.0,CJ,프로틴/시리얼,영양바류
129958,CJ)밸런스밀프로틴바(말차초코)38g,20251224,30,12,20083,김제상온센터,1536.0,156.0,24.0,48.0,48.0,48.0,48.0,24.0,0.0,0.0,0.0,0.0,0.0,0.0,168.0,26,582.0,1503.0,2900.0,CJ,프로틴/시리얼,영양바류
129958,CJ)밸런스밀프로틴바(말차초코)38g,20251224,30,12,20084,천안상온센터,1824.0,180.0,12.0,36.0,204.0,96.0,84.0,48.0,36.0,12.0,48.0,36.0,0.0,0.0,348.0,48,651.0,1503.0,2900.0,CJ,프로틴/시리얼,영양바류
129958,CJ)밸런스밀프로틴바(말차초코)38g,20251224,30,12,20085,인천B상온센터,3072.0,336.0,60.0,120.0,420.0,108.0,144.0,120.0,84.0,12.0,0.0,24.0,0.0,0.0,708.0,87,868.0,1503.0,2900.0,CJ,프로틴/시리얼,영양바류
129959,해태)메가홈런볼2mix(초코&소금우유)300g,20251210,30,2,20006,성남센터,600.0,0.0,28.0,24.0,106.0,26.0,54.0,18.0,18.0,4.0,8.0,6.0,0.0,0.0,184.0,65,759.0,6000.0,11000.0,해태,비스킷류,쿠키
129959,해태)메가홈런볼2mix(초코&소금우유)300g,20251210,30,2,20007,대구센터,688.0,0.0,26.0,58.0,56.0,46.0,26.0,14.0,6.0,14.0,2.0,2.0,0.0,0.0,186.0,72,927.0,6000.0,11000.0,해태,비스킷류,쿠키
129959,해태)메가홈런볼2mix(초코&소금우유)300g,20251210,30,2,20010,양주센터,856.0,4.0,28.0,84.0,110.0,34.0,44.0,4.0,2.0,0.0,0.0,0.0,0.0,0.0,256.0,95,1053.0,6000.0,11000.0,해태,비스킷류,쿠키
129959,해태)메가홈런볼2mix(초코&소금우유)300g,20251210,30,2,20017,울산상온센터(K7),408.0,2.0,20.0,22.0,14.0,14.0,24.0,14.0,8.0,6.0,2.0,2.0,0.0,0.0,70.0,32,659.0,6000.0,11000.0,해태,비스킷류,쿠키
129959,해태)메가홈런볼2mix(초코&소금우유)300g,20251210,30,2,20033,제주상온센터,152.0,0.0,10.0,8.0,18.0,14.0,0.0,4.0,2.0,0.0,0.0,0.0,0.0,0.0,50.0,20,294.0,6000.0,11000.0,해태,비스킷류,쿠키
129959,해태)메가홈런볼2mix(초코&소금우유)300g,20251210,30,2,20034,구성상온센터,848.0,0.0,30.0,34.0,90.0,44.0,62.0,6.0,20.0,6.0,4.0,4.0,2.0,0.0,198.0,82,948.0,6000.0,11000.0,해태,비스킷류,쿠키
129959,해태)메가홈런볼2mix(초코&소금우유)300g,20251210,30,2,20050,세종상온센터,624.0,6.0,26.0,94.0,86.0,30.0,30.0,10.0,6.0,0.0,10.0,2.0,0.0,0.0,236.0,90,927.0,6000.0,11000.0,해태,비스킷류,쿠키
129959,해태)메가홈런볼2mix(초코&소금우유)300g,20251210,30,2,20065,원주상온센터(K7),432.0,0.0,20.0,66.0,84.0,38.0,16.0,18.0,12.0,0.0,2.0,4.0,0.0,0.0,208.0,67,748.0,6000.0,11000.0,해태,비스킷류,쿠키
129959,해태)메가홈런볼2mix(초코&소금우유)300g,20251210,30,2,20075,인천상온센터,648.0,0.0,14.0,30.0,76.0,16.0,18.0,20.0,10.0,2.0,2.0,0.0,0.0,0.0,136.0,62,897.0,6000.0,11000.0,해태,비스킷류,쿠키
129959,해태)메가홈런볼2mix(초코&소금우유)300g,20251210,30,2,20079,A광주상온센터,440.0,2.0,10.0,30.0,48.0,28.0,20.0,20.0,16.0,0.0,0.0,0.0,0.0,0.0,116.0,48,681.0,6000.0,11000.0,해태,비스킷류,쿠키
129959,해태)메가홈런볼2mix(초코&소금우유)300g,20251210,30,2,20080,A의왕상온센터,496.0,0.0,14.0,32.0,114.0,28.0,62.0,12.0,10.0,16.0,2.0,0.0,2.0,0.0,188.0,79,725.0,6000.0,11000.0,해태,비스킷류,쿠키
129959,해태)메가홈런볼2mix(초코&소금우유)300g,20251210,30,2,20081,A양산상온센터,552.0,6.0,14.0,78.0,38.0,18.0,22.0,12.0,2.0,0.0,0.0,2.0,0.0,0.0,148.0,53,801.0,6000.0,11000.0,해태,비스킷류,쿠키
129959,해태)메가홈런볼2mix(초코&소금우유)300g,20251210,30,2,20083,김제상온센터,336.0,4.0,14.0,24.0,40.0,8.0,8.0,8.0,4.0,6.0,4.0,0.0,0.0,0.0,86.0,34,581.0,6000.0,11000.0,해태,비스킷류,쿠키
129959,해태)메가홈런볼2mix(초코&소금우유)300g,20251210,30,2,20084,천안상온센터,352.0,0.0,14.0,16.0,46.0,24.0,22.0,6.0,6.0,2.0,0.0,10.0,0.0,0.0,100.0,46,652.0,6000.0,11000.0,해태,비스킷류,쿠키
129959,해태)메가홈런볼2mix(초코&소금우유)300g,20251210,30,2,20085,인천B상온센터,592.0,0.0,22.0,24.0,84.0,50.0,22.0,12.0,6.0,2.0,4.0,0.0,0.0,0.0,180.0,75,868.0,6000.0,11000.0,해태,비스킷류,쿠키
131624,드림)훈와리캬라멜28g,20251217,10,10,20006,성남센터,2430.0,750.0,30.0,50.0,60.0,120.0,50.0,40.0,20.0,10.0,0.0,0.0,0.0,0.0,260.0,104,757.0,1472.0,2700.0,드림,스낵류,일반스낵
131624,드림)훈와리캬라멜28g,20251217,10,10,20007,대구센터,2350.0,540.0,30.0,50.0,100.0,80.0,0.0,10.0,20.0,0.0,10.0,0.0,0.0,0.0,260.0,90,927.0,1472.0,2700.0,드림,스낵류,일반스낵
131624,드림)훈와리캬라멜28g,20251217,10,10,20010,양주센터,2910.0,760.0,10.0,80.0,120.0,60.0,20.0,30.0,0.0,20.0,0.0,0.0,0.0,0.0,270.0,110,1052.0,1472.0,2700.0,드림,스낵류,일반스낵
131624,드림)훈와리캬라멜28g,20251217,10,10,20017,울산상온센터(K7),1380.0,340.0,0.0,30.0,30.0,30.0,10.0,10.0,20.0,0.0,10.0,0.0,0.0,0.0,90.0,46,658.0,1472.0,2700.0,드림,스낵류,일반스낵
131624,드림)훈와리캬라멜28g,20251217,10,10,20033,제주상온센터,550.0,130.0,0.0,0.0,20.0,0.0,0.0,0.0,0.0,0.0,20.0,0.0,0.0,0.0,20.0,18,294.0,1472.0,2700.0,드림,스낵류,일반스낵
131624,드림)훈와리캬라멜28g,20251217,10,10,20034,구성상온센터,3050.0,580.0,20.0,30.0,130.0,70.0,30.0,10.0,20.0,0.0,20.0,0.0,0.0,0.0,250.0,92,948.0,1472.0,2700.0,드림,스낵류,일반스낵
131624,드림)훈와리캬라멜28g,20251217,10,10,20050,세종상온센터,2130.0,520.0,0.0,60.0,50.0,50.0,10.0,20.0,0.0,0.0,10.0,0.0,0.0,0.0,160.0,76,926.0,1472.0,2700.0,드림,스낵류,일반스낵
131624,드림)훈와리캬라멜28g,20251217,10,10,20065,원주상온센터(K7),1770.0,480.0,0.0,0.0,30.0,50.0,20.0,20.0,20.0,0.0,20.0,0.0,0.0,0.0,80.0,40,746.0,1472.0,2700.0,드림,스낵류,일반스낵
131624,드림)훈와리캬라멜28g,20251217,10,10,20075,인천상온센터,2210.0,530.0,10.0,30.0,70.0,30.0,10.0,40.0,20.0,10.0,10.0,0.0,0.0,0.0,140.0,77,896.0,1472.0,2700.0,드림,스낵류,일반스낵
131624,드림)훈와리캬라멜28g,20251217,10,10,20079,A광주상온센터,1400.0,320.0,0.0,50.0,20.0,40.0,20.0,0.0,10.0,0.0,0.0,0.0,0.0,0.0,110.0,47,681.0,1472.0,2700.0,드림,스낵류,일반스낵
131624,드림)훈와리캬라멜28g,20251217,10,10,20080,A의왕상온센터,1690.0,450.0,0.0,0.0,80.0,80.0,60.0,20.0,10.0,10.0,20.0,0.0,0.0,0.0,160.0,69,725.0,1472.0,2700.0,드림,스낵류,일반스낵
131624,드림)훈와리캬라멜28g,20251217,10,10,20081,A양산상온센터,1880.0,380.0,10.0,50.0,130.0,10.0,20.0,10.0,0.0,20.0,0.0,0.0,0.0,0.0,200.0,61,801.0,1472.0,2700.0,드림,스낵류,일반스낵
131624,드림)훈와리캬라멜28g,20251217,10,10,20083,김제상온센터,1130.0,160.0,0.0,10.0,30.0,10.0,20.0,30.0,10.0,0.0,0.0,0.0,0.0,0.0,50.0,26,581.0,1472.0,2700.0,드림,스낵류,일반스낵
131624,드림)훈와리캬라멜28g,20251217,10,10,20084,천안상온센터,1360.0,260.0,20.0,10.0,50.0,30.0,30.0,30.0,20.0,0.0,10.0,10.0,0.0,0.0,110.0,43,651.0,1472.0,2700.0,드림,스낵류,일반스낵
131624,드림)훈와리캬라멜28g,20251217,10,10,20085,인천B상온센터,2240.0,580.0,0.0,10.0,130.0,30.0,10.0,40.0,20.0,10.0,0.0,10.0,0.0,0.0,170.0,77,868.0,1472.0,2700.0,드림,스낵류,일반스낵
131667,여리수)25곡미니크리스피롤63g,20251210,30,16,20006,성남센터,2032.0,0.0,0.0,16.0,448.0,128.0,176.0,32.0,48.0,16.0,80.0,0.0,0.0,0.0,592.0,41,759.0,881.0,1700.0,여리수,스낵류,일반스낵
131667,여리수)25곡미니크리스피롤63g,20251210,30,16,20007,대구센터,2320.0,0.0,16.0,272.0,256.0,160.0,64.0,64.0,32.0,48.0,16.0,48.0,0.0,0.0,704.0,45,927.0,881.0,1700.0,여리수,스낵류,일반스낵
131667,여리수)25곡미니크리스피롤63g,20251210,30,16,20010,양주센터,2864.0,0.0,64.0,320.0,320.0,176.0,80.0,96.0,0.0,48.0,16.0,16.0,0.0,0.0,880.0,57,1053.0,881.0,1700.0,여리수,스낵류,일반스낵
131667,여리수)25곡미니크리스피롤63g,20251210,30,16,20017,울산상온센터(K7),1360.0,0.0,0.0,160.0,208.0,32.0,48.0,48.0,16.0,16.0,16.0,16.0,0.0,0.0,400.0,27,659.0,881.0,1700.0,여리수,스낵류,일반스낵
131667,여리수)25곡미니크리스피롤63g,20251210,30,16,20033,제주상온센터,512.0,0.0,0.0,16.0,96.0,80.0,0.0,16.0,0.0,0.0,0.0,0.0,0.0,0.0,192.0,14,294.0,881.0,1700.0,여리수,스낵류,일반스낵
131667,여리수)25곡미니크리스피롤63g,20251210,30,16,20034,구성상온센터,2832.0,0.0,0.0,48.0,368.0,224.0,96.0,64.0,16.0,32.0,16.0,0.0,16.0,0.0,640.0,42,948.0,881.0,1700.0,여리수,스낵류,일반스낵
131667,여리수)25곡미니크리스피롤63g,20251210,30,16,20050,세종상온센터,2096.0,0.0,48.0,256.0,192.0,96.0,112.0,16.0,32.0,16.0,32.0,0.0,16.0,0.0,592.0,41,927.0,881.0,1700.0,여리수,스낵류,일반스낵
131667,여리수)25곡미니크리스피롤63g,20251210,30,16,20065,원주상온센터(K7),1456.0,0.0,0.0,32.0,208.0,112.0,48.0,16.0,64.0,16.0,48.0,0.0,0.0,0.0,352.0,22,748.0,881.0,1700.0,여리수,스낵류,일반스낵
131667,여리수)25곡미니크리스피롤63g,20251210,30,16,20075,인천상온센터,2176.0,0.0,0.0,48.0,512.0,112.0,48.0,96.0,80.0,16.0,0.0,0.0,0.0,0.0,672.0,42,897.0,881.0,1700.0,여리수,스낵류,일반스낵
131667,여리수)25곡미니크리스피롤63g,20251210,30,16,20079,A광주상온센터,1472.0,0.0,32.0,128.0,160.0,32.0,48.0,80.0,16.0,16.0,64.0,16.0,0.0,0.0,352.0,23,681.0,881.0,1700.0,여리수,스낵류,일반스낵
131667,여리수)25곡미니크리스피롤63g,20251210,30,16,20080,A의왕상온센터,1664.0,0.0,0.0,64.0,416.0,176.0,112.0,32.0,64.0,48.0,32.0,0.0,0.0,0.0,656.0,41,725.0,881.0,1700.0,여리수,스낵류,일반스낵
131667,여리수)25곡미니크리스피롤63g,20251210,30,16,20081,A양산상온센터,1856.0,0.0,0.0,320.0,224.0,128.0,64.0,32.0,32.0,0.0,32.0,0.0,0.0,0.0,672.0,43,801.0,881.0,1700.0,여리수,스낵류,일반스낵
131667,여리수)25곡미니크리스피롤63g,20251210,30,16,20083,김제상온센터,1120.0,0.0,16.0,0.0,160.0,80.0,0.0,16.0,16.0,16.0,0.0,0.0,0.0,0.0,256.0,18,581.0,881.0,1700.0,여리수,스낵류,일반스낵
131667,여리수)25곡미니크리스피롤63g,20251210,30,16,20084,천안상온센터,1184.0,0.0,0.0,32.0,176.0,160.0,64.0,0.0,16.0,16.0,0.0,48.0,0.0,0.0,368.0,24,652.0,881.0,1700.0,여리수,스낵류,일반스낵
131667,여리수)25곡미니크리스피롤63g,20251210,30,16,20085,인천B상온센터,1984.0,0.0,0.0,32.0,288.0,112.0,96.0,80.0,16.0,16.0,32.0,16.0,0.0,0.0,432.0,29,868.0,881.0,1700.0,여리수,스낵류,일반스낵
132653,PB)제트콘김와사비맛90g,20251210,15,20,20006,성남센터,2980.0,0.0,0.0,0.0,840.0,300.0,320.0,160.0,260.0,20.0,100.0,80.0,0.0,0.0,1140.0,60,759.0,703.0,1600.0,PB,스낵류,옥수수스낵
132653,PB)제트콘김와사비맛90g,20251210,15,20,20007,대구센터,3260.0,0.0,0.0,340.0,400.0,300.0,200.0,240.0,40.0,40.0,20.0,0.0,0.0,0.0,1040.0,54,927.0,703.0,1600.0,PB,스낵류,옥수수스낵
132653,PB)제트콘김와사비맛90g,20251210,15,20,20010,양주센터,4040.0,0.0,0.0,300.0,580.0,260.0,220.0,140.0,20.0,40.0,60.0,0.0,0.0,0.0,1140.0,63,1053.0,703.0,1600.0,PB,스낵류,옥수수스낵
132653,PB)제트콘김와사비맛90g,20251210,15,20,20017,울산상온센터(K7),1920.0,0.0,0.0,160.0,280.0,100.0,120.0,40.0,60.0,20.0,20.0,0.0,0.0,0.0,540.0,28,659.0,703.0,1600.0,PB,스낵류,옥수수스낵
132653,PB)제트콘김와사비맛90g,20251210,15,20,20033,제주상온센터,720.0,0.0,0.0,20.0,140.0,100.0,0.0,40.0,0.0,0.0,0.0,0.0,0.0,0.0,260.0,15,294.0,703.0,1600.0,PB,스낵류,옥수수스낵
132653,PB)제트콘김와사비맛90g,20251210,15,20,20034,구성상온센터,4000.0,0.0,0.0,0.0,960.0,220.0,320.0,200.0,120.0,40.0,20.0,80.0,20.0,0.0,1180.0,59,948.0,703.0,1600.0,PB,스낵류,옥수수스낵
132653,PB)제트콘김와사비맛90g,20251210,15,20,20050,세종상온센터,2940.0,0.0,0.0,360.0,360.0,120.0,40.0,20.0,60.0,0.0,40.0,0.0,0.0,0.0,840.0,46,927.0,703.0,1600.0,PB,스낵류,옥수수스낵
132653,PB)제트콘김와사비맛90g,20251210,15,20,20065,원주상온센터(K7),2040.0,0.0,0.0,0.0,200.0,100.0,40.0,60.0,40.0,0.0,0.0,20.0,0.0,0.0,300.0,16,748.0,703.0,1600.0,PB,스낵류,옥수수스낵
132653,PB)제트콘김와사비맛90g,20251210,15,20,20075,인천상온센터,2900.0,0.0,0.0,0.0,400.0,100.0,140.0,180.0,40.0,20.0,40.0,0.0,0.0,0.0,500.0,27,897.0,703.0,1600.0,PB,스낵류,옥수수스낵
132653,PB)제트콘김와사비맛90g,20251210,15,20,20079,A광주상온센터,2060.0,0.0,0.0,140.0,200.0,260.0,420.0,160.0,20.0,20.0,60.0,0.0,0.0,0.0,600.0,30,681.0,703.0,1600.0,PB,스낵류,옥수수스낵
132653,PB)제트콘김와사비맛90g,20251210,15,20,20080,A의왕상온센터,2340.0,0.0,0.0,0.0,620.0,180.0,100.0,80.0,100.0,40.0,40.0,20.0,0.0,0.0,800.0,43,725.0,703.0,1600.0,PB,스낵류,옥수수스낵
132653,PB)제트콘김와사비맛90g,20251210,15,20,20081,A양산상온센터,2600.0,0.0,0.0,80.0,340.0,240.0,160.0,60.0,40.0,0.0,40.0,0.0,0.0,0.0,660.0,33,801.0,703.0,1600.0,PB,스낵류,옥수수스낵
132653,PB)제트콘김와사비맛90g,20251210,15,20,20083,김제상온센터,1580.0,0.0,0.0,120.0,220.0,140.0,40.0,20.0,0.0,20.0,20.0,0.0,0.0,0.0,480.0,25,581.0,703.0,1600.0,PB,스낵류,옥수수스낵
132653,PB)제트콘김와사비맛90g,20251210,15,20,20084,천안상온센터,1660.0,0.0,0.0,0.0,100.0,140.0,20.0,0.0,0.0,20.0,0.0,40.0,0.0,0.0,240.0,14,652.0,703.0,1600.0,PB,스낵류,옥수수스낵
132653,PB)제트콘김와사비맛90g,20251210,15,20,20085,인천B상온센터,2960.0,0.0,0.0,0.0,240.0,240.0,240.0,140.0,60.0,40.0,20.0,0.0,0.0,0.0,480.0,24,868.0,703.0,1600.0,PB,스낵류,옥수수스낵
132876,PB)딸기키티미니초콜릿16g,20251217,40,20,20006,성남센터,13760.0,640.0,120.0,180.0,1920.0,1680.0,900.0,1260.0,680.0,40.0,0.0,100.0,0.0,0.0,3900.0,231,757.0,545.0,1000.0,PB,초콜릿,볼초콜릿
132876,PB)딸기키티미니초콜릿16g,20251217,40,20,20007,대구센터,13280.0,220.0,180.0,580.0,1120.0,880.0,540.0,220.0,160.0,40.0,40.0,80.0,0.0,0.0,2760.0,156,927.0,545.0,1000.0,PB,초콜릿,볼초콜릿
132876,PB)딸기키티미니초콜릿16g,20251217,40,20,20010,양주센터,16480.0,380.0,120.0,1320.0,2280.0,1440.0,880.0,720.0,180.0,80.0,80.0,20.0,0.0,0.0,5160.0,281,1052.0,545.0,1000.0,PB,초콜릿,볼초콜릿
132876,PB)딸기키티미니초콜릿16g,20251217,40,20,20017,울산상온센터(K7),7840.0,240.0,80.0,740.0,1460.0,940.0,560.0,240.0,60.0,20.0,100.0,20.0,0.0,0.0,3220.0,181,658.0,545.0,1000.0,PB,초콜릿,볼초콜릿
132876,PB)딸기키티미니초콜릿16g,20251217,40,20,20033,제주상온센터,3200.0,60.0,40.0,80.0,220.0,260.0,60.0,180.0,80.0,0.0,0.0,0.0,0.0,0.0,600.0,33,294.0,545.0,1000.0,PB,초콜릿,볼초콜릿
132876,PB)딸기키티미니초콜릿16g,20251217,40,20,20034,구성상온센터,17120.0,580.0,200.0,140.0,2200.0,980.0,440.0,420.0,280.0,0.0,60.0,0.0,0.0,0.0,3520.0,211,948.0,545.0,1000.0,PB,초콜릿,볼초콜릿
132876,PB)딸기키티미니초콜릿16g,20251217,40,20,20050,세종상온센터,12000.0,240.0,120.0,500.0,780.0,400.0,240.0,120.0,20.0,20.0,0.0,0.0,0.0,0.0,1800.0,105,926.0,545.0,1000.0,PB,초콜릿,볼초콜릿
132876,PB)딸기키티미니초콜릿16g,20251217,40,20,20065,원주상온센터(K7),10080.0,80.0,120.0,160.0,920.0,580.0,580.0,100.0,60.0,0.0,60.0,20.0,0.0,0.0,1780.0,93,746.0,545.0,1000.0,PB,초콜릿,볼초콜릿
132876,PB)딸기키티미니초콜릿16g,20251217,40,20,20075,인천상온센터,12480.0,320.0,160.0,120.0,1700.0,1560.0,1120.0,680.0,620.0,0.0,40.0,80.0,0.0,0.0,3540.0,195,896.0,545.0,1000.0,PB,초콜릿,볼초콜릿
132876,PB)딸기키티미니초콜릿16g,20251217,40,20,20079,A광주상온센터,8000.0,420.0,60.0,340.0,860.0,1800.0,1040.0,1060.0,360.0,0.0,20.0,80.0,0.0,0.0,3060.0,181,681.0,545.0,1000.0,PB,초콜릿,볼초콜릿
132876,PB)딸기키티미니초콜릿16g,20251217,40,20,20080,A의왕상온센터,9600.0,340.0,100.0,220.0,1500.0,1640.0,1080.0,480.0,320.0,0.0,40.0,100.0,20.0,0.0,3460.0,194,725.0,545.0,1000.0,PB,초콜릿,볼초콜릿
132876,PB)딸기키티미니초콜릿16g,20251217,40,20,20081,A양산상온센터,10560.0,220.0,200.0,460.0,680.0,580.0,600.0,180.0,40.0,40.0,60.0,20.0,0.0,0.0,1920.0,110,801.0,545.0,1000.0,PB,초콜릿,볼초콜릿
132876,PB)딸기키티미니초콜릿16g,20251217,40,20,20083,김제상온센터,6400.0,80.0,40.0,240.0,540.0,740.0,360.0,220.0,220.0,20.0,40.0,0.0,0.0,0.0,1560.0,85,581.0,545.0,1000.0,PB,초콜릿,볼초콜릿
132876,PB)딸기키티미니초콜릿16g,20251217,40,20,20084,천안상온센터,7680.0,140.0,80.0,100.0,620.0,500.0,320.0,340.0,140.0,0.0,40.0,120.0,0.0,0.0,1300.0,76,651.0,545.0,1000.0,PB,초콜릿,볼초콜릿
132876,PB)딸기키티미니초콜릿16g,20251217,40,20,20085,인천B상온센터,12640.0,240.0,80.0,60.0,1620.0,1280.0,760.0,740.0,400.0,40.0,80.0,80.0,0.0,0.0,3040.0,171,868.0,545.0,1000.0,PB,초콜릿,볼초콜릿
132926,초코텍)스모어초코와플32g,20251217,30,8,20006,성남센터,1248.0,120.0,32.0,72.0,136.0,40.0,24.0,24.0,48.0,8.0,8.0,8.0,0.0,0.0,280.0,51,757.0,981.0,1800.0,초코텍,비스킷류,파이
132926,초코텍)스모어초코와플32g,20251217,30,8,20007,대구센터,1248.0,88.0,48.0,64.0,104.0,80.0,56.0,24.0,8.0,0.0,8.0,0.0,0.0,0.0,296.0,49,927.0,981.0,1800.0,초코텍,비스킷류,파이
132926,초코텍)스모어초코와플32g,20251217,30,8,20010,양주센터,1440.0,128.0,24.0,104.0,96.0,88.0,16.0,24.0,0.0,24.0,24.0,0.0,0.0,0.0,312.0,57,1052.0,981.0,1800.0,초코텍,비스킷류,파이
132926,초코텍)스모어초코와플32g,20251217,30,8,20017,울산상온센터(K7),768.0,88.0,8.0,72.0,48.0,32.0,24.0,24.0,0.0,16.0,16.0,8.0,0.0,0.0,160.0,31,658.0,981.0,1800.0,초코텍,비스킷류,파이
132926,초코텍)스모어초코와플32g,20251217,30,8,20033,제주상온센터,480.0,32.0,16.0,8.0,40.0,24.0,8.0,0.0,0.0,0.0,0.0,0.0,0.0,0.0,88.0,15,294.0,981.0,1800.0,초코텍,비스킷류,파이
132926,초코텍)스모어초코와플32g,20251217,30,8,20034,구성상온센터,1536.0,48.0,32.0,24.0,248.0,48.0,16.0,16.0,0.0,0.0,0.0,0.0,0.0,0.0,352.0,52,948.0,981.0,1800.0,초코텍,비스킷류,파이
132926,초코텍)스모어초코와플32g,20251217,30,8,20050,세종상온센터,1056.0,128.0,48.0,72.0,120.0,56.0,40.0,56.0,8.0,0.0,0.0,0.0,0.0,0.0,296.0,54,926.0,981.0,1800.0,초코텍,비스킷류,파이
132926,초코텍)스모어초코와플32g,20251217,30,8,20065,원주상온센터(K7),960.0,80.0,16.0,24.0,56.0,32.0,24.0,16.0,8.0,8.0,8.0,0.0,0.0,0.0,128.0,28,746.0,981.0,1800.0,초코텍,비스킷류,파이
132926,초코텍)스모어초코와플32g,20251217,30,8,20075,인천상온센터,1152.0,72.0,32.0,40.0,168.0,88.0,8.0,32.0,0.0,8.0,0.0,16.0,0.0,0.0,328.0,52,896.0,981.0,1800.0,초코텍,비스킷류,파이
132926,초코텍)스모어초코와플32g,20251217,30,8,20079,A광주상온센터,768.0,56.0,16.0,40.0,48.0,24.0,16.0,16.0,8.0,8.0,8.0,8.0,0.0,0.0,128.0,26,681.0,981.0,1800.0,초코텍,비스킷류,파이
132926,초코텍)스모어초코와플32g,20251217,30,8,20080,A의왕상온센터,864.0,104.0,24.0,32.0,192.0,24.0,32.0,32.0,0.0,8.0,8.0,0.0,0.0,0.0,272.0,50,725.0,981.0,1800.0,초코텍,비스킷류,파이
132926,초코텍)스모어초코와플32g,20251217,30,8,20081,A양산상온센터,960.0,104.0,8.0,48.0,72.0,32.0,24.0,8.0,0.0,16.0,0.0,0.0,0.0,0.0,160.0,37,801.0,981.0,1800.0,초코텍,비스킷류,파이
132926,초코텍)스모어초코와플32g,20251217,30,8,20083,김제상온센터,576.0,32.0,0.0,32.0,48.0,16.0,8.0,16.0,24.0,8.0,0.0,0.0,0.0,0.0,96.0,16,581.0,981.0,1800.0,초코텍,비스킷류,파이
132926,초코텍)스모어초코와플32g,20251217,30,8,20084,천안상온센터,672.0,8.0,24.0,8.0,112.0,16.0,16.0,0.0,16.0,0.0,8.0,8.0,0.0,0.0,160.0,21,651.0,981.0,1800.0,초코텍,비스킷류,파이
132926,초코텍)스모어초코와플32g,20251217,30,8,20085,인천B상온센터,1152.0,104.0,16.0,48.0,120.0,48.0,40.0,8.0,24.0,0.0,0.0,16.0,0.0,0.0,232.0,42,868.0,981.0,1800.0,초코텍,비스킷류,파이
132927,감성)곰돌이보틀팝콘120g,20251217,20,5,20006,성남센터,1180.0,15.0,30.0,45.0,110.0,25.0,10.0,20.0,10.0,0.0,0.0,0.0,0.0,0.0,210.0,47,757.0,1476.0,2800.0,감성,스낵류,옥수수스낵
132927,감성)곰돌이보틀팝콘120g,20251217,20,5,20007,대구센터,1140.0,45.0,35.0,85.0,115.0,75.0,25.0,25.0,5.0,25.0,15.0,0.0,0.0,0.0,310.0,67,927.0,1476.0,2800.0,감성,스낵류,옥수수스낵
132927,감성)곰돌이보틀팝콘120g,20251217,20,5,20010,양주센터,1400.0,35.0,30.0,130.0,105.0,45.0,25.0,45.0,0.0,20.0,5.0,10.0,0.0,0.0,310.0,74,1052.0,1476.0,2800.0,감성,스낵류,옥수수스낵
132927,감성)곰돌이보틀팝콘120g,20251217,20,5,20017,울산상온센터(K7),660.0,35.0,30.0,85.0,50.0,30.0,90.0,5.0,15.0,0.0,5.0,0.0,0.0,0.0,195.0,45,658.0,1476.0,2800.0,감성,스낵류,옥수수스낵
132927,감성)곰돌이보틀팝콘120g,20251217,20,5,20033,제주상온센터,280.0,5.0,25.0,20.0,50.0,5.0,25.0,0.0,0.0,0.0,5.0,0.0,0.0,0.0,100.0,21,294.0,1476.0,2800.0,감성,스낵류,옥수수스낵
132927,감성)곰돌이보틀팝콘120g,20251217,20,5,20034,구성상온센터,1480.0,30.0,65.0,45.0,210.0,85.0,25.0,5.0,15.0,5.0,5.0,0.0,0.0,0.0,405.0,82,948.0,1476.0,2800.0,감성,스낵류,옥수수스낵
132927,감성)곰돌이보틀팝콘120g,20251217,20,5,20050,세종상온센터,1040.0,60.0,35.0,195.0,55.0,40.0,15.0,15.0,10.0,15.0,10.0,0.0,0.0,0.0,325.0,75,926.0,1476.0,2800.0,감성,스낵류,옥수수스낵
132927,감성)곰돌이보틀팝콘120g,20251217,20,5,20065,원주상온센터(K7),860.0,5.0,35.0,45.0,60.0,55.0,30.0,45.0,5.0,5.0,5.0,10.0,0.0,0.0,195.0,41,746.0,1476.0,2800.0,감성,스낵류,옥수수스낵
132927,감성)곰돌이보틀팝콘120g,20251217,20,5,20075,인천상온센터,1060.0,20.0,40.0,45.0,140.0,70.0,25.0,50.0,20.0,5.0,0.0,0.0,0.0,0.0,295.0,63,896.0,1476.0,2800.0,감성,스낵류,옥수수스낵
132927,감성)곰돌이보틀팝콘120g,20251217,20,5,20079,A광주상온센터,680.0,30.0,20.0,105.0,80.0,75.0,35.0,10.0,0.0,0.0,10.0,5.0,0.0,0.0,280.0,56,681.0,1476.0,2800.0,감성,스낵류,옥수수스낵
132927,감성)곰돌이보틀팝콘120g,20251217,20,5,20080,A의왕상온센터,820.0,15.0,40.0,50.0,125.0,30.0,15.0,40.0,15.0,0.0,10.0,0.0,5.0,0.0,245.0,51,725.0,1476.0,2800.0,감성,스낵류,옥수수스낵
132927,감성)곰돌이보틀팝콘120g,20251217,20,5,20081,A양산상온센터,900.0,35.0,20.0,75.0,100.0,40.0,35.0,45.0,5.0,5.0,0.0,0.0,0.0,0.0,235.0,55,801.0,1476.0,2800.0,감성,스낵류,옥수수스낵
132927,감성)곰돌이보틀팝콘120g,20251217,20,5,20083,김제상온센터,560.0,15.0,10.0,15.0,70.0,65.0,15.0,35.0,15.0,0.0,10.0,0.0,0.0,0.0,160.0,34,581.0,1476.0,2800.0,감성,스낵류,옥수수스낵
132927,감성)곰돌이보틀팝콘120g,20251217,20,5,20084,천안상온센터,660.0,40.0,35.0,75.0,35.0,40.0,20.0,10.0,0.0,0.0,10.0,0.0,0.0,0.0,185.0,44,651.0,1476.0,2800.0,감성,스낵류,옥수수스낵
132927,감성)곰돌이보틀팝콘120g,20251217,20,5,20085,인천B상온센터,1080.0,20.0,40.0,25.0,95.0,20.0,20.0,0.0,0.0,5.0,0.0,0.0,0.0,0.0,180.0,38,868.0,1476.0,2800.0,감성,스낵류,옥수수스낵
132934,농심)빵부장말차빵55g,20251217,40,16,20006,성남센터,7472.0,48.0,224.0,288.0,800.0,768.0,320.0,288.0,192.0,96.0,0.0,16.0,0.0,0.0,2080.0,130,757.0,928.0,1700.0,농심,스낵류,일반스낵
132934,농심)빵부장말차빵55g,20251217,40,16,20007,대구센터,7232.0,192.0,272.0,496.0,816.0,512.0,384.0,224.0,64.0,16.0,80.0,16.0,0.0,0.0,2096.0,147,927.0,928.0,1700.0,농심,스낵류,일반스낵
132934,농심)빵부장말차빵55g,20251217,40,16,20010,양주센터,8960.0,112.0,208.0,656.0,656.0,560.0,192.0,352.0,32.0,112.0,144.0,32.0,0.0,0.0,2080.0,138,1052.0,928.0,1700.0,농심,스낵류,일반스낵
132934,농심)빵부장말차빵55g,20251217,40,16,20017,울산상온센터(K7),4224.0,80.0,144.0,416.0,416.0,224.0,144.0,32.0,64.0,0.0,32.0,16.0,0.0,0.0,1200.0,84,658.0,928.0,1700.0,농심,스낵류,일반스낵
132934,농심)빵부장말차빵55g,20251217,40,16,20033,제주상온센터,1696.0,0.0,80.0,112.0,224.0,80.0,96.0,0.0,0.0,0.0,0.0,0.0,0.0,0.0,496.0,33,294.0,928.0,1700.0,농심,스낵류,일반스낵
132934,농심)빵부장말차빵55g,20251217,40,16,20034,구성상온센터,9376.0,48.0,208.0,208.0,1200.0,368.0,240.0,160.0,160.0,16.0,32.0,32.0,0.0,0.0,1984.0,135,948.0,928.0,1700.0,농심,스낵류,일반스낵
132934,농심)빵부장말차빵55g,20251217,40,16,20050,세종상온센터,6544.0,208.0,176.0,496.0,656.0,176.0,160.0,96.0,64.0,32.0,0.0,16.0,0.0,0.0,1504.0,111,926.0,928.0,1700.0,농심,스낵류,일반스낵
132934,농심)빵부장말차빵55g,20251217,40,16,20065,원주상온센터(K7),5440.0,0.0,160.0,112.0,352.0,192.0,160.0,64.0,32.0,32.0,48.0,32.0,0.0,0.0,816.0,52,746.0,928.0,1700.0,농심,스낵류,일반스낵
132934,농심)빵부장말차빵55g,20251217,40,16,20075,인천상온센터,6784.0,0.0,176.0,336.0,736.0,384.0,160.0,112.0,128.0,16.0,32.0,32.0,0.0,0.0,1632.0,101,896.0,928.0,1700.0,농심,스낵류,일반스낵
132934,농심)빵부장말차빵55g,20251217,40,16,20079,A광주상온센터,4304.0,96.0,64.0,336.0,304.0,272.0,128.0,48.0,32.0,0.0,16.0,16.0,0.0,0.0,976.0,71,681.0,928.0,1700.0,농심,스낵류,일반스낵
132934,농심)빵부장말차빵55g,20251217,40,16,20080,A의왕상온센터,5200.0,96.0,176.0,224.0,960.0,496.0,224.0,160.0,16.0,48.0,32.0,32.0,16.0,0.0,1856.0,119,725.0,928.0,1700.0,농심,스낵류,일반스낵
132934,농심)빵부장말차빵55g,20251217,40,16,20081,A양산상온센터,5760.0,80.0,64.0,352.0,496.0,176.0,144.0,96.0,80.0,16.0,32.0,16.0,0.0,0.0,1088.0,71,801.0,928.0,1700.0,농심,스낵류,일반스낵
132934,농심)빵부장말차빵55g,20251217,40,16,20083,김제상온센터,3488.0,80.0,48.0,128.0,320.0,176.0,144.0,80.0,32.0,16.0,16.0,0.0,0.0,0.0,672.0,49,581.0,928.0,1700.0,농심,스낵류,일반스낵
132934,농심)빵부장말차빵55g,20251217,40,16,20084,천안상온센터,4192.0,32.0,48.0,80.0,368.0,96.0,64.0,80.0,16.0,16.0,0.0,32.0,0.0,0.0,592.0,42,651.0,928.0,1700.0,농심,스낵류,일반스낵
132934,농심)빵부장말차빵55g,20251217,40,16,20085,인천B상온센터,6880.0,144.0,80.0,208.0,784.0,288.0,256.0,96.0,112.0,16.0,32.0,16.0,0.0,0.0,1360.0,96,868.0,928.0,1700.0,농심,스낵류,일반스낵
132946,PB)감자칩오리지널110g,20251224,60,2,20006,성남센터,6456.0,162.0,68.0,36.0,458.0,94.0,304.0,726.0,316.0,0.0,6.0,84.0,2.0,0.0,656.0,216,757.0,989.0,1600.0,PB,스낵류,감자스낵
132946,PB)감자칩오리지널110g,20251224,60,2,20007,대구센터,5784.0,124.0,34.0,160.0,244.0,268.0,324.0,266.0,96.0,8.0,8.0,8.0,0.0,0.0,706.0,250,928.0,989.0,1600.0,PB,스낵류,감자스낵
132946,PB)감자칩오리지널110g,20251224,60,2,20010,양주센터,7056.0,162.0,48.0,304.0,274.0,384.0,450.0,320.0,136.0,12.0,28.0,4.0,0.0,0.0,1010.0,338,1052.0,989.0,1600.0,PB,스낵류,감자스낵
132946,PB)감자칩오리지널110g,20251224,60,2,20017,울산상온센터(K7),4848.0,108.0,20.0,110.0,198.0,174.0,162.0,206.0,80.0,8.0,14.0,4.0,0.0,0.0,502.0,171,660.0,989.0,1600.0,PB,스낵류,감자스낵
132946,PB)감자칩오리지널110g,20251224,60,2,20033,제주상온센터,2352.0,32.0,10.0,2.0,52.0,46.0,10.0,36.0,14.0,0.0,0.0,0.0,0.0,0.0,110.0,54,293.0,989.0,1600.0,PB,스낵류,감자스낵
132946,PB)감자칩오리지널110g,20251224,60,2,20034,구성상온센터,7488.0,182.0,20.0,90.0,540.0,272.0,586.0,184.0,142.0,2.0,38.0,242.0,0.0,0.0,922.0,247,948.0,989.0,1600.0,PB,스낵류,감자스낵
132946,PB)감자칩오리지널110g,20251224,60,2,20050,세종상온센터,5304.0,64.0,24.0,188.0,340.0,246.0,178.0,284.0,98.0,2.0,44.0,16.0,0.0,0.0,798.0,219,926.0,989.0,1600.0,PB,스낵류,감자스낵
132946,PB)감자칩오리지널110g,20251224,60,2,20065,원주상온센터(K7),4680.0,74.0,32.0,24.0,86.0,34.0,190.0,62.0,78.0,0.0,10.0,8.0,0.0,0.0,176.0,83,748.0,989.0,1600.0,PB,스낵류,감자스낵
132946,PB)감자칩오리지널110g,20251224,60,2,20075,인천상온센터,7032.0,124.0,20.0,34.0,250.0,92.0,326.0,214.0,164.0,6.0,4.0,72.0,4.0,0.0,396.0,161,897.0,989.0,1600.0,PB,스낵류,감자스낵
132946,PB)감자칩오리지널110g,20251224,60,2,20079,A광주상온센터,4488.0,98.0,20.0,136.0,134.0,210.0,244.0,230.0,60.0,2.0,18.0,20.0,0.0,0.0,500.0,230,680.0,989.0,1600.0,PB,스낵류,감자스낵
132946,PB)감자칩오리지널110g,20251224,60,2,20080,A의왕상온센터,6192.0,70.0,14.0,40.0,266.0,134.0,456.0,250.0,102.0,4.0,6.0,14.0,0.0,0.0,454.0,199,725.0,989.0,1600.0,PB,스낵류,감자스낵
132946,PB)감자칩오리지널110g,20251224,60,2,20081,A양산상온센터,5592.0,108.0,8.0,80.0,86.0,152.0,148.0,90.0,162.0,0.0,14.0,14.0,0.0,0.0,326.0,151,801.0,989.0,1600.0,PB,스낵류,감자스낵
132946,PB)감자칩오리지널110g,20251224,60,2,20083,김제상온센터,3288.0,92.0,2.0,80.0,78.0,166.0,152.0,54.0,30.0,0.0,18.0,4.0,0.0,0.0,326.0,151,582.0,989.0,1600.0,PB,스낵류,감자스낵
132946,PB)감자칩오리지널110g,20251224,60,2,20084,천안상온센터,4536.0,58.0,10.0,4.0,124.0,60.0,106.0,118.0,134.0,4.0,4.0,28.0,0.0,0.0,198.0,90,651.0,989.0,1600.0,PB,스낵류,감자스낵
132946,PB)감자칩오리지널110g,20251224,60,2,20085,인천B상온센터,6744.0,76.0,6.0,34.0,276.0,98.0,304.0,178.0,180.0,8.0,8.0,54.0,0.0,0.0,414.0,156,869.0,989.0,1600.0,PB,스낵류,감자스낵
132947,PB)감자칩사워크림앤어니언110g,20251224,60,2,20006,성남센터,6456.0,162.0,68.0,36.0,452.0,94.0,302.0,726.0,314.0,2.0,6.0,86.0,2.0,0.0,650.0,213,757.0,989.0,1600.0,PB,스낵류,감자스낵
132947,PB)감자칩사워크림앤어니언110g,20251224,60,2,20007,대구센터,5784.0,124.0,54.0,162.0,244.0,268.0,318.0,266.0,96.0,8.0,8.0,8.0,0.0,0.0,728.0,251,928.0,989.0,1600.0,PB,스낵류,감자스낵
132947,PB)감자칩사워크림앤어니언110g,20251224,60,2,20010,양주센터,7080.0,160.0,48.0,306.0,276.0,384.0,448.0,318.0,136.0,12.0,28.0,4.0,0.0,0.0,1014.0,339,1052.0,989.0,1600.0,PB,스낵류,감자스낵
132947,PB)감자칩사워크림앤어니언110g,20251224,60,2,20017,울산상온센터(K7),4848.0,108.0,34.0,108.0,196.0,174.0,160.0,206.0,80.0,8.0,14.0,4.0,0.0,0.0,512.0,170,660.0,989.0,1600.0,PB,스낵류,감자스낵
132947,PB)감자칩사워크림앤어니언110g,20251224,60,2,20033,제주상온센터,2352.0,30.0,12.0,2.0,52.0,46.0,10.0,36.0,14.0,0.0,0.0,0.0,0.0,0.0,112.0,54,293.0,989.0,1600.0,PB,스낵류,감자스낵
132947,PB)감자칩사워크림앤어니언110g,20251224,60,2,20034,구성상온센터,7488.0,174.0,22.0,90.0,542.0,272.0,588.0,196.0,142.0,2.0,38.0,240.0,0.0,0.0,926.0,246,948.0,989.0,1600.0,PB,스낵류,감자스낵
132947,PB)감자칩사워크림앤어니언110g,20251224,60,2,20050,세종상온센터,5304.0,64.0,24.0,196.0,340.0,242.0,178.0,284.0,100.0,2.0,44.0,20.0,0.0,0.0,802.0,217,926.0,989.0,1600.0,PB,스낵류,감자스낵
132947,PB)감자칩사워크림앤어니언110g,20251224,60,2,20065,원주상온센터(K7),4680.0,72.0,30.0,26.0,88.0,34.0,190.0,62.0,78.0,2.0,10.0,8.0,0.0,0.0,178.0,82,748.0,989.0,1600.0,PB,스낵류,감자스낵
132947,PB)감자칩사워크림앤어니언110g,20251224,60,2,20075,인천상온센터,7032.0,122.0,20.0,34.0,250.0,94.0,328.0,216.0,162.0,6.0,4.0,72.0,4.0,0.0,398.0,160,897.0,989.0,1600.0,PB,스낵류,감자스낵
132947,PB)감자칩사워크림앤어니언110g,20251224,60,2,20079,A광주상온센터,4488.0,98.0,20.0,136.0,138.0,208.0,240.0,222.0,60.0,2.0,18.0,20.0,0.0,0.0,502.0,229,680.0,989.0,1600.0,PB,스낵류,감자스낵
132947,PB)감자칩사워크림앤어니언110g,20251224,60,2,20080,A의왕상온센터,6192.0,68.0,8.0,40.0,268.0,138.0,462.0,250.0,102.0,4.0,6.0,14.0,0.0,0.0,454.0,200,725.0,989.0,1600.0,PB,스낵류,감자스낵
132947,PB)감자칩사워크림앤어니언110g,20251224,60,2,20081,A양산상온센터,5592.0,102.0,6.0,92.0,90.0,152.0,148.0,90.0,162.0,0.0,14.0,14.0,0.0,0.0,340.0,150,801.0,989.0,1600.0,PB,스낵류,감자스낵
132947,PB)감자칩사워크림앤어니언110g,20251224,60,2,20083,김제상온센터,3288.0,92.0,4.0,76.0,78.0,166.0,152.0,54.0,30.0,0.0,18.0,4.0,0.0,0.0,324.0,150,582.0,989.0,1600.0,PB,스낵류,감자스낵
132947,PB)감자칩사워크림앤어니언110g,20251224,60,2,20084,천안상온센터,4536.0,58.0,10.0,4.0,126.0,60.0,106.0,118.0,134.0,4.0,2.0,28.0,0.0,0.0,200.0,91,651.0,989.0,1600.0,PB,스낵류,감자스낵
132947,PB)감자칩사워크림앤어니언110g,20251224,60,2,20085,인천B상온센터,6744.0,76.0,6.0,34.0,244.0,96.0,314.0,176.0,180.0,8.0,8.0,54.0,0.0,0.0,380.0,153,869.0,989.0,1600.0,PB,스낵류,감자스낵
133062,PB)초코별딸기별60g,20251224,60,16,20006,성남센터,10768.0,624.0,64.0,144.0,1600.0,480.0,656.0,992.0,624.0,0.0,32.0,288.0,0.0,0.0,2288.0,181,756.0,880.0,2000.0,PB,스낵류,일반스낵
133062,PB)초코별딸기별60g,20251224,60,16,20007,대구센터,8240.0,384.0,128.0,384.0,736.0,752.0,864.0,768.0,176.0,16.0,32.0,64.0,0.0,0.0,2000.0,167,928.0,880.0,2000.0,PB,스낵류,일반스낵
133062,PB)초코별딸기별60g,20251224,60,16,20010,양주센터,11184.0,336.0,192.0,576.0,576.0,640.0,544.0,480.0,224.0,32.0,96.0,0.0,0.0,0.0,1984.0,158,1053.0,880.0,2000.0,PB,스낵류,일반스낵
133062,PB)초코별딸기별60g,20251224,60,16,20017,울산상온센터(K7),4960.0,384.0,80.0,464.0,384.0,640.0,640.0,528.0,272.0,16.0,112.0,16.0,0.0,0.0,1568.0,133,660.0,880.0,2000.0,PB,스낵류,일반스낵
133062,PB)초코별딸기별60g,20251224,60,16,20033,제주상온센터,1808.0,112.0,48.0,0.0,96.0,192.0,48.0,128.0,112.0,16.0,0.0,160.0,0.0,0.0,336.0,29,293.0,880.0,2000.0,PB,스낵류,일반스낵
133062,PB)초코별딸기별60g,20251224,60,16,20034,구성상온센터,13216.0,384.0,48.0,128.0,896.0,528.0,1104.0,176.0,272.0,0.0,32.0,80.0,0.0,0.0,1600.0,133,948.0,880.0,2000.0,PB,스낵류,일반스낵
133062,PB)초코별딸기별60g,20251224,60,16,20050,세종상온센터,6816.0,192.0,80.0,448.0,480.0,528.0,464.0,576.0,144.0,0.0,0.0,32.0,0.0,0.0,1536.0,117,926.0,880.0,2000.0,PB,스낵류,일반스낵
133062,PB)초코별딸기별60g,20251224,60,16,20065,원주상온센터(K7),5680.0,144.0,144.0,64.0,288.0,64.0,400.0,64.0,128.0,0.0,48.0,0.0,0.0,0.0,560.0,47,747.0,880.0,2000.0,PB,스낵류,일반스낵
133062,PB)초코별딸기별60g,20251224,60,16,20075,인천상온센터,11488.0,224.0,64.0,144.0,544.0,624.0,1312.0,752.0,608.0,32.0,32.0,416.0,16.0,0.0,1376.0,105,897.0,880.0,2000.0,PB,스낵류,일반스낵
133062,PB)초코별딸기별60g,20251224,60,16,20079,A광주상온센터,5056.0,288.0,48.0,752.0,592.0,1072.0,1200.0,592.0,320.0,0.0,48.0,16.0,0.0,0.0,2464.0,174,680.0,880.0,2000.0,PB,스낵류,일반스낵
133062,PB)초코별딸기별60g,20251224,60,16,20080,A의왕상온센터,10832.0,176.0,32.0,160.0,832.0,528.0,1072.0,944.0,272.0,32.0,0.0,80.0,0.0,0.0,1552.0,117,726.0,880.0,2000.0,PB,스낵류,일반스낵
133062,PB)초코별딸기별60g,20251224,60,16,20081,A양산상온센터,6016.0,320.0,32.0,176.0,464.0,464.0,384.0,240.0,208.0,16.0,16.0,48.0,0.0,0.0,1136.0,97,801.0,880.0,2000.0,PB,스낵류,일반스낵
133062,PB)초코별딸기별60g,20251224,60,16,20083,김제상온센터,4352.0,368.0,16.0,208.0,320.0,528.0,448.0,160.0,32.0,0.0,64.0,0.0,0.0,0.0,1072.0,94,582.0,880.0,2000.0,PB,스낵류,일반스낵
133062,PB)초코별딸기별60g,20251224,60,16,20084,천안상온센터,4208.0,208.0,64.0,48.0,240.0,176.0,176.0,480.0,416.0,0.0,32.0,112.0,0.0,0.0,528.0,50,651.0,880.0,2000.0,PB,스낵류,일반스낵
133062,PB)초코별딸기별60g,20251224,60,16,20085,인천B상온센터,7376.0,272.0,0.0,128.0,656.0,384.0,640.0,736.0,496.0,16.0,0.0,176.0,0.0,0.0,1168.0,97,868.0,880.0,2000.0,PB,스낵류,일반스낵
133063,PB)초코별말차별60g,20251224,50,16,20006,성남센터,7712.0,592.0,64.0,112.0,1568.0,448.0,608.0,928.0,640.0,0.0,32.0,272.0,0.0,0.0,2192.0,175,756.0,880.0,2000.0,PB,스낵류,일반스낵
133063,PB)초코별말차별60g,20251224,50,16,20007,대구센터,6656.0,272.0,96.0,304.0,560.0,608.0,624.0,464.0,176.0,48.0,16.0,48.0,0.0,0.0,1568.0,134,928.0,880.0,2000.0,PB,스낵류,일반스낵
133063,PB)초코별말차별60g,20251224,50,16,20010,양주센터,8016.0,352.0,160.0,592.0,528.0,640.0,656.0,464.0,176.0,48.0,96.0,0.0,0.0,0.0,1920.0,151,1053.0,880.0,2000.0,PB,스낵류,일반스낵
133063,PB)초코별말차별60g,20251224,50,16,20017,울산상온센터(K7),3552.0,304.0,80.0,400.0,432.0,624.0,544.0,464.0,224.0,16.0,32.0,32.0,0.0,0.0,1536.0,125,660.0,880.0,2000.0,PB,스낵류,일반스낵
133063,PB)초코별말차별60g,20251224,50,16,20033,제주상온센터,1088.0,96.0,16.0,0.0,80.0,128.0,64.0,112.0,112.0,0.0,0.0,112.0,0.0,0.0,224.0,23,293.0,880.0,2000.0,PB,스낵류,일반스낵
133063,PB)초코별말차별60g,20251224,50,16,20034,구성상온센터,8688.0,384.0,48.0,144.0,880.0,464.0,928.0,224.0,192.0,0.0,48.0,96.0,0.0,0.0,1536.0,129,948.0,880.0,2000.0,PB,스낵류,일반스낵
133063,PB)초코별말차별60g,20251224,50,16,20050,세종상온센터,4880.0,224.0,64.0,448.0,512.0,512.0,352.0,384.0,160.0,16.0,0.0,32.0,0.0,0.0,1536.0,115,926.0,880.0,2000.0,PB,스낵류,일반스낵
133063,PB)초코별말차별60g,20251224,50,16,20065,원주상온센터(K7),4064.0,96.0,112.0,80.0,272.0,96.0,416.0,48.0,176.0,0.0,64.0,0.0,0.0,0.0,560.0,42,747.0,880.0,2000.0,PB,스낵류,일반스낵
133063,PB)초코별말차별60g,20251224,50,16,20075,인천상온센터,8224.0,256.0,80.0,144.0,464.0,560.0,1216.0,736.0,624.0,48.0,32.0,400.0,16.0,0.0,1248.0,97,897.0,880.0,2000.0,PB,스낵류,일반스낵
133063,PB)초코별말차별60g,20251224,50,16,20079,A광주상온센터,3616.0,272.0,32.0,640.0,464.0,880.0,1072.0,560.0,304.0,0.0,32.0,32.0,0.0,0.0,2016.0,150,680.0,880.0,2000.0,PB,스낵류,일반스낵
133063,PB)초코별말차별60g,20251224,50,16,20080,A의왕상온센터,7760.0,176.0,16.0,112.0,816.0,384.0,848.0,624.0,176.0,32.0,0.0,80.0,0.0,0.0,1328.0,104,726.0,880.0,2000.0,PB,스낵류,일반스낵
133063,PB)초코별말차별60g,20251224,50,16,20081,A양산상온센터,4304.0,224.0,16.0,208.0,320.0,448.0,352.0,272.0,160.0,0.0,0.0,16.0,0.0,0.0,992.0,82,801.0,880.0,2000.0,PB,스낵류,일반스낵
133063,PB)초코별말차별60g,20251224,50,16,20083,김제상온센터,3120.0,304.0,0.0,176.0,288.0,496.0,416.0,144.0,48.0,0.0,64.0,0.0,0.0,0.0,960.0,82,582.0,880.0,2000.0,PB,스낵류,일반스낵
133063,PB)초코별말차별60g,20251224,50,16,20084,천안상온센터,3024.0,192.0,48.0,48.0,240.0,160.0,144.0,160.0,160.0,16.0,32.0,80.0,0.0,0.0,496.0,46,651.0,880.0,2000.0,PB,스낵류,일반스낵
133063,PB)초코별말차별60g,20251224,50,16,20085,인천B상온센터,5296.0,240.0,0.0,80.0,688.0,400.0,672.0,688.0,448.0,0.0,0.0,192.0,0.0,0.0,1168.0,95,868.0,880.0,2000.0,PB,스낵류,일반스낵
133096,파머스)피스터블다크씨솔트60g,20251224,20,10,20006,성남센터,900.0,120.0,20.0,20.0,180.0,50.0,50.0,60.0,30.0,20.0,10.0,10.0,10.0,0.0,270.0,44,756.0,4727.0,8000.0,파머스,초콜릿,판초콜릿
133096,파머스)피스터블다크씨솔트60g,20251224,20,10,20007,대구센터,900.0,50.0,10.0,60.0,90.0,30.0,30.0,30.0,0.0,0.0,0.0,0.0,0.0,0.0,190.0,31,928.0,4727.0,8000.0,파머스,초콜릿,판초콜릿
133096,파머스)피스터블다크씨솔트60g,20251224,20,10,20010,양주센터,900.0,80.0,40.0,90.0,90.0,70.0,70.0,80.0,0.0,0.0,10.0,0.0,0.0,0.0,290.0,46,1053.0,4727.0,8000.0,파머스,초콜릿,판초콜릿
133096,파머스)피스터블다크씨솔트60g,20251224,20,10,20017,울산상온센터(K7),540.0,10.0,20.0,40.0,40.0,10.0,30.0,20.0,0.0,20.0,10.0,0.0,0.0,0.0,110.0,16,660.0,4727.0,8000.0,파머스,초콜릿,판초콜릿
133096,파머스)피스터블다크씨솔트60g,20251224,20,10,20033,제주상온센터,180.0,20.0,10.0,20.0,10.0,10.0,0.0,0.0,10.0,10.0,0.0,0.0,0.0,0.0,50.0,7,293.0,4727.0,8000.0,파머스,초콜릿,판초콜릿
133096,파머스)피스터블다크씨솔트60g,20251224,20,10,20034,구성상온센터,1080.0,130.0,20.0,30.0,110.0,50.0,40.0,10.0,0.0,10.0,10.0,10.0,0.0,0.0,210.0,40,948.0,4727.0,8000.0,파머스,초콜릿,판초콜릿
133096,파머스)피스터블다크씨솔트60g,20251224,20,10,20050,세종상온센터,720.0,70.0,60.0,50.0,50.0,20.0,10.0,40.0,0.0,0.0,10.0,0.0,0.0,0.0,180.0,32,926.0,4727.0,8000.0,파머스,초콜릿,판초콜릿
133096,파머스)피스터블다크씨솔트60g,20251224,20,10,20065,원주상온센터(K7),720.0,50.0,20.0,40.0,20.0,30.0,10.0,0.0,0.0,0.0,0.0,10.0,0.0,0.0,110.0,17,747.0,4727.0,8000.0,파머스,초콜릿,판초콜릿
133096,파머스)피스터블다크씨솔트60g,20251224,20,10,20075,인천상온센터,720.0,30.0,20.0,60.0,80.0,30.0,20.0,40.0,20.0,10.0,0.0,0.0,0.0,0.0,190.0,28,897.0,4727.0,8000.0,파머스,초콜릿,판초콜릿
133096,파머스)피스터블다크씨솔트60g,20251224,20,10,20079,A광주상온센터,540.0,20.0,10.0,40.0,50.0,20.0,10.0,10.0,0.0,0.0,0.0,10.0,0.0,0.0,120.0,15,680.0,4727.0,8000.0,파머스,초콜릿,판초콜릿
133096,파머스)피스터블다크씨솔트60g,20251224,20,10,20080,A의왕상온센터,540.0,40.0,10.0,20.0,150.0,20.0,30.0,0.0,0.0,0.0,0.0,0.0,0.0,0.0,200.0,25,726.0,4727.0,8000.0,파머스,초콜릿,판초콜릿
133096,파머스)피스터블다크씨솔트60g,20251224,20,10,20081,A양산상온센터,720.0,70.0,10.0,40.0,50.0,30.0,10.0,10.0,0.0,0.0,10.0,0.0,0.0,0.0,130.0,22,801.0,4727.0,8000.0,파머스,초콜릿,판초콜릿
133096,파머스)피스터블다크씨솔트60g,20251224,20,10,20083,김제상온센터,360.0,40.0,0.0,0.0,20.0,30.0,10.0,0.0,0.0,0.0,0.0,0.0,0.0,0.0,50.0,10,582.0,4727.0,8000.0,파머스,초콜릿,판초콜릿
133096,파머스)피스터블다크씨솔트60g,20251224,20,10,20084,천안상온센터,540.0,60.0,0.0,10.0,50.0,30.0,40.0,0.0,0.0,10.0,20.0,0.0,0.0,0.0,90.0,18,651.0,4727.0,8000.0,파머스,초콜릿,판초콜릿
133096,파머스)피스터블다크씨솔트60g,20251224,20,10,20085,인천B상온센터,720.0,80.0,0.0,20.0,130.0,40.0,90.0,50.0,0.0,0.0,10.0,0.0,0.0,0.0,190.0,31,868.0,4727.0,8000.0,파머스,초콜릿,판초콜릿
133098,파머스)피스터블쿠키앤크림60g,20251224,20,10,20006,성남센터,900.0,120.0,20.0,20.0,160.0,50.0,50.0,60.0,30.0,20.0,10.0,10.0,0.0,0.0,250.0,37,756.0,4727.0,8000.0,파머스,초콜릿,판초콜릿
133098,파머스)피스터블쿠키앤크림60g,20251224,20,10,20007,대구센터,900.0,50.0,10.0,70.0,100.0,20.0,30.0,40.0,0.0,0.0,0.0,0.0,0.0,0.0,200.0,30,928.0,4727.0,8000.0,파머스,초콜릿,판초콜릿
133098,파머스)피스터블쿠키앤크림60g,20251224,20,10,20010,양주센터,900.0,80.0,50.0,90.0,90.0,70.0,50.0,70.0,0.0,0.0,10.0,0.0,0.0,0.0,300.0,47,1053.0,4727.0,8000.0,파머스,초콜릿,판초콜릿
133098,파머스)피스터블쿠키앤크림60g,20251224,20,10,20017,울산상온센터(K7),540.0,10.0,20.0,40.0,40.0,30.0,30.0,30.0,10.0,20.0,20.0,0.0,0.0,0.0,130.0,17,660.0,4727.0,8000.0,파머스,초콜릿,판초콜릿
133098,파머스)피스터블쿠키앤크림60g,20251224,20,10,20033,제주상온센터,180.0,20.0,20.0,20.0,20.0,10.0,0.0,10.0,10.0,0.0,0.0,0.0,0.0,0.0,70.0,9,293.0,4727.0,8000.0,파머스,초콜릿,판초콜릿
133098,파머스)피스터블쿠키앤크림60g,20251224,20,10,20034,구성상온센터,1080.0,140.0,20.0,30.0,110.0,40.0,50.0,30.0,0.0,10.0,10.0,10.0,0.0,0.0,200.0,37,948.0,4727.0,8000.0,파머스,초콜릿,판초콜릿
133098,파머스)피스터블쿠키앤크림60g,20251224,20,10,20050,세종상온센터,720.0,80.0,60.0,40.0,50.0,20.0,10.0,40.0,0.0,0.0,0.0,0.0,0.0,0.0,170.0,29,926.0,4727.0,8000.0,파머스,초콜릿,판초콜릿
133098,파머스)피스터블쿠키앤크림60g,20251224,20,10,20065,원주상온센터(K7),720.0,50.0,20.0,40.0,20.0,30.0,10.0,0.0,0.0,0.0,0.0,10.0,0.0,0.0,110.0,16,747.0,4727.0,8000.0,파머스,초콜릿,판초콜릿
133098,파머스)피스터블쿠키앤크림60g,20251224,20,10,20075,인천상온센터,720.0,30.0,30.0,60.0,80.0,30.0,20.0,40.0,20.0,20.0,0.0,0.0,0.0,0.0,200.0,28,897.0,4727.0,8000.0,파머스,초콜릿,판초콜릿
133098,파머스)피스터블쿠키앤크림60g,20251224,20,10,20079,A광주상온센터,540.0,10.0,10.0,40.0,40.0,20.0,10.0,20.0,0.0,0.0,0.0,10.0,0.0,0.0,110.0,13,680.0,4727.0,8000.0,파머스,초콜릿,판초콜릿
133098,파머스)피스터블쿠키앤크림60g,20251224,20,10,20080,A의왕상온센터,540.0,30.0,20.0,10.0,150.0,20.0,30.0,10.0,10.0,0.0,0.0,0.0,0.0,0.0,200.0,23,726.0,4727.0,8000.0,파머스,초콜릿,판초콜릿
133098,파머스)피스터블쿠키앤크림60g,20251224,20,10,20081,A양산상온센터,720.0,70.0,10.0,50.0,60.0,30.0,10.0,10.0,0.0,0.0,10.0,0.0,0.0,0.0,150.0,23,801.0,4727.0,8000.0,파머스,초콜릿,판초콜릿
133098,파머스)피스터블쿠키앤크림60g,20251224,20,10,20083,김제상온센터,360.0,40.0,0.0,0.0,20.0,30.0,0.0,0.0,0.0,0.0,0.0,0.0,0.0,0.0,50.0,9,582.0,4727.0,8000.0,파머스,초콜릿,판초콜릿
133098,파머스)피스터블쿠키앤크림60g,20251224,20,10,20084,천안상온센터,540.0,60.0,0.0,0.0,50.0,30.0,30.0,10.0,0.0,10.0,20.0,0.0,0.0,0.0,80.0,16,651.0,4727.0,8000.0,파머스,초콜릿,판초콜릿
133098,파머스)피스터블쿠키앤크림60g,20251224,20,10,20085,인천B상온센터,720.0,90.0,0.0,20.0,130.0,40.0,80.0,50.0,0.0,0.0,10.0,0.0,0.0,0.0,190.0,31,868.0,4727.0,8000.0,파머스,초콜릿,판초콜릿
133099,에이블)카피바라금고저금통캔디,20251224,20,6,20006,성남센터,384.0,12.0,12.0,18.0,60.0,18.0,0.0,6.0,0.0,6.0,6.0,0.0,0.0,0.0,108.0,24,756.0,3000.0,6000.0,에이블,캔디류,토이캔디
133099,에이블)카피바라금고저금통캔디,20251224,20,6,20007,대구센터,384.0,18.0,12.0,48.0,36.0,6.0,12.0,6.0,0.0,0.0,6.0,0.0,0.0,0.0,102.0,21,928.0,3000.0,6000.0,에이블,캔디류,토이캔디
133099,에이블)카피바라금고저금통캔디,20251224,20,6,20010,양주센터,480.0,24.0,12.0,42.0,42.0,24.0,12.0,6.0,0.0,12.0,0.0,0.0,0.0,0.0,120.0,28,1053.0,3000.0,6000.0,에이블,캔디류,토이캔디
133099,에이블)카피바라금고저금통캔디,20251224,20,6,20017,울산상온센터(K7),192.0,18.0,12.0,12.0,18.0,0.0,6.0,6.0,0.0,0.0,0.0,0.0,0.0,0.0,42.0,11,660.0,3000.0,6000.0,에이블,캔디류,토이캔디
133099,에이블)카피바라금고저금통캔디,20251224,20,6,20033,제주상온센터,96.0,18.0,6.0,0.0,6.0,12.0,0.0,0.0,0.0,0.0,0.0,0.0,0.0,0.0,24.0,7,293.0,3000.0,6000.0,에이블,캔디류,토이캔디
133099,에이블)카피바라금고저금통캔디,20251224,20,6,20034,구성상온센터,480.0,18.0,6.0,6.0,6.0,36.0,18.0,6.0,0.0,6.0,0.0,0.0,0.0,0.0,54.0,13,948.0,3000.0,6000.0,에이블,캔디류,토이캔디
133099,에이블)카피바라금고저금통캔디,20251224,20,6,20050,세종상온센터,384.0,18.0,6.0,30.0,36.0,30.0,0.0,0.0,0.0,0.0,0.0,0.0,0.0,0.0,102.0,21,926.0,3000.0,6000.0,에이블,캔디류,토이캔디
133099,에이블)카피바라금고저금통캔디,20251224,20,6,20065,원주상온센터(K7),288.0,42.0,12.0,12.0,66.0,18.0,18.0,0.0,6.0,0.0,6.0,12.0,0.0,0.0,108.0,25,747.0,3000.0,6000.0,에이블,캔디류,토이캔디
133099,에이블)카피바라금고저금통캔디,20251224,20,6,20075,인천상온센터,384.0,24.0,18.0,24.0,54.0,6.0,18.0,6.0,6.0,6.0,0.0,0.0,0.0,0.0,102.0,24,897.0,3000.0,6000.0,에이블,캔디류,토이캔디
133099,에이블)카피바라금고저금통캔디,20251224,20,6,20079,A광주상온센터,288.0,6.0,6.0,42.0,18.0,12.0,6.0,0.0,6.0,0.0,6.0,0.0,0.0,0.0,78.0,16,680.0,3000.0,6000.0,에이블,캔디류,토이캔디
133099,에이블)카피바라금고저금통캔디,20251224,20,6,20080,A의왕상온센터,288.0,6.0,6.0,6.0,66.0,18.0,12.0,6.0,6.0,0.0,6.0,12.0,0.0,0.0,96.0,18,726.0,3000.0,6000.0,에이블,캔디류,토이캔디
133099,에이블)카피바라금고저금통캔디,20251224,20,6,20081,A양산상온센터,288.0,6.0,6.0,24.0,36.0,18.0,0.0,6.0,0.0,0.0,6.0,0.0,0.0,0.0,84.0,16,801.0,3000.0,6000.0,에이블,캔디류,토이캔디
133099,에이블)카피바라금고저금통캔디,20251224,20,6,20083,김제상온센터,192.0,12.0,0.0,12.0,6.0,18.0,12.0,6.0,12.0,0.0,0.0,0.0,0.0,0.0,36.0,9,582.0,3000.0,6000.0,에이블,캔디류,토이캔디
133099,에이블)카피바라금고저금통캔디,20251224,20,6,20084,천안상온센터,192.0,24.0,6.0,0.0,18.0,6.0,24.0,6.0,12.0,0.0,12.0,6.0,0.0,0.0,30.0,9,651.0,3000.0,6000.0,에이블,캔디류,토이캔디
133099,에이블)카피바라금고저금통캔디,20251224,20,6,20085,인천B상온센터,384.0,36.0,0.0,0.0,12.0,12.0,6.0,0.0,0.0,6.0,0.0,0.0,0.0,0.0,24.0,12,868.0,3000.0,6000.0,에이블,캔디류,토이캔디
133103,여리수)말랑쏙젤리45g,20251224,10,1,20006,성남센터,2592.0,132.0,48.0,72.0,228.0,108.0,36.0,60.0,36.0,12.0,24.0,24.0,0.0,0.0,456.0,50,756.0,900.0,1800.0,여리수,젤리류,수입젤리
133103,여리수)말랑쏙젤리45g,20251224,10,1,20007,대구센터,2592.0,168.0,72.0,192.0,240.0,156.0,120.0,72.0,0.0,12.0,24.0,0.0,0.0,0.0,660.0,74,928.0,900.0,1800.0,여리수,젤리류,수입젤리
133103,여리수)말랑쏙젤리45g,20251224,10,1,20010,양주센터,3168.0,180.0,132.0,204.0,252.0,156.0,36.0,72.0,36.0,48.0,12.0,0.0,0.0,0.0,744.0,77,1053.0,900.0,1800.0,여리수,젤리류,수입젤리
133103,여리수)말랑쏙젤리45g,20251224,10,1,20017,울산상온센터(K7),1584.0,120.0,60.0,120.0,96.0,12.0,48.0,36.0,24.0,48.0,12.0,0.0,0.0,0.0,288.0,35,660.0,900.0,1800.0,여리수,젤리류,수입젤리
133103,여리수)말랑쏙젤리45g,20251224,10,1,20033,제주상온센터,720.0,48.0,0.0,0.0,60.0,24.0,12.0,0.0,36.0,24.0,0.0,0.0,0.0,0.0,84.0,12,293.0,900.0,1800.0,여리수,젤리류,수입젤리
133103,여리수)말랑쏙젤리45g,20251224,10,1,20034,구성상온센터,3312.0,204.0,48.0,84.0,192.0,108.0,84.0,48.0,12.0,12.0,36.0,24.0,0.0,0.0,432.0,53,948.0,900.0,1800.0,여리수,젤리류,수입젤리
133103,여리수)말랑쏙젤리45g,20251224,10,1,20050,세종상온센터,2304.0,180.0,60.0,156.0,264.0,120.0,60.0,72.0,24.0,0.0,0.0,0.0,0.0,0.0,600.0,68,926.0,900.0,1800.0,여리수,젤리류,수입젤리
133103,여리수)말랑쏙젤리45g,20251224,10,1,20065,원주상온센터(K7),2016.0,84.0,60.0,84.0,156.0,72.0,72.0,36.0,48.0,0.0,24.0,12.0,0.0,0.0,372.0,39,747.0,900.0,1800.0,여리수,젤리류,수입젤리
133103,여리수)말랑쏙젤리45g,20251224,10,1,20075,인천상온센터,2448.0,276.0,48.0,108.0,204.0,84.0,60.0,72.0,12.0,24.0,12.0,24.0,0.0,0.0,444.0,62,897.0,900.0,1800.0,여리수,젤리류,수입젤리
133103,여리수)말랑쏙젤리45g,20251224,10,1,20079,A광주상온센터,1584.0,60.0,36.0,216.0,96.0,120.0,24.0,24.0,0.0,12.0,0.0,0.0,0.0,0.0,468.0,48,680.0,900.0,1800.0,여리수,젤리류,수입젤리
133103,여리수)말랑쏙젤리45g,20251224,10,1,20080,A의왕상온센터,1872.0,156.0,48.0,120.0,276.0,144.0,108.0,24.0,24.0,0.0,12.0,0.0,0.0,0.0,588.0,65,726.0,900.0,1800.0,여리수,젤리류,수입젤리
133103,여리수)말랑쏙젤리45g,20251224,10,1,20081,A양산상온센터,2016.0,132.0,36.0,156.0,96.0,120.0,36.0,60.0,24.0,0.0,12.0,24.0,0.0,0.0,408.0,47,801.0,900.0,1800.0,여리수,젤리류,수입젤리
133103,여리수)말랑쏙젤리45g,20251224,10,1,20083,김제상온센터,1296.0,120.0,36.0,132.0,48.0,84.0,108.0,24.0,36.0,12.0,12.0,12.0,0.0,0.0,300.0,37,582.0,900.0,1800.0,여리수,젤리류,수입젤리
133103,여리수)말랑쏙젤리45g,20251224,10,1,20084,천안상온센터,1584.0,168.0,24.0,0.0,120.0,48.0,48.0,48.0,24.0,12.0,48.0,36.0,0.0,0.0,192.0,31,651.0,900.0,1800.0,여리수,젤리류,수입젤리
133103,여리수)말랑쏙젤리45g,20251224,10,1,20085,인천B상온센터,2448.0,192.0,24.0,96.0,312.0,12.0,156.0,72.0,24.0,12.0,0.0,12.0,0.0,0.0,444.0,54,868.0,900.0,1800.0,여리수,젤리류,수입젤리
133108,매크로)키도크리미버터샌드90g,20251224,30,2,20006,성남센터,2256.0,116.0,36.0,66.0,258.0,144.0,38.0,66.0,60.0,14.0,24.0,12.0,0.0,0.0,504.0,108,756.0,1018.0,2000.0,매크로,비스킷류,크래커
133108,매크로)키도크리미버터샌드90g,20251224,30,2,20007,대구센터,2208.0,186.0,60.0,178.0,194.0,120.0,72.0,72.0,34.0,24.0,24.0,34.0,0.0,0.0,552.0,132,928.0,1018.0,2000.0,매크로,비스킷류,크래커
133108,매크로)키도크리미버터샌드90g,20251224,30,2,20010,양주센터,2688.0,178.0,98.0,270.0,308.0,138.0,98.0,82.0,22.0,24.0,36.0,6.0,0.0,0.0,814.0,166,1053.0,1018.0,2000.0,매크로,비스킷류,크래커
133108,매크로)키도크리미버터샌드90g,20251224,30,2,20017,울산상온센터(K7),1296.0,142.0,48.0,118.0,72.0,50.0,56.0,30.0,30.0,18.0,6.0,12.0,0.0,0.0,288.0,74,660.0,1018.0,2000.0,매크로,비스킷류,크래커
133108,매크로)키도크리미버터샌드90g,20251224,30,2,20033,제주상온센터,528.0,62.0,12.0,30.0,42.0,56.0,0.0,0.0,6.0,0.0,0.0,6.0,0.0,0.0,140.0,35,293.0,1018.0,2000.0,매크로,비스킷류,크래커
133108,매크로)키도크리미버터샌드90g,20251224,30,2,20034,구성상온센터,2832.0,178.0,26.0,80.0,324.0,132.0,122.0,54.0,38.0,18.0,24.0,12.0,0.0,0.0,562.0,129,948.0,1018.0,2000.0,매크로,비스킷류,크래커
133108,매크로)키도크리미버터샌드90g,20251224,30,2,20050,세종상온센터,1968.0,152.0,44.0,160.0,196.0,120.0,38.0,42.0,28.0,6.0,8.0,6.0,0.0,0.0,520.0,125,926.0,1018.0,2000.0,매크로,비스킷류,크래커
133108,매크로)키도크리미버터샌드90g,20251224,30,2,20065,원주상온센터(K7),1632.0,96.0,48.0,34.0,134.0,42.0,38.0,8.0,38.0,12.0,20.0,16.0,0.0,0.0,258.0,65,747.0,1018.0,2000.0,매크로,비스킷류,크래커
133108,매크로)키도크리미버터샌드90g,20251224,30,2,20075,인천상온센터,2064.0,208.0,62.0,62.0,222.0,72.0,92.0,64.0,28.0,16.0,2.0,0.0,0.0,0.0,418.0,115,897.0,1018.0,2000.0,매크로,비스킷류,크래커
133108,매크로)키도크리미버터샌드90g,20251224,30,2,20079,A광주상온센터,1296.0,64.0,12.0,132.0,102.0,74.0,18.0,58.0,8.0,12.0,18.0,0.0,0.0,0.0,320.0,70,680.0,1018.0,2000.0,매크로,비스킷류,크래커
133108,매크로)키도크리미버터샌드90g,20251224,30,2,20080,A의왕상온센터,1584.0,132.0,42.0,74.0,308.0,128.0,60.0,62.0,36.0,6.0,12.0,8.0,0.0,0.0,552.0,122,726.0,1018.0,2000.0,매크로,비스킷류,크래커
133108,매크로)키도크리미버터샌드90g,20251224,30,2,20081,A양산상온센터,1728.0,110.0,36.0,84.0,130.0,86.0,18.0,52.0,14.0,0.0,24.0,0.0,0.0,0.0,336.0,79,801.0,1018.0,2000.0,매크로,비스킷류,크래커
133108,매크로)키도크리미버터샌드90g,20251224,30,2,20083,김제상온센터,1056.0,62.0,30.0,58.0,58.0,40.0,36.0,40.0,10.0,0.0,6.0,0.0,0.0,0.0,186.0,46,582.0,1018.0,2000.0,매크로,비스킷류,크래커
133108,매크로)키도크리미버터샌드90g,20251224,30,2,20084,천안상온센터,1296.0,104.0,24.0,34.0,144.0,54.0,40.0,22.0,16.0,18.0,48.0,18.0,0.0,0.0,256.0,65,651.0,1018.0,2000.0,매크로,비스킷류,크래커
133108,매크로)키도크리미버터샌드90g,20251224,30,2,20085,인천B상온센터,2064.0,168.0,36.0,68.0,252.0,62.0,124.0,60.0,32.0,0.0,16.0,14.0,0.0,0.0,418.0,103,868.0,1018.0,2000.0,매크로,비스킷류,크래커
133109,매크로)키도레몬버터샌드90g,20251224,30,2,20006,성남센터,2160.0,116.0,36.0,62.0,258.0,154.0,38.0,60.0,54.0,14.0,24.0,18.0,0.0,0.0,510.0,108,756.0,1018.0,2000.0,매크로,비스킷류,크래커
133109,매크로)키도레몬버터샌드90g,20251224,30,2,20007,대구센터,2064.0,186.0,54.0,170.0,182.0,130.0,72.0,60.0,34.0,24.0,24.0,28.0,0.0,0.0,536.0,129,928.0,1018.0,2000.0,매크로,비스킷류,크래커
133109,매크로)키도레몬버터샌드90g,20251224,30,2,20010,양주센터,2592.0,158.0,76.0,246.0,278.0,140.0,74.0,66.0,42.0,24.0,36.0,6.0,0.0,0.0,740.0,153,1053.0,1018.0,2000.0,매크로,비스킷류,크래커
133109,매크로)키도레몬버터샌드90g,20251224,30,2,20017,울산상온센터(K7),1248.0,132.0,42.0,106.0,66.0,50.0,38.0,34.0,24.0,18.0,6.0,6.0,0.0,0.0,264.0,70,660.0,1018.0,2000.0,매크로,비스킷류,크래커
133109,매크로)키도레몬버터샌드90g,20251224,30,2,20033,제주상온센터,528.0,62.0,12.0,30.0,48.0,56.0,6.0,0.0,6.0,0.0,0.0,6.0,0.0,0.0,146.0,36,293.0,1018.0,2000.0,매크로,비스킷류,크래커
133109,매크로)키도레몬버터샌드90g,20251224,30,2,20034,구성상온센터,2688.0,146.0,26.0,80.0,312.0,114.0,100.0,48.0,36.0,18.0,30.0,12.0,0.0,0.0,532.0,119,948.0,1018.0,2000.0,매크로,비스킷류,크래커
133109,매크로)키도레몬버터샌드90g,20251224,30,2,20050,세종상온센터,1872.0,150.0,36.0,162.0,182.0,108.0,38.0,44.0,28.0,6.0,2.0,6.0,0.0,0.0,488.0,117,926.0,1018.0,2000.0,매크로,비스킷류,크래커
133109,매크로)키도레몬버터샌드90g,20251224,30,2,20065,원주상온센터(K7),1584.0,90.0,42.0,40.0,128.0,48.0,26.0,14.0,32.0,12.0,14.0,16.0,0.0,0.0,258.0,64,747.0,1018.0,2000.0,매크로,비스킷류,크래커
133109,매크로)키도레몬버터샌드90g,20251224,30,2,20075,인천상온센터,1968.0,194.0,56.0,56.0,210.0,76.0,92.0,62.0,28.0,16.0,2.0,6.0,0.0,0.0,398.0,107,897.0,1018.0,2000.0,매크로,비스킷류,크래커
133109,매크로)키도레몬버터샌드90g,20251224,30,2,20079,A광주상온센터,1248.0,64.0,12.0,114.0,80.0,66.0,24.0,54.0,8.0,6.0,18.0,0.0,0.0,0.0,272.0,62,680.0,1018.0,2000.0,매크로,비스킷류,크래커
133109,매크로)키도레몬버터샌드90g,20251224,30,2,20080,A의왕상온센터,1488.0,132.0,42.0,68.0,298.0,134.0,66.0,56.0,36.0,12.0,12.0,8.0,0.0,0.0,542.0,121,726.0,1018.0,2000.0,매크로,비스킷류,크래커
133109,매크로)키도레몬버터샌드90g,20251224,30,2,20081,A양산상온센터,1680.0,108.0,30.0,78.0,112.0,80.0,24.0,52.0,14.0,0.0,24.0,0.0,0.0,0.0,300.0,72,801.0,1018.0,2000.0,매크로,비스킷류,크래커
133109,매크로)키도레몬버터샌드90g,20251224,30,2,20083,김제상온센터,1008.0,64.0,30.0,58.0,64.0,46.0,42.0,40.0,10.0,0.0,0.0,0.0,0.0,0.0,198.0,47,582.0,1018.0,2000.0,매크로,비스킷류,크래커
133109,매크로)키도레몬버터샌드90g,20251224,30,2,20084,천안상온센터,1200.0,104.0,24.0,34.0,138.0,54.0,40.0,22.0,16.0,12.0,48.0,24.0,0.0,0.0,250.0,64,651.0,1018.0,2000.0,매크로,비스킷류,크래커
133109,매크로)키도레몬버터샌드90g,20251224,30,2,20085,인천B상온센터,1968.0,168.0,36.0,68.0,252.0,62.0,138.0,56.0,32.0,0.0,16.0,12.0,0.0,0.0,418.0,103,868.0,1018.0,2000.0,매크로,비스킷류,크래커
133119,오리온)마라뿌린치킨팝60g,20251224,30,16,20006,성남센터,8208.0,0.0,0.0,128.0,784.0,256.0,144.0,80.0,48.0,32.0,16.0,0.0,0.0,0.0,1168.0,74,756.0,754.0,1300.0,오리온,스낵류,일반스낵
133119,오리온)마라뿌린치킨팝60g,20251224,30,16,20007,대구센터,7952.0,0.0,32.0,416.0,480.0,320.0,224.0,80.0,64.0,16.0,64.0,48.0,0.0,0.0,1248.0,82,928.0,754.0,1300.0,오리온,스낵류,일반스낵
133119,오리온)마라뿌린치킨팝60g,20251224,30,16,20010,양주센터,9856.0,0.0,96.0,336.0,400.0,192.0,192.0,144.0,0.0,80.0,48.0,16.0,0.0,0.0,1024.0,66,1053.0,754.0,1300.0,오리온,스낵류,일반스낵
133119,오리온)마라뿌린치킨팝60g,20251224,30,16,20017,울산상온센터(K7),4656.0,0.0,32.0,304.0,128.0,192.0,96.0,32.0,32.0,48.0,32.0,16.0,0.0,0.0,656.0,43,660.0,754.0,1300.0,오리온,스낵류,일반스낵
133119,오리온)마라뿌린치킨팝60g,20251224,30,16,20033,제주상온센터,1872.0,0.0,0.0,0.0,176.0,32.0,16.0,0.0,16.0,32.0,0.0,16.0,0.0,0.0,208.0,13,293.0,754.0,1300.0,오리온,스낵류,일반스낵
133119,오리온)마라뿌린치킨팝60g,20251224,30,16,20034,구성상온센터,10320.0,0.0,0.0,112.0,800.0,352.0,272.0,80.0,48.0,80.0,48.0,64.0,16.0,0.0,1264.0,83,948.0,754.0,1300.0,오리온,스낵류,일반스낵
133119,오리온)마라뿌린치킨팝60g,20251224,30,16,20050,세종상온센터,7184.0,0.0,32.0,272.0,464.0,192.0,80.0,96.0,80.0,16.0,16.0,0.0,0.0,0.0,960.0,62,926.0,754.0,1300.0,오리온,스낵류,일반스낵
133119,오리온)마라뿌린치킨팝60g,20251224,30,16,20065,원주상온센터(K7),5984.0,0.0,0.0,48.0,272.0,160.0,112.0,16.0,64.0,16.0,32.0,32.0,0.0,0.0,480.0,31,747.0,754.0,1300.0,오리온,스낵류,일반스낵
133119,오리온)마라뿌린치킨팝60g,20251224,30,16,20075,인천상온센터,7472.0,0.0,0.0,80.0,432.0,144.0,192.0,144.0,48.0,0.0,16.0,80.0,0.0,0.0,656.0,41,897.0,754.0,1300.0,오리온,스낵류,일반스낵
133119,오리온)마라뿌린치킨팝60g,20251224,30,16,20079,A광주상온센터,4736.0,0.0,32.0,176.0,144.0,192.0,16.0,112.0,16.0,16.0,48.0,0.0,0.0,0.0,544.0,37,680.0,754.0,1300.0,오리온,스낵류,일반스낵
133119,오리온)마라뿌린치킨팝60g,20251224,30,16,20080,A의왕상온센터,5712.0,0.0,0.0,80.0,736.0,336.0,288.0,96.0,32.0,16.0,16.0,16.0,0.0,0.0,1152.0,73,726.0,754.0,1300.0,오리온,스낵류,일반스낵
133119,오리온)마라뿌린치킨팝60g,20251224,30,16,20081,A양산상온센터,6336.0,0.0,0.0,192.0,320.0,160.0,128.0,64.0,48.0,0.0,32.0,16.0,0.0,0.0,672.0,45,801.0,754.0,1300.0,오리온,스낵류,일반스낵
133119,오리온)마라뿌린치킨팝60g,20251224,30,16,20083,김제상온센터,3824.0,0.0,16.0,160.0,224.0,128.0,144.0,64.0,16.0,0.0,0.0,0.0,0.0,0.0,528.0,34,582.0,754.0,1300.0,오리온,스낵류,일반스낵
133119,오리온)마라뿌린치킨팝60g,20251224,30,16,20084,천안상온센터,4608.0,0.0,0.0,64.0,208.0,112.0,112.0,0.0,0.0,16.0,64.0,48.0,0.0,0.0,384.0,25,651.0,754.0,1300.0,오리온,스낵류,일반스낵
133119,오리온)마라뿌린치킨팝60g,20251224,30,16,20085,인천B상온센터,7568.0,0.0,0.0,48.0,560.0,128.0,240.0,176.0,16.0,64.0,16.0,16.0,0.0,0.0,736.0,47,868.0,754.0,1300.0,오리온,스낵류,일반스낵
133120,크라운)죠리퐁165g,20251224,20,12,20006,성남센터,1464.0,0.0,0.0,48.0,240.0,132.0,48.0,24.0,24.0,12.0,24.0,12.0,0.0,0.0,420.0,38,756.0,1636.0,3000.0,크라운,스낵류,일반스낵
133120,크라운)죠리퐁165g,20251224,20,12,20007,대구센터,1416.0,0.0,0.0,84.0,192.0,84.0,72.0,24.0,24.0,12.0,12.0,0.0,0.0,0.0,360.0,35,928.0,1636.0,3000.0,크라운,스낵류,일반스낵
133120,크라운)죠리퐁165g,20251224,20,12,20010,양주센터,1752.0,0.0,60.0,156.0,252.0,108.0,180.0,48.0,0.0,24.0,36.0,0.0,0.0,0.0,576.0,54,1053.0,1636.0,3000.0,크라운,스낵류,일반스낵
133120,크라운)죠리퐁165g,20251224,20,12,20017,울산상온센터(K7),828.0,0.0,0.0,108.0,36.0,24.0,24.0,24.0,0.0,36.0,0.0,0.0,0.0,0.0,168.0,17,660.0,1636.0,3000.0,크라운,스낵류,일반스낵
133120,크라운)죠리퐁165g,20251224,20,12,20033,제주상온센터,336.0,0.0,0.0,0.0,24.0,24.0,12.0,0.0,12.0,0.0,24.0,0.0,0.0,0.0,48.0,5,293.0,1636.0,3000.0,크라운,스낵류,일반스낵
133120,크라운)죠리퐁165g,20251224,20,12,20034,구성상온센터,1836.0,0.0,0.0,48.0,216.0,132.0,96.0,24.0,12.0,24.0,24.0,0.0,0.0,0.0,396.0,39,948.0,1636.0,3000.0,크라운,스낵류,일반스낵
133120,크라운)죠리퐁165g,20251224,20,12,20050,세종상온센터,1284.0,0.0,12.0,84.0,180.0,72.0,72.0,48.0,24.0,24.0,12.0,0.0,0.0,0.0,348.0,35,926.0,1636.0,3000.0,크라운,스낵류,일반스낵
133120,크라운)죠리퐁165g,20251224,20,12,20065,원주상온센터(K7),1068.0,0.0,0.0,36.0,96.0,48.0,60.0,12.0,48.0,0.0,0.0,0.0,0.0,0.0,180.0,17,747.0,1636.0,3000.0,크라운,스낵류,일반스낵
133120,크라운)죠리퐁165g,20251224,20,12,20075,인천상온센터,1332.0,0.0,0.0,24.0,192.0,60.0,60.0,36.0,12.0,0.0,24.0,0.0,0.0,0.0,276.0,29,897.0,1636.0,3000.0,크라운,스낵류,일반스낵
133120,크라운)죠리퐁165g,20251224,20,12,20079,A광주상온센터,840.0,0.0,12.0,108.0,84.0,72.0,36.0,36.0,0.0,36.0,12.0,12.0,0.0,0.0,276.0,25,680.0,1636.0,3000.0,크라운,스낵류,일반스낵
133120,크라운)죠리퐁165g,20251224,20,12,20080,A의왕상온센터,1020.0,0.0,0.0,24.0,192.0,120.0,60.0,60.0,12.0,0.0,24.0,12.0,0.0,0.0,336.0,31,726.0,1636.0,3000.0,크라운,스낵류,일반스낵
133120,크라운)죠리퐁165g,20251224,20,12,20081,A양산상온센터,1128.0,0.0,0.0,84.0,108.0,36.0,72.0,0.0,0.0,0.0,24.0,0.0,0.0,0.0,228.0,22,801.0,1636.0,3000.0,크라운,스낵류,일반스낵
133120,크라운)죠리퐁165g,20251224,20,12,20083,김제상온센터,684.0,0.0,0.0,60.0,12.0,96.0,48.0,24.0,12.0,0.0,12.0,0.0,0.0,0.0,168.0,14,582.0,1636.0,3000.0,크라운,스낵류,일반스낵
133120,크라운)죠리퐁165g,20251224,20,12,20084,천안상온센터,816.0,0.0,0.0,0.0,72.0,108.0,72.0,12.0,12.0,0.0,36.0,12.0,0.0,0.0,180.0,21,651.0,1636.0,3000.0,크라운,스낵류,일반스낵
133120,크라운)죠리퐁165g,20251224,20,12,20085,인천B상온센터,1344.0,0.0,0.0,24.0,228.0,84.0,96.0,48.0,24.0,0.0,0.0,0.0,0.0,0.0,336.0,31,868.0,1636.0,3000.0,크라운,스낵류,일반스낵
133557,나무)판다젤리캔디스틱60g,20251224,20,7,20006,성남센터,1120.0,0.0,0.0,35.0,182.0,91.0,42.0,56.0,21.0,14.0,14.0,7.0,0.0,0.0,308.0,42,756.0,1250.0,2500.0,나무,젤리류,수입젤리
133557,나무)판다젤리캔디스틱60g,20251224,20,7,20007,대구센터,1120.0,0.0,7.0,126.0,112.0,70.0,42.0,35.0,21.0,7.0,21.0,0.0,0.0,0.0,315.0,47,928.0,1250.0,2500.0,나무,젤리류,수입젤리
133557,나무)판다젤리캔디스틱60g,20251224,20,7,20010,양주센터,1344.0,0.0,28.0,126.0,217.0,77.0,63.0,28.0,14.0,0.0,14.0,0.0,0.0,0.0,448.0,65,1053.0,1250.0,2500.0,나무,젤리류,수입젤리
133557,나무)판다젤리캔디스틱60g,20251224,20,7,20017,울산상온센터(K7),672.0,0.0,21.0,70.0,70.0,35.0,14.0,7.0,21.0,21.0,7.0,0.0,0.0,0.0,196.0,31,660.0,1250.0,2500.0,나무,젤리류,수입젤리
133557,나무)판다젤리캔디스틱60g,20251224,20,7,20033,제주상온센터,280.0,0.0,0.0,14.0,70.0,35.0,0.0,7.0,21.0,14.0,0.0,0.0,0.0,0.0,119.0,17,293.0,1250.0,2500.0,나무,젤리류,수입젤리
133557,나무)판다젤리캔디스틱60g,20251224,20,7,20034,구성상온센터,1400.0,0.0,0.0,14.0,217.0,98.0,56.0,21.0,14.0,0.0,14.0,7.0,0.0,0.0,329.0,49,948.0,1250.0,2500.0,나무,젤리류,수입젤리
133557,나무)판다젤리캔디스틱60g,20251224,20,7,20050,세종상온센터,1008.0,0.0,21.0,63.0,182.0,63.0,28.0,42.0,21.0,7.0,7.0,0.0,0.0,0.0,329.0,51,926.0,1250.0,2500.0,나무,젤리류,수입젤리
133557,나무)판다젤리캔디스틱60g,20251224,20,7,20065,원주상온센터(K7),840.0,0.0,0.0,35.0,126.0,70.0,56.0,21.0,14.0,7.0,42.0,14.0,0.0,0.0,231.0,33,747.0,1250.0,2500.0,나무,젤리류,수입젤리
133557,나무)판다젤리캔디스틱60g,20251224,20,7,20075,인천상온센터,1064.0,0.0,0.0,42.0,168.0,77.0,56.0,35.0,14.0,7.0,0.0,7.0,0.0,0.0,287.0,41,897.0,1250.0,2500.0,나무,젤리류,수입젤리
133557,나무)판다젤리캔디스틱60g,20251224,20,7,20079,A광주상온센터,672.0,0.0,21.0,119.0,70.0,91.0,7.0,35.0,14.0,0.0,0.0,7.0,0.0,0.0,301.0,43,680.0,1250.0,2500.0,나무,젤리류,수입젤리
133557,나무)판다젤리캔디스틱60g,20251224,20,7,20080,A의왕상온센터,784.0,0.0,0.0,28.0,189.0,112.0,98.0,14.0,14.0,7.0,14.0,7.0,0.0,0.0,329.0,48,726.0,1250.0,2500.0,나무,젤리류,수입젤리
133557,나무)판다젤리캔디스틱60g,20251224,20,7,20081,A양산상온센터,896.0,0.0,7.0,77.0,119.0,70.0,28.0,21.0,0.0,14.0,28.0,7.0,0.0,0.0,273.0,40,801.0,1250.0,2500.0,나무,젤리류,수입젤리
133557,나무)판다젤리캔디스틱60g,20251224,20,7,20083,김제상온센터,560.0,0.0,7.0,56.0,63.0,49.0,35.0,21.0,7.0,0.0,0.0,0.0,0.0,0.0,175.0,25,582.0,1250.0,2500.0,나무,젤리류,수입젤리
133557,나무)판다젤리캔디스틱60g,20251224,20,7,20084,천안상온센터,672.0,0.0,0.0,0.0,49.0,42.0,28.0,21.0,7.0,7.0,21.0,21.0,0.0,0.0,91.0,13,651.0,1250.0,2500.0,나무,젤리류,수입젤리
133557,나무)판다젤리캔디스틱60g,20251224,20,7,20085,인천B상온센터,1064.0,0.0,0.0,28.0,203.0,28.0,77.0,56.0,7.0,21.0,0.0,0.0,0.0,0.0,259.0,38,868.0,1250.0,2500.0,나무,젤리류,수입젤리
133558,에이스)에그롤에그맛20g,20251231,20,12,20006,성남센터,2880.0,276.0,60.0,72.0,312.0,228.0,144.0,60.0,36.0,24.0,12.0,0.0,0.0,0.0,672.0,84,756.0,450.0,900.0,에이스,비스킷류,쿠키
133558,에이스)에그롤에그맛20g,20251231,20,12,20007,대구센터,2880.0,144.0,48.0,108.0,204.0,168.0,60.0,84.0,36.0,0.0,0.0,0.0,0.0,0.0,528.0,59,927.0,450.0,900.0,에이스,비스킷류,쿠키
133558,에이스)에그롤에그맛20g,20251231,20,12,20010,양주센터,3456.0,120.0,60.0,48.0,228.0,84.0,36.0,24.0,36.0,24.0,36.0,24.0,0.0,0.0,420.0,46,1052.0,450.0,900.0,에이스,비스킷류,쿠키
133558,에이스)에그롤에그맛20g,20251231,20,12,20017,울산상온센터(K7),1728.0,132.0,24.0,24.0,60.0,96.0,0.0,12.0,24.0,0.0,12.0,0.0,0.0,0.0,204.0,30,658.0,450.0,900.0,에이스,비스킷류,쿠키
133558,에이스)에그롤에그맛20g,20251231,20,12,20033,제주상온센터,768.0,108.0,12.0,12.0,24.0,60.0,12.0,12.0,0.0,0.0,0.0,12.0,0.0,0.0,108.0,22,293.0,450.0,900.0,에이스,비스킷류,쿠키
133558,에이스)에그롤에그맛20g,20251231,20,12,20034,구성상온센터,3648.0,180.0,96.0,132.0,432.0,120.0,204.0,12.0,24.0,24.0,36.0,0.0,0.0,0.0,780.0,86,947.0,450.0,900.0,에이스,비스킷류,쿠키
133558,에이스)에그롤에그맛20g,20251231,20,12,20050,세종상온센터,2496.0,84.0,60.0,36.0,216.0,48.0,48.0,0.0,24.0,0.0,0.0,24.0,0.0,0.0,360.0,39,925.0,450.0,900.0,에이스,비스킷류,쿠키
133558,에이스)에그롤에그맛20g,20251231,20,12,20065,원주상온센터(K7),2112.0,72.0,48.0,96.0,228.0,36.0,60.0,24.0,0.0,0.0,36.0,0.0,0.0,0.0,408.0,41,746.0,450.0,900.0,에이스,비스킷류,쿠키
133558,에이스)에그롤에그맛20g,20251231,20,12,20075,인천상온센터,2688.0,180.0,36.0,132.0,312.0,144.0,48.0,36.0,24.0,12.0,12.0,12.0,0.0,0.0,624.0,72,897.0,450.0,900.0,에이스,비스킷류,쿠키
133558,에이스)에그롤에그맛20g,20251231,20,12,20079,A광주상온센터,1728.0,48.0,12.0,24.0,132.0,36.0,48.0,48.0,0.0,12.0,0.0,0.0,0.0,0.0,204.0,22,680.0,450.0,900.0,에이스,비스킷류,쿠키
133558,에이스)에그롤에그맛20g,20251231,20,12,20080,A의왕상온센터,2112.0,192.0,60.0,84.0,504.0,204.0,84.0,24.0,60.0,12.0,72.0,36.0,0.0,0.0,852.0,89,725.0,450.0,900.0,에이스,비스킷류,쿠키
133558,에이스)에그롤에그맛20g,20251231,20,12,20081,A양산상온센터,2304.0,120.0,60.0,36.0,168.0,48.0,36.0,12.0,0.0,12.0,0.0,0.0,0.0,0.0,312.0,37,801.0,450.0,900.0,에이스,비스킷류,쿠키
133558,에이스)에그롤에그맛20g,20251231,20,12,20083,김제상온센터,1344.0,60.0,0.0,12.0,108.0,108.0,0.0,0.0,0.0,24.0,0.0,12.0,12.0,0.0,228.0,26,583.0,450.0,900.0,에이스,비스킷류,쿠키
133558,에이스)에그롤에그맛20g,20251231,20,12,20084,천안상온센터,1728.0,120.0,96.0,60.0,192.0,108.0,36.0,24.0,24.0,12.0,0.0,24.0,0.0,0.0,456.0,52,651.0,450.0,900.0,에이스,비스킷류,쿠키
133558,에이스)에그롤에그맛20g,20251231,20,12,20085,인천B상온센터,2688.0,168.0,96.0,60.0,288.0,108.0,132.0,48.0,0.0,0.0,0.0,12.0,0.0,0.0,552.0,65,869.0,450.0,900.0,에이스,비스킷류,쿠키
133559,에이스)에그롤치즈맛20g,20251231,20,12,20006,성남센터,2688.0,264.0,60.0,60.0,276.0,228.0,120.0,60.0,36.0,12.0,12.0,0.0,0.0,0.0,624.0,77,756.0,450.0,900.0,에이스,비스킷류,쿠키
133559,에이스)에그롤치즈맛20g,20251231,20,12,20007,대구센터,2688.0,132.0,60.0,120.0,192.0,132.0,60.0,84.0,36.0,0.0,0.0,0.0,0.0,0.0,504.0,55,927.0,450.0,900.0,에이스,비스킷류,쿠키
133559,에이스)에그롤치즈맛20g,20251231,20,12,20010,양주센터,3264.0,108.0,60.0,48.0,204.0,60.0,36.0,36.0,48.0,24.0,24.0,24.0,0.0,0.0,372.0,40,1052.0,450.0,900.0,에이스,비스킷류,쿠키
133559,에이스)에그롤치즈맛20g,20251231,20,12,20017,울산상온센터(K7),1536.0,120.0,24.0,36.0,24.0,96.0,0.0,12.0,24.0,0.0,0.0,0.0,0.0,0.0,180.0,26,658.0,450.0,900.0,에이스,비스킷류,쿠키
133559,에이스)에그롤치즈맛20g,20251231,20,12,20033,제주상온센터,768.0,96.0,12.0,12.0,12.0,60.0,0.0,12.0,0.0,0.0,0.0,24.0,0.0,0.0,96.0,18,293.0,450.0,900.0,에이스,비스킷류,쿠키
133559,에이스)에그롤치즈맛20g,20251231,20,12,20034,구성상온센터,3456.0,192.0,120.0,108.0,408.0,120.0,168.0,12.0,36.0,36.0,36.0,0.0,0.0,0.0,756.0,82,947.0,450.0,900.0,에이스,비스킷류,쿠키
133559,에이스)에그롤치즈맛20g,20251231,20,12,20050,세종상온센터,2496.0,96.0,60.0,36.0,192.0,60.0,48.0,0.0,24.0,0.0,0.0,24.0,0.0,0.0,348.0,38,925.0,450.0,900.0,에이스,비스킷류,쿠키
133559,에이스)에그롤치즈맛20g,20251231,20,12,20065,원주상온센터(K7),2112.0,48.0,36.0,72.0,240.0,36.0,60.0,12.0,0.0,0.0,24.0,0.0,0.0,0.0,384.0,35,746.0,450.0,900.0,에이스,비스킷류,쿠키
133559,에이스)에그롤치즈맛20g,20251231,20,12,20075,인천상온센터,2496.0,192.0,36.0,132.0,288.0,144.0,36.0,36.0,24.0,12.0,24.0,12.0,0.0,0.0,600.0,71,897.0,450.0,900.0,에이스,비스킷류,쿠키
133559,에이스)에그롤치즈맛20g,20251231,20,12,20079,A광주상온센터,1728.0,48.0,12.0,12.0,132.0,48.0,48.0,36.0,0.0,0.0,0.0,0.0,0.0,0.0,204.0,23,680.0,450.0,900.0,에이스,비스킷류,쿠키
133559,에이스)에그롤치즈맛20g,20251231,20,12,20080,A의왕상온센터,1920.0,192.0,60.0,108.0,444.0,216.0,84.0,36.0,48.0,12.0,72.0,36.0,0.0,0.0,828.0,89,725.0,450.0,900.0,에이스,비스킷류,쿠키
133559,에이스)에그롤치즈맛20g,20251231,20,12,20081,A양산상온센터,2112.0,132.0,72.0,12.0,144.0,48.0,24.0,24.0,0.0,0.0,0.0,0.0,0.0,0.0,276.0,37,801.0,450.0,900.0,에이스,비스킷류,쿠키
133559,에이스)에그롤치즈맛20g,20251231,20,12,20083,김제상온센터,1344.0,48.0,0.0,12.0,96.0,120.0,0.0,0.0,0.0,0.0,12.0,12.0,12.0,0.0,228.0,24,583.0,450.0,900.0,에이스,비스킷류,쿠키
133559,에이스)에그롤치즈맛20g,20251231,20,12,20084,천안상온센터,1536.0,120.0,108.0,60.0,192.0,96.0,24.0,24.0,12.0,12.0,0.0,12.0,0.0,0.0,456.0,50,651.0,450.0,900.0,에이스,비스킷류,쿠키
133559,에이스)에그롤치즈맛20g,20251231,20,12,20085,인천B상온센터,2496.0,168.0,108.0,48.0,288.0,108.0,120.0,48.0,0.0,0.0,0.0,0.0,0.0,0.0,552.0,64,869.0,450.0,900.0,에이스,비스킷류,쿠키
133560,고운벗)복주머니골든초콜릿30g,20251231,30,10,20006,성남센터,1680.0,20.0,30.0,90.0,140.0,70.0,70.0,30.0,40.0,40.0,10.0,0.0,0.0,0.0,330.0,38,756.0,1500.0,3000.0,고운벗,초콜릿,봉지초콜릿
133560,고운벗)복주머니골든초콜릿30g,20251231,30,10,20007,대구센터,1680.0,0.0,20.0,20.0,90.0,60.0,50.0,80.0,10.0,0.0,10.0,0.0,0.0,0.0,190.0,19,927.0,1500.0,3000.0,고운벗,초콜릿,봉지초콜릿
133560,고운벗)복주머니골든초콜릿30g,20251231,30,10,20010,양주센터,2040.0,40.0,50.0,50.0,190.0,50.0,20.0,0.0,20.0,60.0,10.0,10.0,0.0,0.0,340.0,38,1052.0,1500.0,3000.0,고운벗,초콜릿,봉지초콜릿
133560,고운벗)복주머니골든초콜릿30g,20251231,30,10,20017,울산상온센터(K7),960.0,10.0,50.0,20.0,30.0,30.0,0.0,0.0,20.0,0.0,20.0,10.0,0.0,0.0,130.0,14,658.0,1500.0,3000.0,고운벗,초콜릿,봉지초콜릿
133560,고운벗)복주머니골든초콜릿30g,20251231,30,10,20033,제주상온센터,480.0,0.0,20.0,20.0,20.0,30.0,0.0,0.0,10.0,0.0,0.0,10.0,0.0,0.0,90.0,10,293.0,1500.0,3000.0,고운벗,초콜릿,봉지초콜릿
133560,고운벗)복주머니골든초콜릿30g,20251231,30,10,20034,구성상온센터,2160.0,70.0,100.0,80.0,130.0,80.0,100.0,20.0,20.0,0.0,0.0,0.0,0.0,0.0,390.0,48,947.0,1500.0,3000.0,고운벗,초콜릿,봉지초콜릿
133560,고운벗)복주머니골든초콜릿30g,20251231,30,10,20050,세종상온센터,1560.0,40.0,60.0,20.0,80.0,50.0,30.0,10.0,0.0,10.0,0.0,20.0,0.0,0.0,210.0,26,925.0,1500.0,3000.0,고운벗,초콜릿,봉지초콜릿
133560,고운벗)복주머니골든초콜릿30g,20251231,30,10,20065,원주상온센터(K7),1320.0,50.0,50.0,90.0,260.0,40.0,110.0,30.0,10.0,0.0,10.0,10.0,0.0,0.0,440.0,47,746.0,1500.0,3000.0,고운벗,초콜릿,봉지초콜릿
133560,고운벗)복주머니골든초콜릿30g,20251231,30,10,20075,인천상온센터,1560.0,80.0,20.0,90.0,270.0,130.0,70.0,30.0,10.0,30.0,10.0,20.0,0.0,0.0,510.0,58,897.0,1500.0,3000.0,고운벗,초콜릿,봉지초콜릿
133560,고운벗)복주머니골든초콜릿30g,20251231,30,10,20079,A광주상온센터,1080.0,10.0,20.0,0.0,110.0,20.0,30.0,30.0,10.0,10.0,0.0,10.0,0.0,0.0,150.0,15,680.0,1500.0,3000.0,고운벗,초콜릿,봉지초콜릿
133560,고운벗)복주머니골든초콜릿30g,20251231,30,10,20080,A의왕상온센터,1200.0,30.0,40.0,40.0,300.0,100.0,60.0,30.0,20.0,20.0,60.0,0.0,0.0,0.0,480.0,52,725.0,1500.0,3000.0,고운벗,초콜릿,봉지초콜릿
133560,고운벗)복주머니골든초콜릿30g,20251231,30,10,20081,A양산상온센터,1320.0,0.0,30.0,20.0,150.0,30.0,30.0,0.0,10.0,10.0,10.0,0.0,0.0,0.0,230.0,25,801.0,1500.0,3000.0,고운벗,초콜릿,봉지초콜릿
133560,고운벗)복주머니골든초콜릿30g,20251231,30,10,20083,김제상온센터,840.0,20.0,10.0,20.0,40.0,60.0,20.0,0.0,10.0,20.0,10.0,0.0,10.0,0.0,130.0,15,583.0,1500.0,3000.0,고운벗,초콜릿,봉지초콜릿
133560,고운벗)복주머니골든초콜릿30g,20251231,30,10,20084,천안상온센터,960.0,20.0,60.0,50.0,90.0,110.0,20.0,30.0,30.0,10.0,20.0,30.0,0.0,0.0,310.0,32,651.0,1500.0,3000.0,고운벗,초콜릿,봉지초콜릿
133560,고운벗)복주머니골든초콜릿30g,20251231,30,10,20085,인천B상온센터,1560.0,50.0,50.0,70.0,160.0,80.0,90.0,20.0,20.0,0.0,10.0,10.0,0.0,0.0,360.0,43,869.0,1500.0,3000.0,고운벗,초콜릿,봉지초콜릿
133579,해태)연양갱인절미호두맛55g,20251231,40,20,20006,성남센터,12320.0,500.0,140.0,180.0,720.0,360.0,260.0,120.0,80.0,40.0,40.0,0.0,0.0,0.0,1400.0,97,756.0,564.0,1000.0,해태,캔디류,소프트캔디
133579,해태)연양갱인절미호두맛55g,20251231,40,20,20007,대구센터,11920.0,120.0,100.0,140.0,320.0,340.0,220.0,160.0,80.0,40.0,0.0,0.0,0.0,0.0,900.0,54,927.0,564.0,1000.0,해태,캔디류,소프트캔디
133579,해태)연양갱인절미호두맛55g,20251231,40,20,20010,양주센터,14800.0,260.0,40.0,60.0,380.0,220.0,120.0,40.0,80.0,80.0,40.0,20.0,0.0,0.0,700.0,49,1052.0,564.0,1000.0,해태,캔디류,소프트캔디
133579,해태)연양갱인절미호두맛55g,20251231,40,20,20017,울산상온센터(K7),7040.0,160.0,40.0,20.0,120.0,200.0,0.0,40.0,40.0,0.0,20.0,20.0,0.0,0.0,380.0,28,658.0,564.0,1000.0,해태,캔디류,소프트캔디
133579,해태)연양갱인절미호두맛55g,20251231,40,20,20033,제주상온센터,2800.0,80.0,60.0,40.0,120.0,120.0,20.0,0.0,20.0,20.0,0.0,0.0,0.0,0.0,340.0,21,293.0,564.0,1000.0,해태,캔디류,소프트캔디
133579,해태)연양갱인절미호두맛55g,20251231,40,20,20034,구성상온센터,15520.0,300.0,280.0,160.0,860.0,260.0,400.0,100.0,40.0,20.0,60.0,20.0,0.0,0.0,1560.0,95,947.0,564.0,1000.0,해태,캔디류,소프트캔디
133579,해태)연양갱인절미호두맛55g,20251231,40,20,20050,세종상온센터,10800.0,220.0,60.0,80.0,400.0,180.0,40.0,20.0,40.0,0.0,20.0,60.0,0.0,0.0,720.0,50,925.0,564.0,1000.0,해태,캔디류,소프트캔디
133579,해태)연양갱인절미호두맛55g,20251231,40,20,20065,원주상온센터(K7),9040.0,120.0,140.0,100.0,320.0,140.0,140.0,40.0,80.0,0.0,40.0,0.0,0.0,0.0,700.0,43,746.0,564.0,1000.0,해태,캔디류,소프트캔디
133579,해태)연양갱인절미호두맛55g,20251231,40,20,20075,인천상온센터,11200.0,320.0,20.0,220.0,820.0,420.0,140.0,60.0,40.0,40.0,0.0,40.0,0.0,0.0,1480.0,91,897.0,564.0,1000.0,해태,캔디류,소프트캔디
133579,해태)연양갱인절미호두맛55g,20251231,40,20,20079,A광주상온센터,7120.0,100.0,40.0,20.0,260.0,160.0,100.0,20.0,40.0,0.0,20.0,20.0,0.0,0.0,480.0,31,680.0,564.0,1000.0,해태,캔디류,소프트캔디
133579,해태)연양갱인절미호두맛55g,20251231,40,20,20080,A의왕상온센터,8640.0,300.0,120.0,200.0,860.0,460.0,200.0,60.0,60.0,80.0,120.0,0.0,0.0,0.0,1640.0,100,725.0,564.0,1000.0,해태,캔디류,소프트캔디
133579,해태)연양갱인절미호두맛55g,20251231,40,20,20081,A양산상온센터,9520.0,140.0,80.0,40.0,360.0,60.0,80.0,20.0,0.0,20.0,0.0,0.0,0.0,0.0,540.0,35,801.0,564.0,1000.0,해태,캔디류,소프트캔디
133579,해태)연양갱인절미호두맛55g,20251231,40,20,20083,김제상온센터,5760.0,80.0,0.0,20.0,280.0,100.0,80.0,0.0,20.0,40.0,40.0,20.0,20.0,0.0,400.0,24,583.0,564.0,1000.0,해태,캔디류,소프트캔디
133579,해태)연양갱인절미호두맛55g,20251231,40,20,20084,천안상온센터,6960.0,260.0,140.0,80.0,400.0,260.0,60.0,80.0,40.0,40.0,0.0,120.0,0.0,0.0,880.0,57,651.0,564.0,1000.0,해태,캔디류,소프트캔디
133579,해태)연양갱인절미호두맛55g,20251231,40,20,20085,인천B상온센터,11360.0,340.0,140.0,80.0,780.0,260.0,180.0,80.0,80.0,20.0,60.0,20.0,0.0,0.0,1260.0,81,869.0,564.0,1000.0,해태,캔디류,소프트캔디
133622,CJ)바삭팝콘허브솔트55g,20251231,20,12,20006,성남센터,1680.0,0.0,0.0,0.0,120.0,264.0,156.0,84.0,60.0,12.0,24.0,24.0,0.0,0.0,384.0,33,756.0,985.0,1900.0,CJ,스낵류,옥수수스낵
133622,CJ)바삭팝콘허브솔트55g,20251231,20,12,20007,대구센터,1632.0,0.0,0.0,0.0,120.0,168.0,96.0,120.0,24.0,24.0,24.0,0.0,0.0,0.0,288.0,25,927.0,985.0,1900.0,CJ,스낵류,옥수수스낵
133622,CJ)바삭팝콘허브솔트55g,20251231,20,12,20010,양주센터,2016.0,0.0,0.0,0.0,84.0,120.0,24.0,12.0,60.0,24.0,12.0,24.0,0.0,0.0,204.0,17,1052.0,985.0,1900.0,CJ,스낵류,옥수수스낵
133622,CJ)바삭팝콘허브솔트55g,20251231,20,12,20017,울산상온센터(K7),960.0,0.0,0.0,0.0,72.0,72.0,24.0,24.0,12.0,0.0,12.0,36.0,0.0,0.0,144.0,14,658.0,985.0,1900.0,CJ,스낵류,옥수수스낵
133622,CJ)바삭팝콘허브솔트55g,20251231,20,12,20034,구성상온센터,2112.0,0.0,0.0,0.0,156.0,240.0,228.0,48.0,72.0,48.0,36.0,12.0,0.0,0.0,396.0,34,947.0,985.0,1900.0,CJ,스낵류,옥수수스낵
133622,CJ)바삭팝콘허브솔트55g,20251231,20,12,20050,세종상온센터,1476.0,0.0,0.0,0.0,132.0,120.0,84.0,24.0,24.0,0.0,24.0,12.0,0.0,0.0,252.0,23,925.0,985.0,1900.0,CJ,스낵류,옥수수스낵
133622,CJ)바삭팝콘허브솔트55g,20251231,20,12,20065,원주상온센터(K7),1224.0,0.0,0.0,0.0,156.0,96.0,84.0,84.0,24.0,0.0,60.0,12.0,0.0,0.0,252.0,22,746.0,985.0,1900.0,CJ,스낵류,옥수수스낵
133622,CJ)바삭팝콘허브솔트55g,20251231,20,12,20075,인천상온센터,1536.0,0.0,0.0,0.0,144.0,288.0,144.0,72.0,60.0,24.0,24.0,24.0,0.0,0.0,432.0,39,897.0,985.0,1900.0,CJ,스낵류,옥수수스낵
133622,CJ)바삭팝콘허브솔트55g,20251231,20,12,20079,A광주상온센터,972.0,0.0,0.0,0.0,48.0,72.0,72.0,24.0,24.0,0.0,0.0,12.0,0.0,0.0,120.0,10,680.0,985.0,1900.0,CJ,스낵류,옥수수스낵
133622,CJ)바삭팝콘허브솔트55g,20251231,20,12,20080,A의왕상온센터,1176.0,0.0,0.0,0.0,168.0,252.0,120.0,36.0,24.0,36.0,72.0,0.0,0.0,0.0,420.0,37,725.0,985.0,1900.0,CJ,스낵류,옥수수스낵
133622,CJ)바삭팝콘허브솔트55g,20251231,20,12,20081,A양산상온센터,1296.0,0.0,0.0,0.0,84.0,48.0,48.0,48.0,48.0,36.0,0.0,0.0,0.0,0.0,132.0,13,801.0,985.0,1900.0,CJ,스낵류,옥수수스낵
133622,CJ)바삭팝콘허브솔트55g,20251231,20,12,20083,김제상온센터,792.0,0.0,0.0,0.0,36.0,108.0,36.0,0.0,12.0,24.0,12.0,12.0,12.0,0.0,144.0,12,583.0,985.0,1900.0,CJ,스낵류,옥수수스낵
133622,CJ)바삭팝콘허브솔트55g,20251231,20,12,20084,천안상온센터,948.0,0.0,0.0,0.0,108.0,216.0,96.0,12.0,12.0,36.0,12.0,36.0,0.0,0.0,324.0,28,651.0,985.0,1900.0,CJ,스낵류,옥수수스낵
133622,CJ)바삭팝콘허브솔트55g,20251231,20,12,20085,인천B상온센터,1548.0,0.0,0.0,0.0,156.0,204.0,144.0,60.0,36.0,0.0,24.0,12.0,0.0,0.0,360.0,37,869.0,985.0,1900.0,CJ,스낵류,옥수수스낵
133623,CJ)바삭팝콘스팸맛55g,20251231,20,12,20006,성남센터,1572.0,0.0,0.0,0.0,108.0,288.0,156.0,60.0,60.0,24.0,24.0,24.0,0.0,0.0,396.0,34,756.0,985.0,1900.0,CJ,스낵류,옥수수스낵
133623,CJ)바삭팝콘스팸맛55g,20251231,20,12,20007,대구센터,1524.0,0.0,0.0,0.0,108.0,180.0,60.0,120.0,48.0,12.0,12.0,0.0,0.0,0.0,288.0,26,927.0,985.0,1900.0,CJ,스낵류,옥수수스낵
133623,CJ)바삭팝콘스팸맛55g,20251231,20,12,20010,양주센터,1884.0,0.0,0.0,0.0,84.0,132.0,24.0,0.0,60.0,12.0,12.0,24.0,0.0,0.0,216.0,20,1052.0,985.0,1900.0,CJ,스낵류,옥수수스낵
133623,CJ)바삭팝콘스팸맛55g,20251231,20,12,20017,울산상온센터(K7),888.0,0.0,0.0,0.0,48.0,108.0,24.0,24.0,12.0,0.0,0.0,24.0,0.0,0.0,156.0,14,658.0,985.0,1900.0,CJ,스낵류,옥수수스낵
133623,CJ)바삭팝콘스팸맛55g,20251231,20,12,20034,구성상온센터,1968.0,0.0,0.0,0.0,156.0,192.0,204.0,60.0,84.0,48.0,36.0,12.0,0.0,0.0,348.0,30,947.0,985.0,1900.0,CJ,스낵류,옥수수스낵
133623,CJ)바삭팝콘스팸맛55g,20251231,20,12,20050,세종상온센터,1380.0,0.0,0.0,0.0,84.0,108.0,72.0,12.0,24.0,0.0,24.0,12.0,0.0,0.0,192.0,18,925.0,985.0,1900.0,CJ,스낵류,옥수수스낵
133623,CJ)바삭팝콘스팸맛55g,20251231,20,12,20065,원주상온센터(K7),1152.0,0.0,0.0,0.0,132.0,84.0,84.0,24.0,24.0,0.0,36.0,24.0,0.0,0.0,216.0,18,746.0,985.0,1900.0,CJ,스낵류,옥수수스낵
133623,CJ)바삭팝콘스팸맛55g,20251231,20,12,20075,인천상온센터,1428.0,0.0,0.0,0.0,144.0,228.0,120.0,60.0,48.0,36.0,12.0,24.0,0.0,0.0,372.0,34,897.0,985.0,1900.0,CJ,스낵류,옥수수스낵
133623,CJ)바삭팝콘스팸맛55g,20251231,20,12,20079,A광주상온센터,912.0,0.0,0.0,0.0,24.0,72.0,72.0,12.0,24.0,0.0,0.0,12.0,0.0,0.0,96.0,8,680.0,985.0,1900.0,CJ,스낵류,옥수수스낵
133623,CJ)바삭팝콘스팸맛55g,20251231,20,12,20080,A의왕상온센터,1092.0,0.0,0.0,0.0,180.0,228.0,96.0,48.0,24.0,24.0,72.0,0.0,0.0,0.0,408.0,34,725.0,985.0,1900.0,CJ,스낵류,옥수수스낵
133623,CJ)바삭팝콘스팸맛55g,20251231,20,12,20081,A양산상온센터,1212.0,0.0,0.0,0.0,84.0,48.0,72.0,36.0,60.0,36.0,12.0,0.0,0.0,0.0,132.0,11,801.0,985.0,1900.0,CJ,스낵류,옥수수스낵
133623,CJ)바삭팝콘스팸맛55g,20251231,20,12,20083,김제상온센터,732.0,0.0,0.0,0.0,24.0,120.0,24.0,0.0,0.0,24.0,0.0,12.0,12.0,0.0,144.0,12,583.0,985.0,1900.0,CJ,스낵류,옥수수스낵
133623,CJ)바삭팝콘스팸맛55g,20251231,20,12,20084,천안상온센터,888.0,0.0,0.0,0.0,108.0,216.0,60.0,24.0,12.0,24.0,24.0,36.0,0.0,0.0,324.0,27,651.0,985.0,1900.0,CJ,스낵류,옥수수스낵
133623,CJ)바삭팝콘스팸맛55g,20251231,20,12,20085,인천B상온센터,1452.0,0.0,0.0,0.0,156.0,192.0,132.0,60.0,36.0,0.0,24.0,0.0,0.0,0.0,348.0,31,869.0,985.0,1900.0,CJ,스낵류,옥수수스낵
133624,몽뜨)설곤약마라탕맛30g,20251231,20,20,20006,성남센터,2000.0,0.0,0.0,0.0,200.0,260.0,120.0,60.0,0.0,40.0,40.0,20.0,0.0,0.0,460.0,24,756.0,611.0,1200.0,몽뜨,젤리류,수입젤리
133624,몽뜨)설곤약마라탕맛30g,20251231,20,20,20007,대구센터,2000.0,0.0,0.0,0.0,80.0,80.0,80.0,120.0,120.0,0.0,40.0,0.0,0.0,0.0,160.0,10,927.0,611.0,1200.0,몽뜨,젤리류,수입젤리
133624,몽뜨)설곤약마라탕맛30g,20251231,20,20,20010,양주센터,2400.0,0.0,0.0,0.0,60.0,40.0,40.0,20.0,40.0,20.0,20.0,20.0,0.0,0.0,100.0,5,1052.0,611.0,1200.0,몽뜨,젤리류,수입젤리
133624,몽뜨)설곤약마라탕맛30g,20251231,20,20,20017,울산상온센터(K7),1200.0,0.0,0.0,0.0,60.0,60.0,20.0,0.0,40.0,0.0,0.0,40.0,0.0,0.0,120.0,6,658.0,611.0,1200.0,몽뜨,젤리류,수입젤리
133624,몽뜨)설곤약마라탕맛30g,20251231,20,20,20033,제주상온센터,800.0,0.0,0.0,0.0,20.0,120.0,20.0,0.0,0.0,0.0,0.0,0.0,0.0,0.0,140.0,7,293.0,611.0,1200.0,몽뜨,젤리류,수입젤리
133624,몽뜨)설곤약마라탕맛30g,20251231,20,20,20034,구성상온센터,2400.0,0.0,0.0,0.0,220.0,240.0,260.0,60.0,40.0,40.0,0.0,0.0,0.0,0.0,460.0,23,947.0,611.0,1200.0,몽뜨,젤리류,수입젤리
133624,몽뜨)설곤약마라탕맛30g,20251231,20,20,20050,세종상온센터,2000.0,0.0,0.0,0.0,100.0,100.0,0.0,40.0,40.0,20.0,0.0,20.0,0.0,0.0,200.0,10,925.0,611.0,1200.0,몽뜨,젤리류,수입젤리
133624,몽뜨)설곤약마라탕맛30g,20251231,20,20,20065,원주상온센터(K7),1600.0,0.0,0.0,0.0,280.0,20.0,80.0,20.0,20.0,20.0,60.0,20.0,0.0,0.0,300.0,15,746.0,611.0,1200.0,몽뜨,젤리류,수입젤리
133624,몽뜨)설곤약마라탕맛30g,20251231,20,20,20075,인천상온센터,2000.0,0.0,0.0,0.0,160.0,140.0,80.0,20.0,20.0,20.0,0.0,20.0,0.0,0.0,300.0,15,897.0,611.0,1200.0,몽뜨,젤리류,수입젤리
133624,몽뜨)설곤약마라탕맛30g,20251231,20,20,20079,A광주상온센터,1200.0,0.0,0.0,0.0,140.0,20.0,80.0,20.0,40.0,0.0,0.0,0.0,0.0,0.0,160.0,8,680.0,611.0,1200.0,몽뜨,젤리류,수입젤리
133624,몽뜨)설곤약마라탕맛30g,20251231,20,20,20080,A의왕상온센터,1600.0,0.0,0.0,0.0,140.0,180.0,100.0,80.0,60.0,40.0,60.0,0.0,0.0,0.0,320.0,16,725.0,611.0,1200.0,몽뜨,젤리류,수입젤리
133624,몽뜨)설곤약마라탕맛30g,20251231,20,20,20081,A양산상온센터,1600.0,0.0,0.0,0.0,100.0,80.0,40.0,20.0,20.0,20.0,20.0,20.0,0.0,0.0,180.0,10,801.0,611.0,1200.0,몽뜨,젤리류,수입젤리
133624,몽뜨)설곤약마라탕맛30g,20251231,20,20,20083,김제상온센터,1200.0,0.0,0.0,0.0,100.0,180.0,80.0,20.0,0.0,40.0,20.0,0.0,0.0,0.0,280.0,15,583.0,611.0,1200.0,몽뜨,젤리류,수입젤리
133624,몽뜨)설곤약마라탕맛30g,20251231,20,20,20084,천안상온센터,1200.0,0.0,0.0,0.0,120.0,160.0,20.0,40.0,0.0,60.0,20.0,0.0,0.0,0.0,280.0,15,651.0,611.0,1200.0,몽뜨,젤리류,수입젤리
133624,몽뜨)설곤약마라탕맛30g,20251231,20,20,20085,인천B상온센터,2000.0,0.0,0.0,0.0,140.0,140.0,80.0,80.0,40.0,0.0,0.0,20.0,0.0,0.0,280.0,16,869.0,611.0,1200.0,몽뜨,젤리류,수입젤리
133625,에이블)명가꽈배기(참깨맛)500g,20251231,20,3,20006,성남센터,432.0,0.0,0.0,0.0,48.0,33.0,21.0,6.0,3.0,3.0,6.0,0.0,0.0,0.0,81.0,28,756.0,4923.0,9500.0,에이블,스낵류,전통스낵
133625,에이블)명가꽈배기(참깨맛)500g,20251231,20,3,20007,대구센터,416.0,0.0,0.0,0.0,15.0,18.0,3.0,12.0,15.0,0.0,0.0,0.0,0.0,0.0,33.0,12,927.0,4923.0,9500.0,에이블,스낵류,전통스낵
133625,에이블)명가꽈배기(참깨맛)500g,20251231,20,3,20010,양주센터,512.0,0.0,0.0,0.0,33.0,18.0,9.0,3.0,6.0,15.0,0.0,3.0,0.0,0.0,51.0,18,1052.0,4923.0,9500.0,에이블,스낵류,전통스낵
133625,에이블)명가꽈배기(참깨맛)500g,20251231,20,3,20017,울산상온센터(K7),240.0,0.0,0.0,0.0,15.0,24.0,3.0,0.0,3.0,0.0,3.0,3.0,0.0,0.0,39.0,13,658.0,4923.0,9500.0,에이블,스낵류,전통스낵
133625,에이블)명가꽈배기(참깨맛)500g,20251231,20,3,20033,제주상온센터,96.0,0.0,0.0,0.0,18.0,18.0,0.0,3.0,3.0,3.0,6.0,0.0,0.0,0.0,36.0,12,293.0,4923.0,9500.0,에이블,스낵류,전통스낵
133625,에이블)명가꽈배기(참깨맛)500g,20251231,20,3,20034,구성상온센터,528.0,0.0,0.0,0.0,87.0,30.0,30.0,12.0,0.0,3.0,9.0,6.0,3.0,0.0,117.0,40,947.0,4923.0,9500.0,에이블,스낵류,전통스낵
133625,에이블)명가꽈배기(참깨맛)500g,20251231,20,3,20050,세종상온센터,368.0,0.0,0.0,0.0,0.0,0.0,0.0,0.0,0.0,0.0,0.0,0.0,0.0,0.0,0.0,0,0.0,4923.0,9500.0,에이블,스낵류,전통스낵
133625,에이블)명가꽈배기(참깨맛)500g,20251231,20,3,20065,원주상온센터(K7),320.0,0.0,0.0,0.0,45.0,15.0,15.0,0.0,9.0,0.0,6.0,0.0,0.0,0.0,60.0,21,746.0,4923.0,9500.0,에이블,스낵류,전통스낵
133625,에이블)명가꽈배기(참깨맛)500g,20251231,20,3,20075,인천상온센터,384.0,0.0,0.0,0.0,51.0,39.0,27.0,9.0,9.0,6.0,3.0,3.0,0.0,0.0,90.0,30,897.0,4923.0,9500.0,에이블,스낵류,전통스낵
133625,에이블)명가꽈배기(참깨맛)500g,20251231,20,3,20079,A광주상온센터,256.0,0.0,0.0,0.0,21.0,18.0,6.0,12.0,0.0,0.0,0.0,0.0,0.0,0.0,39.0,12,680.0,4923.0,9500.0,에이블,스낵류,전통스낵
133625,에이블)명가꽈배기(참깨맛)500g,20251231,20,3,20080,A의왕상온센터,304.0,0.0,0.0,0.0,57.0,51.0,33.0,12.0,15.0,9.0,15.0,0.0,0.0,0.0,108.0,36,725.0,4923.0,9500.0,에이블,스낵류,전통스낵
133625,에이블)명가꽈배기(참깨맛)500g,20251231,20,3,20081,A양산상온센터,336.0,0.0,0.0,0.0,48.0,6.0,9.0,3.0,3.0,3.0,0.0,0.0,0.0,0.0,54.0,20,801.0,4923.0,9500.0,에이블,스낵류,전통스낵
133625,에이블)명가꽈배기(참깨맛)500g,20251231,20,3,20083,김제상온센터,208.0,0.0,0.0,0.0,21.0,24.0,15.0,3.0,0.0,6.0,3.0,3.0,3.0,0.0,45.0,15,583.0,4923.0,9500.0,에이블,스낵류,전통스낵
133625,에이블)명가꽈배기(참깨맛)500g,20251231,20,3,20084,천안상온센터,240.0,0.0,0.0,0.0,0.0,0.0,0.0,0.0,0.0,0.0,0.0,0.0,0.0,0.0,0.0,0,0.0,4923.0,9500.0,에이블,스낵류,전통스낵
133625,에이블)명가꽈배기(참깨맛)500g,20251231,20,3,20085,인천B상온센터,400.0,0.0,0.0,0.0,27.0,39.0,12.0,9.0,6.0,0.0,3.0,3.0,0.0,0.0,66.0,23,869.0,4923.0,9500.0,에이블,스낵류,전통스낵
